ISO-10303-21;
HEADER;
/* Generated by software containing ST-Developer
 * from STEP Tools, Inc. (www.steptools.com) 
 */

FILE_DESCRIPTION(
/* description */ (''),
/* implementation_level */ '2;1');

FILE_NAME(
/* name */ 'CASE-FINAL.step',
/* time_stamp */ '2026-07-22T18:32:25+02:00',
/* author */ (''),
/* organization */ (''),
/* preprocessor_version */ 'ST-DEVELOPER v20.1',
/* originating_system */ 'Autodesk Translation Framework v15.8.0.0',
/* authorisation */ '');

FILE_SCHEMA (('AUTOMOTIVE_DESIGN { 1 0 10303 214 3 1 1 }'));
ENDSEC;

DATA;
#10=MECHANICAL_DESIGN_GEOMETRIC_PRESENTATION_REPRESENTATION('',(#13,#14,
#15),#3537);
#11=SHAPE_REPRESENTATION_RELATIONSHIP('SRR','None',#3544,#12);
#12=ADVANCED_BREP_SHAPE_REPRESENTATION('',(#16,#17,#18),#3536);
#13=STYLED_ITEM('',(#3554),#16);
#14=STYLED_ITEM('',(#3554),#17);
#15=STYLED_ITEM('',(#3553),#18);
#16=MANIFOLD_SOLID_BREP('Case',#2175);
#17=MANIFOLD_SOLID_BREP('Klemmring',#2176);
#18=MANIFOLD_SOLID_BREP('Deckel',#2177);
#19=FACE_BOUND('',#266,.T.);
#20=FACE_BOUND('',#267,.T.);
#21=FACE_BOUND('',#268,.T.);
#22=FACE_BOUND('',#305,.T.);
#23=FACE_BOUND('',#306,.T.);
#24=FACE_BOUND('',#307,.T.);
#25=FACE_BOUND('',#308,.T.);
#26=FACE_BOUND('',#314,.T.);
#27=FACE_BOUND('',#319,.T.);
#28=FACE_BOUND('',#338,.T.);
#29=FACE_BOUND('',#339,.T.);
#30=FACE_BOUND('',#340,.T.);
#31=FACE_BOUND('',#344,.T.);
#32=FACE_BOUND('',#346,.T.);
#33=FACE_BOUND('',#348,.T.);
#34=FACE_BOUND('',#350,.T.);
#35=FACE_BOUND('',#353,.T.);
#36=FACE_BOUND('',#376,.T.);
#37=FACE_BOUND('',#377,.T.);
#38=FACE_BOUND('',#391,.T.);
#39=FACE_BOUND('',#402,.T.);
#40=PLANE('',#2194);
#41=PLANE('',#2195);
#42=PLANE('',#2196);
#43=PLANE('',#2197);
#44=PLANE('',#2198);
#45=PLANE('',#2199);
#46=PLANE('',#2200);
#47=PLANE('',#2201);
#48=PLANE('',#2202);
#49=PLANE('',#2203);
#50=PLANE('',#2204);
#51=PLANE('',#2205);
#52=PLANE('',#2206);
#53=PLANE('',#2207);
#54=PLANE('',#2208);
#55=PLANE('',#2209);
#56=PLANE('',#2210);
#57=PLANE('',#2211);
#58=PLANE('',#2212);
#59=PLANE('',#2213);
#60=PLANE('',#2214);
#61=PLANE('',#2215);
#62=PLANE('',#2216);
#63=PLANE('',#2217);
#64=PLANE('',#2218);
#65=PLANE('',#2219);
#66=PLANE('',#2223);
#67=PLANE('',#2227);
#68=PLANE('',#2231);
#69=PLANE('',#2235);
#70=PLANE('',#2236);
#71=PLANE('',#2237);
#72=PLANE('',#2238);
#73=PLANE('',#2239);
#74=PLANE('',#2240);
#75=PLANE('',#2241);
#76=PLANE('',#2242);
#77=PLANE('',#2243);
#78=PLANE('',#2245);
#79=PLANE('',#2246);
#80=PLANE('',#2247);
#81=PLANE('',#2248);
#82=PLANE('',#2249);
#83=PLANE('',#2253);
#84=PLANE('',#2254);
#85=PLANE('',#2258);
#86=PLANE('',#2262);
#87=PLANE('',#2263);
#88=PLANE('',#2264);
#89=PLANE('',#2265);
#90=PLANE('',#2266);
#91=PLANE('',#2270);
#92=PLANE('',#2272);
#93=PLANE('',#2278);
#94=PLANE('',#2284);
#95=PLANE('',#2285);
#96=PLANE('',#2286);
#97=PLANE('',#2287);
#98=PLANE('',#2288);
#99=PLANE('',#2289);
#100=PLANE('',#2290);
#101=PLANE('',#2291);
#102=PLANE('',#2292);
#103=PLANE('',#2293);
#104=PLANE('',#2301);
#105=PLANE('',#2302);
#106=PLANE('',#2303);
#107=PLANE('',#2306);
#108=PLANE('',#2307);
#109=PLANE('',#2308);
#110=PLANE('',#2313);
#111=PLANE('',#2314);
#112=PLANE('',#2315);
#113=PLANE('',#2318);
#114=PLANE('',#2319);
#115=PLANE('',#2320);
#116=PLANE('',#2321);
#117=PLANE('',#2322);
#118=PLANE('',#2323);
#119=PLANE('',#2324);
#120=PLANE('',#2325);
#121=PLANE('',#2326);
#122=PLANE('',#2327);
#123=PLANE('',#2328);
#124=PLANE('',#2329);
#125=PLANE('',#2330);
#126=PLANE('',#2331);
#127=PLANE('',#2332);
#128=PLANE('',#2333);
#129=PLANE('',#2334);
#130=PLANE('',#2335);
#131=PLANE('',#2336);
#132=PLANE('',#2337);
#133=PLANE('',#2338);
#134=PLANE('',#2339);
#135=PLANE('',#2340);
#136=PLANE('',#2341);
#137=PLANE('',#2342);
#138=PLANE('',#2343);
#139=PLANE('',#2344);
#140=PLANE('',#2345);
#141=PLANE('',#2346);
#142=PLANE('',#2347);
#143=FACE_OUTER_BOUND('',#264,.T.);
#144=FACE_OUTER_BOUND('',#265,.T.);
#145=FACE_OUTER_BOUND('',#269,.T.);
#146=FACE_OUTER_BOUND('',#270,.T.);
#147=FACE_OUTER_BOUND('',#271,.T.);
#148=FACE_OUTER_BOUND('',#272,.T.);
#149=FACE_OUTER_BOUND('',#273,.T.);
#150=FACE_OUTER_BOUND('',#274,.T.);
#151=FACE_OUTER_BOUND('',#275,.T.);
#152=FACE_OUTER_BOUND('',#276,.T.);
#153=FACE_OUTER_BOUND('',#277,.T.);
#154=FACE_OUTER_BOUND('',#278,.T.);
#155=FACE_OUTER_BOUND('',#279,.T.);
#156=FACE_OUTER_BOUND('',#280,.T.);
#157=FACE_OUTER_BOUND('',#281,.T.);
#158=FACE_OUTER_BOUND('',#282,.T.);
#159=FACE_OUTER_BOUND('',#283,.T.);
#160=FACE_OUTER_BOUND('',#284,.T.);
#161=FACE_OUTER_BOUND('',#285,.T.);
#162=FACE_OUTER_BOUND('',#286,.T.);
#163=FACE_OUTER_BOUND('',#287,.T.);
#164=FACE_OUTER_BOUND('',#288,.T.);
#165=FACE_OUTER_BOUND('',#289,.T.);
#166=FACE_OUTER_BOUND('',#290,.T.);
#167=FACE_OUTER_BOUND('',#291,.T.);
#168=FACE_OUTER_BOUND('',#292,.T.);
#169=FACE_OUTER_BOUND('',#293,.T.);
#170=FACE_OUTER_BOUND('',#294,.T.);
#171=FACE_OUTER_BOUND('',#295,.T.);
#172=FACE_OUTER_BOUND('',#296,.T.);
#173=FACE_OUTER_BOUND('',#297,.T.);
#174=FACE_OUTER_BOUND('',#298,.T.);
#175=FACE_OUTER_BOUND('',#299,.T.);
#176=FACE_OUTER_BOUND('',#300,.T.);
#177=FACE_OUTER_BOUND('',#301,.T.);
#178=FACE_OUTER_BOUND('',#302,.T.);
#179=FACE_OUTER_BOUND('',#303,.T.);
#180=FACE_OUTER_BOUND('',#304,.T.);
#181=FACE_OUTER_BOUND('',#309,.T.);
#182=FACE_OUTER_BOUND('',#310,.T.);
#183=FACE_OUTER_BOUND('',#311,.T.);
#184=FACE_OUTER_BOUND('',#312,.T.);
#185=FACE_OUTER_BOUND('',#313,.T.);
#186=FACE_OUTER_BOUND('',#315,.T.);
#187=FACE_OUTER_BOUND('',#316,.T.);
#188=FACE_OUTER_BOUND('',#317,.T.);
#189=FACE_OUTER_BOUND('',#318,.T.);
#190=FACE_OUTER_BOUND('',#320,.T.);
#191=FACE_OUTER_BOUND('',#321,.T.);
#192=FACE_OUTER_BOUND('',#322,.T.);
#193=FACE_OUTER_BOUND('',#323,.T.);
#194=FACE_OUTER_BOUND('',#324,.T.);
#195=FACE_OUTER_BOUND('',#325,.T.);
#196=FACE_OUTER_BOUND('',#326,.T.);
#197=FACE_OUTER_BOUND('',#327,.T.);
#198=FACE_OUTER_BOUND('',#328,.T.);
#199=FACE_OUTER_BOUND('',#329,.T.);
#200=FACE_OUTER_BOUND('',#330,.T.);
#201=FACE_OUTER_BOUND('',#331,.T.);
#202=FACE_OUTER_BOUND('',#332,.T.);
#203=FACE_OUTER_BOUND('',#333,.T.);
#204=FACE_OUTER_BOUND('',#334,.T.);
#205=FACE_OUTER_BOUND('',#335,.T.);
#206=FACE_OUTER_BOUND('',#336,.T.);
#207=FACE_OUTER_BOUND('',#337,.T.);
#208=FACE_OUTER_BOUND('',#341,.T.);
#209=FACE_OUTER_BOUND('',#342,.T.);
#210=FACE_OUTER_BOUND('',#343,.T.);
#211=FACE_OUTER_BOUND('',#345,.T.);
#212=FACE_OUTER_BOUND('',#347,.T.);
#213=FACE_OUTER_BOUND('',#349,.T.);
#214=FACE_OUTER_BOUND('',#351,.T.);
#215=FACE_OUTER_BOUND('',#352,.T.);
#216=FACE_OUTER_BOUND('',#354,.T.);
#217=FACE_OUTER_BOUND('',#355,.T.);
#218=FACE_OUTER_BOUND('',#356,.T.);
#219=FACE_OUTER_BOUND('',#357,.T.);
#220=FACE_OUTER_BOUND('',#358,.T.);
#221=FACE_OUTER_BOUND('',#359,.T.);
#222=FACE_OUTER_BOUND('',#360,.T.);
#223=FACE_OUTER_BOUND('',#361,.T.);
#224=FACE_OUTER_BOUND('',#362,.T.);
#225=FACE_OUTER_BOUND('',#363,.T.);
#226=FACE_OUTER_BOUND('',#364,.T.);
#227=FACE_OUTER_BOUND('',#365,.T.);
#228=FACE_OUTER_BOUND('',#366,.T.);
#229=FACE_OUTER_BOUND('',#367,.T.);
#230=FACE_OUTER_BOUND('',#368,.T.);
#231=FACE_OUTER_BOUND('',#369,.T.);
#232=FACE_OUTER_BOUND('',#370,.T.);
#233=FACE_OUTER_BOUND('',#371,.T.);
#234=FACE_OUTER_BOUND('',#372,.T.);
#235=FACE_OUTER_BOUND('',#373,.T.);
#236=FACE_OUTER_BOUND('',#374,.T.);
#237=FACE_OUTER_BOUND('',#375,.T.);
#238=FACE_OUTER_BOUND('',#378,.T.);
#239=FACE_OUTER_BOUND('',#379,.T.);
#240=FACE_OUTER_BOUND('',#380,.T.);
#241=FACE_OUTER_BOUND('',#381,.T.);
#242=FACE_OUTER_BOUND('',#382,.T.);
#243=FACE_OUTER_BOUND('',#383,.T.);
#244=FACE_OUTER_BOUND('',#384,.T.);
#245=FACE_OUTER_BOUND('',#385,.T.);
#246=FACE_OUTER_BOUND('',#386,.T.);
#247=FACE_OUTER_BOUND('',#387,.T.);
#248=FACE_OUTER_BOUND('',#388,.T.);
#249=FACE_OUTER_BOUND('',#389,.T.);
#250=FACE_OUTER_BOUND('',#390,.T.);
#251=FACE_OUTER_BOUND('',#392,.T.);
#252=FACE_OUTER_BOUND('',#393,.T.);
#253=FACE_OUTER_BOUND('',#394,.T.);
#254=FACE_OUTER_BOUND('',#395,.T.);
#255=FACE_OUTER_BOUND('',#396,.T.);
#256=FACE_OUTER_BOUND('',#397,.T.);
#257=FACE_OUTER_BOUND('',#398,.T.);
#258=FACE_OUTER_BOUND('',#399,.T.);
#259=FACE_OUTER_BOUND('',#400,.T.);
#260=FACE_OUTER_BOUND('',#401,.T.);
#261=FACE_OUTER_BOUND('',#403,.T.);
#262=FACE_OUTER_BOUND('',#404,.T.);
#263=FACE_OUTER_BOUND('',#405,.T.);
#264=EDGE_LOOP('',(#1448,#1449,#1450,#1451));
#265=EDGE_LOOP('',(#1452,#1453,#1454,#1455,#1456,#1457,#1458,#1459));
#266=EDGE_LOOP('',(#1460,#1461,#1462,#1463));
#267=EDGE_LOOP('',(#1464,#1465,#1466,#1467));
#268=EDGE_LOOP('',(#1468,#1469,#1470,#1471));
#269=EDGE_LOOP('',(#1472,#1473,#1474,#1475));
#270=EDGE_LOOP('',(#1476,#1477,#1478,#1479));
#271=EDGE_LOOP('',(#1480,#1481,#1482,#1483));
#272=EDGE_LOOP('',(#1484,#1485,#1486,#1487));
#273=EDGE_LOOP('',(#1488,#1489,#1490,#1491));
#274=EDGE_LOOP('',(#1492,#1493,#1494,#1495));
#275=EDGE_LOOP('',(#1496,#1497,#1498,#1499));
#276=EDGE_LOOP('',(#1500,#1501,#1502,#1503));
#277=EDGE_LOOP('',(#1504,#1505,#1506,#1507));
#278=EDGE_LOOP('',(#1508,#1509,#1510,#1511));
#279=EDGE_LOOP('',(#1512,#1513,#1514,#1515));
#280=EDGE_LOOP('',(#1516,#1517,#1518,#1519));
#281=EDGE_LOOP('',(#1520,#1521,#1522,#1523));
#282=EDGE_LOOP('',(#1524,#1525,#1526,#1527));
#283=EDGE_LOOP('',(#1528,#1529,#1530,#1531));
#284=EDGE_LOOP('',(#1532,#1533,#1534,#1535));
#285=EDGE_LOOP('',(#1536,#1537,#1538,#1539));
#286=EDGE_LOOP('',(#1540,#1541,#1542,#1543));
#287=EDGE_LOOP('',(#1544,#1545,#1546,#1547));
#288=EDGE_LOOP('',(#1548,#1549,#1550,#1551));
#289=EDGE_LOOP('',(#1552,#1553,#1554,#1555));
#290=EDGE_LOOP('',(#1556,#1557,#1558,#1559));
#291=EDGE_LOOP('',(#1560,#1561,#1562,#1563));
#292=EDGE_LOOP('',(#1564,#1565,#1566,#1567));
#293=EDGE_LOOP('',(#1568,#1569,#1570,#1571));
#294=EDGE_LOOP('',(#1572,#1573,#1574,#1575));
#295=EDGE_LOOP('',(#1576));
#296=EDGE_LOOP('',(#1577,#1578,#1579,#1580));
#297=EDGE_LOOP('',(#1581));
#298=EDGE_LOOP('',(#1582,#1583,#1584,#1585));
#299=EDGE_LOOP('',(#1586));
#300=EDGE_LOOP('',(#1587,#1588,#1589,#1590));
#301=EDGE_LOOP('',(#1591));
#302=EDGE_LOOP('',(#1592,#1593,#1594,#1595,#1596,#1597));
#303=EDGE_LOOP('',(#1598,#1599,#1600,#1601,#1602,#1603));
#304=EDGE_LOOP('',(#1604,#1605,#1606,#1607));
#305=EDGE_LOOP('',(#1608));
#306=EDGE_LOOP('',(#1609));
#307=EDGE_LOOP('',(#1610));
#308=EDGE_LOOP('',(#1611));
#309=EDGE_LOOP('',(#1612,#1613,#1614,#1615,#1616,#1617));
#310=EDGE_LOOP('',(#1618,#1619,#1620,#1621));
#311=EDGE_LOOP('',(#1622,#1623,#1624,#1625,#1626));
#312=EDGE_LOOP('',(#1627,#1628,#1629,#1630,#1631,#1632));
#313=EDGE_LOOP('',(#1633,#1634,#1635,#1636));
#314=EDGE_LOOP('',(#1637));
#315=EDGE_LOOP('',(#1638,#1639,#1640,#1641,#1642));
#316=EDGE_LOOP('',(#1643,#1644,#1645,#1646));
#317=EDGE_LOOP('',(#1647,#1648,#1649,#1650,#1651));
#318=EDGE_LOOP('',(#1652,#1653,#1654,#1655,#1656,#1657,#1658,#1659));
#319=EDGE_LOOP('',(#1660,#1661,#1662,#1663));
#320=EDGE_LOOP('',(#1664,#1665,#1666,#1667,#1668));
#321=EDGE_LOOP('',(#1669,#1670,#1671,#1672));
#322=EDGE_LOOP('',(#1673,#1674,#1675,#1676));
#323=EDGE_LOOP('',(#1677));
#324=EDGE_LOOP('',(#1678,#1679,#1680,#1681));
#325=EDGE_LOOP('',(#1682));
#326=EDGE_LOOP('',(#1683,#1684,#1685,#1686));
#327=EDGE_LOOP('',(#1687,#1688,#1689,#1690,#1691,#1692,#1693,#1694));
#328=EDGE_LOOP('',(#1695,#1696,#1697,#1698));
#329=EDGE_LOOP('',(#1699,#1700,#1701,#1702));
#330=EDGE_LOOP('',(#1703,#1704,#1705,#1706));
#331=EDGE_LOOP('',(#1707,#1708,#1709,#1710,#1711,#1712,#1713,#1714));
#332=EDGE_LOOP('',(#1715,#1716,#1717,#1718));
#333=EDGE_LOOP('',(#1719,#1720,#1721,#1722));
#334=EDGE_LOOP('',(#1723,#1724,#1725,#1726,#1727,#1728));
#335=EDGE_LOOP('',(#1729,#1730,#1731,#1732));
#336=EDGE_LOOP('',(#1733,#1734,#1735,#1736));
#337=EDGE_LOOP('',(#1737,#1738,#1739,#1740,#1741,#1742));
#338=EDGE_LOOP('',(#1743));
#339=EDGE_LOOP('',(#1744));
#340=EDGE_LOOP('',(#1745));
#341=EDGE_LOOP('',(#1746,#1747,#1748,#1749));
#342=EDGE_LOOP('',(#1750,#1751,#1752,#1753));
#343=EDGE_LOOP('',(#1754));
#344=EDGE_LOOP('',(#1755));
#345=EDGE_LOOP('',(#1756,#1757,#1758,#1759));
#346=EDGE_LOOP('',(#1760,#1761,#1762,#1763));
#347=EDGE_LOOP('',(#1764,#1765,#1766,#1767));
#348=EDGE_LOOP('',(#1768,#1769,#1770,#1771));
#349=EDGE_LOOP('',(#1772,#1773,#1774,#1775));
#350=EDGE_LOOP('',(#1776,#1777,#1778,#1779));
#351=EDGE_LOOP('',(#1780,#1781,#1782,#1783,#1784,#1785,#1786,#1787));
#352=EDGE_LOOP('',(#1788,#1789,#1790,#1791));
#353=EDGE_LOOP('',(#1792,#1793,#1794,#1795));
#354=EDGE_LOOP('',(#1796,#1797,#1798,#1799));
#355=EDGE_LOOP('',(#1800,#1801,#1802,#1803));
#356=EDGE_LOOP('',(#1804,#1805,#1806,#1807));
#357=EDGE_LOOP('',(#1808,#1809,#1810,#1811,#1812,#1813,#1814,#1815,#1816,
#1817,#1818,#1819,#1820,#1821,#1822,#1823));
#358=EDGE_LOOP('',(#1824,#1825,#1826,#1827));
#359=EDGE_LOOP('',(#1828,#1829,#1830,#1831));
#360=EDGE_LOOP('',(#1832,#1833,#1834,#1835));
#361=EDGE_LOOP('',(#1836,#1837,#1838,#1839));
#362=EDGE_LOOP('',(#1840,#1841,#1842,#1843));
#363=EDGE_LOOP('',(#1844,#1845,#1846,#1847));
#364=EDGE_LOOP('',(#1848,#1849,#1850,#1851));
#365=EDGE_LOOP('',(#1852,#1853,#1854,#1855));
#366=EDGE_LOOP('',(#1856,#1857,#1858,#1859));
#367=EDGE_LOOP('',(#1860,#1861,#1862,#1863));
#368=EDGE_LOOP('',(#1864,#1865,#1866,#1867));
#369=EDGE_LOOP('',(#1868,#1869,#1870,#1871));
#370=EDGE_LOOP('',(#1872,#1873,#1874,#1875,#1876,#1877,#1878,#1879,#1880,
#1881,#1882,#1883,#1884,#1885,#1886,#1887));
#371=EDGE_LOOP('',(#1888,#1889,#1890,#1891));
#372=EDGE_LOOP('',(#1892,#1893,#1894,#1895));
#373=EDGE_LOOP('',(#1896,#1897,#1898,#1899));
#374=EDGE_LOOP('',(#1900,#1901,#1902,#1903));
#375=EDGE_LOOP('',(#1904,#1905,#1906,#1907,#1908,#1909,#1910,#1911));
#376=EDGE_LOOP('',(#1912,#1913,#1914,#1915));
#377=EDGE_LOOP('',(#1916,#1917,#1918,#1919));
#378=EDGE_LOOP('',(#1920,#1921,#1922,#1923));
#379=EDGE_LOOP('',(#1924,#1925,#1926,#1927));
#380=EDGE_LOOP('',(#1928,#1929,#1930,#1931));
#381=EDGE_LOOP('',(#1932,#1933,#1934,#1935,#1936,#1937,#1938,#1939));
#382=EDGE_LOOP('',(#1940,#1941,#1942,#1943));
#383=EDGE_LOOP('',(#1944,#1945,#1946,#1947));
#384=EDGE_LOOP('',(#1948,#1949,#1950,#1951));
#385=EDGE_LOOP('',(#1952,#1953,#1954,#1955));
#386=EDGE_LOOP('',(#1956,#1957,#1958,#1959));
#387=EDGE_LOOP('',(#1960,#1961,#1962,#1963));
#388=EDGE_LOOP('',(#1964,#1965,#1966,#1967));
#389=EDGE_LOOP('',(#1968,#1969,#1970,#1971));
#390=EDGE_LOOP('',(#1972,#1973,#1974,#1975));
#391=EDGE_LOOP('',(#1976,#1977,#1978,#1979));
#392=EDGE_LOOP('',(#1980,#1981,#1982,#1983));
#393=EDGE_LOOP('',(#1984,#1985,#1986,#1987));
#394=EDGE_LOOP('',(#1988,#1989,#1990,#1991));
#395=EDGE_LOOP('',(#1992,#1993,#1994,#1995));
#396=EDGE_LOOP('',(#1996,#1997,#1998,#1999));
#397=EDGE_LOOP('',(#2000,#2001,#2002,#2003));
#398=EDGE_LOOP('',(#2004,#2005,#2006,#2007));
#399=EDGE_LOOP('',(#2008,#2009,#2010,#2011));
#400=EDGE_LOOP('',(#2012,#2013,#2014,#2015));
#401=EDGE_LOOP('',(#2016,#2017,#2018,#2019));
#402=EDGE_LOOP('',(#2020,#2021,#2022,#2023));
#403=EDGE_LOOP('',(#2024,#2025,#2026,#2027));
#404=EDGE_LOOP('',(#2028,#2029,#2030,#2031));
#405=EDGE_LOOP('',(#2032,#2033,#2034,#2035));
#406=CIRCLE('',#2192,3.5);
#407=CIRCLE('',#2193,3.5);
#408=CIRCLE('',#2221,4.5);
#409=CIRCLE('',#2222,4.5);
#410=CIRCLE('',#2225,4.5);
#411=CIRCLE('',#2226,4.5);
#412=CIRCLE('',#2229,4.5);
#413=CIRCLE('',#2230,4.5);
#414=CIRCLE('',#2233,4.5);
#415=CIRCLE('',#2234,4.5);
#416=CIRCLE('',#2244,20.5);
#417=CIRCLE('',#2251,3.5);
#418=CIRCLE('',#2252,3.5);
#419=CIRCLE('',#2255,0.75);
#420=CIRCLE('',#2257,0.75);
#421=CIRCLE('',#2259,0.75);
#422=CIRCLE('',#2261,0.75);
#423=CIRCLE('',#2268,20.5);
#424=CIRCLE('',#2269,20.5);
#425=CIRCLE('',#2271,19.5);
#426=CIRCLE('',#2273,18.);
#427=CIRCLE('',#2274,19.5);
#428=CIRCLE('',#2276,18.);
#429=CIRCLE('',#2279,17.);
#430=CIRCLE('',#2281,17.);
#431=CIRCLE('',#2283,20.5);
#432=CIRCLE('',#2294,19.3);
#433=CIRCLE('',#2295,19.3);
#434=CIRCLE('',#2296,19.3);
#435=CIRCLE('',#2297,16.4);
#436=CIRCLE('',#2298,19.3);
#437=CIRCLE('',#2300,19.3);
#438=CIRCLE('',#2305,19.3);
#439=CIRCLE('',#2310,19.3);
#440=CIRCLE('',#2312,19.3);
#441=CIRCLE('',#2316,16.4);
#442=LINE('',#2926,#700);
#443=LINE('',#2930,#701);
#444=LINE('',#2935,#702);
#445=LINE('',#2936,#703);
#446=LINE('',#2938,#704);
#447=LINE('',#2940,#705);
#448=LINE('',#2942,#706);
#449=LINE('',#2944,#707);
#450=LINE('',#2945,#708);
#451=LINE('',#2948,#709);
#452=LINE('',#2950,#710);
#453=LINE('',#2952,#711);
#454=LINE('',#2953,#712);
#455=LINE('',#2956,#713);
#456=LINE('',#2958,#714);
#457=LINE('',#2960,#715);
#458=LINE('',#2961,#716);
#459=LINE('',#2964,#717);
#460=LINE('',#2966,#718);
#461=LINE('',#2968,#719);
#462=LINE('',#2969,#720);
#463=LINE('',#2972,#721);
#464=LINE('',#2974,#722);
#465=LINE('',#2975,#723);
#466=LINE('',#2978,#724);
#467=LINE('',#2980,#725);
#468=LINE('',#2981,#726);
#469=LINE('',#2983,#727);
#470=LINE('',#2985,#728);
#471=LINE('',#2989,#729);
#472=LINE('',#2991,#730);
#473=LINE('',#2992,#731);
#474=LINE('',#2995,#732);
#475=LINE('',#2997,#733);
#476=LINE('',#2998,#734);
#477=LINE('',#3000,#735);
#478=LINE('',#3002,#736);
#479=LINE('',#3006,#737);
#480=LINE('',#3008,#738);
#481=LINE('',#3009,#739);
#482=LINE('',#3012,#740);
#483=LINE('',#3013,#741);
#484=LINE('',#3016,#742);
#485=LINE('',#3017,#743);
#486=LINE('',#3019,#744);
#487=LINE('',#3024,#745);
#488=LINE('',#3026,#746);
#489=LINE('',#3028,#747);
#490=LINE('',#3029,#748);
#491=LINE('',#3032,#749);
#492=LINE('',#3034,#750);
#493=LINE('',#3035,#751);
#494=LINE('',#3038,#752);
#495=LINE('',#3039,#753);
#496=LINE('',#3042,#754);
#497=LINE('',#3043,#755);
#498=LINE('',#3045,#756);
#499=LINE('',#3049,#757);
#500=LINE('',#3051,#758);
#501=LINE('',#3053,#759);
#502=LINE('',#3054,#760);
#503=LINE('',#3057,#761);
#504=LINE('',#3059,#762);
#505=LINE('',#3060,#763);
#506=LINE('',#3063,#764);
#507=LINE('',#3064,#765);
#508=LINE('',#3067,#766);
#509=LINE('',#3068,#767);
#510=LINE('',#3070,#768);
#511=LINE('',#3075,#769);
#512=LINE('',#3082,#770);
#513=LINE('',#3089,#771);
#514=LINE('',#3096,#772);
#515=LINE('',#3102,#773);
#516=LINE('',#3104,#774);
#517=LINE('',#3106,#775);
#518=LINE('',#3108,#776);
#519=LINE('',#3110,#777);
#520=LINE('',#3111,#778);
#521=LINE('',#3114,#779);
#522=LINE('',#3116,#780);
#523=LINE('',#3118,#781);
#524=LINE('',#3120,#782);
#525=LINE('',#3121,#783);
#526=LINE('',#3124,#784);
#527=LINE('',#3125,#785);
#528=LINE('',#3128,#786);
#529=LINE('',#3130,#787);
#530=LINE('',#3132,#788);
#531=LINE('',#3133,#789);
#532=LINE('',#3136,#790);
#533=LINE('',#3138,#791);
#534=LINE('',#3139,#792);
#535=LINE('',#3142,#793);
#536=LINE('',#3144,#794);
#537=LINE('',#3145,#795);
#538=LINE('',#3148,#796);
#539=LINE('',#3149,#797);
#540=LINE('',#3152,#798);
#541=LINE('',#3153,#799);
#542=LINE('',#3158,#800);
#543=LINE('',#3159,#801);
#544=LINE('',#3162,#802);
#545=LINE('',#3163,#803);
#546=LINE('',#3166,#804);
#547=LINE('',#3167,#805);
#548=LINE('',#3170,#806);
#549=LINE('',#3171,#807);
#550=LINE('',#3174,#808);
#551=LINE('',#3176,#809);
#552=LINE('',#3178,#810);
#553=LINE('',#3179,#811);
#554=LINE('',#3181,#812);
#555=LINE('',#3186,#813);
#556=LINE('',#3189,#814);
#557=LINE('',#3190,#815);
#558=LINE('',#3196,#816);
#559=LINE('',#3203,#817);
#560=LINE('',#3208,#818);
#561=LINE('',#3210,#819);
#562=LINE('',#3212,#820);
#563=LINE('',#3214,#821);
#564=LINE('',#3216,#822);
#565=LINE('',#3218,#823);
#566=LINE('',#3220,#824);
#567=LINE('',#3221,#825);
#568=LINE('',#3225,#826);
#569=LINE('',#3227,#827);
#570=LINE('',#3229,#828);
#571=LINE('',#3230,#829);
#572=LINE('',#3233,#830);
#573=LINE('',#3235,#831);
#574=LINE('',#3236,#832);
#575=LINE('',#3239,#833);
#576=LINE('',#3241,#834);
#577=LINE('',#3242,#835);
#578=LINE('',#3245,#836);
#579=LINE('',#3247,#837);
#580=LINE('',#3249,#838);
#581=LINE('',#3251,#839);
#582=LINE('',#3252,#840);
#583=LINE('',#3253,#841);
#584=LINE('',#3271,#842);
#585=LINE('',#3274,#843);
#586=LINE('',#3278,#844);
#587=LINE('',#3279,#845);
#588=LINE('',#3281,#846);
#589=LINE('',#3283,#847);
#590=LINE('',#3289,#848);
#591=LINE('',#3291,#849);
#592=LINE('',#3293,#850);
#593=LINE('',#3294,#851);
#594=LINE('',#3298,#852);
#595=LINE('',#3300,#853);
#596=LINE('',#3302,#854);
#597=LINE('',#3303,#855);
#598=LINE('',#3305,#856);
#599=LINE('',#3306,#857);
#600=LINE('',#3311,#858);
#601=LINE('',#3313,#859);
#602=LINE('',#3315,#860);
#603=LINE('',#3319,#861);
#604=LINE('',#3321,#862);
#605=LINE('',#3323,#863);
#606=LINE('',#3327,#864);
#607=LINE('',#3331,#865);
#608=LINE('',#3336,#866);
#609=LINE('',#3339,#867);
#610=LINE('',#3341,#868);
#611=LINE('',#3342,#869);
#612=LINE('',#3345,#870);
#613=LINE('',#3347,#871);
#614=LINE('',#3348,#872);
#615=LINE('',#3350,#873);
#616=LINE('',#3354,#874);
#617=LINE('',#3357,#875);
#618=LINE('',#3358,#876);
#619=LINE('',#3361,#877);
#620=LINE('',#3363,#878);
#621=LINE('',#3364,#879);
#622=LINE('',#3366,#880);
#623=LINE('',#3369,#881);
#624=LINE('',#3375,#882);
#625=LINE('',#3376,#883);
#626=LINE('',#3379,#884);
#627=LINE('',#3380,#885);
#628=LINE('',#3387,#886);
#629=LINE('',#3389,#887);
#630=LINE('',#3391,#888);
#631=LINE('',#3392,#889);
#632=LINE('',#3396,#890);
#633=LINE('',#3398,#891);
#634=LINE('',#3400,#892);
#635=LINE('',#3401,#893);
#636=LINE('',#3405,#894);
#637=LINE('',#3407,#895);
#638=LINE('',#3409,#896);
#639=LINE('',#3410,#897);
#640=LINE('',#3413,#898);
#641=LINE('',#3415,#899);
#642=LINE('',#3417,#900);
#643=LINE('',#3419,#901);
#644=LINE('',#3421,#902);
#645=LINE('',#3423,#903);
#646=LINE('',#3424,#904);
#647=LINE('',#3426,#905);
#648=LINE('',#3428,#906);
#649=LINE('',#3429,#907);
#650=LINE('',#3431,#908);
#651=LINE('',#3433,#909);
#652=LINE('',#3434,#910);
#653=LINE('',#3437,#911);
#654=LINE('',#3438,#912);
#655=LINE('',#3441,#913);
#656=LINE('',#3442,#914);
#657=LINE('',#3446,#915);
#658=LINE('',#3447,#916);
#659=LINE('',#3448,#917);
#660=LINE('',#3450,#918);
#661=LINE('',#3452,#919);
#662=LINE('',#3454,#920);
#663=LINE('',#3455,#921);
#664=LINE('',#3457,#922);
#665=LINE('',#3459,#923);
#666=LINE('',#3463,#924);
#667=LINE('',#3465,#925);
#668=LINE('',#3467,#926);
#669=LINE('',#3468,#927);
#670=LINE('',#3471,#928);
#671=LINE('',#3473,#929);
#672=LINE('',#3474,#930);
#673=LINE('',#3477,#931);
#674=LINE('',#3479,#932);
#675=LINE('',#3480,#933);
#676=LINE('',#3482,#934);
#677=LINE('',#3484,#935);
#678=LINE('',#3487,#936);
#679=LINE('',#3488,#937);
#680=LINE('',#3491,#938);
#681=LINE('',#3492,#939);
#682=LINE('',#3494,#940);
#683=LINE('',#3499,#941);
#684=LINE('',#3501,#942);
#685=LINE('',#3503,#943);
#686=LINE('',#3504,#944);
#687=LINE('',#3507,#945);
#688=LINE('',#3509,#946);
#689=LINE('',#3510,#947);
#690=LINE('',#3513,#948);
#691=LINE('',#3515,#949);
#692=LINE('',#3516,#950);
#693=LINE('',#3518,#951);
#694=LINE('',#3519,#952);
#695=LINE('',#3523,#953);
#696=LINE('',#3524,#954);
#697=LINE('',#3527,#955);
#698=LINE('',#3528,#956);
#699=LINE('',#3530,#957);
#700=VECTOR('',#2352,10.);
#701=VECTOR('',#2355,10.);
#702=VECTOR('',#2360,10.);
#703=VECTOR('',#2361,10.);
#704=VECTOR('',#2362,10.);
#705=VECTOR('',#2363,10.);
#706=VECTOR('',#2364,10.);
#707=VECTOR('',#2365,10.);
#708=VECTOR('',#2366,10.);
#709=VECTOR('',#2367,10.);
#710=VECTOR('',#2368,10.);
#711=VECTOR('',#2369,10.);
#712=VECTOR('',#2370,10.);
#713=VECTOR('',#2371,10.);
#714=VECTOR('',#2372,10.);
#715=VECTOR('',#2373,10.);
#716=VECTOR('',#2374,10.);
#717=VECTOR('',#2375,10.);
#718=VECTOR('',#2376,10.);
#719=VECTOR('',#2377,10.);
#720=VECTOR('',#2378,10.);
#721=VECTOR('',#2381,10.);
#722=VECTOR('',#2382,10.);
#723=VECTOR('',#2383,10.);
#724=VECTOR('',#2386,10.);
#725=VECTOR('',#2387,10.);
#726=VECTOR('',#2388,10.);
#727=VECTOR('',#2391,10.);
#728=VECTOR('',#2394,10.);
#729=VECTOR('',#2399,10.);
#730=VECTOR('',#2400,10.);
#731=VECTOR('',#2401,10.);
#732=VECTOR('',#2404,10.);
#733=VECTOR('',#2405,10.);
#734=VECTOR('',#2406,10.);
#735=VECTOR('',#2409,10.);
#736=VECTOR('',#2412,10.);
#737=VECTOR('',#2417,10.);
#738=VECTOR('',#2418,10.);
#739=VECTOR('',#2419,10.);
#740=VECTOR('',#2422,10.);
#741=VECTOR('',#2423,10.);
#742=VECTOR('',#2426,10.);
#743=VECTOR('',#2427,10.);
#744=VECTOR('',#2430,10.);
#745=VECTOR('',#2435,10.);
#746=VECTOR('',#2436,10.);
#747=VECTOR('',#2437,10.);
#748=VECTOR('',#2438,10.);
#749=VECTOR('',#2441,10.);
#750=VECTOR('',#2442,10.);
#751=VECTOR('',#2443,10.);
#752=VECTOR('',#2446,10.);
#753=VECTOR('',#2447,10.);
#754=VECTOR('',#2450,10.);
#755=VECTOR('',#2451,10.);
#756=VECTOR('',#2454,10.);
#757=VECTOR('',#2457,10.);
#758=VECTOR('',#2458,10.);
#759=VECTOR('',#2459,10.);
#760=VECTOR('',#2460,10.);
#761=VECTOR('',#2463,10.);
#762=VECTOR('',#2464,10.);
#763=VECTOR('',#2465,10.);
#764=VECTOR('',#2468,10.);
#765=VECTOR('',#2469,10.);
#766=VECTOR('',#2472,10.);
#767=VECTOR('',#2473,10.);
#768=VECTOR('',#2476,10.);
#769=VECTOR('',#2481,4.5);
#770=VECTOR('',#2490,4.5);
#771=VECTOR('',#2499,4.5);
#772=VECTOR('',#2508,4.5);
#773=VECTOR('',#2515,10.);
#774=VECTOR('',#2516,10.);
#775=VECTOR('',#2517,10.);
#776=VECTOR('',#2518,10.);
#777=VECTOR('',#2519,10.);
#778=VECTOR('',#2520,10.);
#779=VECTOR('',#2523,10.);
#780=VECTOR('',#2524,10.);
#781=VECTOR('',#2525,9.99999999999999);
#782=VECTOR('',#2526,10.);
#783=VECTOR('',#2527,10.);
#784=VECTOR('',#2530,10.);
#785=VECTOR('',#2531,10.);
#786=VECTOR('',#2534,10.);
#787=VECTOR('',#2535,10.);
#788=VECTOR('',#2536,10.);
#789=VECTOR('',#2537,10.);
#790=VECTOR('',#2540,10.);
#791=VECTOR('',#2541,10.);
#792=VECTOR('',#2542,10.);
#793=VECTOR('',#2545,10.);
#794=VECTOR('',#2546,10.);
#795=VECTOR('',#2547,10.);
#796=VECTOR('',#2550,10.);
#797=VECTOR('',#2551,10.);
#798=VECTOR('',#2554,10.);
#799=VECTOR('',#2555,10.);
#800=VECTOR('',#2560,10.);
#801=VECTOR('',#2561,10.);
#802=VECTOR('',#2564,10.);
#803=VECTOR('',#2565,10.);
#804=VECTOR('',#2568,10.);
#805=VECTOR('',#2569,9.99999999999999);
#806=VECTOR('',#2572,10.);
#807=VECTOR('',#2573,9.99999999999999);
#808=VECTOR('',#2574,10.);
#809=VECTOR('',#2575,10.);
#810=VECTOR('',#2576,10.);
#811=VECTOR('',#2577,10.);
#812=VECTOR('',#2580,10.);
#813=VECTOR('',#2585,10.);
#814=VECTOR('',#2590,10.);
#815=VECTOR('',#2591,10.);
#816=VECTOR('',#2598,0.75);
#817=VECTOR('',#2607,0.75);
#818=VECTOR('',#2612,10.);
#819=VECTOR('',#2613,10.);
#820=VECTOR('',#2614,10.);
#821=VECTOR('',#2615,10.);
#822=VECTOR('',#2616,10.);
#823=VECTOR('',#2617,10.);
#824=VECTOR('',#2618,10.);
#825=VECTOR('',#2619,10.);
#826=VECTOR('',#2622,10.);
#827=VECTOR('',#2623,10.);
#828=VECTOR('',#2624,10.);
#829=VECTOR('',#2625,10.);
#830=VECTOR('',#2628,10.);
#831=VECTOR('',#2629,10.);
#832=VECTOR('',#2630,10.);
#833=VECTOR('',#2633,10.);
#834=VECTOR('',#2634,10.);
#835=VECTOR('',#2635,10.);
#836=VECTOR('',#2638,10.);
#837=VECTOR('',#2639,10.);
#838=VECTOR('',#2640,10.);
#839=VECTOR('',#2641,10.);
#840=VECTOR('',#2642,10.);
#841=VECTOR('',#2643,10.);
#842=VECTOR('',#2674,17.);
#843=VECTOR('',#2677,20.5);
#844=VECTOR('',#2684,10.);
#845=VECTOR('',#2685,10.);
#846=VECTOR('',#2688,10.);
#847=VECTOR('',#2691,10.);
#848=VECTOR('',#2698,10.);
#849=VECTOR('',#2699,9.99999999999999);
#850=VECTOR('',#2700,10.);
#851=VECTOR('',#2701,9.99999999999999);
#852=VECTOR('',#2704,10.);
#853=VECTOR('',#2705,9.99999999999999);
#854=VECTOR('',#2706,10.);
#855=VECTOR('',#2707,9.99999999999999);
#856=VECTOR('',#2710,10.);
#857=VECTOR('',#2711,10.);
#858=VECTOR('',#2716,10.);
#859=VECTOR('',#2717,10.);
#860=VECTOR('',#2718,10.);
#861=VECTOR('',#2721,10.);
#862=VECTOR('',#2722,9.99999999999999);
#863=VECTOR('',#2723,10.);
#864=VECTOR('',#2726,10.);
#865=VECTOR('',#2729,10.);
#866=VECTOR('',#2736,10.);
#867=VECTOR('',#2739,10.);
#868=VECTOR('',#2740,10.);
#869=VECTOR('',#2741,10.);
#870=VECTOR('',#2744,10.);
#871=VECTOR('',#2745,10.);
#872=VECTOR('',#2746,10.);
#873=VECTOR('',#2749,9.99999999999999);
#874=VECTOR('',#2754,10.);
#875=VECTOR('',#2757,10.);
#876=VECTOR('',#2758,10.);
#877=VECTOR('',#2761,10.);
#878=VECTOR('',#2762,10.);
#879=VECTOR('',#2763,10.);
#880=VECTOR('',#2766,10.);
#881=VECTOR('',#2769,10.);
#882=VECTOR('',#2778,10.);
#883=VECTOR('',#2779,10.);
#884=VECTOR('',#2782,10.);
#885=VECTOR('',#2783,10.);
#886=VECTOR('',#2792,10.);
#887=VECTOR('',#2793,10.);
#888=VECTOR('',#2794,10.);
#889=VECTOR('',#2795,10.);
#890=VECTOR('',#2798,10.);
#891=VECTOR('',#2799,10.);
#892=VECTOR('',#2800,10.);
#893=VECTOR('',#2801,10.);
#894=VECTOR('',#2804,10.);
#895=VECTOR('',#2805,10.);
#896=VECTOR('',#2806,10.);
#897=VECTOR('',#2807,10.);
#898=VECTOR('',#2810,10.);
#899=VECTOR('',#2811,10.);
#900=VECTOR('',#2812,10.);
#901=VECTOR('',#2813,10.);
#902=VECTOR('',#2814,10.);
#903=VECTOR('',#2815,10.);
#904=VECTOR('',#2816,10.);
#905=VECTOR('',#2817,10.);
#906=VECTOR('',#2818,10.);
#907=VECTOR('',#2819,10.);
#908=VECTOR('',#2820,10.);
#909=VECTOR('',#2821,10.);
#910=VECTOR('',#2822,10.);
#911=VECTOR('',#2825,10.);
#912=VECTOR('',#2826,10.);
#913=VECTOR('',#2829,10.);
#914=VECTOR('',#2830,10.);
#915=VECTOR('',#2833,10.);
#916=VECTOR('',#2834,10.);
#917=VECTOR('',#2835,10.);
#918=VECTOR('',#2838,10.);
#919=VECTOR('',#2839,10.);
#920=VECTOR('',#2840,10.);
#921=VECTOR('',#2841,10.);
#922=VECTOR('',#2844,10.);
#923=VECTOR('',#2847,10.);
#924=VECTOR('',#2850,10.);
#925=VECTOR('',#2851,10.);
#926=VECTOR('',#2852,10.);
#927=VECTOR('',#2853,10.);
#928=VECTOR('',#2856,10.);
#929=VECTOR('',#2857,10.);
#930=VECTOR('',#2858,10.);
#931=VECTOR('',#2861,10.);
#932=VECTOR('',#2862,10.);
#933=VECTOR('',#2863,10.);
#934=VECTOR('',#2866,10.);
#935=VECTOR('',#2869,10.);
#936=VECTOR('',#2872,10.);
#937=VECTOR('',#2873,10.);
#938=VECTOR('',#2876,10.);
#939=VECTOR('',#2877,10.);
#940=VECTOR('',#2880,10.);
#941=VECTOR('',#2885,10.);
#942=VECTOR('',#2886,10.);
#943=VECTOR('',#2887,10.);
#944=VECTOR('',#2888,10.);
#945=VECTOR('',#2891,10.);
#946=VECTOR('',#2892,10.);
#947=VECTOR('',#2893,10.);
#948=VECTOR('',#2896,10.);
#949=VECTOR('',#2897,10.);
#950=VECTOR('',#2898,10.);
#951=VECTOR('',#2901,10.);
#952=VECTOR('',#2902,10.);
#953=VECTOR('',#2907,10.);
#954=VECTOR('',#2908,10.);
#955=VECTOR('',#2911,10.);
#956=VECTOR('',#2912,10.);
#957=VECTOR('',#2915,10.);
#958=VERTEX_POINT('',#2924);
#959=VERTEX_POINT('',#2925);
#960=VERTEX_POINT('',#2927);
#961=VERTEX_POINT('',#2929);
#962=VERTEX_POINT('',#2933);
#963=VERTEX_POINT('',#2934);
#964=VERTEX_POINT('',#2937);
#965=VERTEX_POINT('',#2939);
#966=VERTEX_POINT('',#2941);
#967=VERTEX_POINT('',#2943);
#968=VERTEX_POINT('',#2946);
#969=VERTEX_POINT('',#2947);
#970=VERTEX_POINT('',#2949);
#971=VERTEX_POINT('',#2951);
#972=VERTEX_POINT('',#2954);
#973=VERTEX_POINT('',#2955);
#974=VERTEX_POINT('',#2957);
#975=VERTEX_POINT('',#2959);
#976=VERTEX_POINT('',#2962);
#977=VERTEX_POINT('',#2963);
#978=VERTEX_POINT('',#2965);
#979=VERTEX_POINT('',#2967);
#980=VERTEX_POINT('',#2971);
#981=VERTEX_POINT('',#2973);
#982=VERTEX_POINT('',#2977);
#983=VERTEX_POINT('',#2979);
#984=VERTEX_POINT('',#2988);
#985=VERTEX_POINT('',#2990);
#986=VERTEX_POINT('',#2994);
#987=VERTEX_POINT('',#2996);
#988=VERTEX_POINT('',#3005);
#989=VERTEX_POINT('',#3007);
#990=VERTEX_POINT('',#3011);
#991=VERTEX_POINT('',#3015);
#992=VERTEX_POINT('',#3022);
#993=VERTEX_POINT('',#3023);
#994=VERTEX_POINT('',#3025);
#995=VERTEX_POINT('',#3027);
#996=VERTEX_POINT('',#3031);
#997=VERTEX_POINT('',#3033);
#998=VERTEX_POINT('',#3037);
#999=VERTEX_POINT('',#3041);
#1000=VERTEX_POINT('',#3047);
#1001=VERTEX_POINT('',#3048);
#1002=VERTEX_POINT('',#3050);
#1003=VERTEX_POINT('',#3052);
#1004=VERTEX_POINT('',#3056);
#1005=VERTEX_POINT('',#3058);
#1006=VERTEX_POINT('',#3062);
#1007=VERTEX_POINT('',#3066);
#1008=VERTEX_POINT('',#3072);
#1009=VERTEX_POINT('',#3074);
#1010=VERTEX_POINT('',#3079);
#1011=VERTEX_POINT('',#3081);
#1012=VERTEX_POINT('',#3086);
#1013=VERTEX_POINT('',#3088);
#1014=VERTEX_POINT('',#3093);
#1015=VERTEX_POINT('',#3095);
#1016=VERTEX_POINT('',#3100);
#1017=VERTEX_POINT('',#3101);
#1018=VERTEX_POINT('',#3103);
#1019=VERTEX_POINT('',#3105);
#1020=VERTEX_POINT('',#3107);
#1021=VERTEX_POINT('',#3109);
#1022=VERTEX_POINT('',#3113);
#1023=VERTEX_POINT('',#3115);
#1024=VERTEX_POINT('',#3117);
#1025=VERTEX_POINT('',#3119);
#1026=VERTEX_POINT('',#3123);
#1027=VERTEX_POINT('',#3127);
#1028=VERTEX_POINT('',#3129);
#1029=VERTEX_POINT('',#3131);
#1030=VERTEX_POINT('',#3135);
#1031=VERTEX_POINT('',#3137);
#1032=VERTEX_POINT('',#3141);
#1033=VERTEX_POINT('',#3143);
#1034=VERTEX_POINT('',#3147);
#1035=VERTEX_POINT('',#3151);
#1036=VERTEX_POINT('',#3154);
#1037=VERTEX_POINT('',#3157);
#1038=VERTEX_POINT('',#3161);
#1039=VERTEX_POINT('',#3165);
#1040=VERTEX_POINT('',#3169);
#1041=VERTEX_POINT('',#3172);
#1042=VERTEX_POINT('',#3173);
#1043=VERTEX_POINT('',#3175);
#1044=VERTEX_POINT('',#3177);
#1045=VERTEX_POINT('',#3183);
#1046=VERTEX_POINT('',#3185);
#1047=VERTEX_POINT('',#3192);
#1048=VERTEX_POINT('',#3195);
#1049=VERTEX_POINT('',#3199);
#1050=VERTEX_POINT('',#3202);
#1051=VERTEX_POINT('',#3206);
#1052=VERTEX_POINT('',#3207);
#1053=VERTEX_POINT('',#3209);
#1054=VERTEX_POINT('',#3211);
#1055=VERTEX_POINT('',#3213);
#1056=VERTEX_POINT('',#3215);
#1057=VERTEX_POINT('',#3217);
#1058=VERTEX_POINT('',#3219);
#1059=VERTEX_POINT('',#3223);
#1060=VERTEX_POINT('',#3224);
#1061=VERTEX_POINT('',#3226);
#1062=VERTEX_POINT('',#3228);
#1063=VERTEX_POINT('',#3232);
#1064=VERTEX_POINT('',#3234);
#1065=VERTEX_POINT('',#3238);
#1066=VERTEX_POINT('',#3240);
#1067=VERTEX_POINT('',#3244);
#1068=VERTEX_POINT('',#3246);
#1069=VERTEX_POINT('',#3248);
#1070=VERTEX_POINT('',#3250);
#1071=VERTEX_POINT('',#3266);
#1072=VERTEX_POINT('',#3269);
#1073=VERTEX_POINT('',#3273);
#1074=VERTEX_POINT('',#3287);
#1075=VERTEX_POINT('',#3288);
#1076=VERTEX_POINT('',#3290);
#1077=VERTEX_POINT('',#3292);
#1078=VERTEX_POINT('',#3296);
#1079=VERTEX_POINT('',#3297);
#1080=VERTEX_POINT('',#3299);
#1081=VERTEX_POINT('',#3301);
#1082=VERTEX_POINT('',#3308);
#1083=VERTEX_POINT('',#3310);
#1084=VERTEX_POINT('',#3312);
#1085=VERTEX_POINT('',#3314);
#1086=VERTEX_POINT('',#3316);
#1087=VERTEX_POINT('',#3318);
#1088=VERTEX_POINT('',#3320);
#1089=VERTEX_POINT('',#3322);
#1090=VERTEX_POINT('',#3324);
#1091=VERTEX_POINT('',#3326);
#1092=VERTEX_POINT('',#3328);
#1093=VERTEX_POINT('',#3330);
#1094=VERTEX_POINT('',#3334);
#1095=VERTEX_POINT('',#3338);
#1096=VERTEX_POINT('',#3340);
#1097=VERTEX_POINT('',#3344);
#1098=VERTEX_POINT('',#3346);
#1099=VERTEX_POINT('',#3352);
#1100=VERTEX_POINT('',#3356);
#1101=VERTEX_POINT('',#3360);
#1102=VERTEX_POINT('',#3362);
#1103=VERTEX_POINT('',#3368);
#1104=VERTEX_POINT('',#3374);
#1105=VERTEX_POINT('',#3378);
#1106=VERTEX_POINT('',#3385);
#1107=VERTEX_POINT('',#3386);
#1108=VERTEX_POINT('',#3388);
#1109=VERTEX_POINT('',#3390);
#1110=VERTEX_POINT('',#3394);
#1111=VERTEX_POINT('',#3395);
#1112=VERTEX_POINT('',#3397);
#1113=VERTEX_POINT('',#3399);
#1114=VERTEX_POINT('',#3403);
#1115=VERTEX_POINT('',#3404);
#1116=VERTEX_POINT('',#3406);
#1117=VERTEX_POINT('',#3408);
#1118=VERTEX_POINT('',#3412);
#1119=VERTEX_POINT('',#3414);
#1120=VERTEX_POINT('',#3416);
#1121=VERTEX_POINT('',#3418);
#1122=VERTEX_POINT('',#3420);
#1123=VERTEX_POINT('',#3422);
#1124=VERTEX_POINT('',#3425);
#1125=VERTEX_POINT('',#3427);
#1126=VERTEX_POINT('',#3430);
#1127=VERTEX_POINT('',#3432);
#1128=VERTEX_POINT('',#3436);
#1129=VERTEX_POINT('',#3440);
#1130=VERTEX_POINT('',#3444);
#1131=VERTEX_POINT('',#3445);
#1132=VERTEX_POINT('',#3451);
#1133=VERTEX_POINT('',#3453);
#1134=VERTEX_POINT('',#3461);
#1135=VERTEX_POINT('',#3462);
#1136=VERTEX_POINT('',#3464);
#1137=VERTEX_POINT('',#3466);
#1138=VERTEX_POINT('',#3470);
#1139=VERTEX_POINT('',#3472);
#1140=VERTEX_POINT('',#3476);
#1141=VERTEX_POINT('',#3478);
#1142=VERTEX_POINT('',#3486);
#1143=VERTEX_POINT('',#3490);
#1144=VERTEX_POINT('',#3497);
#1145=VERTEX_POINT('',#3498);
#1146=VERTEX_POINT('',#3500);
#1147=VERTEX_POINT('',#3502);
#1148=VERTEX_POINT('',#3506);
#1149=VERTEX_POINT('',#3508);
#1150=VERTEX_POINT('',#3512);
#1151=VERTEX_POINT('',#3514);
#1152=VERTEX_POINT('',#3522);
#1153=VERTEX_POINT('',#3526);
#1154=EDGE_CURVE('',#958,#959,#442,.T.);
#1155=EDGE_CURVE('',#960,#959,#406,.T.);
#1156=EDGE_CURVE('',#960,#961,#443,.T.);
#1157=EDGE_CURVE('',#958,#961,#407,.T.);
#1158=EDGE_CURVE('',#962,#963,#444,.T.);
#1159=EDGE_CURVE('',#959,#962,#445,.T.);
#1160=EDGE_CURVE('',#964,#958,#446,.T.);
#1161=EDGE_CURVE('',#964,#965,#447,.T.);
#1162=EDGE_CURVE('',#965,#966,#448,.T.);
#1163=EDGE_CURVE('',#966,#967,#449,.T.);
#1164=EDGE_CURVE('',#963,#967,#450,.T.);
#1165=EDGE_CURVE('',#968,#969,#451,.T.);
#1166=EDGE_CURVE('',#969,#970,#452,.T.);
#1167=EDGE_CURVE('',#970,#971,#453,.T.);
#1168=EDGE_CURVE('',#971,#968,#454,.T.);
#1169=EDGE_CURVE('',#972,#973,#455,.T.);
#1170=EDGE_CURVE('',#973,#974,#456,.T.);
#1171=EDGE_CURVE('',#974,#975,#457,.T.);
#1172=EDGE_CURVE('',#975,#972,#458,.T.);
#1173=EDGE_CURVE('',#976,#977,#459,.T.);
#1174=EDGE_CURVE('',#977,#978,#460,.T.);
#1175=EDGE_CURVE('',#978,#979,#461,.T.);
#1176=EDGE_CURVE('',#979,#976,#462,.T.);
#1177=EDGE_CURVE('',#980,#976,#463,.T.);
#1178=EDGE_CURVE('',#979,#981,#464,.T.);
#1179=EDGE_CURVE('',#981,#980,#465,.T.);
#1180=EDGE_CURVE('',#978,#982,#466,.T.);
#1181=EDGE_CURVE('',#983,#977,#467,.T.);
#1182=EDGE_CURVE('',#982,#983,#468,.T.);
#1183=EDGE_CURVE('',#981,#982,#469,.T.);
#1184=EDGE_CURVE('',#983,#980,#470,.T.);
#1185=EDGE_CURVE('',#984,#974,#471,.T.);
#1186=EDGE_CURVE('',#973,#985,#472,.T.);
#1187=EDGE_CURVE('',#985,#984,#473,.T.);
#1188=EDGE_CURVE('',#972,#986,#474,.T.);
#1189=EDGE_CURVE('',#987,#975,#475,.T.);
#1190=EDGE_CURVE('',#986,#987,#476,.T.);
#1191=EDGE_CURVE('',#985,#986,#477,.T.);
#1192=EDGE_CURVE('',#987,#984,#478,.T.);
#1193=EDGE_CURVE('',#968,#988,#479,.T.);
#1194=EDGE_CURVE('',#989,#988,#480,.T.);
#1195=EDGE_CURVE('',#969,#989,#481,.T.);
#1196=EDGE_CURVE('',#971,#990,#482,.T.);
#1197=EDGE_CURVE('',#988,#990,#483,.T.);
#1198=EDGE_CURVE('',#991,#989,#484,.T.);
#1199=EDGE_CURVE('',#970,#991,#485,.T.);
#1200=EDGE_CURVE('',#990,#991,#486,.T.);
#1201=EDGE_CURVE('',#992,#993,#487,.T.);
#1202=EDGE_CURVE('',#994,#992,#488,.T.);
#1203=EDGE_CURVE('',#995,#994,#489,.T.);
#1204=EDGE_CURVE('',#993,#995,#490,.T.);
#1205=EDGE_CURVE('',#994,#996,#491,.T.);
#1206=EDGE_CURVE('',#992,#997,#492,.T.);
#1207=EDGE_CURVE('',#996,#997,#493,.T.);
#1208=EDGE_CURVE('',#995,#998,#494,.T.);
#1209=EDGE_CURVE('',#998,#996,#495,.T.);
#1210=EDGE_CURVE('',#993,#999,#496,.T.);
#1211=EDGE_CURVE('',#999,#998,#497,.T.);
#1212=EDGE_CURVE('',#997,#999,#498,.T.);
#1213=EDGE_CURVE('',#1000,#1001,#499,.T.);
#1214=EDGE_CURVE('',#1002,#1000,#500,.T.);
#1215=EDGE_CURVE('',#1003,#1002,#501,.T.);
#1216=EDGE_CURVE('',#1001,#1003,#502,.T.);
#1217=EDGE_CURVE('',#1004,#1003,#503,.T.);
#1218=EDGE_CURVE('',#1005,#1004,#504,.T.);
#1219=EDGE_CURVE('',#1005,#1001,#505,.T.);
#1220=EDGE_CURVE('',#1006,#1002,#506,.T.);
#1221=EDGE_CURVE('',#1004,#1006,#507,.T.);
#1222=EDGE_CURVE('',#1007,#1000,#508,.T.);
#1223=EDGE_CURVE('',#1006,#1007,#509,.T.);
#1224=EDGE_CURVE('',#1007,#1005,#510,.T.);
#1225=EDGE_CURVE('',#1008,#1008,#408,.T.);
#1226=EDGE_CURVE('',#1008,#1009,#511,.T.);
#1227=EDGE_CURVE('',#1009,#1009,#409,.T.);
#1228=EDGE_CURVE('',#1010,#1010,#410,.T.);
#1229=EDGE_CURVE('',#1010,#1011,#512,.T.);
#1230=EDGE_CURVE('',#1011,#1011,#411,.T.);
#1231=EDGE_CURVE('',#1012,#1012,#412,.T.);
#1232=EDGE_CURVE('',#1012,#1013,#513,.T.);
#1233=EDGE_CURVE('',#1013,#1013,#413,.T.);
#1234=EDGE_CURVE('',#1014,#1014,#414,.T.);
#1235=EDGE_CURVE('',#1014,#1015,#514,.T.);
#1236=EDGE_CURVE('',#1015,#1015,#415,.T.);
#1237=EDGE_CURVE('',#1016,#1017,#515,.T.);
#1238=EDGE_CURVE('',#1017,#1018,#516,.T.);
#1239=EDGE_CURVE('',#1018,#1019,#517,.T.);
#1240=EDGE_CURVE('',#1019,#1020,#518,.T.);
#1241=EDGE_CURVE('',#1020,#1021,#519,.T.);
#1242=EDGE_CURVE('',#1021,#1016,#520,.T.);
#1243=EDGE_CURVE('',#1021,#1022,#521,.T.);
#1244=EDGE_CURVE('',#1022,#1023,#522,.T.);
#1245=EDGE_CURVE('',#1023,#1024,#523,.T.);
#1246=EDGE_CURVE('',#1024,#1025,#524,.T.);
#1247=EDGE_CURVE('',#1025,#1016,#525,.T.);
#1248=EDGE_CURVE('',#1026,#1020,#526,.T.);
#1249=EDGE_CURVE('',#1022,#1026,#527,.T.);
#1250=EDGE_CURVE('',#1019,#1027,#528,.T.);
#1251=EDGE_CURVE('',#1027,#1028,#529,.T.);
#1252=EDGE_CURVE('',#1028,#1029,#530,.T.);
#1253=EDGE_CURVE('',#1026,#1029,#531,.T.);
#1254=EDGE_CURVE('',#1030,#1024,#532,.T.);
#1255=EDGE_CURVE('',#1030,#1031,#533,.T.);
#1256=EDGE_CURVE('',#1025,#1031,#534,.T.);
#1257=EDGE_CURVE('',#1032,#1023,#535,.T.);
#1258=EDGE_CURVE('',#1032,#1033,#536,.T.);
#1259=EDGE_CURVE('',#1033,#1030,#537,.T.);
#1260=EDGE_CURVE('',#1029,#1034,#538,.T.);
#1261=EDGE_CURVE('',#1034,#1032,#539,.T.);
#1262=EDGE_CURVE('',#1035,#1034,#540,.T.);
#1263=EDGE_CURVE('',#1033,#1035,#541,.T.);
#1264=EDGE_CURVE('',#1036,#1036,#416,.T.);
#1265=EDGE_CURVE('',#1028,#1037,#542,.T.);
#1266=EDGE_CURVE('',#1037,#1035,#543,.T.);
#1267=EDGE_CURVE('',#1038,#1027,#544,.T.);
#1268=EDGE_CURVE('',#1038,#1037,#545,.T.);
#1269=EDGE_CURVE('',#1018,#1039,#546,.T.);
#1270=EDGE_CURVE('',#1039,#1038,#547,.T.);
#1271=EDGE_CURVE('',#1040,#1039,#548,.T.);
#1272=EDGE_CURVE('',#1031,#1040,#549,.T.);
#1273=EDGE_CURVE('',#1041,#1042,#550,.T.);
#1274=EDGE_CURVE('',#1042,#1043,#551,.T.);
#1275=EDGE_CURVE('',#1043,#1044,#552,.T.);
#1276=EDGE_CURVE('',#1044,#1041,#553,.T.);
#1277=EDGE_CURVE('',#1040,#1017,#554,.T.);
#1278=EDGE_CURVE('',#1045,#963,#417,.T.);
#1279=EDGE_CURVE('',#1045,#1046,#555,.T.);
#1280=EDGE_CURVE('',#962,#1046,#418,.T.);
#1281=EDGE_CURVE('',#1046,#960,#556,.T.);
#1282=EDGE_CURVE('',#961,#1045,#557,.T.);
#1283=EDGE_CURVE('',#1047,#1047,#419,.T.);
#1284=EDGE_CURVE('',#1047,#1048,#558,.T.);
#1285=EDGE_CURVE('',#1048,#1048,#420,.T.);
#1286=EDGE_CURVE('',#1049,#1049,#421,.T.);
#1287=EDGE_CURVE('',#1049,#1050,#559,.T.);
#1288=EDGE_CURVE('',#1050,#1050,#422,.T.);
#1289=EDGE_CURVE('',#1051,#1052,#560,.T.);
#1290=EDGE_CURVE('',#1053,#1051,#561,.T.);
#1291=EDGE_CURVE('',#1053,#1054,#562,.T.);
#1292=EDGE_CURVE('',#1054,#1055,#563,.T.);
#1293=EDGE_CURVE('',#1056,#1055,#564,.T.);
#1294=EDGE_CURVE('',#1057,#1056,#565,.T.);
#1295=EDGE_CURVE('',#1058,#1057,#566,.T.);
#1296=EDGE_CURVE('',#1052,#1058,#567,.T.);
#1297=EDGE_CURVE('',#1059,#1060,#568,.T.);
#1298=EDGE_CURVE('',#1059,#1061,#569,.T.);
#1299=EDGE_CURVE('',#1061,#1062,#570,.T.);
#1300=EDGE_CURVE('',#1060,#1062,#571,.T.);
#1301=EDGE_CURVE('',#1055,#1063,#572,.T.);
#1302=EDGE_CURVE('',#1054,#1064,#573,.T.);
#1303=EDGE_CURVE('',#1063,#1064,#574,.T.);
#1304=EDGE_CURVE('',#1065,#1051,#575,.T.);
#1305=EDGE_CURVE('',#1066,#1065,#576,.T.);
#1306=EDGE_CURVE('',#1066,#1053,#577,.T.);
#1307=EDGE_CURVE('',#1067,#1065,#578,.T.);
#1308=EDGE_CURVE('',#1068,#1067,#579,.T.);
#1309=EDGE_CURVE('',#1069,#1068,#580,.T.);
#1310=EDGE_CURVE('',#1070,#1069,#581,.T.);
#1311=EDGE_CURVE('',#1062,#1070,#582,.T.);
#1312=EDGE_CURVE('',#1061,#1066,#583,.T.);
#1313=EDGE_CURVE('',#1068,#1058,#423,.T.);
#1314=EDGE_CURVE('',#1052,#1067,#424,.T.);
#1315=EDGE_CURVE('',#1057,#1069,#425,.T.);
#1316=EDGE_CURVE('',#1060,#1063,#426,.T.);
#1317=EDGE_CURVE('',#1056,#1070,#427,.T.);
#1318=EDGE_CURVE('',#1064,#1059,#428,.T.);
#1319=EDGE_CURVE('',#1071,#1071,#429,.T.);
#1320=EDGE_CURVE('',#1072,#1072,#430,.T.);
#1321=EDGE_CURVE('',#1072,#1071,#584,.T.);
#1322=EDGE_CURVE('',#1036,#1073,#585,.T.);
#1323=EDGE_CURVE('',#1073,#1073,#431,.T.);
#1324=EDGE_CURVE('',#967,#1043,#586,.T.);
#1325=EDGE_CURVE('',#1044,#966,#587,.T.);
#1326=EDGE_CURVE('',#965,#1041,#588,.T.);
#1327=EDGE_CURVE('',#1042,#964,#589,.T.);
#1328=EDGE_CURVE('',#1074,#1075,#590,.T.);
#1329=EDGE_CURVE('',#1076,#1074,#591,.T.);
#1330=EDGE_CURVE('',#1077,#1076,#592,.T.);
#1331=EDGE_CURVE('',#1075,#1077,#593,.T.);
#1332=EDGE_CURVE('',#1078,#1079,#594,.T.);
#1333=EDGE_CURVE('',#1080,#1078,#595,.T.);
#1334=EDGE_CURVE('',#1080,#1081,#596,.T.);
#1335=EDGE_CURVE('',#1079,#1081,#597,.T.);
#1336=EDGE_CURVE('',#1081,#1076,#598,.T.);
#1337=EDGE_CURVE('',#1077,#1080,#599,.T.);
#1338=EDGE_CURVE('',#1078,#1082,#432,.T.);
#1339=EDGE_CURVE('',#1082,#1083,#600,.T.);
#1340=EDGE_CURVE('',#1083,#1084,#601,.T.);
#1341=EDGE_CURVE('',#1084,#1085,#602,.T.);
#1342=EDGE_CURVE('',#1085,#1086,#433,.T.);
#1343=EDGE_CURVE('',#1086,#1087,#603,.T.);
#1344=EDGE_CURVE('',#1087,#1088,#604,.T.);
#1345=EDGE_CURVE('',#1088,#1089,#605,.T.);
#1346=EDGE_CURVE('',#1089,#1090,#434,.T.);
#1347=EDGE_CURVE('',#1090,#1091,#606,.T.);
#1348=EDGE_CURVE('',#1091,#1092,#435,.T.);
#1349=EDGE_CURVE('',#1092,#1093,#607,.T.);
#1350=EDGE_CURVE('',#1093,#1075,#436,.T.);
#1351=EDGE_CURVE('',#1094,#1079,#437,.T.);
#1352=EDGE_CURVE('',#1094,#1082,#608,.T.);
#1353=EDGE_CURVE('',#1095,#1086,#609,.T.);
#1354=EDGE_CURVE('',#1096,#1095,#610,.T.);
#1355=EDGE_CURVE('',#1087,#1096,#611,.T.);
#1356=EDGE_CURVE('',#1089,#1097,#612,.T.);
#1357=EDGE_CURVE('',#1088,#1098,#613,.T.);
#1358=EDGE_CURVE('',#1097,#1098,#614,.T.);
#1359=EDGE_CURVE('',#1098,#1096,#615,.T.);
#1360=EDGE_CURVE('',#1099,#1097,#438,.T.);
#1361=EDGE_CURVE('',#1099,#1090,#616,.T.);
#1362=EDGE_CURVE('',#1100,#1094,#617,.T.);
#1363=EDGE_CURVE('',#1083,#1100,#618,.T.);
#1364=EDGE_CURVE('',#1085,#1101,#619,.T.);
#1365=EDGE_CURVE('',#1084,#1102,#620,.T.);
#1366=EDGE_CURVE('',#1101,#1102,#621,.T.);
#1367=EDGE_CURVE('',#1102,#1100,#622,.T.);
#1368=EDGE_CURVE('',#1093,#1103,#623,.T.);
#1369=EDGE_CURVE('',#1074,#1103,#439,.T.);
#1370=EDGE_CURVE('',#1095,#1101,#440,.T.);
#1371=EDGE_CURVE('',#1104,#1099,#624,.T.);
#1372=EDGE_CURVE('',#1091,#1104,#625,.T.);
#1373=EDGE_CURVE('',#1105,#1092,#626,.T.);
#1374=EDGE_CURVE('',#1103,#1105,#627,.T.);
#1375=EDGE_CURVE('',#1105,#1104,#441,.T.);
#1376=EDGE_CURVE('',#1106,#1107,#628,.T.);
#1377=EDGE_CURVE('',#1106,#1108,#629,.T.);
#1378=EDGE_CURVE('',#1108,#1109,#630,.T.);
#1379=EDGE_CURVE('',#1109,#1107,#631,.T.);
#1380=EDGE_CURVE('',#1110,#1111,#632,.T.);
#1381=EDGE_CURVE('',#1110,#1112,#633,.T.);
#1382=EDGE_CURVE('',#1112,#1113,#634,.T.);
#1383=EDGE_CURVE('',#1113,#1111,#635,.T.);
#1384=EDGE_CURVE('',#1114,#1115,#636,.T.);
#1385=EDGE_CURVE('',#1115,#1116,#637,.T.);
#1386=EDGE_CURVE('',#1116,#1117,#638,.T.);
#1387=EDGE_CURVE('',#1117,#1114,#639,.T.);
#1388=EDGE_CURVE('',#1116,#1118,#640,.T.);
#1389=EDGE_CURVE('',#1119,#1118,#641,.T.);
#1390=EDGE_CURVE('',#1119,#1120,#642,.T.);
#1391=EDGE_CURVE('',#1121,#1120,#643,.T.);
#1392=EDGE_CURVE('',#1121,#1122,#644,.T.);
#1393=EDGE_CURVE('',#1123,#1122,#645,.T.);
#1394=EDGE_CURVE('',#1123,#1117,#646,.T.);
#1395=EDGE_CURVE('',#1107,#1124,#647,.F.);
#1396=EDGE_CURVE('',#1124,#1125,#648,.T.);
#1397=EDGE_CURVE('',#1125,#1106,#649,.F.);
#1398=EDGE_CURVE('',#1111,#1126,#650,.F.);
#1399=EDGE_CURVE('',#1126,#1127,#651,.T.);
#1400=EDGE_CURVE('',#1127,#1110,#652,.F.);
#1401=EDGE_CURVE('',#1128,#1115,#653,.T.);
#1402=EDGE_CURVE('',#1118,#1128,#654,.T.);
#1403=EDGE_CURVE('',#1128,#1129,#655,.T.);
#1404=EDGE_CURVE('',#1129,#1119,#656,.T.);
#1405=EDGE_CURVE('',#1130,#1131,#657,.T.);
#1406=EDGE_CURVE('',#1131,#1123,#658,.T.);
#1407=EDGE_CURVE('',#1122,#1130,#659,.T.);
#1408=EDGE_CURVE('',#1114,#1131,#660,.T.);
#1409=EDGE_CURVE('',#1130,#1132,#661,.T.);
#1410=EDGE_CURVE('',#1133,#1132,#662,.T.);
#1411=EDGE_CURVE('',#1133,#1129,#663,.T.);
#1412=EDGE_CURVE('',#1132,#1121,#664,.T.);
#1413=EDGE_CURVE('',#1120,#1133,#665,.T.);
#1414=EDGE_CURVE('',#1134,#1135,#666,.T.);
#1415=EDGE_CURVE('',#1136,#1134,#667,.F.);
#1416=EDGE_CURVE('',#1137,#1136,#668,.F.);
#1417=EDGE_CURVE('',#1135,#1137,#669,.T.);
#1418=EDGE_CURVE('',#1138,#1134,#670,.T.);
#1419=EDGE_CURVE('',#1138,#1139,#671,.F.);
#1420=EDGE_CURVE('',#1139,#1136,#672,.T.);
#1421=EDGE_CURVE('',#1135,#1140,#673,.T.);
#1422=EDGE_CURVE('',#1137,#1141,#674,.T.);
#1423=EDGE_CURVE('',#1141,#1140,#675,.T.);
#1424=EDGE_CURVE('',#1141,#1139,#676,.T.);
#1425=EDGE_CURVE('',#1140,#1138,#677,.T.);
#1426=EDGE_CURVE('',#1142,#1125,#678,.F.);
#1427=EDGE_CURVE('',#1108,#1142,#679,.T.);
#1428=EDGE_CURVE('',#1143,#1124,#680,.T.);
#1429=EDGE_CURVE('',#1142,#1143,#681,.T.);
#1430=EDGE_CURVE('',#1143,#1109,#682,.T.);
#1431=EDGE_CURVE('',#1144,#1145,#683,.T.);
#1432=EDGE_CURVE('',#1146,#1144,#684,.F.);
#1433=EDGE_CURVE('',#1147,#1146,#685,.F.);
#1434=EDGE_CURVE('',#1145,#1147,#686,.T.);
#1435=EDGE_CURVE('',#1148,#1144,#687,.T.);
#1436=EDGE_CURVE('',#1148,#1149,#688,.F.);
#1437=EDGE_CURVE('',#1149,#1146,#689,.T.);
#1438=EDGE_CURVE('',#1145,#1150,#690,.T.);
#1439=EDGE_CURVE('',#1147,#1151,#691,.T.);
#1440=EDGE_CURVE('',#1151,#1150,#692,.T.);
#1441=EDGE_CURVE('',#1150,#1148,#693,.T.);
#1442=EDGE_CURVE('',#1151,#1149,#694,.T.);
#1443=EDGE_CURVE('',#1152,#1113,#695,.T.);
#1444=EDGE_CURVE('',#1152,#1126,#696,.T.);
#1445=EDGE_CURVE('',#1112,#1153,#697,.T.);
#1446=EDGE_CURVE('',#1153,#1152,#698,.T.);
#1447=EDGE_CURVE('',#1153,#1127,#699,.F.);
#1448=ORIENTED_EDGE('',*,*,#1154,.T.);
#1449=ORIENTED_EDGE('',*,*,#1155,.F.);
#1450=ORIENTED_EDGE('',*,*,#1156,.T.);
#1451=ORIENTED_EDGE('',*,*,#1157,.F.);
#1452=ORIENTED_EDGE('',*,*,#1158,.F.);
#1453=ORIENTED_EDGE('',*,*,#1159,.F.);
#1454=ORIENTED_EDGE('',*,*,#1154,.F.);
#1455=ORIENTED_EDGE('',*,*,#1160,.F.);
#1456=ORIENTED_EDGE('',*,*,#1161,.T.);
#1457=ORIENTED_EDGE('',*,*,#1162,.T.);
#1458=ORIENTED_EDGE('',*,*,#1163,.T.);
#1459=ORIENTED_EDGE('',*,*,#1164,.F.);
#1460=ORIENTED_EDGE('',*,*,#1165,.T.);
#1461=ORIENTED_EDGE('',*,*,#1166,.T.);
#1462=ORIENTED_EDGE('',*,*,#1167,.T.);
#1463=ORIENTED_EDGE('',*,*,#1168,.T.);
#1464=ORIENTED_EDGE('',*,*,#1169,.T.);
#1465=ORIENTED_EDGE('',*,*,#1170,.T.);
#1466=ORIENTED_EDGE('',*,*,#1171,.T.);
#1467=ORIENTED_EDGE('',*,*,#1172,.T.);
#1468=ORIENTED_EDGE('',*,*,#1173,.T.);
#1469=ORIENTED_EDGE('',*,*,#1174,.T.);
#1470=ORIENTED_EDGE('',*,*,#1175,.T.);
#1471=ORIENTED_EDGE('',*,*,#1176,.T.);
#1472=ORIENTED_EDGE('',*,*,#1177,.T.);
#1473=ORIENTED_EDGE('',*,*,#1176,.F.);
#1474=ORIENTED_EDGE('',*,*,#1178,.T.);
#1475=ORIENTED_EDGE('',*,*,#1179,.T.);
#1476=ORIENTED_EDGE('',*,*,#1180,.F.);
#1477=ORIENTED_EDGE('',*,*,#1174,.F.);
#1478=ORIENTED_EDGE('',*,*,#1181,.F.);
#1479=ORIENTED_EDGE('',*,*,#1182,.F.);
#1480=ORIENTED_EDGE('',*,*,#1180,.T.);
#1481=ORIENTED_EDGE('',*,*,#1183,.F.);
#1482=ORIENTED_EDGE('',*,*,#1178,.F.);
#1483=ORIENTED_EDGE('',*,*,#1175,.F.);
#1484=ORIENTED_EDGE('',*,*,#1182,.T.);
#1485=ORIENTED_EDGE('',*,*,#1184,.T.);
#1486=ORIENTED_EDGE('',*,*,#1179,.F.);
#1487=ORIENTED_EDGE('',*,*,#1183,.T.);
#1488=ORIENTED_EDGE('',*,*,#1181,.T.);
#1489=ORIENTED_EDGE('',*,*,#1173,.F.);
#1490=ORIENTED_EDGE('',*,*,#1177,.F.);
#1491=ORIENTED_EDGE('',*,*,#1184,.F.);
#1492=ORIENTED_EDGE('',*,*,#1185,.T.);
#1493=ORIENTED_EDGE('',*,*,#1170,.F.);
#1494=ORIENTED_EDGE('',*,*,#1186,.T.);
#1495=ORIENTED_EDGE('',*,*,#1187,.T.);
#1496=ORIENTED_EDGE('',*,*,#1188,.F.);
#1497=ORIENTED_EDGE('',*,*,#1172,.F.);
#1498=ORIENTED_EDGE('',*,*,#1189,.F.);
#1499=ORIENTED_EDGE('',*,*,#1190,.F.);
#1500=ORIENTED_EDGE('',*,*,#1188,.T.);
#1501=ORIENTED_EDGE('',*,*,#1191,.F.);
#1502=ORIENTED_EDGE('',*,*,#1186,.F.);
#1503=ORIENTED_EDGE('',*,*,#1169,.F.);
#1504=ORIENTED_EDGE('',*,*,#1190,.T.);
#1505=ORIENTED_EDGE('',*,*,#1192,.T.);
#1506=ORIENTED_EDGE('',*,*,#1187,.F.);
#1507=ORIENTED_EDGE('',*,*,#1191,.T.);
#1508=ORIENTED_EDGE('',*,*,#1189,.T.);
#1509=ORIENTED_EDGE('',*,*,#1171,.F.);
#1510=ORIENTED_EDGE('',*,*,#1185,.F.);
#1511=ORIENTED_EDGE('',*,*,#1192,.F.);
#1512=ORIENTED_EDGE('',*,*,#1165,.F.);
#1513=ORIENTED_EDGE('',*,*,#1193,.T.);
#1514=ORIENTED_EDGE('',*,*,#1194,.F.);
#1515=ORIENTED_EDGE('',*,*,#1195,.F.);
#1516=ORIENTED_EDGE('',*,*,#1168,.F.);
#1517=ORIENTED_EDGE('',*,*,#1196,.T.);
#1518=ORIENTED_EDGE('',*,*,#1197,.F.);
#1519=ORIENTED_EDGE('',*,*,#1193,.F.);
#1520=ORIENTED_EDGE('',*,*,#1166,.F.);
#1521=ORIENTED_EDGE('',*,*,#1195,.T.);
#1522=ORIENTED_EDGE('',*,*,#1198,.F.);
#1523=ORIENTED_EDGE('',*,*,#1199,.F.);
#1524=ORIENTED_EDGE('',*,*,#1167,.F.);
#1525=ORIENTED_EDGE('',*,*,#1199,.T.);
#1526=ORIENTED_EDGE('',*,*,#1200,.F.);
#1527=ORIENTED_EDGE('',*,*,#1196,.F.);
#1528=ORIENTED_EDGE('',*,*,#1197,.T.);
#1529=ORIENTED_EDGE('',*,*,#1200,.T.);
#1530=ORIENTED_EDGE('',*,*,#1198,.T.);
#1531=ORIENTED_EDGE('',*,*,#1194,.T.);
#1532=ORIENTED_EDGE('',*,*,#1201,.F.);
#1533=ORIENTED_EDGE('',*,*,#1202,.F.);
#1534=ORIENTED_EDGE('',*,*,#1203,.F.);
#1535=ORIENTED_EDGE('',*,*,#1204,.F.);
#1536=ORIENTED_EDGE('',*,*,#1205,.F.);
#1537=ORIENTED_EDGE('',*,*,#1202,.T.);
#1538=ORIENTED_EDGE('',*,*,#1206,.T.);
#1539=ORIENTED_EDGE('',*,*,#1207,.F.);
#1540=ORIENTED_EDGE('',*,*,#1208,.F.);
#1541=ORIENTED_EDGE('',*,*,#1203,.T.);
#1542=ORIENTED_EDGE('',*,*,#1205,.T.);
#1543=ORIENTED_EDGE('',*,*,#1209,.F.);
#1544=ORIENTED_EDGE('',*,*,#1210,.F.);
#1545=ORIENTED_EDGE('',*,*,#1204,.T.);
#1546=ORIENTED_EDGE('',*,*,#1208,.T.);
#1547=ORIENTED_EDGE('',*,*,#1211,.F.);
#1548=ORIENTED_EDGE('',*,*,#1206,.F.);
#1549=ORIENTED_EDGE('',*,*,#1201,.T.);
#1550=ORIENTED_EDGE('',*,*,#1210,.T.);
#1551=ORIENTED_EDGE('',*,*,#1212,.F.);
#1552=ORIENTED_EDGE('',*,*,#1213,.F.);
#1553=ORIENTED_EDGE('',*,*,#1214,.F.);
#1554=ORIENTED_EDGE('',*,*,#1215,.F.);
#1555=ORIENTED_EDGE('',*,*,#1216,.F.);
#1556=ORIENTED_EDGE('',*,*,#1217,.F.);
#1557=ORIENTED_EDGE('',*,*,#1218,.F.);
#1558=ORIENTED_EDGE('',*,*,#1219,.T.);
#1559=ORIENTED_EDGE('',*,*,#1216,.T.);
#1560=ORIENTED_EDGE('',*,*,#1220,.F.);
#1561=ORIENTED_EDGE('',*,*,#1221,.F.);
#1562=ORIENTED_EDGE('',*,*,#1217,.T.);
#1563=ORIENTED_EDGE('',*,*,#1215,.T.);
#1564=ORIENTED_EDGE('',*,*,#1222,.F.);
#1565=ORIENTED_EDGE('',*,*,#1223,.F.);
#1566=ORIENTED_EDGE('',*,*,#1220,.T.);
#1567=ORIENTED_EDGE('',*,*,#1214,.T.);
#1568=ORIENTED_EDGE('',*,*,#1219,.F.);
#1569=ORIENTED_EDGE('',*,*,#1224,.F.);
#1570=ORIENTED_EDGE('',*,*,#1222,.T.);
#1571=ORIENTED_EDGE('',*,*,#1213,.T.);
#1572=ORIENTED_EDGE('',*,*,#1225,.F.);
#1573=ORIENTED_EDGE('',*,*,#1226,.T.);
#1574=ORIENTED_EDGE('',*,*,#1227,.T.);
#1575=ORIENTED_EDGE('',*,*,#1226,.F.);
#1576=ORIENTED_EDGE('',*,*,#1227,.F.);
#1577=ORIENTED_EDGE('',*,*,#1228,.F.);
#1578=ORIENTED_EDGE('',*,*,#1229,.T.);
#1579=ORIENTED_EDGE('',*,*,#1230,.T.);
#1580=ORIENTED_EDGE('',*,*,#1229,.F.);
#1581=ORIENTED_EDGE('',*,*,#1230,.F.);
#1582=ORIENTED_EDGE('',*,*,#1231,.F.);
#1583=ORIENTED_EDGE('',*,*,#1232,.T.);
#1584=ORIENTED_EDGE('',*,*,#1233,.T.);
#1585=ORIENTED_EDGE('',*,*,#1232,.F.);
#1586=ORIENTED_EDGE('',*,*,#1233,.F.);
#1587=ORIENTED_EDGE('',*,*,#1234,.F.);
#1588=ORIENTED_EDGE('',*,*,#1235,.T.);
#1589=ORIENTED_EDGE('',*,*,#1236,.T.);
#1590=ORIENTED_EDGE('',*,*,#1235,.F.);
#1591=ORIENTED_EDGE('',*,*,#1236,.F.);
#1592=ORIENTED_EDGE('',*,*,#1237,.T.);
#1593=ORIENTED_EDGE('',*,*,#1238,.T.);
#1594=ORIENTED_EDGE('',*,*,#1239,.T.);
#1595=ORIENTED_EDGE('',*,*,#1240,.T.);
#1596=ORIENTED_EDGE('',*,*,#1241,.T.);
#1597=ORIENTED_EDGE('',*,*,#1242,.T.);
#1598=ORIENTED_EDGE('',*,*,#1242,.F.);
#1599=ORIENTED_EDGE('',*,*,#1243,.T.);
#1600=ORIENTED_EDGE('',*,*,#1244,.T.);
#1601=ORIENTED_EDGE('',*,*,#1245,.T.);
#1602=ORIENTED_EDGE('',*,*,#1246,.T.);
#1603=ORIENTED_EDGE('',*,*,#1247,.T.);
#1604=ORIENTED_EDGE('',*,*,#1241,.F.);
#1605=ORIENTED_EDGE('',*,*,#1248,.F.);
#1606=ORIENTED_EDGE('',*,*,#1249,.F.);
#1607=ORIENTED_EDGE('',*,*,#1243,.F.);
#1608=ORIENTED_EDGE('',*,*,#1225,.T.);
#1609=ORIENTED_EDGE('',*,*,#1228,.T.);
#1610=ORIENTED_EDGE('',*,*,#1231,.T.);
#1611=ORIENTED_EDGE('',*,*,#1234,.T.);
#1612=ORIENTED_EDGE('',*,*,#1240,.F.);
#1613=ORIENTED_EDGE('',*,*,#1250,.T.);
#1614=ORIENTED_EDGE('',*,*,#1251,.T.);
#1615=ORIENTED_EDGE('',*,*,#1252,.T.);
#1616=ORIENTED_EDGE('',*,*,#1253,.F.);
#1617=ORIENTED_EDGE('',*,*,#1248,.T.);
#1618=ORIENTED_EDGE('',*,*,#1246,.F.);
#1619=ORIENTED_EDGE('',*,*,#1254,.F.);
#1620=ORIENTED_EDGE('',*,*,#1255,.T.);
#1621=ORIENTED_EDGE('',*,*,#1256,.F.);
#1622=ORIENTED_EDGE('',*,*,#1245,.F.);
#1623=ORIENTED_EDGE('',*,*,#1257,.F.);
#1624=ORIENTED_EDGE('',*,*,#1258,.T.);
#1625=ORIENTED_EDGE('',*,*,#1259,.T.);
#1626=ORIENTED_EDGE('',*,*,#1254,.T.);
#1627=ORIENTED_EDGE('',*,*,#1244,.F.);
#1628=ORIENTED_EDGE('',*,*,#1249,.T.);
#1629=ORIENTED_EDGE('',*,*,#1253,.T.);
#1630=ORIENTED_EDGE('',*,*,#1260,.T.);
#1631=ORIENTED_EDGE('',*,*,#1261,.T.);
#1632=ORIENTED_EDGE('',*,*,#1257,.T.);
#1633=ORIENTED_EDGE('',*,*,#1261,.F.);
#1634=ORIENTED_EDGE('',*,*,#1262,.F.);
#1635=ORIENTED_EDGE('',*,*,#1263,.F.);
#1636=ORIENTED_EDGE('',*,*,#1258,.F.);
#1637=ORIENTED_EDGE('',*,*,#1264,.T.);
#1638=ORIENTED_EDGE('',*,*,#1260,.F.);
#1639=ORIENTED_EDGE('',*,*,#1252,.F.);
#1640=ORIENTED_EDGE('',*,*,#1265,.T.);
#1641=ORIENTED_EDGE('',*,*,#1266,.T.);
#1642=ORIENTED_EDGE('',*,*,#1262,.T.);
#1643=ORIENTED_EDGE('',*,*,#1251,.F.);
#1644=ORIENTED_EDGE('',*,*,#1267,.F.);
#1645=ORIENTED_EDGE('',*,*,#1268,.T.);
#1646=ORIENTED_EDGE('',*,*,#1265,.F.);
#1647=ORIENTED_EDGE('',*,*,#1239,.F.);
#1648=ORIENTED_EDGE('',*,*,#1269,.T.);
#1649=ORIENTED_EDGE('',*,*,#1270,.T.);
#1650=ORIENTED_EDGE('',*,*,#1267,.T.);
#1651=ORIENTED_EDGE('',*,*,#1250,.F.);
#1652=ORIENTED_EDGE('',*,*,#1270,.F.);
#1653=ORIENTED_EDGE('',*,*,#1271,.F.);
#1654=ORIENTED_EDGE('',*,*,#1272,.F.);
#1655=ORIENTED_EDGE('',*,*,#1255,.F.);
#1656=ORIENTED_EDGE('',*,*,#1259,.F.);
#1657=ORIENTED_EDGE('',*,*,#1263,.T.);
#1658=ORIENTED_EDGE('',*,*,#1266,.F.);
#1659=ORIENTED_EDGE('',*,*,#1268,.F.);
#1660=ORIENTED_EDGE('',*,*,#1273,.T.);
#1661=ORIENTED_EDGE('',*,*,#1274,.T.);
#1662=ORIENTED_EDGE('',*,*,#1275,.T.);
#1663=ORIENTED_EDGE('',*,*,#1276,.T.);
#1664=ORIENTED_EDGE('',*,*,#1237,.F.);
#1665=ORIENTED_EDGE('',*,*,#1247,.F.);
#1666=ORIENTED_EDGE('',*,*,#1256,.T.);
#1667=ORIENTED_EDGE('',*,*,#1272,.T.);
#1668=ORIENTED_EDGE('',*,*,#1277,.T.);
#1669=ORIENTED_EDGE('',*,*,#1158,.T.);
#1670=ORIENTED_EDGE('',*,*,#1278,.F.);
#1671=ORIENTED_EDGE('',*,*,#1279,.T.);
#1672=ORIENTED_EDGE('',*,*,#1280,.F.);
#1673=ORIENTED_EDGE('',*,*,#1281,.F.);
#1674=ORIENTED_EDGE('',*,*,#1279,.F.);
#1675=ORIENTED_EDGE('',*,*,#1282,.F.);
#1676=ORIENTED_EDGE('',*,*,#1156,.F.);
#1677=ORIENTED_EDGE('',*,*,#1283,.T.);
#1678=ORIENTED_EDGE('',*,*,#1283,.F.);
#1679=ORIENTED_EDGE('',*,*,#1284,.T.);
#1680=ORIENTED_EDGE('',*,*,#1285,.F.);
#1681=ORIENTED_EDGE('',*,*,#1284,.F.);
#1682=ORIENTED_EDGE('',*,*,#1286,.T.);
#1683=ORIENTED_EDGE('',*,*,#1286,.F.);
#1684=ORIENTED_EDGE('',*,*,#1287,.T.);
#1685=ORIENTED_EDGE('',*,*,#1288,.F.);
#1686=ORIENTED_EDGE('',*,*,#1287,.F.);
#1687=ORIENTED_EDGE('',*,*,#1289,.F.);
#1688=ORIENTED_EDGE('',*,*,#1290,.F.);
#1689=ORIENTED_EDGE('',*,*,#1291,.T.);
#1690=ORIENTED_EDGE('',*,*,#1292,.T.);
#1691=ORIENTED_EDGE('',*,*,#1293,.F.);
#1692=ORIENTED_EDGE('',*,*,#1294,.F.);
#1693=ORIENTED_EDGE('',*,*,#1295,.F.);
#1694=ORIENTED_EDGE('',*,*,#1296,.F.);
#1695=ORIENTED_EDGE('',*,*,#1297,.F.);
#1696=ORIENTED_EDGE('',*,*,#1298,.T.);
#1697=ORIENTED_EDGE('',*,*,#1299,.T.);
#1698=ORIENTED_EDGE('',*,*,#1300,.F.);
#1699=ORIENTED_EDGE('',*,*,#1301,.F.);
#1700=ORIENTED_EDGE('',*,*,#1292,.F.);
#1701=ORIENTED_EDGE('',*,*,#1302,.T.);
#1702=ORIENTED_EDGE('',*,*,#1303,.F.);
#1703=ORIENTED_EDGE('',*,*,#1304,.F.);
#1704=ORIENTED_EDGE('',*,*,#1305,.F.);
#1705=ORIENTED_EDGE('',*,*,#1306,.T.);
#1706=ORIENTED_EDGE('',*,*,#1290,.T.);
#1707=ORIENTED_EDGE('',*,*,#1307,.F.);
#1708=ORIENTED_EDGE('',*,*,#1308,.F.);
#1709=ORIENTED_EDGE('',*,*,#1309,.F.);
#1710=ORIENTED_EDGE('',*,*,#1310,.F.);
#1711=ORIENTED_EDGE('',*,*,#1311,.F.);
#1712=ORIENTED_EDGE('',*,*,#1299,.F.);
#1713=ORIENTED_EDGE('',*,*,#1312,.T.);
#1714=ORIENTED_EDGE('',*,*,#1305,.T.);
#1715=ORIENTED_EDGE('',*,*,#1296,.T.);
#1716=ORIENTED_EDGE('',*,*,#1313,.F.);
#1717=ORIENTED_EDGE('',*,*,#1308,.T.);
#1718=ORIENTED_EDGE('',*,*,#1314,.F.);
#1719=ORIENTED_EDGE('',*,*,#1295,.T.);
#1720=ORIENTED_EDGE('',*,*,#1315,.T.);
#1721=ORIENTED_EDGE('',*,*,#1309,.T.);
#1722=ORIENTED_EDGE('',*,*,#1313,.T.);
#1723=ORIENTED_EDGE('',*,*,#1293,.T.);
#1724=ORIENTED_EDGE('',*,*,#1301,.T.);
#1725=ORIENTED_EDGE('',*,*,#1316,.F.);
#1726=ORIENTED_EDGE('',*,*,#1300,.T.);
#1727=ORIENTED_EDGE('',*,*,#1311,.T.);
#1728=ORIENTED_EDGE('',*,*,#1317,.F.);
#1729=ORIENTED_EDGE('',*,*,#1303,.T.);
#1730=ORIENTED_EDGE('',*,*,#1318,.T.);
#1731=ORIENTED_EDGE('',*,*,#1297,.T.);
#1732=ORIENTED_EDGE('',*,*,#1316,.T.);
#1733=ORIENTED_EDGE('',*,*,#1294,.T.);
#1734=ORIENTED_EDGE('',*,*,#1317,.T.);
#1735=ORIENTED_EDGE('',*,*,#1310,.T.);
#1736=ORIENTED_EDGE('',*,*,#1315,.F.);
#1737=ORIENTED_EDGE('',*,*,#1318,.F.);
#1738=ORIENTED_EDGE('',*,*,#1302,.F.);
#1739=ORIENTED_EDGE('',*,*,#1291,.F.);
#1740=ORIENTED_EDGE('',*,*,#1306,.F.);
#1741=ORIENTED_EDGE('',*,*,#1312,.F.);
#1742=ORIENTED_EDGE('',*,*,#1298,.F.);
#1743=ORIENTED_EDGE('',*,*,#1285,.T.);
#1744=ORIENTED_EDGE('',*,*,#1288,.T.);
#1745=ORIENTED_EDGE('',*,*,#1319,.F.);
#1746=ORIENTED_EDGE('',*,*,#1320,.F.);
#1747=ORIENTED_EDGE('',*,*,#1321,.T.);
#1748=ORIENTED_EDGE('',*,*,#1319,.T.);
#1749=ORIENTED_EDGE('',*,*,#1321,.F.);
#1750=ORIENTED_EDGE('',*,*,#1264,.F.);
#1751=ORIENTED_EDGE('',*,*,#1322,.T.);
#1752=ORIENTED_EDGE('',*,*,#1323,.F.);
#1753=ORIENTED_EDGE('',*,*,#1322,.F.);
#1754=ORIENTED_EDGE('',*,*,#1323,.T.);
#1755=ORIENTED_EDGE('',*,*,#1320,.T.);
#1756=ORIENTED_EDGE('',*,*,#1275,.F.);
#1757=ORIENTED_EDGE('',*,*,#1324,.F.);
#1758=ORIENTED_EDGE('',*,*,#1163,.F.);
#1759=ORIENTED_EDGE('',*,*,#1325,.F.);
#1760=ORIENTED_EDGE('',*,*,#1207,.T.);
#1761=ORIENTED_EDGE('',*,*,#1212,.T.);
#1762=ORIENTED_EDGE('',*,*,#1211,.T.);
#1763=ORIENTED_EDGE('',*,*,#1209,.T.);
#1764=ORIENTED_EDGE('',*,*,#1276,.F.);
#1765=ORIENTED_EDGE('',*,*,#1325,.T.);
#1766=ORIENTED_EDGE('',*,*,#1162,.F.);
#1767=ORIENTED_EDGE('',*,*,#1326,.T.);
#1768=ORIENTED_EDGE('',*,*,#1289,.T.);
#1769=ORIENTED_EDGE('',*,*,#1314,.T.);
#1770=ORIENTED_EDGE('',*,*,#1307,.T.);
#1771=ORIENTED_EDGE('',*,*,#1304,.T.);
#1772=ORIENTED_EDGE('',*,*,#1273,.F.);
#1773=ORIENTED_EDGE('',*,*,#1326,.F.);
#1774=ORIENTED_EDGE('',*,*,#1161,.F.);
#1775=ORIENTED_EDGE('',*,*,#1327,.F.);
#1776=ORIENTED_EDGE('',*,*,#1218,.T.);
#1777=ORIENTED_EDGE('',*,*,#1221,.T.);
#1778=ORIENTED_EDGE('',*,*,#1223,.T.);
#1779=ORIENTED_EDGE('',*,*,#1224,.T.);
#1780=ORIENTED_EDGE('',*,*,#1278,.T.);
#1781=ORIENTED_EDGE('',*,*,#1164,.T.);
#1782=ORIENTED_EDGE('',*,*,#1324,.T.);
#1783=ORIENTED_EDGE('',*,*,#1274,.F.);
#1784=ORIENTED_EDGE('',*,*,#1327,.T.);
#1785=ORIENTED_EDGE('',*,*,#1160,.T.);
#1786=ORIENTED_EDGE('',*,*,#1157,.T.);
#1787=ORIENTED_EDGE('',*,*,#1282,.T.);
#1788=ORIENTED_EDGE('',*,*,#1238,.F.);
#1789=ORIENTED_EDGE('',*,*,#1277,.F.);
#1790=ORIENTED_EDGE('',*,*,#1271,.T.);
#1791=ORIENTED_EDGE('',*,*,#1269,.F.);
#1792=ORIENTED_EDGE('',*,*,#1155,.T.);
#1793=ORIENTED_EDGE('',*,*,#1159,.T.);
#1794=ORIENTED_EDGE('',*,*,#1280,.T.);
#1795=ORIENTED_EDGE('',*,*,#1281,.T.);
#1796=ORIENTED_EDGE('',*,*,#1328,.F.);
#1797=ORIENTED_EDGE('',*,*,#1329,.F.);
#1798=ORIENTED_EDGE('',*,*,#1330,.F.);
#1799=ORIENTED_EDGE('',*,*,#1331,.F.);
#1800=ORIENTED_EDGE('',*,*,#1332,.F.);
#1801=ORIENTED_EDGE('',*,*,#1333,.F.);
#1802=ORIENTED_EDGE('',*,*,#1334,.T.);
#1803=ORIENTED_EDGE('',*,*,#1335,.F.);
#1804=ORIENTED_EDGE('',*,*,#1330,.T.);
#1805=ORIENTED_EDGE('',*,*,#1336,.F.);
#1806=ORIENTED_EDGE('',*,*,#1334,.F.);
#1807=ORIENTED_EDGE('',*,*,#1337,.F.);
#1808=ORIENTED_EDGE('',*,*,#1338,.T.);
#1809=ORIENTED_EDGE('',*,*,#1339,.T.);
#1810=ORIENTED_EDGE('',*,*,#1340,.T.);
#1811=ORIENTED_EDGE('',*,*,#1341,.T.);
#1812=ORIENTED_EDGE('',*,*,#1342,.T.);
#1813=ORIENTED_EDGE('',*,*,#1343,.T.);
#1814=ORIENTED_EDGE('',*,*,#1344,.T.);
#1815=ORIENTED_EDGE('',*,*,#1345,.T.);
#1816=ORIENTED_EDGE('',*,*,#1346,.T.);
#1817=ORIENTED_EDGE('',*,*,#1347,.T.);
#1818=ORIENTED_EDGE('',*,*,#1348,.T.);
#1819=ORIENTED_EDGE('',*,*,#1349,.T.);
#1820=ORIENTED_EDGE('',*,*,#1350,.T.);
#1821=ORIENTED_EDGE('',*,*,#1331,.T.);
#1822=ORIENTED_EDGE('',*,*,#1337,.T.);
#1823=ORIENTED_EDGE('',*,*,#1333,.T.);
#1824=ORIENTED_EDGE('',*,*,#1332,.T.);
#1825=ORIENTED_EDGE('',*,*,#1351,.F.);
#1826=ORIENTED_EDGE('',*,*,#1352,.T.);
#1827=ORIENTED_EDGE('',*,*,#1338,.F.);
#1828=ORIENTED_EDGE('',*,*,#1353,.F.);
#1829=ORIENTED_EDGE('',*,*,#1354,.F.);
#1830=ORIENTED_EDGE('',*,*,#1355,.F.);
#1831=ORIENTED_EDGE('',*,*,#1343,.F.);
#1832=ORIENTED_EDGE('',*,*,#1356,.F.);
#1833=ORIENTED_EDGE('',*,*,#1345,.F.);
#1834=ORIENTED_EDGE('',*,*,#1357,.T.);
#1835=ORIENTED_EDGE('',*,*,#1358,.F.);
#1836=ORIENTED_EDGE('',*,*,#1355,.T.);
#1837=ORIENTED_EDGE('',*,*,#1359,.F.);
#1838=ORIENTED_EDGE('',*,*,#1357,.F.);
#1839=ORIENTED_EDGE('',*,*,#1344,.F.);
#1840=ORIENTED_EDGE('',*,*,#1356,.T.);
#1841=ORIENTED_EDGE('',*,*,#1360,.F.);
#1842=ORIENTED_EDGE('',*,*,#1361,.T.);
#1843=ORIENTED_EDGE('',*,*,#1346,.F.);
#1844=ORIENTED_EDGE('',*,*,#1352,.F.);
#1845=ORIENTED_EDGE('',*,*,#1362,.F.);
#1846=ORIENTED_EDGE('',*,*,#1363,.F.);
#1847=ORIENTED_EDGE('',*,*,#1339,.F.);
#1848=ORIENTED_EDGE('',*,*,#1364,.F.);
#1849=ORIENTED_EDGE('',*,*,#1341,.F.);
#1850=ORIENTED_EDGE('',*,*,#1365,.T.);
#1851=ORIENTED_EDGE('',*,*,#1366,.F.);
#1852=ORIENTED_EDGE('',*,*,#1363,.T.);
#1853=ORIENTED_EDGE('',*,*,#1367,.F.);
#1854=ORIENTED_EDGE('',*,*,#1365,.F.);
#1855=ORIENTED_EDGE('',*,*,#1340,.F.);
#1856=ORIENTED_EDGE('',*,*,#1328,.T.);
#1857=ORIENTED_EDGE('',*,*,#1350,.F.);
#1858=ORIENTED_EDGE('',*,*,#1368,.T.);
#1859=ORIENTED_EDGE('',*,*,#1369,.F.);
#1860=ORIENTED_EDGE('',*,*,#1353,.T.);
#1861=ORIENTED_EDGE('',*,*,#1342,.F.);
#1862=ORIENTED_EDGE('',*,*,#1364,.T.);
#1863=ORIENTED_EDGE('',*,*,#1370,.F.);
#1864=ORIENTED_EDGE('',*,*,#1361,.F.);
#1865=ORIENTED_EDGE('',*,*,#1371,.F.);
#1866=ORIENTED_EDGE('',*,*,#1372,.F.);
#1867=ORIENTED_EDGE('',*,*,#1347,.F.);
#1868=ORIENTED_EDGE('',*,*,#1368,.F.);
#1869=ORIENTED_EDGE('',*,*,#1349,.F.);
#1870=ORIENTED_EDGE('',*,*,#1373,.F.);
#1871=ORIENTED_EDGE('',*,*,#1374,.F.);
#1872=ORIENTED_EDGE('',*,*,#1369,.T.);
#1873=ORIENTED_EDGE('',*,*,#1374,.T.);
#1874=ORIENTED_EDGE('',*,*,#1375,.T.);
#1875=ORIENTED_EDGE('',*,*,#1371,.T.);
#1876=ORIENTED_EDGE('',*,*,#1360,.T.);
#1877=ORIENTED_EDGE('',*,*,#1358,.T.);
#1878=ORIENTED_EDGE('',*,*,#1359,.T.);
#1879=ORIENTED_EDGE('',*,*,#1354,.T.);
#1880=ORIENTED_EDGE('',*,*,#1370,.T.);
#1881=ORIENTED_EDGE('',*,*,#1366,.T.);
#1882=ORIENTED_EDGE('',*,*,#1367,.T.);
#1883=ORIENTED_EDGE('',*,*,#1362,.T.);
#1884=ORIENTED_EDGE('',*,*,#1351,.T.);
#1885=ORIENTED_EDGE('',*,*,#1335,.T.);
#1886=ORIENTED_EDGE('',*,*,#1336,.T.);
#1887=ORIENTED_EDGE('',*,*,#1329,.T.);
#1888=ORIENTED_EDGE('',*,*,#1372,.T.);
#1889=ORIENTED_EDGE('',*,*,#1375,.F.);
#1890=ORIENTED_EDGE('',*,*,#1373,.T.);
#1891=ORIENTED_EDGE('',*,*,#1348,.F.);
#1892=ORIENTED_EDGE('',*,*,#1376,.F.);
#1893=ORIENTED_EDGE('',*,*,#1377,.T.);
#1894=ORIENTED_EDGE('',*,*,#1378,.T.);
#1895=ORIENTED_EDGE('',*,*,#1379,.T.);
#1896=ORIENTED_EDGE('',*,*,#1380,.F.);
#1897=ORIENTED_EDGE('',*,*,#1381,.T.);
#1898=ORIENTED_EDGE('',*,*,#1382,.T.);
#1899=ORIENTED_EDGE('',*,*,#1383,.T.);
#1900=ORIENTED_EDGE('',*,*,#1384,.T.);
#1901=ORIENTED_EDGE('',*,*,#1385,.T.);
#1902=ORIENTED_EDGE('',*,*,#1386,.T.);
#1903=ORIENTED_EDGE('',*,*,#1387,.T.);
#1904=ORIENTED_EDGE('',*,*,#1386,.F.);
#1905=ORIENTED_EDGE('',*,*,#1388,.T.);
#1906=ORIENTED_EDGE('',*,*,#1389,.F.);
#1907=ORIENTED_EDGE('',*,*,#1390,.T.);
#1908=ORIENTED_EDGE('',*,*,#1391,.F.);
#1909=ORIENTED_EDGE('',*,*,#1392,.T.);
#1910=ORIENTED_EDGE('',*,*,#1393,.F.);
#1911=ORIENTED_EDGE('',*,*,#1394,.T.);
#1912=ORIENTED_EDGE('',*,*,#1395,.T.);
#1913=ORIENTED_EDGE('',*,*,#1396,.T.);
#1914=ORIENTED_EDGE('',*,*,#1397,.T.);
#1915=ORIENTED_EDGE('',*,*,#1376,.T.);
#1916=ORIENTED_EDGE('',*,*,#1398,.T.);
#1917=ORIENTED_EDGE('',*,*,#1399,.T.);
#1918=ORIENTED_EDGE('',*,*,#1400,.T.);
#1919=ORIENTED_EDGE('',*,*,#1380,.T.);
#1920=ORIENTED_EDGE('',*,*,#1385,.F.);
#1921=ORIENTED_EDGE('',*,*,#1401,.F.);
#1922=ORIENTED_EDGE('',*,*,#1402,.F.);
#1923=ORIENTED_EDGE('',*,*,#1388,.F.);
#1924=ORIENTED_EDGE('',*,*,#1403,.T.);
#1925=ORIENTED_EDGE('',*,*,#1404,.T.);
#1926=ORIENTED_EDGE('',*,*,#1389,.T.);
#1927=ORIENTED_EDGE('',*,*,#1402,.T.);
#1928=ORIENTED_EDGE('',*,*,#1405,.T.);
#1929=ORIENTED_EDGE('',*,*,#1406,.T.);
#1930=ORIENTED_EDGE('',*,*,#1393,.T.);
#1931=ORIENTED_EDGE('',*,*,#1407,.T.);
#1932=ORIENTED_EDGE('',*,*,#1384,.F.);
#1933=ORIENTED_EDGE('',*,*,#1408,.T.);
#1934=ORIENTED_EDGE('',*,*,#1405,.F.);
#1935=ORIENTED_EDGE('',*,*,#1409,.T.);
#1936=ORIENTED_EDGE('',*,*,#1410,.F.);
#1937=ORIENTED_EDGE('',*,*,#1411,.T.);
#1938=ORIENTED_EDGE('',*,*,#1403,.F.);
#1939=ORIENTED_EDGE('',*,*,#1401,.T.);
#1940=ORIENTED_EDGE('',*,*,#1407,.F.);
#1941=ORIENTED_EDGE('',*,*,#1392,.F.);
#1942=ORIENTED_EDGE('',*,*,#1412,.F.);
#1943=ORIENTED_EDGE('',*,*,#1409,.F.);
#1944=ORIENTED_EDGE('',*,*,#1410,.T.);
#1945=ORIENTED_EDGE('',*,*,#1412,.T.);
#1946=ORIENTED_EDGE('',*,*,#1391,.T.);
#1947=ORIENTED_EDGE('',*,*,#1413,.T.);
#1948=ORIENTED_EDGE('',*,*,#1414,.F.);
#1949=ORIENTED_EDGE('',*,*,#1415,.F.);
#1950=ORIENTED_EDGE('',*,*,#1416,.F.);
#1951=ORIENTED_EDGE('',*,*,#1417,.F.);
#1952=ORIENTED_EDGE('',*,*,#1418,.F.);
#1953=ORIENTED_EDGE('',*,*,#1419,.T.);
#1954=ORIENTED_EDGE('',*,*,#1420,.T.);
#1955=ORIENTED_EDGE('',*,*,#1415,.T.);
#1956=ORIENTED_EDGE('',*,*,#1421,.F.);
#1957=ORIENTED_EDGE('',*,*,#1417,.T.);
#1958=ORIENTED_EDGE('',*,*,#1422,.T.);
#1959=ORIENTED_EDGE('',*,*,#1423,.T.);
#1960=ORIENTED_EDGE('',*,*,#1416,.T.);
#1961=ORIENTED_EDGE('',*,*,#1420,.F.);
#1962=ORIENTED_EDGE('',*,*,#1424,.F.);
#1963=ORIENTED_EDGE('',*,*,#1422,.F.);
#1964=ORIENTED_EDGE('',*,*,#1425,.F.);
#1965=ORIENTED_EDGE('',*,*,#1423,.F.);
#1966=ORIENTED_EDGE('',*,*,#1424,.T.);
#1967=ORIENTED_EDGE('',*,*,#1419,.F.);
#1968=ORIENTED_EDGE('',*,*,#1397,.F.);
#1969=ORIENTED_EDGE('',*,*,#1426,.F.);
#1970=ORIENTED_EDGE('',*,*,#1427,.F.);
#1971=ORIENTED_EDGE('',*,*,#1377,.F.);
#1972=ORIENTED_EDGE('',*,*,#1396,.F.);
#1973=ORIENTED_EDGE('',*,*,#1428,.F.);
#1974=ORIENTED_EDGE('',*,*,#1429,.F.);
#1975=ORIENTED_EDGE('',*,*,#1426,.T.);
#1976=ORIENTED_EDGE('',*,*,#1418,.T.);
#1977=ORIENTED_EDGE('',*,*,#1414,.T.);
#1978=ORIENTED_EDGE('',*,*,#1421,.T.);
#1979=ORIENTED_EDGE('',*,*,#1425,.T.);
#1980=ORIENTED_EDGE('',*,*,#1430,.T.);
#1981=ORIENTED_EDGE('',*,*,#1378,.F.);
#1982=ORIENTED_EDGE('',*,*,#1427,.T.);
#1983=ORIENTED_EDGE('',*,*,#1429,.T.);
#1984=ORIENTED_EDGE('',*,*,#1395,.F.);
#1985=ORIENTED_EDGE('',*,*,#1379,.F.);
#1986=ORIENTED_EDGE('',*,*,#1430,.F.);
#1987=ORIENTED_EDGE('',*,*,#1428,.T.);
#1988=ORIENTED_EDGE('',*,*,#1431,.F.);
#1989=ORIENTED_EDGE('',*,*,#1432,.F.);
#1990=ORIENTED_EDGE('',*,*,#1433,.F.);
#1991=ORIENTED_EDGE('',*,*,#1434,.F.);
#1992=ORIENTED_EDGE('',*,*,#1435,.F.);
#1993=ORIENTED_EDGE('',*,*,#1436,.T.);
#1994=ORIENTED_EDGE('',*,*,#1437,.T.);
#1995=ORIENTED_EDGE('',*,*,#1432,.T.);
#1996=ORIENTED_EDGE('',*,*,#1438,.F.);
#1997=ORIENTED_EDGE('',*,*,#1434,.T.);
#1998=ORIENTED_EDGE('',*,*,#1439,.T.);
#1999=ORIENTED_EDGE('',*,*,#1440,.T.);
#2000=ORIENTED_EDGE('',*,*,#1441,.F.);
#2001=ORIENTED_EDGE('',*,*,#1440,.F.);
#2002=ORIENTED_EDGE('',*,*,#1442,.T.);
#2003=ORIENTED_EDGE('',*,*,#1436,.F.);
#2004=ORIENTED_EDGE('',*,*,#1433,.T.);
#2005=ORIENTED_EDGE('',*,*,#1437,.F.);
#2006=ORIENTED_EDGE('',*,*,#1442,.F.);
#2007=ORIENTED_EDGE('',*,*,#1439,.F.);
#2008=ORIENTED_EDGE('',*,*,#1398,.F.);
#2009=ORIENTED_EDGE('',*,*,#1383,.F.);
#2010=ORIENTED_EDGE('',*,*,#1443,.F.);
#2011=ORIENTED_EDGE('',*,*,#1444,.T.);
#2012=ORIENTED_EDGE('',*,*,#1445,.T.);
#2013=ORIENTED_EDGE('',*,*,#1446,.T.);
#2014=ORIENTED_EDGE('',*,*,#1443,.T.);
#2015=ORIENTED_EDGE('',*,*,#1382,.F.);
#2016=ORIENTED_EDGE('',*,*,#1399,.F.);
#2017=ORIENTED_EDGE('',*,*,#1444,.F.);
#2018=ORIENTED_EDGE('',*,*,#1446,.F.);
#2019=ORIENTED_EDGE('',*,*,#1447,.T.);
#2020=ORIENTED_EDGE('',*,*,#1435,.T.);
#2021=ORIENTED_EDGE('',*,*,#1431,.T.);
#2022=ORIENTED_EDGE('',*,*,#1438,.T.);
#2023=ORIENTED_EDGE('',*,*,#1441,.T.);
#2024=ORIENTED_EDGE('',*,*,#1400,.F.);
#2025=ORIENTED_EDGE('',*,*,#1447,.F.);
#2026=ORIENTED_EDGE('',*,*,#1445,.F.);
#2027=ORIENTED_EDGE('',*,*,#1381,.F.);
#2028=ORIENTED_EDGE('',*,*,#1404,.F.);
#2029=ORIENTED_EDGE('',*,*,#1411,.F.);
#2030=ORIENTED_EDGE('',*,*,#1413,.F.);
#2031=ORIENTED_EDGE('',*,*,#1390,.F.);
#2032=ORIENTED_EDGE('',*,*,#1387,.F.);
#2033=ORIENTED_EDGE('',*,*,#1394,.F.);
#2034=ORIENTED_EDGE('',*,*,#1406,.F.);
#2035=ORIENTED_EDGE('',*,*,#1408,.F.);
#2036=CYLINDRICAL_SURFACE('',#2191,3.5);
#2037=CYLINDRICAL_SURFACE('',#2220,4.5);
#2038=CYLINDRICAL_SURFACE('',#2224,4.5);
#2039=CYLINDRICAL_SURFACE('',#2228,4.5);
#2040=CYLINDRICAL_SURFACE('',#2232,4.5);
#2041=CYLINDRICAL_SURFACE('',#2250,3.5);
#2042=CYLINDRICAL_SURFACE('',#2256,0.75);
#2043=CYLINDRICAL_SURFACE('',#2260,0.75);
#2044=CYLINDRICAL_SURFACE('',#2267,20.5);
#2045=CYLINDRICAL_SURFACE('',#2275,18.);
#2046=CYLINDRICAL_SURFACE('',#2277,19.5);
#2047=CYLINDRICAL_SURFACE('',#2280,17.);
#2048=CYLINDRICAL_SURFACE('',#2282,20.5);
#2049=CYLINDRICAL_SURFACE('',#2299,19.3);
#2050=CYLINDRICAL_SURFACE('',#2304,19.3);
#2051=CYLINDRICAL_SURFACE('',#2309,19.3);
#2052=CYLINDRICAL_SURFACE('',#2311,19.3);
#2053=CYLINDRICAL_SURFACE('',#2317,16.4);
#2054=ADVANCED_FACE('',(#143),#2036,.F.);
#2055=ADVANCED_FACE('',(#144,#19,#20,#21),#40,.F.);
#2056=ADVANCED_FACE('',(#145),#41,.T.);
#2057=ADVANCED_FACE('',(#146),#42,.F.);
#2058=ADVANCED_FACE('',(#147),#43,.F.);
#2059=ADVANCED_FACE('',(#148),#44,.T.);
#2060=ADVANCED_FACE('',(#149),#45,.F.);
#2061=ADVANCED_FACE('',(#150),#46,.T.);
#2062=ADVANCED_FACE('',(#151),#47,.F.);
#2063=ADVANCED_FACE('',(#152),#48,.F.);
#2064=ADVANCED_FACE('',(#153),#49,.T.);
#2065=ADVANCED_FACE('',(#154),#50,.F.);
#2066=ADVANCED_FACE('',(#155),#51,.T.);
#2067=ADVANCED_FACE('',(#156),#52,.T.);
#2068=ADVANCED_FACE('',(#157),#53,.T.);
#2069=ADVANCED_FACE('',(#158),#54,.T.);
#2070=ADVANCED_FACE('',(#159),#55,.T.);
#2071=ADVANCED_FACE('',(#160),#56,.F.);
#2072=ADVANCED_FACE('',(#161),#57,.T.);
#2073=ADVANCED_FACE('',(#162),#58,.T.);
#2074=ADVANCED_FACE('',(#163),#59,.T.);
#2075=ADVANCED_FACE('',(#164),#60,.T.);
#2076=ADVANCED_FACE('',(#165),#61,.T.);
#2077=ADVANCED_FACE('',(#166),#62,.T.);
#2078=ADVANCED_FACE('',(#167),#63,.T.);
#2079=ADVANCED_FACE('',(#168),#64,.T.);
#2080=ADVANCED_FACE('',(#169),#65,.T.);
#2081=ADVANCED_FACE('',(#170),#2037,.F.);
#2082=ADVANCED_FACE('',(#171),#66,.F.);
#2083=ADVANCED_FACE('',(#172),#2038,.F.);
#2084=ADVANCED_FACE('',(#173),#67,.F.);
#2085=ADVANCED_FACE('',(#174),#2039,.F.);
#2086=ADVANCED_FACE('',(#175),#68,.F.);
#2087=ADVANCED_FACE('',(#176),#2040,.F.);
#2088=ADVANCED_FACE('',(#177),#69,.F.);
#2089=ADVANCED_FACE('',(#178),#70,.T.);
#2090=ADVANCED_FACE('',(#179),#71,.T.);
#2091=ADVANCED_FACE('',(#180,#22,#23,#24,#25),#72,.T.);
#2092=ADVANCED_FACE('',(#181),#73,.T.);
#2093=ADVANCED_FACE('',(#182),#74,.T.);
#2094=ADVANCED_FACE('',(#183),#75,.T.);
#2095=ADVANCED_FACE('',(#184),#76,.T.);
#2096=ADVANCED_FACE('',(#185,#26),#77,.T.);
#2097=ADVANCED_FACE('',(#186),#78,.T.);
#2098=ADVANCED_FACE('',(#187),#79,.T.);
#2099=ADVANCED_FACE('',(#188),#80,.T.);
#2100=ADVANCED_FACE('',(#189,#27),#81,.T.);
#2101=ADVANCED_FACE('',(#190),#82,.T.);
#2102=ADVANCED_FACE('',(#191),#2041,.F.);
#2103=ADVANCED_FACE('',(#192),#83,.F.);
#2104=ADVANCED_FACE('',(#193),#84,.T.);
#2105=ADVANCED_FACE('',(#194),#2042,.T.);
#2106=ADVANCED_FACE('',(#195),#85,.T.);
#2107=ADVANCED_FACE('',(#196),#2043,.T.);
#2108=ADVANCED_FACE('',(#197),#86,.T.);
#2109=ADVANCED_FACE('',(#198),#87,.T.);
#2110=ADVANCED_FACE('',(#199),#88,.T.);
#2111=ADVANCED_FACE('',(#200),#89,.T.);
#2112=ADVANCED_FACE('',(#201),#90,.T.);
#2113=ADVANCED_FACE('',(#202),#2044,.T.);
#2114=ADVANCED_FACE('',(#203),#91,.T.);
#2115=ADVANCED_FACE('',(#204),#92,.F.);
#2116=ADVANCED_FACE('',(#205),#2045,.F.);
#2117=ADVANCED_FACE('',(#206),#2046,.F.);
#2118=ADVANCED_FACE('',(#207,#28,#29,#30),#93,.F.);
#2119=ADVANCED_FACE('',(#208),#2047,.F.);
#2120=ADVANCED_FACE('',(#209),#2048,.T.);
#2121=ADVANCED_FACE('',(#210,#31),#94,.T.);
#2122=ADVANCED_FACE('',(#211,#32),#95,.F.);
#2123=ADVANCED_FACE('',(#212,#33),#96,.F.);
#2124=ADVANCED_FACE('',(#213,#34),#97,.F.);
#2125=ADVANCED_FACE('',(#214),#98,.F.);
#2126=ADVANCED_FACE('',(#215,#35),#99,.T.);
#2127=ADVANCED_FACE('',(#216),#100,.F.);
#2128=ADVANCED_FACE('',(#217),#101,.F.);
#2129=ADVANCED_FACE('',(#218),#102,.F.);
#2130=ADVANCED_FACE('',(#219),#103,.T.);
#2131=ADVANCED_FACE('',(#220),#2049,.T.);
#2132=ADVANCED_FACE('',(#221),#104,.F.);
#2133=ADVANCED_FACE('',(#222),#105,.F.);
#2134=ADVANCED_FACE('',(#223),#106,.F.);
#2135=ADVANCED_FACE('',(#224),#2050,.T.);
#2136=ADVANCED_FACE('',(#225),#107,.F.);
#2137=ADVANCED_FACE('',(#226),#108,.F.);
#2138=ADVANCED_FACE('',(#227),#109,.F.);
#2139=ADVANCED_FACE('',(#228),#2051,.T.);
#2140=ADVANCED_FACE('',(#229),#2052,.T.);
#2141=ADVANCED_FACE('',(#230),#110,.T.);
#2142=ADVANCED_FACE('',(#231),#111,.T.);
#2143=ADVANCED_FACE('',(#232),#112,.T.);
#2144=ADVANCED_FACE('',(#233),#2053,.F.);
#2145=ADVANCED_FACE('',(#234),#113,.T.);
#2146=ADVANCED_FACE('',(#235),#114,.T.);
#2147=ADVANCED_FACE('',(#236),#115,.T.);
#2148=ADVANCED_FACE('',(#237,#36,#37),#116,.T.);
#2149=ADVANCED_FACE('',(#238),#117,.F.);
#2150=ADVANCED_FACE('',(#239),#118,.T.);
#2151=ADVANCED_FACE('',(#240),#119,.T.);
#2152=ADVANCED_FACE('',(#241),#120,.F.);
#2153=ADVANCED_FACE('',(#242),#121,.F.);
#2154=ADVANCED_FACE('',(#243),#122,.T.);
#2155=ADVANCED_FACE('',(#244),#123,.F.);
#2156=ADVANCED_FACE('',(#245),#124,.F.);
#2157=ADVANCED_FACE('',(#246),#125,.T.);
#2158=ADVANCED_FACE('',(#247),#126,.F.);
#2159=ADVANCED_FACE('',(#248),#127,.F.);
#2160=ADVANCED_FACE('',(#249),#128,.F.);
#2161=ADVANCED_FACE('',(#250,#38),#129,.F.);
#2162=ADVANCED_FACE('',(#251),#130,.T.);
#2163=ADVANCED_FACE('',(#252),#131,.F.);
#2164=ADVANCED_FACE('',(#253),#132,.F.);
#2165=ADVANCED_FACE('',(#254),#133,.F.);
#2166=ADVANCED_FACE('',(#255),#134,.T.);
#2167=ADVANCED_FACE('',(#256),#135,.F.);
#2168=ADVANCED_FACE('',(#257),#136,.F.);
#2169=ADVANCED_FACE('',(#258),#137,.F.);
#2170=ADVANCED_FACE('',(#259),#138,.T.);
#2171=ADVANCED_FACE('',(#260,#39),#139,.F.);
#2172=ADVANCED_FACE('',(#261),#140,.F.);
#2173=ADVANCED_FACE('',(#262),#141,.F.);
#2174=ADVANCED_FACE('',(#263),#142,.F.);
#2175=CLOSED_SHELL('',(#2054,#2055,#2056,#2057,#2058,#2059,#2060,#2061,
#2062,#2063,#2064,#2065,#2066,#2067,#2068,#2069,#2070,#2071,#2072,#2073,
#2074,#2075,#2076,#2077,#2078,#2079,#2080,#2081,#2082,#2083,#2084,#2085,
#2086,#2087,#2088,#2089,#2090,#2091,#2092,#2093,#2094,#2095,#2096,#2097,
#2098,#2099,#2100,#2101,#2102,#2103,#2104,#2105,#2106,#2107,#2108,#2109,
#2110,#2111,#2112,#2113,#2114,#2115,#2116,#2117,#2118,#2119,#2120,#2121,
#2122,#2123,#2124,#2125,#2126));
#2176=CLOSED_SHELL('',(#2127,#2128,#2129,#2130,#2131,#2132,#2133,#2134,
#2135,#2136,#2137,#2138,#2139,#2140,#2141,#2142,#2143,#2144));
#2177=CLOSED_SHELL('',(#2145,#2146,#2147,#2148,#2149,#2150,#2151,#2152,
#2153,#2154,#2155,#2156,#2157,#2158,#2159,#2160,#2161,#2162,#2163,#2164,
#2165,#2166,#2167,#2168,#2169,#2170,#2171,#2172,#2173,#2174));
#2178=DERIVED_UNIT_ELEMENT(#2180,1.);
#2179=DERIVED_UNIT_ELEMENT(#3539,-3.);
#2180=(
MASS_UNIT()
NAMED_UNIT(*)
SI_UNIT(.KILO.,.GRAM.)
);
#2181=DERIVED_UNIT((#2178,#2179));
#2182=MEASURE_REPRESENTATION_ITEM('density measure',
POSITIVE_RATIO_MEASURE(7850.),#2181);
#2183=PROPERTY_DEFINITION_REPRESENTATION(#2188,#2185);
#2184=PROPERTY_DEFINITION_REPRESENTATION(#2189,#2186);
#2185=REPRESENTATION('material name',(#2187),#3536);
#2186=REPRESENTATION('density',(#2182),#3536);
#2187=DESCRIPTIVE_REPRESENTATION_ITEM('Stahl','Stahl');
#2188=PROPERTY_DEFINITION('material property','material name',#3546);
#2189=PROPERTY_DEFINITION('material property','density of part',#3546);
#2190=AXIS2_PLACEMENT_3D('',#2922,#2348,#2349);
#2191=AXIS2_PLACEMENT_3D('',#2923,#2350,#2351);
#2192=AXIS2_PLACEMENT_3D('',#2928,#2353,#2354);
#2193=AXIS2_PLACEMENT_3D('',#2931,#2356,#2357);
#2194=AXIS2_PLACEMENT_3D('',#2932,#2358,#2359);
#2195=AXIS2_PLACEMENT_3D('',#2970,#2379,#2380);
#2196=AXIS2_PLACEMENT_3D('',#2976,#2384,#2385);
#2197=AXIS2_PLACEMENT_3D('',#2982,#2389,#2390);
#2198=AXIS2_PLACEMENT_3D('',#2984,#2392,#2393);
#2199=AXIS2_PLACEMENT_3D('',#2986,#2395,#2396);
#2200=AXIS2_PLACEMENT_3D('',#2987,#2397,#2398);
#2201=AXIS2_PLACEMENT_3D('',#2993,#2402,#2403);
#2202=AXIS2_PLACEMENT_3D('',#2999,#2407,#2408);
#2203=AXIS2_PLACEMENT_3D('',#3001,#2410,#2411);
#2204=AXIS2_PLACEMENT_3D('',#3003,#2413,#2414);
#2205=AXIS2_PLACEMENT_3D('',#3004,#2415,#2416);
#2206=AXIS2_PLACEMENT_3D('',#3010,#2420,#2421);
#2207=AXIS2_PLACEMENT_3D('',#3014,#2424,#2425);
#2208=AXIS2_PLACEMENT_3D('',#3018,#2428,#2429);
#2209=AXIS2_PLACEMENT_3D('',#3020,#2431,#2432);
#2210=AXIS2_PLACEMENT_3D('',#3021,#2433,#2434);
#2211=AXIS2_PLACEMENT_3D('',#3030,#2439,#2440);
#2212=AXIS2_PLACEMENT_3D('',#3036,#2444,#2445);
#2213=AXIS2_PLACEMENT_3D('',#3040,#2448,#2449);
#2214=AXIS2_PLACEMENT_3D('',#3044,#2452,#2453);
#2215=AXIS2_PLACEMENT_3D('',#3046,#2455,#2456);
#2216=AXIS2_PLACEMENT_3D('',#3055,#2461,#2462);
#2217=AXIS2_PLACEMENT_3D('',#3061,#2466,#2467);
#2218=AXIS2_PLACEMENT_3D('',#3065,#2470,#2471);
#2219=AXIS2_PLACEMENT_3D('',#3069,#2474,#2475);
#2220=AXIS2_PLACEMENT_3D('',#3071,#2477,#2478);
#2221=AXIS2_PLACEMENT_3D('',#3073,#2479,#2480);
#2222=AXIS2_PLACEMENT_3D('',#3076,#2482,#2483);
#2223=AXIS2_PLACEMENT_3D('',#3077,#2484,#2485);
#2224=AXIS2_PLACEMENT_3D('',#3078,#2486,#2487);
#2225=AXIS2_PLACEMENT_3D('',#3080,#2488,#2489);
#2226=AXIS2_PLACEMENT_3D('',#3083,#2491,#2492);
#2227=AXIS2_PLACEMENT_3D('',#3084,#2493,#2494);
#2228=AXIS2_PLACEMENT_3D('',#3085,#2495,#2496);
#2229=AXIS2_PLACEMENT_3D('',#3087,#2497,#2498);
#2230=AXIS2_PLACEMENT_3D('',#3090,#2500,#2501);
#2231=AXIS2_PLACEMENT_3D('',#3091,#2502,#2503);
#2232=AXIS2_PLACEMENT_3D('',#3092,#2504,#2505);
#2233=AXIS2_PLACEMENT_3D('',#3094,#2506,#2507);
#2234=AXIS2_PLACEMENT_3D('',#3097,#2509,#2510);
#2235=AXIS2_PLACEMENT_3D('',#3098,#2511,#2512);
#2236=AXIS2_PLACEMENT_3D('',#3099,#2513,#2514);
#2237=AXIS2_PLACEMENT_3D('',#3112,#2521,#2522);
#2238=AXIS2_PLACEMENT_3D('',#3122,#2528,#2529);
#2239=AXIS2_PLACEMENT_3D('',#3126,#2532,#2533);
#2240=AXIS2_PLACEMENT_3D('',#3134,#2538,#2539);
#2241=AXIS2_PLACEMENT_3D('',#3140,#2543,#2544);
#2242=AXIS2_PLACEMENT_3D('',#3146,#2548,#2549);
#2243=AXIS2_PLACEMENT_3D('',#3150,#2552,#2553);
#2244=AXIS2_PLACEMENT_3D('',#3155,#2556,#2557);
#2245=AXIS2_PLACEMENT_3D('',#3156,#2558,#2559);
#2246=AXIS2_PLACEMENT_3D('',#3160,#2562,#2563);
#2247=AXIS2_PLACEMENT_3D('',#3164,#2566,#2567);
#2248=AXIS2_PLACEMENT_3D('',#3168,#2570,#2571);
#2249=AXIS2_PLACEMENT_3D('',#3180,#2578,#2579);
#2250=AXIS2_PLACEMENT_3D('',#3182,#2581,#2582);
#2251=AXIS2_PLACEMENT_3D('',#3184,#2583,#2584);
#2252=AXIS2_PLACEMENT_3D('',#3187,#2586,#2587);
#2253=AXIS2_PLACEMENT_3D('',#3188,#2588,#2589);
#2254=AXIS2_PLACEMENT_3D('',#3191,#2592,#2593);
#2255=AXIS2_PLACEMENT_3D('',#3193,#2594,#2595);
#2256=AXIS2_PLACEMENT_3D('',#3194,#2596,#2597);
#2257=AXIS2_PLACEMENT_3D('',#3197,#2599,#2600);
#2258=AXIS2_PLACEMENT_3D('',#3198,#2601,#2602);
#2259=AXIS2_PLACEMENT_3D('',#3200,#2603,#2604);
#2260=AXIS2_PLACEMENT_3D('',#3201,#2605,#2606);
#2261=AXIS2_PLACEMENT_3D('',#3204,#2608,#2609);
#2262=AXIS2_PLACEMENT_3D('',#3205,#2610,#2611);
#2263=AXIS2_PLACEMENT_3D('',#3222,#2620,#2621);
#2264=AXIS2_PLACEMENT_3D('',#3231,#2626,#2627);
#2265=AXIS2_PLACEMENT_3D('',#3237,#2631,#2632);
#2266=AXIS2_PLACEMENT_3D('',#3243,#2636,#2637);
#2267=AXIS2_PLACEMENT_3D('',#3254,#2644,#2645);
#2268=AXIS2_PLACEMENT_3D('',#3255,#2646,#2647);
#2269=AXIS2_PLACEMENT_3D('',#3256,#2648,#2649);
#2270=AXIS2_PLACEMENT_3D('',#3257,#2650,#2651);
#2271=AXIS2_PLACEMENT_3D('',#3258,#2652,#2653);
#2272=AXIS2_PLACEMENT_3D('',#3259,#2654,#2655);
#2273=AXIS2_PLACEMENT_3D('',#3260,#2656,#2657);
#2274=AXIS2_PLACEMENT_3D('',#3261,#2658,#2659);
#2275=AXIS2_PLACEMENT_3D('',#3262,#2660,#2661);
#2276=AXIS2_PLACEMENT_3D('',#3263,#2662,#2663);
#2277=AXIS2_PLACEMENT_3D('',#3264,#2664,#2665);
#2278=AXIS2_PLACEMENT_3D('',#3265,#2666,#2667);
#2279=AXIS2_PLACEMENT_3D('',#3267,#2668,#2669);
#2280=AXIS2_PLACEMENT_3D('',#3268,#2670,#2671);
#2281=AXIS2_PLACEMENT_3D('',#3270,#2672,#2673);
#2282=AXIS2_PLACEMENT_3D('',#3272,#2675,#2676);
#2283=AXIS2_PLACEMENT_3D('',#3275,#2678,#2679);
#2284=AXIS2_PLACEMENT_3D('',#3276,#2680,#2681);
#2285=AXIS2_PLACEMENT_3D('',#3277,#2682,#2683);
#2286=AXIS2_PLACEMENT_3D('',#3280,#2686,#2687);
#2287=AXIS2_PLACEMENT_3D('',#3282,#2689,#2690);
#2288=AXIS2_PLACEMENT_3D('',#3284,#2692,#2693);
#2289=AXIS2_PLACEMENT_3D('',#3285,#2694,#2695);
#2290=AXIS2_PLACEMENT_3D('',#3286,#2696,#2697);
#2291=AXIS2_PLACEMENT_3D('',#3295,#2702,#2703);
#2292=AXIS2_PLACEMENT_3D('',#3304,#2708,#2709);
#2293=AXIS2_PLACEMENT_3D('',#3307,#2712,#2713);
#2294=AXIS2_PLACEMENT_3D('',#3309,#2714,#2715);
#2295=AXIS2_PLACEMENT_3D('',#3317,#2719,#2720);
#2296=AXIS2_PLACEMENT_3D('',#3325,#2724,#2725);
#2297=AXIS2_PLACEMENT_3D('',#3329,#2727,#2728);
#2298=AXIS2_PLACEMENT_3D('',#3332,#2730,#2731);
#2299=AXIS2_PLACEMENT_3D('',#3333,#2732,#2733);
#2300=AXIS2_PLACEMENT_3D('',#3335,#2734,#2735);
#2301=AXIS2_PLACEMENT_3D('',#3337,#2737,#2738);
#2302=AXIS2_PLACEMENT_3D('',#3343,#2742,#2743);
#2303=AXIS2_PLACEMENT_3D('',#3349,#2747,#2748);
#2304=AXIS2_PLACEMENT_3D('',#3351,#2750,#2751);
#2305=AXIS2_PLACEMENT_3D('',#3353,#2752,#2753);
#2306=AXIS2_PLACEMENT_3D('',#3355,#2755,#2756);
#2307=AXIS2_PLACEMENT_3D('',#3359,#2759,#2760);
#2308=AXIS2_PLACEMENT_3D('',#3365,#2764,#2765);
#2309=AXIS2_PLACEMENT_3D('',#3367,#2767,#2768);
#2310=AXIS2_PLACEMENT_3D('',#3370,#2770,#2771);
#2311=AXIS2_PLACEMENT_3D('',#3371,#2772,#2773);
#2312=AXIS2_PLACEMENT_3D('',#3372,#2774,#2775);
#2313=AXIS2_PLACEMENT_3D('',#3373,#2776,#2777);
#2314=AXIS2_PLACEMENT_3D('',#3377,#2780,#2781);
#2315=AXIS2_PLACEMENT_3D('',#3381,#2784,#2785);
#2316=AXIS2_PLACEMENT_3D('',#3382,#2786,#2787);
#2317=AXIS2_PLACEMENT_3D('',#3383,#2788,#2789);
#2318=AXIS2_PLACEMENT_3D('',#3384,#2790,#2791);
#2319=AXIS2_PLACEMENT_3D('',#3393,#2796,#2797);
#2320=AXIS2_PLACEMENT_3D('',#3402,#2802,#2803);
#2321=AXIS2_PLACEMENT_3D('',#3411,#2808,#2809);
#2322=AXIS2_PLACEMENT_3D('',#3435,#2823,#2824);
#2323=AXIS2_PLACEMENT_3D('',#3439,#2827,#2828);
#2324=AXIS2_PLACEMENT_3D('',#3443,#2831,#2832);
#2325=AXIS2_PLACEMENT_3D('',#3449,#2836,#2837);
#2326=AXIS2_PLACEMENT_3D('',#3456,#2842,#2843);
#2327=AXIS2_PLACEMENT_3D('',#3458,#2845,#2846);
#2328=AXIS2_PLACEMENT_3D('',#3460,#2848,#2849);
#2329=AXIS2_PLACEMENT_3D('',#3469,#2854,#2855);
#2330=AXIS2_PLACEMENT_3D('',#3475,#2859,#2860);
#2331=AXIS2_PLACEMENT_3D('',#3481,#2864,#2865);
#2332=AXIS2_PLACEMENT_3D('',#3483,#2867,#2868);
#2333=AXIS2_PLACEMENT_3D('',#3485,#2870,#2871);
#2334=AXIS2_PLACEMENT_3D('',#3489,#2874,#2875);
#2335=AXIS2_PLACEMENT_3D('',#3493,#2878,#2879);
#2336=AXIS2_PLACEMENT_3D('',#3495,#2881,#2882);
#2337=AXIS2_PLACEMENT_3D('',#3496,#2883,#2884);
#2338=AXIS2_PLACEMENT_3D('',#3505,#2889,#2890);
#2339=AXIS2_PLACEMENT_3D('',#3511,#2894,#2895);
#2340=AXIS2_PLACEMENT_3D('',#3517,#2899,#2900);
#2341=AXIS2_PLACEMENT_3D('',#3520,#2903,#2904);
#2342=AXIS2_PLACEMENT_3D('',#3521,#2905,#2906);
#2343=AXIS2_PLACEMENT_3D('',#3525,#2909,#2910);
#2344=AXIS2_PLACEMENT_3D('',#3529,#2913,#2914);
#2345=AXIS2_PLACEMENT_3D('',#3531,#2916,#2917);
#2346=AXIS2_PLACEMENT_3D('',#3532,#2918,#2919);
#2347=AXIS2_PLACEMENT_3D('',#3533,#2920,#2921);
#2348=DIRECTION('axis',(0.,0.,1.));
#2349=DIRECTION('refdir',(1.,0.,0.));
#2350=DIRECTION('center_axis',(-0.258819045102521,0.,0.965925826289068));
#2351=DIRECTION('ref_axis',(0.965925826289068,0.,0.258819045102521));
#2352=DIRECTION('',(-0.258819045102521,0.,0.965925826289068));
#2353=DIRECTION('center_axis',(0.258819045102521,0.,-0.965925826289068));
#2354=DIRECTION('ref_axis',(0.965925826289068,0.,0.258819045102521));
#2355=DIRECTION('',(0.258819045102521,0.,-0.965925826289068));
#2356=DIRECTION('center_axis',(-0.258819045102521,0.,0.965925826289068));
#2357=DIRECTION('ref_axis',(0.965925826289069,0.,0.258819045102518));
#2358=DIRECTION('center_axis',(0.965925826289068,-1.22464679914735E-16,
0.258819045102521));
#2359=DIRECTION('ref_axis',(-0.258819045102521,1.30845690382957E-33,0.965925826289068));
#2360=DIRECTION('',(0.258819045102521,0.,-0.965925826289068));
#2361=DIRECTION('',(-1.18291797137867E-16,-1.,-3.16961915143176E-17));
#2362=DIRECTION('',(-1.18291797137867E-16,-1.,-3.16961915143176E-17));
#2363=DIRECTION('',(0.258819045102521,0.,-0.965925826289068));
#2364=DIRECTION('',(-1.18291797137867E-16,-1.,-3.16961915143176E-17));
#2365=DIRECTION('',(-0.258819045102521,0.,0.965925826289068));
#2366=DIRECTION('',(-1.18291797137867E-16,-1.,-3.16961915143176E-17));
#2367=DIRECTION('',(0.258819045102521,0.,-0.965925826289068));
#2368=DIRECTION('',(1.18291797137867E-16,1.,3.16961915143176E-17));
#2369=DIRECTION('',(-0.258819045102521,0.,0.965925826289068));
#2370=DIRECTION('',(-1.18291797137867E-16,-1.,-3.16961915143176E-17));
#2371=DIRECTION('',(1.18291797137867E-16,1.,3.16961915143176E-17));
#2372=DIRECTION('',(-0.258819045102521,0.,0.965925826289068));
#2373=DIRECTION('',(-1.18291797137867E-16,-1.,-3.16961915143176E-17));
#2374=DIRECTION('',(0.258819045102521,0.,-0.965925826289068));
#2375=DIRECTION('',(1.18291797137867E-16,1.,3.16961915143176E-17));
#2376=DIRECTION('',(-0.258819045102521,0.,0.965925826289068));
#2377=DIRECTION('',(-1.18291797137867E-16,-1.,-3.16961915143176E-17));
#2378=DIRECTION('',(0.258819045102521,0.,-0.965925826289068));
#2379=DIRECTION('center_axis',(0.,-1.,0.));
#2380=DIRECTION('ref_axis',(0.,0.,-1.));
#2381=DIRECTION('',(0.965925826289068,0.,0.258819045102521));
#2382=DIRECTION('',(-0.965925826289068,0.,-0.258819045102521));
#2383=DIRECTION('',(0.258819045102521,0.,-0.965925826289068));
#2384=DIRECTION('center_axis',(0.,-1.,0.));
#2385=DIRECTION('ref_axis',(0.,0.,-1.));
#2386=DIRECTION('',(-0.965925826289068,0.,-0.258819045102521));
#2387=DIRECTION('',(0.965925826289068,0.,0.258819045102521));
#2388=DIRECTION('',(0.258819045102521,0.,-0.965925826289068));
#2389=DIRECTION('center_axis',(0.258819045102521,0.,-0.965925826289068));
#2390=DIRECTION('ref_axis',(-0.965925826289068,0.,-0.258819045102521));
#2391=DIRECTION('',(0.,1.,0.));
#2392=DIRECTION('center_axis',(-0.965925826289068,0.,-0.258819045102521));
#2393=DIRECTION('ref_axis',(-0.258819045102521,0.,0.965925826289068));
#2394=DIRECTION('',(0.,-1.,0.));
#2395=DIRECTION('center_axis',(-0.258819045102521,0.,0.965925826289068));
#2396=DIRECTION('ref_axis',(0.965925826289068,0.,0.258819045102521));
#2397=DIRECTION('center_axis',(0.,1.,0.));
#2398=DIRECTION('ref_axis',(0.,0.,1.));
#2399=DIRECTION('',(0.965925826289068,0.,0.258819045102521));
#2400=DIRECTION('',(-0.965925826289068,0.,-0.258819045102521));
#2401=DIRECTION('',(-0.258819045102521,0.,0.965925826289068));
#2402=DIRECTION('center_axis',(0.,1.,0.));
#2403=DIRECTION('ref_axis',(0.,0.,1.));
#2404=DIRECTION('',(-0.965925826289068,0.,-0.258819045102521));
#2405=DIRECTION('',(0.965925826289068,0.,0.258819045102521));
#2406=DIRECTION('',(-0.258819045102521,0.,0.965925826289068));
#2407=DIRECTION('center_axis',(-0.258819045102521,0.,0.965925826289068));
#2408=DIRECTION('ref_axis',(0.965925826289068,0.,0.258819045102521));
#2409=DIRECTION('',(0.,-1.,0.));
#2410=DIRECTION('center_axis',(-0.965925826289068,0.,-0.258819045102521));
#2411=DIRECTION('ref_axis',(-0.258819045102521,0.,0.965925826289068));
#2412=DIRECTION('',(0.,1.,0.));
#2413=DIRECTION('center_axis',(0.258819045102521,0.,-0.965925826289068));
#2414=DIRECTION('ref_axis',(-0.965925826289068,0.,-0.258819045102521));
#2415=DIRECTION('center_axis',(0.,-1.,0.));
#2416=DIRECTION('ref_axis',(-0.258819045102521,0.,0.965925826289068));
#2417=DIRECTION('',(-0.965925826289067,0.,-0.258819045102526));
#2418=DIRECTION('',(-0.258819045102521,0.,0.965925826289068));
#2419=DIRECTION('',(-0.965925826289067,0.,-0.258819045102526));
#2420=DIRECTION('center_axis',(-0.258819045102526,0.,0.965925826289067));
#2421=DIRECTION('ref_axis',(0.,1.,0.));
#2422=DIRECTION('',(-0.965925826289067,0.,-0.258819045102526));
#2423=DIRECTION('',(0.,1.,0.));
#2424=DIRECTION('center_axis',(0.258819045102526,0.,-0.965925826289067));
#2425=DIRECTION('ref_axis',(0.,-1.,0.));
#2426=DIRECTION('',(0.,-1.,0.));
#2427=DIRECTION('',(-0.965925826289067,0.,-0.258819045102526));
#2428=DIRECTION('center_axis',(0.,1.,0.));
#2429=DIRECTION('ref_axis',(0.258819045102521,0.,-0.965925826289068));
#2430=DIRECTION('',(0.258819045102521,0.,-0.965925826289068));
#2431=DIRECTION('center_axis',(-0.965925826289067,0.,-0.258819045102526));
#2432=DIRECTION('ref_axis',(-0.258819045102526,0.,0.965925826289067));
#2433=DIRECTION('center_axis',(0.,-1.,0.));
#2434=DIRECTION('ref_axis',(0.450211385343893,0.,0.892922005836306));
#2435=DIRECTION('',(-0.892922005836306,0.,0.450211385343893));
#2436=DIRECTION('',(0.450211385343893,0.,0.892922005836306));
#2437=DIRECTION('',(0.892922005836306,0.,-0.450211385343893));
#2438=DIRECTION('',(-0.450211385343893,0.,-0.892922005836306));
#2439=DIRECTION('center_axis',(-0.892922005836306,0.,0.450211385343893));
#2440=DIRECTION('ref_axis',(0.,-1.,0.));
#2441=DIRECTION('',(0.,1.,0.));
#2442=DIRECTION('',(0.,1.,0.));
#2443=DIRECTION('',(0.450211385343893,-8.15585407685941E-17,0.892922005836306));
#2444=DIRECTION('center_axis',(0.450211385343893,0.,0.892922005836306));
#2445=DIRECTION('ref_axis',(0.,1.,0.));
#2446=DIRECTION('',(0.,1.,0.));
#2447=DIRECTION('',(0.892922005836306,-9.13553624825393E-17,-0.450211385343893));
#2448=DIRECTION('center_axis',(0.892922005836306,0.,-0.450211385343893));
#2449=DIRECTION('ref_axis',(0.,1.,0.));
#2450=DIRECTION('',(0.,1.,0.));
#2451=DIRECTION('',(-0.450211385343893,8.15585407685941E-17,-0.892922005836306));
#2452=DIRECTION('center_axis',(-0.450211385343893,0.,-0.892922005836306));
#2453=DIRECTION('ref_axis',(0.,-1.,0.));
#2454=DIRECTION('',(-0.892922005836306,9.13553624825393E-17,0.450211385343893));
#2455=DIRECTION('center_axis',(0.,-1.,0.));
#2456=DIRECTION('ref_axis',(0.450211385343893,0.,0.892922005836306));
#2457=DIRECTION('',(0.892922005836306,0.,-0.450211385343893));
#2458=DIRECTION('',(0.450211385343893,0.,0.892922005836306));
#2459=DIRECTION('',(-0.892922005836306,0.,0.450211385343893));
#2460=DIRECTION('',(-0.450211385343893,0.,-0.892922005836306));
#2461=DIRECTION('center_axis',(-0.892922005836306,0.,0.450211385343893));
#2462=DIRECTION('ref_axis',(0.,-1.,0.));
#2463=DIRECTION('',(0.,1.,0.));
#2464=DIRECTION('',(-0.450211385343893,8.15585407685941E-17,-0.892922005836306));
#2465=DIRECTION('',(0.,1.,0.));
#2466=DIRECTION('center_axis',(0.450211385343893,0.,0.892922005836306));
#2467=DIRECTION('ref_axis',(0.,1.,0.));
#2468=DIRECTION('',(0.,1.,0.));
#2469=DIRECTION('',(-0.892922005836306,9.13553624825393E-17,0.450211385343893));
#2470=DIRECTION('center_axis',(0.892922005836306,0.,-0.450211385343893));
#2471=DIRECTION('ref_axis',(0.,1.,0.));
#2472=DIRECTION('',(0.,1.,0.));
#2473=DIRECTION('',(0.450211385343893,-8.15585407685941E-17,0.892922005836306));
#2474=DIRECTION('center_axis',(-0.450211385343893,0.,-0.892922005836306));
#2475=DIRECTION('ref_axis',(0.,-1.,0.));
#2476=DIRECTION('',(0.892922005836306,-9.13553624825393E-17,-0.450211385343893));
#2477=DIRECTION('center_axis',(-0.965925826289068,0.,-0.258819045102521));
#2478=DIRECTION('ref_axis',(-0.258819045102521,0.,0.965925826289068));
#2479=DIRECTION('center_axis',(-0.965925826289068,1.22464679914735E-16,
-0.258819045102521));
#2480=DIRECTION('ref_axis',(-0.258819045102521,1.30845690382957E-33,0.965925826289068));
#2481=DIRECTION('',(-0.965925826289068,0.,-0.258819045102521));
#2482=DIRECTION('center_axis',(-0.965925826289068,0.,-0.258819045102521));
#2483=DIRECTION('ref_axis',(-0.258819045102521,0.,0.965925826289068));
#2484=DIRECTION('center_axis',(-0.965925826289068,0.,-0.258819045102521));
#2485=DIRECTION('ref_axis',(-0.258819045102521,0.,0.965925826289068));
#2486=DIRECTION('center_axis',(-0.965925826289068,0.,-0.258819045102521));
#2487=DIRECTION('ref_axis',(-0.258819045102521,0.,0.965925826289068));
#2488=DIRECTION('center_axis',(-0.965925826289068,1.22464679914735E-16,
-0.258819045102521));
#2489=DIRECTION('ref_axis',(-0.258819045102521,1.30845690382957E-33,0.965925826289068));
#2490=DIRECTION('',(-0.965925826289068,0.,-0.258819045102521));
#2491=DIRECTION('center_axis',(-0.965925826289068,0.,-0.258819045102521));
#2492=DIRECTION('ref_axis',(-0.258819045102521,0.,0.965925826289068));
#2493=DIRECTION('center_axis',(-0.965925826289068,0.,-0.258819045102521));
#2494=DIRECTION('ref_axis',(-0.258819045102521,0.,0.965925826289068));
#2495=DIRECTION('center_axis',(-0.965925826289068,0.,-0.258819045102521));
#2496=DIRECTION('ref_axis',(-0.258819045102521,0.,0.965925826289068));
#2497=DIRECTION('center_axis',(-0.965925826289068,1.22464679914735E-16,
-0.258819045102521));
#2498=DIRECTION('ref_axis',(-0.258819045102521,1.30845690382957E-33,0.965925826289068));
#2499=DIRECTION('',(-0.965925826289068,0.,-0.258819045102521));
#2500=DIRECTION('center_axis',(-0.965925826289068,0.,-0.258819045102521));
#2501=DIRECTION('ref_axis',(-0.258819045102521,0.,0.965925826289068));
#2502=DIRECTION('center_axis',(-0.965925826289068,0.,-0.258819045102521));
#2503=DIRECTION('ref_axis',(-0.258819045102521,0.,0.965925826289068));
#2504=DIRECTION('center_axis',(-0.965925826289068,0.,-0.258819045102521));
#2505=DIRECTION('ref_axis',(-0.258819045102521,0.,0.965925826289068));
#2506=DIRECTION('center_axis',(-0.965925826289068,1.22464679914735E-16,
-0.258819045102521));
#2507=DIRECTION('ref_axis',(-0.258819045102521,1.30845690382957E-33,0.965925826289068));
#2508=DIRECTION('',(-0.965925826289068,0.,-0.258819045102521));
#2509=DIRECTION('center_axis',(-0.965925826289068,0.,-0.258819045102521));
#2510=DIRECTION('ref_axis',(-0.258819045102521,0.,0.965925826289068));
#2511=DIRECTION('center_axis',(-0.965925826289068,0.,-0.258819045102521));
#2512=DIRECTION('ref_axis',(-0.258819045102521,0.,0.965925826289068));
#2513=DIRECTION('center_axis',(0.500000000000001,-8.65956056235494E-17,
0.866025403784438));
#2514=DIRECTION('ref_axis',(0.866025403784438,-5.18463239801657E-33,-0.500000000000001));
#2515=DIRECTION('',(-0.707106781186547,-0.577350269189626,0.408248290463863));
#2516=DIRECTION('',(-1.18291797137867E-16,-1.,-3.16961915143176E-17));
#2517=DIRECTION('',(0.707106781186547,-0.577350269189626,-0.408248290463863));
#2518=DIRECTION('',(0.707106781186546,0.577350269189628,-0.408248290463863));
#2519=DIRECTION('',(1.18291797137867E-16,1.,3.16961915143176E-17));
#2520=DIRECTION('',(-0.707106781186548,0.577350269189625,0.408248290463864));
#2521=DIRECTION('center_axis',(0.683012701892219,0.707106781186548,0.183012701892219));
#2522=DIRECTION('ref_axis',(0.258819045102521,-3.11340312724544E-16,-0.965925826289068));
#2523=DIRECTION('',(0.258819045102521,0.,-0.965925826289068));
#2524=DIRECTION('',(-0.476905139543902,0.621514878291988,-0.62151487829199));
#2525=DIRECTION('',(-0.677661479394335,0.519987941853021,0.51998794185302));
#2526=DIRECTION('',(-0.258819045102521,0.,0.965925826289068));
#2527=DIRECTION('',(0.408248290463864,-0.577350269189625,0.707106781186547));
#2528=DIRECTION('center_axis',(0.965925826289068,-1.22464679914735E-16,
0.258819045102521));
#2529=DIRECTION('ref_axis',(-0.258819045102521,1.30845690382957E-33,0.965925826289068));
#2530=DIRECTION('',(-0.258819045102521,0.,0.965925826289068));
#2531=DIRECTION('',(-1.18291797137867E-16,-1.,-3.16961915143176E-17));
#2532=DIRECTION('center_axis',(0.683012701892221,-0.707106781186545,0.18301270189222));
#2533=DIRECTION('ref_axis',(0.258819045102521,5.49502234011E-18,-0.965925826289068));
#2534=DIRECTION('',(-0.408248290463861,-0.577350269189627,-0.707106781186548));
#2535=DIRECTION('',(0.258819045102521,0.,-0.965925826289068));
#2536=DIRECTION('',(0.677661479394333,0.519987941853023,-0.519987941853022));
#2537=DIRECTION('',(-0.4769051395439,-0.621514878291991,-0.621514878291988));
#2538=DIRECTION('center_axis',(1.18291797137867E-16,1.,3.16961915143176E-17));
#2539=DIRECTION('ref_axis',(-0.965925826289068,1.22464679914735E-16,-0.258819045102521));
#2540=DIRECTION('',(1.,-1.18291797137867E-16,-2.22044604925031E-16));
#2541=DIRECTION('',(0.450310084158298,-8.15686384840342E-17,0.892872235040012));
#2542=DIRECTION('',(-0.965925826289068,1.22464679914735E-16,-0.258819045102521));
#2543=DIRECTION('center_axis',(-5.55111512312578E-17,0.707106781186547,
-0.707106781186548));
#2544=DIRECTION('ref_axis',(-1.,2.38105195634908E-18,8.08856748905377E-17));
#2545=DIRECTION('',(0.476905139543901,0.62151487829199,0.621514878291989));
#2546=DIRECTION('',(-1.,1.18291797137867E-16,2.22044604925031E-16));
#2547=DIRECTION('',(0.335900732624783,0.666022033352552,0.666022033352551));
#2548=DIRECTION('center_axis',(0.793353340291236,-7.45517735479899E-17,
-0.60876142900872));
#2549=DIRECTION('ref_axis',(-0.60876142900872,-2.93396392092133E-34,-0.793353340291236));
#2550=DIRECTION('',(-0.476905139543901,0.62151487829199,-0.621514878291989));
#2551=DIRECTION('',(1.18291797137867E-16,1.,3.16961915143176E-17));
#2552=DIRECTION('center_axis',(-2.22044604925031E-16,3.16961915143177E-17,
-1.));
#2553=DIRECTION('ref_axis',(1.,-1.18291797137867E-16,-2.22044604925031E-16));
#2554=DIRECTION('',(1.,-1.18291797137867E-16,-2.22044604925031E-16));
#2555=DIRECTION('',(-1.18291797137867E-16,-1.,-3.16961915143176E-17));
#2556=DIRECTION('center_axis',(2.22044604925031E-16,-3.16961915143177E-17,
1.));
#2557=DIRECTION('ref_axis',(-1.,-1.71657763961574E-34,2.22044604925031E-16));
#2558=DIRECTION('center_axis',(-1.94289029309402E-16,-0.707106781186547,
-0.707106781186548));
#2559=DIRECTION('ref_axis',(-1.,-1.52725757511291E-17,2.90038756020789E-16));
#2560=DIRECTION('',(-1.,1.18291797137867E-16,2.22044604925031E-16));
#2561=DIRECTION('',(-0.335900732624783,0.666022033352552,-0.666022033352551));
#2562=DIRECTION('center_axis',(-1.18291797137867E-16,-1.,-3.16961915143176E-17));
#2563=DIRECTION('ref_axis',(0.965925826289068,-1.22464679914735E-16,0.258819045102521));
#2564=DIRECTION('',(0.965925826289068,-1.22464679914735E-16,0.258819045102521));
#2565=DIRECTION('',(-0.450310084158298,8.15686384840342E-17,-0.892872235040012));
#2566=DIRECTION('center_axis',(-0.183012701892219,-0.707106781186548,0.683012701892219));
#2567=DIRECTION('ref_axis',(0.965925826289068,3.08080515741117E-16,0.258819045102521));
#2568=DIRECTION('',(-0.965925826289068,1.22464679914735E-16,-0.258819045102521));
#2569=DIRECTION('',(-0.360957268055677,-0.597894349718531,-0.715703987143034));
#2570=DIRECTION('center_axis',(-0.892872235040012,9.13463466290771E-17,
0.450310084158298));
#2571=DIRECTION('ref_axis',(-0.450310084158298,8.15686384840342E-17,-0.892872235040012));
#2572=DIRECTION('',(-1.18291797137867E-16,-1.,-3.16961915143176E-17));
#2573=DIRECTION('',(0.360957268055677,-0.597894349718531,0.715703987143034));
#2574=DIRECTION('',(0.450310084158298,-8.15686384840342E-17,0.892872235040012));
#2575=DIRECTION('',(-1.18291797137867E-16,-1.,-3.16961915143176E-17));
#2576=DIRECTION('',(-0.450310084158298,8.15686384840342E-17,-0.892872235040012));
#2577=DIRECTION('',(1.18291797137867E-16,1.,3.16961915143176E-17));
#2578=DIRECTION('center_axis',(-0.183012701892219,0.707106781186548,0.683012701892219));
#2579=DIRECTION('ref_axis',(0.965925826289069,1.63764269724575E-16,0.25881904510252));
#2580=DIRECTION('',(0.965925826289068,-1.22464679914735E-16,0.258819045102521));
#2581=DIRECTION('center_axis',(-0.258819045102521,0.,0.965925826289068));
#2582=DIRECTION('ref_axis',(0.965925826289068,0.,0.258819045102521));
#2583=DIRECTION('center_axis',(-0.258819045102521,0.,0.965925826289068));
#2584=DIRECTION('ref_axis',(0.965925826289069,0.,0.258819045102518));
#2585=DIRECTION('',(-0.258819045102521,0.,0.965925826289068));
#2586=DIRECTION('center_axis',(0.258819045102521,0.,-0.965925826289068));
#2587=DIRECTION('ref_axis',(0.965925826289068,0.,0.258819045102521));
#2588=DIRECTION('center_axis',(-0.965925826289068,0.,-0.258819045102521));
#2589=DIRECTION('ref_axis',(-0.258819045102521,0.,0.965925826289068));
#2590=DIRECTION('',(0.,1.,0.));
#2591=DIRECTION('',(0.,-1.,0.));
#2592=DIRECTION('center_axis',(-5.8564264548977E-15,0.,1.));
#2593=DIRECTION('ref_axis',(-1.,0.,-5.8564264548977E-15));
#2594=DIRECTION('center_axis',(-5.8564264548977E-15,0.,1.));
#2595=DIRECTION('ref_axis',(-1.,0.,-5.8564264548977E-15));
#2596=DIRECTION('center_axis',(-6.10622663543836E-16,0.,1.));
#2597=DIRECTION('ref_axis',(-1.,0.,-6.10622663543836E-16));
#2598=DIRECTION('',(6.10622663543836E-16,0.,-1.));
#2599=DIRECTION('center_axis',(-2.74780198594726E-15,0.,-1.));
#2600=DIRECTION('ref_axis',(-1.,0.,2.74780198594726E-15));
#2601=DIRECTION('center_axis',(-5.8564264548977E-15,0.,1.));
#2602=DIRECTION('ref_axis',(-1.,0.,-5.8564264548977E-15));
#2603=DIRECTION('center_axis',(-5.8564264548977E-15,0.,1.));
#2604=DIRECTION('ref_axis',(-1.,0.,-5.8564264548977E-15));
#2605=DIRECTION('center_axis',(-6.10622663543836E-16,0.,1.));
#2606=DIRECTION('ref_axis',(-1.,0.,-6.10622663543836E-16));
#2607=DIRECTION('',(6.10622663543836E-16,0.,-1.));
#2608=DIRECTION('center_axis',(-2.74780198594726E-15,0.,-1.));
#2609=DIRECTION('ref_axis',(-1.,0.,2.74780198594726E-15));
#2610=DIRECTION('center_axis',(0.,1.,0.));
#2611=DIRECTION('ref_axis',(1.38777878078145E-16,0.,1.));
#2612=DIRECTION('',(-1.,0.,1.38777878078145E-16));
#2613=DIRECTION('',(1.38777878078145E-16,0.,1.));
#2614=DIRECTION('',(-1.,0.,1.38777878078145E-16));
#2615=DIRECTION('',(1.38777878078145E-16,0.,1.));
#2616=DIRECTION('',(-1.,0.,6.38378239159465E-16));
#2617=DIRECTION('',(-6.38378239159465E-16,0.,-1.));
#2618=DIRECTION('',(-1.,0.,1.38777878078145E-16));
#2619=DIRECTION('',(1.38777878078145E-16,0.,1.));
#2620=DIRECTION('center_axis',(1.,0.,-1.38777878078145E-16));
#2621=DIRECTION('ref_axis',(-1.38777878078145E-16,0.,-1.));
#2622=DIRECTION('',(2.77555756156289E-15,0.,1.));
#2623=DIRECTION('',(0.,1.,0.));
#2624=DIRECTION('',(1.38777878078145E-16,0.,1.));
#2625=DIRECTION('',(0.,1.,0.));
#2626=DIRECTION('center_axis',(1.,0.,-1.38777878078145E-16));
#2627=DIRECTION('ref_axis',(-1.38777878078145E-16,0.,-1.));
#2628=DIRECTION('',(0.,1.,0.));
#2629=DIRECTION('',(0.,1.,0.));
#2630=DIRECTION('',(-2.77555756156289E-15,0.,-1.));
#2631=DIRECTION('center_axis',(-1.,0.,1.38777878078145E-16));
#2632=DIRECTION('ref_axis',(1.38777878078145E-16,0.,1.));
#2633=DIRECTION('',(-6.16297582203915E-33,-1.,-3.16961915143176E-17));
#2634=DIRECTION('',(1.38777878078145E-16,0.,1.));
#2635=DIRECTION('',(0.,-1.,0.));
#2636=DIRECTION('center_axis',(0.,-1.,0.));
#2637=DIRECTION('ref_axis',(-1.38777878078145E-16,0.,-1.));
#2638=DIRECTION('',(1.,0.,-1.38777878078145E-16));
#2639=DIRECTION('',(-1.38777878078145E-16,0.,-1.));
#2640=DIRECTION('',(1.,0.,-1.38777878078145E-16));
#2641=DIRECTION('',(6.38378239159465E-16,0.,1.));
#2642=DIRECTION('',(1.,0.,-6.38378239159465E-16));
#2643=DIRECTION('',(1.,0.,-1.38777878078145E-16));
#2644=DIRECTION('center_axis',(1.38777878078145E-16,0.,1.));
#2645=DIRECTION('ref_axis',(-1.,0.,1.38777878078145E-16));
#2646=DIRECTION('center_axis',(1.38777878078145E-16,0.,1.));
#2647=DIRECTION('ref_axis',(-1.,0.,1.38777878078145E-16));
#2648=DIRECTION('center_axis',(-1.38777878078145E-16,3.16961915143176E-17,
-1.));
#2649=DIRECTION('ref_axis',(-1.,2.4675803569477E-33,1.38777878078145E-16));
#2650=DIRECTION('center_axis',(1.38777878078145E-16,0.,1.));
#2651=DIRECTION('ref_axis',(-1.,0.,1.38777878078145E-16));
#2652=DIRECTION('center_axis',(-1.38777878078145E-16,0.,-1.));
#2653=DIRECTION('ref_axis',(-1.,0.,1.38777878078145E-16));
#2654=DIRECTION('center_axis',(-6.38378239159465E-16,0.,-1.));
#2655=DIRECTION('ref_axis',(1.,0.,-6.38378239159465E-16));
#2656=DIRECTION('center_axis',(2.74780198594726E-15,0.,1.));
#2657=DIRECTION('ref_axis',(-1.,0.,2.74780198594726E-15));
#2658=DIRECTION('center_axis',(-6.38378239159465E-16,0.,-1.));
#2659=DIRECTION('ref_axis',(-1.,0.,6.38378239159465E-16));
#2660=DIRECTION('center_axis',(2.74780198594726E-15,0.,1.));
#2661=DIRECTION('ref_axis',(-1.,0.,2.74780198594726E-15));
#2662=DIRECTION('center_axis',(-2.74780198594726E-15,0.,-1.));
#2663=DIRECTION('ref_axis',(-1.,0.,2.74780198594726E-15));
#2664=DIRECTION('center_axis',(6.38378239159465E-16,0.,1.));
#2665=DIRECTION('ref_axis',(-1.,0.,6.38378239159465E-16));
#2666=DIRECTION('center_axis',(-2.74780198594726E-15,0.,-1.));
#2667=DIRECTION('ref_axis',(1.,0.,-2.74780198594726E-15));
#2668=DIRECTION('center_axis',(2.16493489801906E-15,0.,1.));
#2669=DIRECTION('ref_axis',(-1.,0.,2.16493489801906E-15));
#2670=DIRECTION('center_axis',(2.16493489801906E-15,0.,1.));
#2671=DIRECTION('ref_axis',(-1.,0.,2.16493489801906E-15));
#2672=DIRECTION('center_axis',(1.38777878078145E-16,0.,1.));
#2673=DIRECTION('ref_axis',(-1.,0.,1.38777878078145E-16));
#2674=DIRECTION('',(2.16493489801906E-15,0.,1.));
#2675=DIRECTION('center_axis',(1.38777878078145E-16,0.,1.));
#2676=DIRECTION('ref_axis',(-1.,0.,1.38777878078145E-16));
#2677=DIRECTION('',(-1.38777878078145E-16,0.,-1.));
#2678=DIRECTION('center_axis',(-1.38777878078145E-16,0.,-1.));
#2679=DIRECTION('ref_axis',(-1.,0.,1.38777878078145E-16));
#2680=DIRECTION('center_axis',(-1.38777878078145E-16,0.,-1.));
#2681=DIRECTION('ref_axis',(1.,0.,-1.38777878078145E-16));
#2682=DIRECTION('center_axis',(-1.18291797137867E-16,-1.,-3.16961915143176E-17));
#2683=DIRECTION('ref_axis',(0.965925826289068,-1.22464679914735E-16,0.258819045102521));
#2684=DIRECTION('',(-0.965925826289068,1.22464679914735E-16,-0.258819045102521));
#2685=DIRECTION('',(1.,-1.18291797137867E-16,-1.38777878078145E-16));
#2686=DIRECTION('center_axis',(-1.38777878078145E-16,3.16961915143176E-17,
-1.));
#2687=DIRECTION('ref_axis',(1.,-1.18291797137867E-16,-1.38777878078145E-16));
#2688=DIRECTION('',(-1.,1.18291797137867E-16,1.38777878078145E-16));
#2689=DIRECTION('center_axis',(1.18291797137867E-16,1.,3.16961915143176E-17));
#2690=DIRECTION('ref_axis',(-0.965925826289068,1.22464679914735E-16,-0.258819045102521));
#2691=DIRECTION('',(0.965925826289068,-1.22464679914735E-16,0.258819045102521));
#2692=DIRECTION('center_axis',(-0.258819045102521,0.,0.965925826289068));
#2693=DIRECTION('ref_axis',(-0.965925826289068,1.22464679914735E-16,-0.258819045102521));
#2694=DIRECTION('center_axis',(-0.258819045102521,0.,0.965925826289068));
#2695=DIRECTION('ref_axis',(-0.965925826289068,1.22464679914735E-16,-0.258819045102521));
#2696=DIRECTION('center_axis',(0.5,0.866025403784438,0.));
#2697=DIRECTION('ref_axis',(0.,0.,1.));
#2698=DIRECTION('',(0.,0.,1.));
#2699=DIRECTION('',(-0.866025403784438,0.5,0.));
#2700=DIRECTION('',(0.,0.,-1.));
#2701=DIRECTION('',(0.866025403784438,-0.5,0.));
#2702=DIRECTION('center_axis',(-0.5,-0.866025403784438,0.));
#2703=DIRECTION('ref_axis',(0.,0.,-1.));
#2704=DIRECTION('',(0.,0.,-1.));
#2705=DIRECTION('',(-0.866025403784438,0.5,0.));
#2706=DIRECTION('',(0.,0.,-1.));
#2707=DIRECTION('',(0.866025403784438,-0.5,0.));
#2708=DIRECTION('center_axis',(-0.866025403784438,0.5,0.));
#2709=DIRECTION('ref_axis',(0.,0.,1.));
#2710=DIRECTION('',(-0.5,-0.866025403784438,0.));
#2711=DIRECTION('',(0.5,0.866025403784438,0.));
#2712=DIRECTION('center_axis',(0.,0.,1.));
#2713=DIRECTION('ref_axis',(1.,0.,0.));
#2714=DIRECTION('center_axis',(0.,0.,1.));
#2715=DIRECTION('ref_axis',(1.,0.,0.));
#2716=DIRECTION('',(6.12323399573677E-17,1.,0.));
#2717=DIRECTION('',(-1.,6.12323399573677E-17,0.));
#2718=DIRECTION('',(-6.12323399573677E-17,-1.,0.));
#2719=DIRECTION('center_axis',(0.,0.,1.));
#2720=DIRECTION('ref_axis',(1.,0.,0.));
#2721=DIRECTION('',(-0.866025403784439,-0.5,0.));
#2722=DIRECTION('',(0.5,-0.866025403784439,0.));
#2723=DIRECTION('',(0.866025403784439,0.5,0.));
#2724=DIRECTION('center_axis',(0.,0.,1.));
#2725=DIRECTION('ref_axis',(1.,0.,0.));
#2726=DIRECTION('',(0.,1.,0.));
#2727=DIRECTION('center_axis',(0.,0.,-1.));
#2728=DIRECTION('ref_axis',(1.,0.,0.));
#2729=DIRECTION('',(0.,-1.,0.));
#2730=DIRECTION('center_axis',(0.,0.,1.));
#2731=DIRECTION('ref_axis',(1.,0.,0.));
#2732=DIRECTION('center_axis',(0.,0.,1.));
#2733=DIRECTION('ref_axis',(1.,0.,0.));
#2734=DIRECTION('center_axis',(0.,0.,-1.));
#2735=DIRECTION('ref_axis',(1.,0.,0.));
#2736=DIRECTION('',(0.,0.,1.));
#2737=DIRECTION('center_axis',(0.5,-0.866025403784439,0.));
#2738=DIRECTION('ref_axis',(0.,0.,1.));
#2739=DIRECTION('',(0.,0.,1.));
#2740=DIRECTION('',(0.866025403784439,0.5,0.));
#2741=DIRECTION('',(0.,0.,-1.));
#2742=DIRECTION('center_axis',(-0.5,0.866025403784439,0.));
#2743=DIRECTION('ref_axis',(0.,0.,-1.));
#2744=DIRECTION('',(0.,0.,-1.));
#2745=DIRECTION('',(0.,0.,-1.));
#2746=DIRECTION('',(-0.866025403784439,-0.5,0.));
#2747=DIRECTION('center_axis',(0.866025403784439,0.5,0.));
#2748=DIRECTION('ref_axis',(0.,0.,1.));
#2749=DIRECTION('',(-0.5,0.866025403784439,0.));
#2750=DIRECTION('center_axis',(0.,0.,1.));
#2751=DIRECTION('ref_axis',(1.,0.,0.));
#2752=DIRECTION('center_axis',(0.,0.,-1.));
#2753=DIRECTION('ref_axis',(1.,0.,0.));
#2754=DIRECTION('',(0.,0.,1.));
#2755=DIRECTION('center_axis',(-1.,6.12323399573677E-17,0.));
#2756=DIRECTION('ref_axis',(0.,0.,1.));
#2757=DIRECTION('',(-6.12323399573677E-17,-1.,0.));
#2758=DIRECTION('',(0.,0.,-1.));
#2759=DIRECTION('center_axis',(1.,-6.12323399573677E-17,0.));
#2760=DIRECTION('ref_axis',(0.,0.,-1.));
#2761=DIRECTION('',(0.,0.,-1.));
#2762=DIRECTION('',(0.,0.,-1.));
#2763=DIRECTION('',(6.12323399573677E-17,1.,0.));
#2764=DIRECTION('center_axis',(-6.12323399573677E-17,-1.,0.));
#2765=DIRECTION('ref_axis',(0.,0.,1.));
#2766=DIRECTION('',(1.,-6.12323399573677E-17,0.));
#2767=DIRECTION('center_axis',(0.,0.,1.));
#2768=DIRECTION('ref_axis',(1.,0.,0.));
#2769=DIRECTION('',(0.,0.,-1.));
#2770=DIRECTION('center_axis',(0.,0.,-1.));
#2771=DIRECTION('ref_axis',(1.,0.,0.));
#2772=DIRECTION('center_axis',(0.,0.,1.));
#2773=DIRECTION('ref_axis',(-0.866025403784439,0.499999999999999,0.));
#2774=DIRECTION('center_axis',(0.,0.,-1.));
#2775=DIRECTION('ref_axis',(1.,0.,0.));
#2776=DIRECTION('center_axis',(1.,0.,0.));
#2777=DIRECTION('ref_axis',(0.,0.,-1.));
#2778=DIRECTION('',(0.,-1.,0.));
#2779=DIRECTION('',(0.,0.,-1.));
#2780=DIRECTION('center_axis',(-1.,0.,0.));
#2781=DIRECTION('ref_axis',(0.,0.,1.));
#2782=DIRECTION('',(0.,0.,1.));
#2783=DIRECTION('',(0.,1.,0.));
#2784=DIRECTION('center_axis',(0.,0.,-1.));
#2785=DIRECTION('ref_axis',(-1.,0.,0.));
#2786=DIRECTION('center_axis',(0.,0.,1.));
#2787=DIRECTION('ref_axis',(1.,0.,0.));
#2788=DIRECTION('center_axis',(0.,0.,1.));
#2789=DIRECTION('ref_axis',(-1.83697019872103E-16,1.,0.));
#2790=DIRECTION('center_axis',(0.,1.,0.));
#2791=DIRECTION('ref_axis',(0.,0.,1.));
#2792=DIRECTION('',(1.,0.,0.));
#2793=DIRECTION('',(0.,0.,1.));
#2794=DIRECTION('',(1.,0.,0.));
#2795=DIRECTION('',(0.,0.,-1.));
#2796=DIRECTION('center_axis',(0.,-1.,0.));
#2797=DIRECTION('ref_axis',(0.,0.,-1.));
#2798=DIRECTION('',(-1.,0.,0.));
#2799=DIRECTION('',(0.,0.,1.));
#2800=DIRECTION('',(-1.,0.,0.));
#2801=DIRECTION('',(0.,0.,-1.));
#2802=DIRECTION('center_axis',(0.707106781186549,0.707106781186546,0.));
#2803=DIRECTION('ref_axis',(0.,0.,-1.));
#2804=DIRECTION('',(-0.707106781186546,0.707106781186549,0.));
#2805=DIRECTION('',(0.,0.,1.));
#2806=DIRECTION('',(0.707106781186546,-0.707106781186549,0.));
#2807=DIRECTION('',(0.,0.,-1.));
#2808=DIRECTION('center_axis',(0.,0.,1.));
#2809=DIRECTION('ref_axis',(1.,0.,0.));
#2810=DIRECTION('',(-1.,0.,0.));
#2811=DIRECTION('',(0.707106781186546,0.707106781186549,0.));
#2812=DIRECTION('',(0.,-1.,0.));
#2813=DIRECTION('',(-0.707106781186546,0.707106781186549,0.));
#2814=DIRECTION('',(1.,0.,0.));
#2815=DIRECTION('',(-0.707106781186546,-0.707106781186549,0.));
#2816=DIRECTION('',(0.,1.,0.));
#2817=DIRECTION('',(0.,1.,0.));
#2818=DIRECTION('',(-1.,0.,0.));
#2819=DIRECTION('',(0.,-1.,0.));
#2820=DIRECTION('',(0.,-1.,0.));
#2821=DIRECTION('',(1.,0.,0.));
#2822=DIRECTION('',(0.,1.,0.));
#2823=DIRECTION('center_axis',(0.,-1.,0.));
#2824=DIRECTION('ref_axis',(0.,0.,-1.));
#2825=DIRECTION('',(1.,0.,0.));
#2826=DIRECTION('',(0.,0.,-1.));
#2827=DIRECTION('center_axis',(-0.707106781186549,0.707106781186546,0.));
#2828=DIRECTION('ref_axis',(0.,0.,1.));
#2829=DIRECTION('',(-0.707106781186546,-0.707106781186549,0.));
#2830=DIRECTION('',(0.,0.,1.));
#2831=DIRECTION('center_axis',(0.707106781186549,-0.707106781186546,0.));
#2832=DIRECTION('ref_axis',(0.,0.,-1.));
#2833=DIRECTION('',(0.707106781186546,0.707106781186549,0.));
#2834=DIRECTION('',(0.,0.,1.));
#2835=DIRECTION('',(0.,0.,-1.));
#2836=DIRECTION('center_axis',(0.,0.,1.));
#2837=DIRECTION('ref_axis',(1.,0.,0.));
#2838=DIRECTION('',(0.,-1.,0.));
#2839=DIRECTION('',(-1.,0.,0.));
#2840=DIRECTION('',(0.707106781186546,-0.707106781186549,0.));
#2841=DIRECTION('',(0.,1.,0.));
#2842=DIRECTION('center_axis',(0.,1.,0.));
#2843=DIRECTION('ref_axis',(0.,0.,1.));
#2844=DIRECTION('',(0.,0.,1.));
#2845=DIRECTION('center_axis',(-0.707106781186549,-0.707106781186546,0.));
#2846=DIRECTION('ref_axis',(0.,0.,1.));
#2847=DIRECTION('',(0.,0.,-1.));
#2848=DIRECTION('center_axis',(1.,0.,0.));
#2849=DIRECTION('ref_axis',(0.,0.,-1.));
#2850=DIRECTION('',(0.,0.,1.));
#2851=DIRECTION('',(0.,-1.,0.));
#2852=DIRECTION('',(0.,0.,1.));
#2853=DIRECTION('',(0.,-1.,0.));
#2854=DIRECTION('center_axis',(0.,0.,1.));
#2855=DIRECTION('ref_axis',(1.,0.,0.));
#2856=DIRECTION('',(-1.,0.,0.));
#2857=DIRECTION('',(0.,1.,0.));
#2858=DIRECTION('',(-1.,0.,0.));
#2859=DIRECTION('center_axis',(0.,0.,1.));
#2860=DIRECTION('ref_axis',(1.,0.,0.));
#2861=DIRECTION('',(1.,0.,0.));
#2862=DIRECTION('',(1.,0.,0.));
#2863=DIRECTION('',(0.,1.,0.));
#2864=DIRECTION('center_axis',(0.,1.,0.));
#2865=DIRECTION('ref_axis',(0.,0.,1.));
#2866=DIRECTION('',(0.,0.,-1.));
#2867=DIRECTION('center_axis',(-1.,0.,0.));
#2868=DIRECTION('ref_axis',(0.,0.,1.));
#2869=DIRECTION('',(0.,0.,-1.));
#2870=DIRECTION('center_axis',(1.,0.,0.));
#2871=DIRECTION('ref_axis',(0.,0.,-1.));
#2872=DIRECTION('',(0.,0.,1.));
#2873=DIRECTION('',(0.,-1.,0.));
#2874=DIRECTION('center_axis',(0.,1.,0.));
#2875=DIRECTION('ref_axis',(0.,0.,1.));
#2876=DIRECTION('',(0.,0.,-1.));
#2877=DIRECTION('',(1.,0.,0.));
#2878=DIRECTION('center_axis',(0.,0.,1.));
#2879=DIRECTION('ref_axis',(1.,0.,0.));
#2880=DIRECTION('',(0.,1.,0.));
#2881=DIRECTION('center_axis',(-1.,0.,0.));
#2882=DIRECTION('ref_axis',(0.,0.,1.));
#2883=DIRECTION('center_axis',(-1.,0.,0.));
#2884=DIRECTION('ref_axis',(0.,0.,1.));
#2885=DIRECTION('',(0.,0.,1.));
#2886=DIRECTION('',(0.,1.,0.));
#2887=DIRECTION('',(0.,0.,1.));
#2888=DIRECTION('',(0.,1.,0.));
#2889=DIRECTION('center_axis',(0.,0.,1.));
#2890=DIRECTION('ref_axis',(1.,0.,0.));
#2891=DIRECTION('',(1.,0.,0.));
#2892=DIRECTION('',(0.,-1.,0.));
#2893=DIRECTION('',(1.,0.,0.));
#2894=DIRECTION('center_axis',(0.,0.,1.));
#2895=DIRECTION('ref_axis',(1.,0.,0.));
#2896=DIRECTION('',(-1.,0.,0.));
#2897=DIRECTION('',(-1.,0.,0.));
#2898=DIRECTION('',(0.,-1.,0.));
#2899=DIRECTION('center_axis',(1.,0.,0.));
#2900=DIRECTION('ref_axis',(0.,0.,-1.));
#2901=DIRECTION('',(0.,0.,-1.));
#2902=DIRECTION('',(0.,0.,-1.));
#2903=DIRECTION('center_axis',(0.,-1.,0.));
#2904=DIRECTION('ref_axis',(0.,0.,-1.));
#2905=DIRECTION('center_axis',(1.,0.,0.));
#2906=DIRECTION('ref_axis',(0.,0.,-1.));
#2907=DIRECTION('',(0.,-1.,0.));
#2908=DIRECTION('',(0.,0.,-1.));
#2909=DIRECTION('center_axis',(0.,0.,1.));
#2910=DIRECTION('ref_axis',(1.,0.,0.));
#2911=DIRECTION('',(0.,1.,0.));
#2912=DIRECTION('',(-1.,0.,0.));
#2913=DIRECTION('center_axis',(0.,-1.,0.));
#2914=DIRECTION('ref_axis',(0.,0.,-1.));
#2915=DIRECTION('',(0.,0.,1.));
#2916=DIRECTION('center_axis',(-1.,0.,0.));
#2917=DIRECTION('ref_axis',(0.,0.,1.));
#2918=DIRECTION('center_axis',(1.,0.,0.));
#2919=DIRECTION('ref_axis',(0.,0.,-1.));
#2920=DIRECTION('center_axis',(-1.,0.,0.));
#2921=DIRECTION('ref_axis',(0.,0.,1.));
#2922=CARTESIAN_POINT('',(0.,0.,0.));
#2923=CARTESIAN_POINT('Origin',(48.861452649438,28.5,54.1089527298715));
#2924=CARTESIAN_POINT('',(51.82486400815,30.6,53.8677202298695));
#2925=CARTESIAN_POINT('',(51.3848716314756,30.6000000000001,55.5097941345609));
#2926=CARTESIAN_POINT('',(51.5660449630474,30.6,54.8336460561586));
#2927=CARTESIAN_POINT('',(45.2995389258545,28.5,53.879234150415));
#2928=CARTESIAN_POINT('Origin',(48.6802793178663,28.5,54.7851008082739));
#2929=CARTESIAN_POINT('',(45.7395313025288,28.5,52.2371602457236));
#2930=CARTESIAN_POINT('',(45.4807122574263,28.5,53.2030860720127));
#2931=CARTESIAN_POINT('Origin',(49.1202716945406,28.5,53.1430269035825));
#2932=CARTESIAN_POINT('Origin',(65.8021619120469,26.,1.7037343));
#2933=CARTESIAN_POINT('',(51.3848716314756,21.3999999999999,55.5097941345609));
#2934=CARTESIAN_POINT('',(51.82486400815,21.4,53.8677202298695));
#2935=CARTESIAN_POINT('',(51.5660449630474,21.4,54.8336460561586));
#2936=CARTESIAN_POINT('',(51.3848716314756,26.,55.5097941345609));
#2937=CARTESIAN_POINT('',(51.82486400815,50.3,53.8677202298695));
#2938=CARTESIAN_POINT('',(51.82486400815,26.,53.8677202298695));
#2939=CARTESIAN_POINT('',(65.8021619120469,50.3,1.7037343));
#2940=CARTESIAN_POINT('',(65.8021619120469,50.3,1.7037343));
#2941=CARTESIAN_POINT('',(65.8021619120469,1.7,1.7037343));
#2942=CARTESIAN_POINT('',(65.8021619120469,26.,1.7037343));
#2943=CARTESIAN_POINT('',(51.82486400815,1.7,53.8677202298695));
#2944=CARTESIAN_POINT('',(65.8021619120469,1.7,1.7037343));
#2945=CARTESIAN_POINT('',(51.82486400815,26.,53.8677202298695));
#2946=CARTESIAN_POINT('',(57.7906429977631,18.,31.6031299339065));
#2947=CARTESIAN_POINT('',(58.1788715654168,18.,30.1542411944729));
#2948=CARTESIAN_POINT('',(61.8934595968184,18.,16.2912099320948));
#2949=CARTESIAN_POINT('',(58.1788715654168,34.,30.1542411944729));
#2950=CARTESIAN_POINT('',(58.1788715654168,26.,30.1542411944729));
#2951=CARTESIAN_POINT('',(57.7906429977631,34.,31.6031299339065));
#2952=CARTESIAN_POINT('',(61.8934595968184,34.,16.2912099320948));
#2953=CARTESIAN_POINT('',(57.7906429977631,26.,31.6031299339065));
#2954=CARTESIAN_POINT('',(57.3377096688336,36.15,33.2935001299124));
#2955=CARTESIAN_POINT('',(57.3377096688336,39.15,33.2935001299124));
#2956=CARTESIAN_POINT('',(57.3377096688337,31.075,33.2935001299124));
#2957=CARTESIAN_POINT('',(52.6789668569883,39.15,50.6801650031156));
#2958=CARTESIAN_POINT('',(60.4052500874789,39.15,21.845283433257));
#2959=CARTESIAN_POINT('',(52.6789668569883,36.15,50.6801650031156));
#2960=CARTESIAN_POINT('',(52.6789668569882,31.575,50.6801650031156));
#2961=CARTESIAN_POINT('',(60.405250087479,36.15,21.845283433257));
#2962=CARTESIAN_POINT('',(57.3377096688336,12.85,33.2935001299124));
#2963=CARTESIAN_POINT('',(57.3377096688336,15.85,33.2935001299124));
#2964=CARTESIAN_POINT('',(57.3377096688336,20.425,33.2935001299123));
#2965=CARTESIAN_POINT('',(52.6789668569883,15.85,50.6801650031156));
#2966=CARTESIAN_POINT('',(60.4052500874789,15.85,21.845283433257));
#2967=CARTESIAN_POINT('',(52.6789668569883,12.85,50.6801650031156));
#2968=CARTESIAN_POINT('',(52.6789668569882,20.425,50.6801650031156));
#2969=CARTESIAN_POINT('',(60.4052500874789,12.85,21.845283433257));
#2970=CARTESIAN_POINT('Origin',(54.0424124366219,12.85,41.7280135214115));
#2971=CARTESIAN_POINT('',(55.4058580162555,12.85,32.7758620397073));
#2972=CARTESIAN_POINT('',(56.3717838425446,12.85,33.0346810848098));
#2973=CARTESIAN_POINT('',(50.7471152044101,12.85,50.1625269129105));
#2974=CARTESIAN_POINT('',(51.7130410306992,12.85,50.4213459580131));
#2975=CARTESIAN_POINT('',(53.0764866103328,12.85,41.4691944763089));
#2976=CARTESIAN_POINT('Origin',(54.0424124366219,15.85,41.7280135214115));
#2977=CARTESIAN_POINT('',(50.7471152044101,15.85,50.1625269129105));
#2978=CARTESIAN_POINT('',(51.7130410306992,15.85,50.4213459580131));
#2979=CARTESIAN_POINT('',(55.4058580162555,15.85,32.7758620397073));
#2980=CARTESIAN_POINT('',(56.3717838425446,15.85,33.0346810848098));
#2981=CARTESIAN_POINT('',(53.0764866103328,15.85,41.4691944763089));
#2982=CARTESIAN_POINT('Origin',(51.7130410306992,15.85,50.4213459580131));
#2983=CARTESIAN_POINT('',(50.7471152044101,15.85,50.1625269129105));
#2984=CARTESIAN_POINT('Origin',(53.0764866103328,15.85,41.4691944763089));
#2985=CARTESIAN_POINT('',(55.4058580162555,15.85,32.7758620397073));
#2986=CARTESIAN_POINT('Origin',(56.3717838425446,15.85,33.0346810848098));
#2987=CARTESIAN_POINT('Origin',(54.0424124366219,39.15,41.7280135214115));
#2988=CARTESIAN_POINT('',(50.7471152044101,39.15,50.1625269129105));
#2989=CARTESIAN_POINT('',(51.7130410306992,39.15,50.4213459580131));
#2990=CARTESIAN_POINT('',(55.4058580162555,39.15,32.7758620397073));
#2991=CARTESIAN_POINT('',(56.3717838425446,39.15,33.0346810848098));
#2992=CARTESIAN_POINT('',(53.0764866103328,39.15,41.4691944763089));
#2993=CARTESIAN_POINT('Origin',(54.0424124366219,36.15,41.7280135214115));
#2994=CARTESIAN_POINT('',(55.4058580162555,36.15,32.7758620397073));
#2995=CARTESIAN_POINT('',(56.3717838425446,36.15,33.0346810848098));
#2996=CARTESIAN_POINT('',(50.7471152044101,36.15,50.1625269129105));
#2997=CARTESIAN_POINT('',(51.7130410306992,36.15,50.4213459580131));
#2998=CARTESIAN_POINT('',(53.0764866103328,36.15,41.4691944763089));
#2999=CARTESIAN_POINT('Origin',(56.3717838425446,36.15,33.0346810848098));
#3000=CARTESIAN_POINT('',(55.4058580162555,36.15,32.7758620397073));
#3001=CARTESIAN_POINT('Origin',(53.0764866103328,36.15,41.4691944763089));
#3002=CARTESIAN_POINT('',(50.7471152044101,36.15,50.1625269129105));
#3003=CARTESIAN_POINT('Origin',(51.7130410306992,36.15,50.4213459580131));
#3004=CARTESIAN_POINT('Origin',(58.3720567306746,18.,30.2060050034933));
#3005=CARTESIAN_POINT('',(57.5008652498763,18.,31.5254842203757));
#3006=CARTESIAN_POINT('',(57.9838281630208,18.,31.6548937429269));
#3007=CARTESIAN_POINT('',(57.8890938175301,18.,30.0765954809421));
#3008=CARTESIAN_POINT('',(57.6949795337032,18.,30.8010398506589));
#3009=CARTESIAN_POINT('',(58.3720567306746,18.,30.2060050034933));
#3010=CARTESIAN_POINT('Origin',(57.9838281630208,18.,31.6548937429269));
#3011=CARTESIAN_POINT('',(57.5008652498763,34.,31.5254842203757));
#3012=CARTESIAN_POINT('',(57.9838281630208,34.,31.6548937429269));
#3013=CARTESIAN_POINT('',(57.5008652498763,26.,31.5254842203757));
#3014=CARTESIAN_POINT('Origin',(58.3720567306746,34.,30.2060050034933));
#3015=CARTESIAN_POINT('',(57.8890938175301,34.,30.0765954809421));
#3016=CARTESIAN_POINT('',(57.8890938175301,26.,30.0765954809421));
#3017=CARTESIAN_POINT('',(58.3720567306746,34.,30.2060050034933));
#3018=CARTESIAN_POINT('Origin',(57.9838281630208,34.,31.654893742927));
#3019=CARTESIAN_POINT('',(57.6949795337032,34.,30.8010398506589));
#3020=CARTESIAN_POINT('Origin',(57.6949795337032,26.,30.8010398506589));
#3021=CARTESIAN_POINT('Origin',(16.36696007856,0.899999999999999,22.0149837163458));
#3022=CARTESIAN_POINT('',(19.9574000140339,0.899999999999999,25.8042766675115));
#3023=CARTESIAN_POINT('',(17.278633996525,0.899999999999999,27.1549108235431));
#3024=CARTESIAN_POINT('',(18.6180170052794,0.899999999999999,26.4795937455273));
#3025=CARTESIAN_POINT('',(15.455286160595,0.899999999999999,16.8750566091484));
#3026=CARTESIAN_POINT('',(17.7063430873144,0.899999999999999,21.3396666383299));
#3027=CARTESIAN_POINT('',(12.7765201430861,0.899999999999999,18.2256907651801));
#3028=CARTESIAN_POINT('',(14.1159031518405,0.899999999999999,17.5503736871642));
#3029=CARTESIAN_POINT('',(15.0275770698055,0.899999999999999,22.6903007943616));
#3030=CARTESIAN_POINT('Origin',(17.7063430873144,1.3,21.3396666383299));
#3031=CARTESIAN_POINT('',(15.455286160595,1.7,16.8750566091484));
#3032=CARTESIAN_POINT('',(15.455286160595,1.3,16.8750566091484));
#3033=CARTESIAN_POINT('',(19.9574000140339,1.7,25.8042766675115));
#3034=CARTESIAN_POINT('',(19.9574000140339,1.3,25.8042766675115));
#3035=CARTESIAN_POINT('',(17.3213403851942,1.7,20.5760755870574));
#3036=CARTESIAN_POINT('Origin',(14.1159031518405,1.3,17.5503736871642));
#3037=CARTESIAN_POINT('',(12.7765201430861,1.7,18.2256907651801));
#3038=CARTESIAN_POINT('',(12.7765201430861,1.3,18.2256907651801));
#3039=CARTESIAN_POINT('',(16.8886286820932,1.7,16.1523651332321));
#3040=CARTESIAN_POINT('Origin',(15.0275770698055,1.3,22.6903007943616));
#3041=CARTESIAN_POINT('',(17.278633996525,1.7,27.1549108235431));
#3042=CARTESIAN_POINT('',(17.278633996525,1.3,27.1549108235431));
#3043=CARTESIAN_POINT('',(14.6425743676853,1.7,21.9267097430891));
#3044=CARTESIAN_POINT('Origin',(18.6180170052794,1.3,26.4795937455273));
#3045=CARTESIAN_POINT('',(21.3907425355321,1.7,25.0815851915951));
#3046=CARTESIAN_POINT('Origin',(16.36696007856,51.1,22.0149837163458));
#3047=CARTESIAN_POINT('',(17.278633996525,51.1,27.1549108235431));
#3048=CARTESIAN_POINT('',(19.9574000140339,51.1,25.8042766675115));
#3049=CARTESIAN_POINT('',(18.6180170052794,51.1,26.4795937455273));
#3050=CARTESIAN_POINT('',(12.7765201430861,51.1,18.2256907651801));
#3051=CARTESIAN_POINT('',(15.0275770698055,51.1,22.6903007943616));
#3052=CARTESIAN_POINT('',(15.455286160595,51.1,16.8750566091484));
#3053=CARTESIAN_POINT('',(14.1159031518405,51.1,17.5503736871642));
#3054=CARTESIAN_POINT('',(17.7063430873144,51.1,21.3396666383299));
#3055=CARTESIAN_POINT('Origin',(17.7063430873144,50.7,21.3396666383299));
#3056=CARTESIAN_POINT('',(15.455286160595,50.3,16.8750566091484));
#3057=CARTESIAN_POINT('',(15.455286160595,50.7,16.8750566091484));
#3058=CARTESIAN_POINT('',(19.9574000140339,50.3,25.8042766675115));
#3059=CARTESIAN_POINT('',(17.3213403851942,50.3,20.5760755870574));
#3060=CARTESIAN_POINT('',(19.9574000140339,50.7,25.8042766675115));
#3061=CARTESIAN_POINT('Origin',(14.1159031518405,50.7,17.5503736871642));
#3062=CARTESIAN_POINT('',(12.7765201430861,50.3,18.2256907651801));
#3063=CARTESIAN_POINT('',(12.7765201430861,50.7,18.2256907651801));
#3064=CARTESIAN_POINT('',(16.8886286820932,50.3,16.1523651332321));
#3065=CARTESIAN_POINT('Origin',(15.0275770698055,50.7,22.6903007943616));
#3066=CARTESIAN_POINT('',(17.278633996525,50.3,27.1549108235431));
#3067=CARTESIAN_POINT('',(17.278633996525,50.7,27.1549108235431));
#3068=CARTESIAN_POINT('',(14.6425743676853,50.3,21.9267097430891));
#3069=CARTESIAN_POINT('Origin',(18.6180170052794,50.7,26.4795937455273));
#3070=CARTESIAN_POINT('',(21.3907425355321,50.3,25.0815851915951));
#3071=CARTESIAN_POINT('Origin',(56.2776629513407,43.,44.3974994525318));
#3072=CARTESIAN_POINT('',(57.5872375282454,43.,40.0896560909963));
#3073=CARTESIAN_POINT('Origin',(56.4225518252841,43.,44.4363223092971));
#3074=CARTESIAN_POINT('',(56.8144968672141,43.,39.8826008549143));
#3075=CARTESIAN_POINT('',(57.442348654302,43.,40.050833234231));
#3076=CARTESIAN_POINT('Origin',(55.6498111642528,43.,44.2292670732151));
#3077=CARTESIAN_POINT('Origin',(55.6498111642528,43.,44.2292670732151));
#3078=CARTESIAN_POINT('Origin',(64.8186914397239,43.,12.5219471849925));
#3079=CARTESIAN_POINT('',(66.1282660166286,43.,8.21410382345708));
#3080=CARTESIAN_POINT('Origin',(64.9635803136672,43.,12.5607700417579));
#3081=CARTESIAN_POINT('',(65.3555253555973,43.,8.00704858737507));
#3082=CARTESIAN_POINT('',(65.9833771426853,43.,8.17528096669169));
#3083=CARTESIAN_POINT('Origin',(64.190839652636,43.,12.3537148056759));
#3084=CARTESIAN_POINT('Origin',(64.190839652636,43.,12.3537148056759));
#3085=CARTESIAN_POINT('Origin',(64.8186914397239,9.,12.5219471849925));
#3086=CARTESIAN_POINT('',(66.1282660166286,9.,8.21410382345708));
#3087=CARTESIAN_POINT('Origin',(64.9635803136672,9.,12.5607700417579));
#3088=CARTESIAN_POINT('',(65.3555253555973,9.,8.00704858737507));
#3089=CARTESIAN_POINT('',(65.9833771426853,9.,8.17528096669169));
#3090=CARTESIAN_POINT('Origin',(64.190839652636,9.,12.3537148056759));
#3091=CARTESIAN_POINT('Origin',(64.190839652636,9.,12.3537148056759));
#3092=CARTESIAN_POINT('Origin',(56.2776629513407,9.,44.3974994525318));
#3093=CARTESIAN_POINT('',(57.5872375282454,9.,40.0896560909963));
#3094=CARTESIAN_POINT('Origin',(56.4225518252841,9.,44.4363223092971));
#3095=CARTESIAN_POINT('',(56.8144968672141,9.,39.8826008549143));
#3096=CARTESIAN_POINT('',(57.442348654302,9.,40.050833234231));
#3097=CARTESIAN_POINT('Origin',(55.6498111642528,9.,44.2292670732151));
#3098=CARTESIAN_POINT('Origin',(55.6498111642528,9.,44.2292670732151));
#3099=CARTESIAN_POINT('Origin',(52.8924592153419,26.,55.292585301931));
#3100=CARTESIAN_POINT('',(53.3823571638985,51.,55.0097425894564));
#3101=CARTESIAN_POINT('',(52.1576122925069,50.,55.7168493706429));
#3102=CARTESIAN_POINT('',(44.7887306496342,43.9833333333333,59.971275170782));
#3103=CARTESIAN_POINT('',(52.1576122925069,2.00000000000001,55.7168493706429));
#3104=CARTESIAN_POINT('',(52.1576122925069,26.,55.7168493706429));
#3105=CARTESIAN_POINT('',(53.3823571638985,0.999999999999992,55.0097425894564));
#3106=CARTESIAN_POINT('',(44.7887306496342,8.01666666666667,59.971275170782));
#3107=CARTESIAN_POINT('',(53.6273061381768,1.20000000000001,54.8683212332191));
#3108=CARTESIAN_POINT('',(66.8341383346828,11.9833333333334,47.2433531094241));
#3109=CARTESIAN_POINT('',(53.6273061381768,50.8,54.8683212332191));
#3110=CARTESIAN_POINT('',(53.6273061381768,26.,54.8683212332191));
#3111=CARTESIAN_POINT('',(66.8341383346828,40.0166666666667,47.2433531094241));
#3112=CARTESIAN_POINT('Origin',(63.99579625024,51.4,13.85436735413));
#3113=CARTESIAN_POINT('',(68.017645045877,50.8,1.16284529154688));
#3114=CARTESIAN_POINT('',(64.5753517460135,50.8,14.0096587811915));
#3115=CARTESIAN_POINT('',(67.8798672681301,50.9795554957734,0.983289795773448));
#3116=CARTESIAN_POINT('',(72.8912109933968,44.4486452009773,7.51420009056963));
#3117=CARTESIAN_POINT('',(66.5499980986457,52.,2.0037343));
#3118=CARTESIAN_POINT('',(52.3762458983302,62.8759025842282,12.8796368842282));
#3119=CARTESIAN_POINT('',(52.675250382712,52.,53.7849977180648));
#3120=CARTESIAN_POINT('',(63.4162407544666,52.,13.6990759270685));
#3121=CARTESIAN_POINT('',(46.3584298041121,60.9333333333333,42.8439435336333));
#3122=CARTESIAN_POINT('Origin',(68.3282279,26.,0.0037343));
#3123=CARTESIAN_POINT('',(68.017645045877,1.20000000000001,1.16284529154688));
#3124=CARTESIAN_POINT('',(64.5753517460135,1.20000000000001,14.0096587811915));
#3125=CARTESIAN_POINT('',(68.017645045877,26.,1.16284529154688));
#3126=CARTESIAN_POINT('Origin',(63.99579625024,0.600000000000001,13.85436735413));
#3127=CARTESIAN_POINT('',(52.675250382712,4.44089209850063E-15,53.7849977180648));
#3128=CARTESIAN_POINT('',(46.3584298041122,-8.93333333333336,42.8439435336333));
#3129=CARTESIAN_POINT('',(66.5499980986457,0.,2.0037343));
#3130=CARTESIAN_POINT('',(63.4162407544666,0.,13.6990759270685));
#3131=CARTESIAN_POINT('',(67.8798672681301,1.02044450422656,0.983289795773438));
#3132=CARTESIAN_POINT('',(52.3762458983303,-10.8759025842282,12.8796368842282));
#3133=CARTESIAN_POINT('',(72.8912109933968,7.55135479902278,7.51420009056963));
#3134=CARTESIAN_POINT('Origin',(28.9469233244877,52.,19.4745547739998));
#3135=CARTESIAN_POINT('',(1.00867753152573,52.,2.00373430000001));
#3136=CARTESIAN_POINT('',(14.4734616587111,52.,2.00373430000001));
#3137=CARTESIAN_POINT('',(23.1315202324266,52.,45.8687790828928));
#3138=CARTESIAN_POINT('',(-7.06547709228289E-9,52.,0.00373430000001332));
#3139=CARTESIAN_POINT('',(37.8965852404892,52.,49.8250663279962));
#3140=CARTESIAN_POINT('Origin',(14.4734616587111,51.,1.00373430000001));
#3141=CARTESIAN_POINT('',(67.1282279,50.,0.00373429999999941));
#3142=CARTESIAN_POINT('',(58.0163901248473,38.125221818208,-11.871043881792));
#3143=CARTESIAN_POINT('',(-7.06547709228289E-9,50.,0.00373430000001332));
#3144=CARTESIAN_POINT('',(14.4734616587111,50.,0.0037343000000111));
#3145=CARTESIAN_POINT('',(5.12689887386764,60.1655855013757,10.1693198013757));
#3146=CARTESIAN_POINT('Origin',(67.5729364729385,26.,0.58328979577344));
#3147=CARTESIAN_POINT('',(67.1282279,2.,0.00373430000000142));
#3148=CARTESIAN_POINT('',(58.0163901248473,13.874778181792,-11.871043881792));
#3149=CARTESIAN_POINT('',(67.1282279,26.,0.00373429999999827));
#3150=CARTESIAN_POINT('Origin',(-7.06547709228289E-9,26.,0.00373430000001332));
#3151=CARTESIAN_POINT('',(-7.06547709228289E-9,2.00000000000001,0.00373430000001332));
#3152=CARTESIAN_POINT('',(14.4734616587111,2.00000000000001,0.00373430000000888));
#3153=CARTESIAN_POINT('',(-7.06547709228289E-9,26.,0.00373430000001332));
#3154=CARTESIAN_POINT('',(45.3476289384558,26.,0.00373430000000444));
#3155=CARTESIAN_POINT('Origin',(24.8476289384558,26.,0.00373430000000666));
#3156=CARTESIAN_POINT('Origin',(14.4734616587111,1.00000000000001,1.00373430000001));
#3157=CARTESIAN_POINT('',(1.00867753152573,8.88178419700125E-15,2.00373430000001));
#3158=CARTESIAN_POINT('',(14.4734616587111,4.44089209850063E-15,2.00373430000001));
#3159=CARTESIAN_POINT('',(5.12689887386761,-8.16558550137573,10.1693198013757));
#3160=CARTESIAN_POINT('Origin',(28.9469233244876,4.44089209850063E-15,19.4745547739998));
#3161=CARTESIAN_POINT('',(23.1315202324266,4.44089209850063E-15,45.8687790828928));
#3162=CARTESIAN_POINT('',(37.8965852404892,4.44089209850063E-15,49.8250663279962));
#3163=CARTESIAN_POINT('',(-7.06547709228289E-9,8.88178419700125E-15,0.00373430000001332));
#3164=CARTESIAN_POINT('Origin',(37.6377661953867,1.00000000000001,50.7909921542853));
#3165=CARTESIAN_POINT('',(24.3389484953818,2.00000000000001,48.2628608716903));
#3166=CARTESIAN_POINT('',(37.3789471502842,2.00000000000001,51.7569179805744));
#3167=CARTESIAN_POINT('',(28.0137224371935,8.08694372089288,55.5491814275029));
#3168=CARTESIAN_POINT('Origin',(24.3389484953818,26.,48.2628608716903));
#3169=CARTESIAN_POINT('',(24.3389484953818,50.,48.2628608716903));
#3170=CARTESIAN_POINT('',(24.3389484953818,26.,48.2628608716903));
#3171=CARTESIAN_POINT('',(28.0137224371935,43.9130562791071,55.5491814275029));
#3172=CARTESIAN_POINT('',(0.857375900737045,50.3,1.70373430000001));
#3173=CARTESIAN_POINT('',(23.3126344718699,50.3,46.2278913512124));
#3174=CARTESIAN_POINT('',(17.8690056212014,50.3,35.4342954944604));
#3175=CARTESIAN_POINT('',(23.3126344718699,1.7,46.2278913512124));
#3176=CARTESIAN_POINT('',(23.3126344718698,26.,46.2278913512124));
#3177=CARTESIAN_POINT('',(0.857375900737045,1.70000000000001,1.70373430000001));
#3178=CARTESIAN_POINT('',(17.8690056212014,1.7,35.4342954944604));
#3179=CARTESIAN_POINT('',(0.857375900737045,26.,1.70373430000001));
#3180=CARTESIAN_POINT('Origin',(37.6377661953867,51.,50.7909921542853));
#3181=CARTESIAN_POINT('',(37.3789471502842,50.,51.7569179805744));
#3182=CARTESIAN_POINT('Origin',(48.861452649438,23.5,54.1089527298715));
#3183=CARTESIAN_POINT('',(45.7395313025288,23.5,52.2371602457236));
#3184=CARTESIAN_POINT('Origin',(49.1202716945406,23.5,53.1430269035825));
#3185=CARTESIAN_POINT('',(45.2995389258545,23.5,53.879234150415));
#3186=CARTESIAN_POINT('',(45.4807122574263,23.5,53.2030860720127));
#3187=CARTESIAN_POINT('Origin',(48.6802793178663,23.5,54.7851008082739));
#3188=CARTESIAN_POINT('Origin',(45.4807122574263,26.,53.2030860720127));
#3189=CARTESIAN_POINT('',(45.2995389258545,26.,53.879234150415));
#3190=CARTESIAN_POINT('',(45.7395313025288,24.75,52.2371602457236));
#3191=CARTESIAN_POINT('Origin',(45.8176289384558,16.55,5.49999995144615));
#3192=CARTESIAN_POINT('',(46.5676289384558,16.55,5.49999995144615));
#3193=CARTESIAN_POINT('Origin',(45.8176289384558,16.55,5.49999995144615));
#3194=CARTESIAN_POINT('Origin',(45.8176289384558,16.55,3.44999995144615));
#3195=CARTESIAN_POINT('',(46.5676289384558,16.55,1.69999995144617));
#3196=CARTESIAN_POINT('',(46.5676289384558,16.55,3.44999995144615));
#3197=CARTESIAN_POINT('Origin',(45.8176289384558,16.55,1.69999995144617));
#3198=CARTESIAN_POINT('Origin',(45.8176289384558,35.45,5.49999995144615));
#3199=CARTESIAN_POINT('',(46.5676289384558,35.45,5.49999995144615));
#3200=CARTESIAN_POINT('Origin',(45.8176289384558,35.45,5.49999995144615));
#3201=CARTESIAN_POINT('Origin',(45.8176289384558,35.45,3.44999995144615));
#3202=CARTESIAN_POINT('',(46.5676289384558,35.45,1.69999995144617));
#3203=CARTESIAN_POINT('',(46.5676289384558,35.45,3.44999995144615));
#3204=CARTESIAN_POINT('Origin',(45.8176289384558,35.45,1.69999995144617));
#3205=CARTESIAN_POINT('Origin',(48.3476289384558,13.,4.84999995144615));
#3206=CARTESIAN_POINT('',(58.8476289384558,13.,1.7037343));
#3207=CARTESIAN_POINT('',(40.6984964226031,13.,1.7037343));
#3208=CARTESIAN_POINT('',(16.6991243892581,13.,1.70373430000001));
#3209=CARTESIAN_POINT('',(58.8476289384558,13.,1.69999995144615));
#3210=CARTESIAN_POINT('',(58.8476289384558,13.,4.84999995144615));
#3211=CARTESIAN_POINT('',(37.8476289384558,13.,1.69999995144615));
#3212=CARTESIAN_POINT('',(48.3476289384558,13.,1.69999995144615));
#3213=CARTESIAN_POINT('',(37.8476289384558,13.,3.49999995144614));
#3214=CARTESIAN_POINT('',(37.8476289384558,13.,4.84999995144615));
#3215=CARTESIAN_POINT('',(39.3820707922044,13.,3.49999995144614));
#3216=CARTESIAN_POINT('',(36.5976289384558,13.,3.49999995144614));
#3217=CARTESIAN_POINT('',(39.3820707922044,13.,7.99999995144615));
#3218=CARTESIAN_POINT('',(39.3820707922044,13.,5.84999995144614));
#3219=CARTESIAN_POINT('',(40.6984964226031,13.,7.99999995144615));
#3220=CARTESIAN_POINT('',(36.5976289384558,13.,7.99999995144615));
#3221=CARTESIAN_POINT('',(40.6984964226031,13.,3.99999995144615));
#3222=CARTESIAN_POINT('Origin',(37.8476289384558,26.,4.84999995144615));
#3223=CARTESIAN_POINT('',(37.8476289384558,38.4498995979887,1.69999995144615));
#3224=CARTESIAN_POINT('',(37.8476289384558,38.4498995979887,3.49999995144612));
#3225=CARTESIAN_POINT('',(37.8476289384558,38.4498995979887,2.59999995144612));
#3226=CARTESIAN_POINT('',(37.8476289384558,39.,1.69999995144615));
#3227=CARTESIAN_POINT('',(37.8476289384558,26.,1.69999995144615));
#3228=CARTESIAN_POINT('',(37.8476289384558,39.,3.49999995144614));
#3229=CARTESIAN_POINT('',(37.8476289384558,39.,4.84999995144615));
#3230=CARTESIAN_POINT('',(37.8476289384558,26.,3.49999995144614));
#3231=CARTESIAN_POINT('Origin',(37.8476289384558,26.,4.84999995144615));
#3232=CARTESIAN_POINT('',(37.8476289384558,13.5501004020113,3.49999995144612));
#3233=CARTESIAN_POINT('',(37.8476289384558,26.,3.49999995144614));
#3234=CARTESIAN_POINT('',(37.8476289384558,13.5501004020113,1.69999995144615));
#3235=CARTESIAN_POINT('',(37.8476289384558,26.,1.69999995144615));
#3236=CARTESIAN_POINT('',(37.8476289384558,13.5501004020113,2.59999995144612));
#3237=CARTESIAN_POINT('Origin',(58.8476289384558,26.,4.84999995144615));
#3238=CARTESIAN_POINT('',(58.8476289384558,39.,1.7037343));
#3239=CARTESIAN_POINT('',(58.8476289384558,26.,1.7037343));
#3240=CARTESIAN_POINT('',(58.8476289384558,39.,1.69999995144615));
#3241=CARTESIAN_POINT('',(58.8476289384558,39.,4.84999995144615));
#3242=CARTESIAN_POINT('',(58.8476289384558,26.,1.69999995144615));
#3243=CARTESIAN_POINT('Origin',(48.3476289384558,39.,4.84999995144615));
#3244=CARTESIAN_POINT('',(40.6984964226031,39.,1.7037343));
#3245=CARTESIAN_POINT('',(16.6991243892581,39.,1.70373430000001));
#3246=CARTESIAN_POINT('',(40.6984964226031,39.,7.99999995144615));
#3247=CARTESIAN_POINT('',(40.6984964226031,39.,3.99999995144615));
#3248=CARTESIAN_POINT('',(39.3820707922044,39.,7.99999995144615));
#3249=CARTESIAN_POINT('',(36.5976289384558,39.,7.99999995144615));
#3250=CARTESIAN_POINT('',(39.3820707922044,39.,3.49999995144614));
#3251=CARTESIAN_POINT('',(39.3820707922044,39.,5.84999995144614));
#3252=CARTESIAN_POINT('',(36.5976289384558,39.,3.49999995144614));
#3253=CARTESIAN_POINT('',(48.3476289384558,39.,1.69999995144615));
#3254=CARTESIAN_POINT('Origin',(24.8476289384558,26.,3.99999995144615));
#3255=CARTESIAN_POINT('Origin',(24.8476289384558,26.,7.99999995144615));
#3256=CARTESIAN_POINT('Origin',(24.8476289384558,26.,1.7037343));
#3257=CARTESIAN_POINT('Origin',(24.8476289384558,26.,7.99999995144615));
#3258=CARTESIAN_POINT('Origin',(24.8476289384558,26.,7.99999995144615));
#3259=CARTESIAN_POINT('Origin',(24.8476289384558,26.,3.49999995144615));
#3260=CARTESIAN_POINT('Origin',(24.8476289384558,26.,3.49999995144615));
#3261=CARTESIAN_POINT('Origin',(24.8476289384558,26.,3.49999995144615));
#3262=CARTESIAN_POINT('Origin',(24.8476289384558,26.,2.59999995144615));
#3263=CARTESIAN_POINT('Origin',(24.8476289384558,26.,1.69999995144615));
#3264=CARTESIAN_POINT('Origin',(24.8476289384558,26.,5.84999995144615));
#3265=CARTESIAN_POINT('Origin',(24.8476289384558,26.,1.69999995144615));
#3266=CARTESIAN_POINT('',(41.8476289384558,26.,1.69999995144612));
#3267=CARTESIAN_POINT('Origin',(24.8476289384558,26.,1.69999995144615));
#3268=CARTESIAN_POINT('Origin',(24.8476289384558,26.,0.599999951446155));
#3269=CARTESIAN_POINT('',(41.8476289384558,26.,-4.85538832154398E-8));
#3270=CARTESIAN_POINT('Origin',(24.8476289384558,26.,-4.8553845467857E-8));
#3271=CARTESIAN_POINT('',(41.8476289384558,26.,0.599999951446118));
#3272=CARTESIAN_POINT('Origin',(24.8476289384558,26.,3.99999995144615));
#3273=CARTESIAN_POINT('',(45.3476289384558,26.,-4.85538514949369E-8));
#3274=CARTESIAN_POINT('',(45.3476289384558,26.,3.99999995144615));
#3275=CARTESIAN_POINT('Origin',(24.8476289384558,26.,-4.8553845467857E-8));
#3276=CARTESIAN_POINT('Origin',(24.8476289384558,26.,-4.8553845467857E-8));
#3277=CARTESIAN_POINT('Origin',(21.1424057348248,1.7,17.6917845059364));
#3278=CARTESIAN_POINT('',(51.82486400815,1.7,53.8677202298695));
#3279=CARTESIAN_POINT('',(-14.9493801599395,1.70000000000001,1.70373430000001));
#3280=CARTESIAN_POINT('Origin',(-14.9493801599395,26.,1.70373430000001));
#3281=CARTESIAN_POINT('',(-14.9493801599395,50.3,1.70373430000001));
#3282=CARTESIAN_POINT('Origin',(21.1424057348248,50.3,17.6917845059364));
#3283=CARTESIAN_POINT('',(51.82486400815,50.3,53.8677202298695));
#3284=CARTESIAN_POINT('Origin',(51.82486400815,26.,53.8677202298695));
#3285=CARTESIAN_POINT('Origin',(53.3167232840538,26.,56.027432224766));
#3286=CARTESIAN_POINT('Origin',(179.902031582472,6.47608729243111,1.1));
#3287=CARTESIAN_POINT('',(179.94194959673,6.45304061615368,0.));
#3288=CARTESIAN_POINT('',(179.94194959673,6.45304061615368,2.2));
#3289=CARTESIAN_POINT('',(179.94194959673,6.45304061615368,1.1));
#3290=CARTESIAN_POINT('',(180.291743014175,6.25108729243111,0.));
#3291=CARTESIAN_POINT('',(179.902031582472,6.47608729243111,0.));
#3292=CARTESIAN_POINT('',(180.291743014175,6.25108729243111,2.2));
#3293=CARTESIAN_POINT('',(180.291743014175,6.25108729243111,1.1));
#3294=CARTESIAN_POINT('',(179.902031582472,6.47608729243111,2.2));
#3295=CARTESIAN_POINT('Origin',(181.902031582472,9.94018890756887,1.1));
#3296=CARTESIAN_POINT('',(181.94194959673,9.91714223129145,2.2));
#3297=CARTESIAN_POINT('',(181.94194959673,9.91714223129145,0.));
#3298=CARTESIAN_POINT('',(181.94194959673,9.91714223129145,1.1));
#3299=CARTESIAN_POINT('',(182.291743014175,9.71518890756887,2.2));
#3300=CARTESIAN_POINT('',(181.902031582472,9.94018890756887,2.2));
#3301=CARTESIAN_POINT('',(182.291743014175,9.71518890756887,0.));
#3302=CARTESIAN_POINT('',(182.291743014175,9.71518890756887,1.1));
#3303=CARTESIAN_POINT('',(181.902031582472,9.94018890756887,0.));
#3304=CARTESIAN_POINT('Origin',(181.291743014175,7.98313809999999,1.1));
#3305=CARTESIAN_POINT('',(181.291743014175,7.98313809999999,0.));
#3306=CARTESIAN_POINT('',(181.291743014175,7.98313809999999,2.2));
#3307=CARTESIAN_POINT('Origin',(164.3176451,17.7831381,2.2));
#3308=CARTESIAN_POINT('',(166.3176451,36.9792314525548,2.2));
#3309=CARTESIAN_POINT('Origin',(164.3176451,17.7831381,2.2));
#3310=CARTESIAN_POINT('',(166.3176451,37.3831381,2.2));
#3311=CARTESIAN_POINT('',(166.3176451,36.9331381,2.2));
#3312=CARTESIAN_POINT('',(162.3176451,37.3831381,2.2));
#3313=CARTESIAN_POINT('',(164.3176451,37.3831381,2.2));
#3314=CARTESIAN_POINT('',(162.3176451,36.9792314525548,2.2));
#3315=CARTESIAN_POINT('',(162.3176451,36.9331381,2.2));
#3316=CARTESIAN_POINT('',(146.69334060327,9.91714223129145,2.2));
#3317=CARTESIAN_POINT('Origin',(164.3176451,17.7831381,2.2));
#3318=CARTESIAN_POINT('',(146.343547185825,9.71518890756888,2.2));
#3319=CARTESIAN_POINT('',(146.733258617528,9.94018890756888,2.2));
#3320=CARTESIAN_POINT('',(148.343547185825,6.25108729243112,2.2));
#3321=CARTESIAN_POINT('',(147.343547185825,7.9831381,2.2));
#3322=CARTESIAN_POINT('',(148.69334060327,6.45304061615369,2.2));
#3323=CARTESIAN_POINT('',(148.733258617528,6.47608729243112,2.2));
#3324=CARTESIAN_POINT('',(156.8176451,1.92224658412954E-8,2.2));
#3325=CARTESIAN_POINT('Origin',(164.3176451,17.7831381,2.2));
#3326=CARTESIAN_POINT('',(156.8176451,3.19855720098203,2.2));
#3327=CARTESIAN_POINT('',(156.8176451,8.7831381,2.2));
#3328=CARTESIAN_POINT('',(171.8176451,3.19855720098203,2.2));
#3329=CARTESIAN_POINT('Origin',(164.3176451,17.7831381,2.2));
#3330=CARTESIAN_POINT('',(171.8176451,1.92224658412954E-8,2.2));
#3331=CARTESIAN_POINT('',(171.8176451,8.7831381,2.2));
#3332=CARTESIAN_POINT('Origin',(164.3176451,17.7831381,2.2));
#3333=CARTESIAN_POINT('Origin',(164.3176451,17.7831381,1.1));
#3334=CARTESIAN_POINT('',(166.3176451,36.9792314525548,0.));
#3335=CARTESIAN_POINT('Origin',(164.3176451,17.7831381,0.));
#3336=CARTESIAN_POINT('',(166.3176451,36.9792314525548,1.1));
#3337=CARTESIAN_POINT('Origin',(146.733258617528,9.94018890756888,1.1));
#3338=CARTESIAN_POINT('',(146.69334060327,9.91714223129145,0.));
#3339=CARTESIAN_POINT('',(146.69334060327,9.91714223129145,1.1));
#3340=CARTESIAN_POINT('',(146.343547185825,9.71518890756888,0.));
#3341=CARTESIAN_POINT('',(146.733258617528,9.94018890756888,0.));
#3342=CARTESIAN_POINT('',(146.343547185825,9.71518890756888,1.1));
#3343=CARTESIAN_POINT('Origin',(148.733258617528,6.47608729243112,1.1));
#3344=CARTESIAN_POINT('',(148.69334060327,6.45304061615369,0.));
#3345=CARTESIAN_POINT('',(148.69334060327,6.45304061615369,1.1));
#3346=CARTESIAN_POINT('',(148.343547185825,6.25108729243112,0.));
#3347=CARTESIAN_POINT('',(148.343547185825,6.25108729243112,1.1));
#3348=CARTESIAN_POINT('',(148.733258617528,6.47608729243112,0.));
#3349=CARTESIAN_POINT('Origin',(147.343547185825,7.9831381,1.1));
#3350=CARTESIAN_POINT('',(147.343547185825,7.9831381,0.));
#3351=CARTESIAN_POINT('Origin',(164.3176451,17.7831381,1.1));
#3352=CARTESIAN_POINT('',(156.8176451,1.92224658412954E-8,0.));
#3353=CARTESIAN_POINT('Origin',(164.3176451,17.7831381,0.));
#3354=CARTESIAN_POINT('',(156.8176451,1.92224658412954E-8,1.1));
#3355=CARTESIAN_POINT('Origin',(166.3176451,36.9331381,1.1));
#3356=CARTESIAN_POINT('',(166.3176451,37.3831381,0.));
#3357=CARTESIAN_POINT('',(166.3176451,36.9331381,0.));
#3358=CARTESIAN_POINT('',(166.3176451,37.3831381,1.1));
#3359=CARTESIAN_POINT('Origin',(162.3176451,36.9331381,1.1));
#3360=CARTESIAN_POINT('',(162.3176451,36.9792314525548,0.));
#3361=CARTESIAN_POINT('',(162.3176451,36.9792314525548,1.1));
#3362=CARTESIAN_POINT('',(162.3176451,37.3831381,0.));
#3363=CARTESIAN_POINT('',(162.3176451,37.3831381,1.1));
#3364=CARTESIAN_POINT('',(162.3176451,36.9331381,0.));
#3365=CARTESIAN_POINT('Origin',(164.3176451,37.3831381,1.1));
#3366=CARTESIAN_POINT('',(164.3176451,37.3831381,0.));
#3367=CARTESIAN_POINT('Origin',(164.3176451,17.7831381,1.1));
#3368=CARTESIAN_POINT('',(171.8176451,1.92224658412954E-8,0.));
#3369=CARTESIAN_POINT('',(171.8176451,1.92224658412954E-8,1.1));
#3370=CARTESIAN_POINT('Origin',(164.3176451,17.7831381,0.));
#3371=CARTESIAN_POINT('Origin',(164.3176451,17.7831381,1.1));
#3372=CARTESIAN_POINT('Origin',(164.3176451,17.7831381,0.));
#3373=CARTESIAN_POINT('Origin',(156.8176451,-0.2168619,1.1));
#3374=CARTESIAN_POINT('',(156.8176451,3.19855720098203,0.));
#3375=CARTESIAN_POINT('',(156.8176451,8.7831381,0.));
#3376=CARTESIAN_POINT('',(156.8176451,3.19855720098203,1.1));
#3377=CARTESIAN_POINT('Origin',(171.8176451,-0.2168619,1.1));
#3378=CARTESIAN_POINT('',(171.8176451,3.19855720098203,0.));
#3379=CARTESIAN_POINT('',(171.8176451,3.19855720098203,1.1));
#3380=CARTESIAN_POINT('',(171.8176451,8.7831381,0.));
#3381=CARTESIAN_POINT('Origin',(164.3176451,17.7831381,0.));
#3382=CARTESIAN_POINT('Origin',(164.3176451,17.7831381,0.));
#3383=CARTESIAN_POINT('Origin',(164.3176451,17.7831381,1.1));
#3384=CARTESIAN_POINT('Origin',(224.1176451,9.55,5.));
#3385=CARTESIAN_POINT('',(220.1176451,9.55,2.));
#3386=CARTESIAN_POINT('',(230.1176451,9.55,2.));
#3387=CARTESIAN_POINT('',(224.1176451,9.55,2.));
#3388=CARTESIAN_POINT('',(220.1176451,9.55,9.));
#3389=CARTESIAN_POINT('',(220.1176451,9.55,5.));
#3390=CARTESIAN_POINT('',(230.1176451,9.55,9.));
#3391=CARTESIAN_POINT('',(224.1176451,9.55,9.));
#3392=CARTESIAN_POINT('',(230.1176451,9.55,5.));
#3393=CARTESIAN_POINT('Origin',(224.1176451,41.95,5.));
#3394=CARTESIAN_POINT('',(230.1176451,41.95,2.));
#3395=CARTESIAN_POINT('',(220.1176451,41.95,2.));
#3396=CARTESIAN_POINT('',(224.1176451,41.95,2.));
#3397=CARTESIAN_POINT('',(230.1176451,41.95,9.));
#3398=CARTESIAN_POINT('',(230.1176451,41.95,5.));
#3399=CARTESIAN_POINT('',(220.1176451,41.95,9.));
#3400=CARTESIAN_POINT('',(224.1176451,41.95,9.));
#3401=CARTESIAN_POINT('',(220.1176451,41.95,5.));
#3402=CARTESIAN_POINT('Origin',(249.6176451,50.5,1.));
#3403=CARTESIAN_POINT('',(250.6176451,49.5,0.));
#3404=CARTESIAN_POINT('',(248.6176451,51.5,0.));
#3405=CARTESIAN_POINT('',(249.4301451,50.6875,-6.93889390390723E-17));
#3406=CARTESIAN_POINT('',(248.6176451,51.5,2.));
#3407=CARTESIAN_POINT('',(248.6176451,51.5,1.));
#3408=CARTESIAN_POINT('',(250.6176451,49.5,2.));
#3409=CARTESIAN_POINT('',(249.4301451,50.6875,2.));
#3410=CARTESIAN_POINT('',(250.6176451,49.5,1.));
#3411=CARTESIAN_POINT('Origin',(224.1176451,25.75,2.));
#3412=CARTESIAN_POINT('',(199.6176451,51.5,2.));
#3413=CARTESIAN_POINT('',(224.1176451,51.5,2.));
#3414=CARTESIAN_POINT('',(197.6176451,49.5,2.));
#3415=CARTESIAN_POINT('',(198.8051451,50.6875,2.));
#3416=CARTESIAN_POINT('',(197.6176451,2.,2.));
#3417=CARTESIAN_POINT('',(197.6176451,25.75,2.));
#3418=CARTESIAN_POINT('',(199.6176451,0.,2.));
#3419=CARTESIAN_POINT('',(198.8051451,0.812500000000025,2.));
#3420=CARTESIAN_POINT('',(248.6176451,0.,2.));
#3421=CARTESIAN_POINT('',(224.1176451,0.,2.));
#3422=CARTESIAN_POINT('',(250.6176451,2.,2.));
#3423=CARTESIAN_POINT('',(249.4301451,0.812500000000016,2.));
#3424=CARTESIAN_POINT('',(250.6176451,25.75,2.));
#3425=CARTESIAN_POINT('',(230.1176451,1.95,2.));
#3426=CARTESIAN_POINT('',(230.1176451,14.25,2.));
#3427=CARTESIAN_POINT('',(220.1176451,1.95,2.));
#3428=CARTESIAN_POINT('',(224.1176451,1.95,2.));
#3429=CARTESIAN_POINT('',(220.1176451,14.25,2.));
#3430=CARTESIAN_POINT('',(220.1176451,49.55,2.));
#3431=CARTESIAN_POINT('',(220.1176451,37.25,2.));
#3432=CARTESIAN_POINT('',(230.1176451,49.55,2.));
#3433=CARTESIAN_POINT('',(224.1176451,49.55,2.));
#3434=CARTESIAN_POINT('',(230.1176451,37.25,2.));
#3435=CARTESIAN_POINT('Origin',(224.1176451,51.5,1.));
#3436=CARTESIAN_POINT('',(199.6176451,51.5,0.));
#3437=CARTESIAN_POINT('',(224.1176451,51.5,0.));
#3438=CARTESIAN_POINT('',(199.6176451,51.5,1.));
#3439=CARTESIAN_POINT('Origin',(198.6176451,50.5,1.));
#3440=CARTESIAN_POINT('',(197.6176451,49.5,0.));
#3441=CARTESIAN_POINT('',(198.8051451,50.6875,-6.93889390390723E-17));
#3442=CARTESIAN_POINT('',(197.6176451,49.5,1.));
#3443=CARTESIAN_POINT('Origin',(249.6176451,1.,1.));
#3444=CARTESIAN_POINT('',(248.6176451,0.,0.));
#3445=CARTESIAN_POINT('',(250.6176451,2.,0.));
#3446=CARTESIAN_POINT('',(249.4301451,0.812500000000016,0.));
#3447=CARTESIAN_POINT('',(250.6176451,2.,1.));
#3448=CARTESIAN_POINT('',(248.6176451,0.,1.));
#3449=CARTESIAN_POINT('Origin',(224.1176451,25.75,0.));
#3450=CARTESIAN_POINT('',(250.6176451,25.75,0.));
#3451=CARTESIAN_POINT('',(199.6176451,0.,0.));
#3452=CARTESIAN_POINT('',(224.1176451,0.,0.));
#3453=CARTESIAN_POINT('',(197.6176451,2.,0.));
#3454=CARTESIAN_POINT('',(198.8051451,0.812500000000025,-6.93889390390723E-17));
#3455=CARTESIAN_POINT('',(197.6176451,25.75,0.));
#3456=CARTESIAN_POINT('Origin',(224.1176451,0.,1.));
#3457=CARTESIAN_POINT('',(199.6176451,0.,1.));
#3458=CARTESIAN_POINT('Origin',(198.6176451,1.,1.));
#3459=CARTESIAN_POINT('',(197.6176451,2.,1.));
#3460=CARTESIAN_POINT('Origin',(221.1176451,2.15,6.7));
#3461=CARTESIAN_POINT('',(221.1176451,1.95,6.));
#3462=CARTESIAN_POINT('',(221.1176451,1.95,7.4));
#3463=CARTESIAN_POINT('',(221.1176451,1.95,5.85));
#3464=CARTESIAN_POINT('',(221.1176451,1.45,6.));
#3465=CARTESIAN_POINT('',(221.1176451,2.15,6.));
#3466=CARTESIAN_POINT('',(221.1176451,1.45,7.4));
#3467=CARTESIAN_POINT('',(221.1176451,1.45,6.7));
#3468=CARTESIAN_POINT('',(221.1176451,2.15,7.4));
#3469=CARTESIAN_POINT('Origin',(224.1176451,2.15,6.));
#3470=CARTESIAN_POINT('',(229.1176451,1.95,6.));
#3471=CARTESIAN_POINT('',(224.1176451,1.95,6.));
#3472=CARTESIAN_POINT('',(229.1176451,1.45,6.));
#3473=CARTESIAN_POINT('',(229.1176451,2.15,6.));
#3474=CARTESIAN_POINT('',(224.1176451,1.45,6.));
#3475=CARTESIAN_POINT('Origin',(224.1176451,2.15,7.4));
#3476=CARTESIAN_POINT('',(229.1176451,1.95,7.4));
#3477=CARTESIAN_POINT('',(224.1176451,1.95,7.4));
#3478=CARTESIAN_POINT('',(229.1176451,1.45,7.4));
#3479=CARTESIAN_POINT('',(224.1176451,1.45,7.4));
#3480=CARTESIAN_POINT('',(229.1176451,2.15,7.4));
#3481=CARTESIAN_POINT('Origin',(224.1176451,1.45,6.7));
#3482=CARTESIAN_POINT('',(229.1176451,1.45,6.7));
#3483=CARTESIAN_POINT('Origin',(229.1176451,2.15,6.7));
#3484=CARTESIAN_POINT('',(229.1176451,1.95,5.85));
#3485=CARTESIAN_POINT('Origin',(220.1176451,2.75,5.));
#3486=CARTESIAN_POINT('',(220.1176451,1.95,9.));
#3487=CARTESIAN_POINT('',(220.1176451,1.95,5.));
#3488=CARTESIAN_POINT('',(220.1176451,2.75,9.));
#3489=CARTESIAN_POINT('Origin',(224.1176451,1.95,5.));
#3490=CARTESIAN_POINT('',(230.1176451,1.95,9.));
#3491=CARTESIAN_POINT('',(230.1176451,1.95,5.));
#3492=CARTESIAN_POINT('',(224.1176451,1.95,9.));
#3493=CARTESIAN_POINT('Origin',(224.1176451,2.75,9.));
#3494=CARTESIAN_POINT('',(230.1176451,2.75,9.));
#3495=CARTESIAN_POINT('Origin',(230.1176451,2.75,5.));
#3496=CARTESIAN_POINT('Origin',(229.1176451,49.35,6.7));
#3497=CARTESIAN_POINT('',(229.1176451,49.55,6.));
#3498=CARTESIAN_POINT('',(229.1176451,49.55,7.4));
#3499=CARTESIAN_POINT('',(229.1176451,49.55,5.85));
#3500=CARTESIAN_POINT('',(229.1176451,50.05,6.));
#3501=CARTESIAN_POINT('',(229.1176451,49.35,6.));
#3502=CARTESIAN_POINT('',(229.1176451,50.05,7.4));
#3503=CARTESIAN_POINT('',(229.1176451,50.05,6.7));
#3504=CARTESIAN_POINT('',(229.1176451,49.35,7.4));
#3505=CARTESIAN_POINT('Origin',(224.1176451,49.35,6.));
#3506=CARTESIAN_POINT('',(221.1176451,49.55,6.));
#3507=CARTESIAN_POINT('',(224.1176451,49.55,6.));
#3508=CARTESIAN_POINT('',(221.1176451,50.05,6.));
#3509=CARTESIAN_POINT('',(221.1176451,49.35,6.));
#3510=CARTESIAN_POINT('',(224.1176451,50.05,6.));
#3511=CARTESIAN_POINT('Origin',(224.1176451,49.35,7.4));
#3512=CARTESIAN_POINT('',(221.1176451,49.55,7.4));
#3513=CARTESIAN_POINT('',(224.1176451,49.55,7.4));
#3514=CARTESIAN_POINT('',(221.1176451,50.05,7.4));
#3515=CARTESIAN_POINT('',(224.1176451,50.05,7.4));
#3516=CARTESIAN_POINT('',(221.1176451,49.35,7.4));
#3517=CARTESIAN_POINT('Origin',(221.1176451,49.35,6.7));
#3518=CARTESIAN_POINT('',(221.1176451,49.55,5.85));
#3519=CARTESIAN_POINT('',(221.1176451,50.05,6.7));
#3520=CARTESIAN_POINT('Origin',(224.1176451,50.05,6.7));
#3521=CARTESIAN_POINT('Origin',(220.1176451,48.75,5.));
#3522=CARTESIAN_POINT('',(220.1176451,49.55,9.));
#3523=CARTESIAN_POINT('',(220.1176451,48.75,9.));
#3524=CARTESIAN_POINT('',(220.1176451,49.55,5.));
#3525=CARTESIAN_POINT('Origin',(224.1176451,48.75,9.));
#3526=CARTESIAN_POINT('',(230.1176451,49.55,9.));
#3527=CARTESIAN_POINT('',(230.1176451,48.75,9.));
#3528=CARTESIAN_POINT('',(224.1176451,49.55,9.));
#3529=CARTESIAN_POINT('Origin',(224.1176451,49.55,5.));
#3530=CARTESIAN_POINT('',(230.1176451,49.55,5.));
#3531=CARTESIAN_POINT('Origin',(230.1176451,48.75,5.));
#3532=CARTESIAN_POINT('Origin',(197.6176451,25.75,1.));
#3533=CARTESIAN_POINT('Origin',(250.6176451,25.75,1.));
#3534=UNCERTAINTY_MEASURE_WITH_UNIT(LENGTH_MEASURE(0.01),#3538,
'DISTANCE_ACCURACY_VALUE',
'Maximum model space distance between geometric entities at asserted c
onnectivities');
#3535=UNCERTAINTY_MEASURE_WITH_UNIT(LENGTH_MEASURE(0.01),#3538,
'DISTANCE_ACCURACY_VALUE',
'Maximum model space distance between geometric entities at asserted c
onnectivities');
#3536=(
GEOMETRIC_REPRESENTATION_CONTEXT(3)
GLOBAL_UNCERTAINTY_ASSIGNED_CONTEXT((#3534))
GLOBAL_UNIT_ASSIGNED_CONTEXT((#3538,#3540,#3541))
REPRESENTATION_CONTEXT('','3D')
);
#3537=(
GEOMETRIC_REPRESENTATION_CONTEXT(3)
GLOBAL_UNCERTAINTY_ASSIGNED_CONTEXT((#3535))
GLOBAL_UNIT_ASSIGNED_CONTEXT((#3538,#3540,#3541))
REPRESENTATION_CONTEXT('','3D')
);
#3538=(
LENGTH_UNIT()
NAMED_UNIT(*)
SI_UNIT(.MILLI.,.METRE.)
);
#3539=(
LENGTH_UNIT()
NAMED_UNIT(*)
SI_UNIT($,.METRE.)
);
#3540=(
NAMED_UNIT(*)
PLANE_ANGLE_UNIT()
SI_UNIT($,.RADIAN.)
);
#3541=(
NAMED_UNIT(*)
SI_UNIT($,.STERADIAN.)
SOLID_ANGLE_UNIT()
);
#3542=SHAPE_DEFINITION_REPRESENTATION(#3543,#3544);
#3543=PRODUCT_DEFINITION_SHAPE('',$,#3546);
#3544=SHAPE_REPRESENTATION('',(#2190),#3536);
#3545=PRODUCT_DEFINITION_CONTEXT('part definition',#3550,'design');
#3546=PRODUCT_DEFINITION('2026-07-19-21-26-50-658','xxx',#3547,#3545);
#3547=PRODUCT_DEFINITION_FORMATION('',$,#3552);
#3548=PRODUCT_RELATED_PRODUCT_CATEGORY('xxx','xxx',(#3552));
#3549=APPLICATION_PROTOCOL_DEFINITION('international standard',
'automotive_design',2009,#3550);
#3550=APPLICATION_CONTEXT(
'Core Data for Automotive Mechanical Design Process');
#3551=PRODUCT_CONTEXT('part definition',#3550,'mechanical');
#3552=PRODUCT('2026-07-19-21-26-50-658','xxx',$,(#3551));
#3553=PRESENTATION_STYLE_ASSIGNMENT((#3555));
#3554=PRESENTATION_STYLE_ASSIGNMENT((#3556));
#3555=SURFACE_STYLE_USAGE(.BOTH.,#3557);
#3556=SURFACE_STYLE_USAGE(.BOTH.,#3558);
#3557=SURFACE_SIDE_STYLE('',(#3559));
#3558=SURFACE_SIDE_STYLE('',(#3560));
#3559=SURFACE_STYLE_FILL_AREA(#3561);
#3560=SURFACE_STYLE_FILL_AREA(#3562);
#3561=FILL_AREA_STYLE('Stahl - satiniert',(#3563));
#3562=FILL_AREA_STYLE('Opaque(160,160,160)',(#3564));
#3563=FILL_AREA_STYLE_COLOUR('Stahl - satiniert',#3565);
#3564=FILL_AREA_STYLE_COLOUR('Opaque(160,160,160)',#3566);
#3565=COLOUR_RGB('Stahl - satiniert',0.627450980392157,0.627450980392157,
0.627450980392157);
#3566=COLOUR_RGB('Opaque(160,160,160)',0.627450980392157,0.627450980392157,
0.627450980392157);
ENDSEC;
END-ISO-10303-21;
