ISO-10303-21;
HEADER;
/* Generated by software containing ST-Developer
 * from STEP Tools, Inc. (www.steptools.com) 
 */

FILE_DESCRIPTION(
/* description */ (''),
/* implementation_level */ '2;1');

FILE_NAME(
/* name */ 'Deckel.step',
/* time_stamp */ '2026-09-26T20:03:11+02:00',
/* author */ (''),
/* organization */ (''),
/* preprocessor_version */ 'ST-DEVELOPER v20.2',
/* originating_system */ 'Autodesk Translation Framework v15.15.0.0',
/* authorisation */ '');

FILE_SCHEMA (('AUTOMOTIVE_DESIGN { 1 0 10303 214 3 1 1 }'));
ENDSEC;

DATA;
#10=MECHANICAL_DESIGN_GEOMETRIC_PRESENTATION_REPRESENTATION('',(#13),#4757);
#11=SHAPE_REPRESENTATION_RELATIONSHIP('SRR','None',#4764,#12);
#12=ADVANCED_BREP_SHAPE_REPRESENTATION('',(#14),#4756);
#13=STYLED_ITEM('',(#4774),#14);
#14=MANIFOLD_SOLID_BREP('Deckel',#2862);
#15=(
BOUNDED_CURVE()
B_SPLINE_CURVE(2,(#4176,#4177,#4178),.UNSPECIFIED.,.F.,.F.)
B_SPLINE_CURVE_WITH_KNOTS((3,3),(0.195734083462285,0.296022970376341),
 .UNSPECIFIED.)
CURVE()
GEOMETRIC_REPRESENTATION_ITEM()
RATIONAL_B_SPLINE_CURVE((1.00159204072273,1.00173021841346,1.00159204072273))
REPRESENTATION_ITEM('')
);
#16=(
BOUNDED_CURVE()
B_SPLINE_CURVE(2,(#4209,#4210,#4211),.UNSPECIFIED.,.F.,.F.)
B_SPLINE_CURVE_WITH_KNOTS((3,3),(0.195734083462256,0.296022970376311),
 .UNSPECIFIED.)
CURVE()
GEOMETRIC_REPRESENTATION_ITEM()
RATIONAL_B_SPLINE_CURVE((1.00159204072273,1.00173021841346,1.00159204072273))
REPRESENTATION_ITEM('')
);
#17=(
BOUNDED_CURVE()
B_SPLINE_CURVE(2,(#4219,#4220,#4221),.UNSPECIFIED.,.F.,.F.)
B_SPLINE_CURVE_WITH_KNOTS((3,3),(0.195734083462244,0.296022970376312),
 .UNSPECIFIED.)
CURVE()
GEOMETRIC_REPRESENTATION_ITEM()
RATIONAL_B_SPLINE_CURVE((1.00159204072285,1.0017302184136,1.00159204072285))
REPRESENTATION_ITEM('')
);
#18=(
BOUNDED_CURVE()
B_SPLINE_CURVE(2,(#4248,#4249,#4250),.UNSPECIFIED.,.F.,.F.)
B_SPLINE_CURVE_WITH_KNOTS((3,3),(0.195734083462248,0.296022970376316),
 .UNSPECIFIED.)
CURVE()
GEOMETRIC_REPRESENTATION_ITEM()
RATIONAL_B_SPLINE_CURVE((1.00159204072285,1.0017302184136,1.00159204072285))
REPRESENTATION_ITEM('')
);
#19=(
BOUNDED_CURVE()
B_SPLINE_CURVE(2,(#4265,#4266,#4267),.UNSPECIFIED.,.F.,.F.)
B_SPLINE_CURVE_WITH_KNOTS((3,3),(0.195734083462285,0.296022970376337),
 .UNSPECIFIED.)
CURVE()
GEOMETRIC_REPRESENTATION_ITEM()
RATIONAL_B_SPLINE_CURVE((1.0015920407227,1.00173021841343,1.0015920407227))
REPRESENTATION_ITEM('')
);
#20=(
BOUNDED_CURVE()
B_SPLINE_CURVE(2,(#4298,#4299,#4300),.UNSPECIFIED.,.F.,.F.)
B_SPLINE_CURVE_WITH_KNOTS((3,3),(0.195734083462259,0.296022970376312),
 .UNSPECIFIED.)
CURVE()
GEOMETRIC_REPRESENTATION_ITEM()
RATIONAL_B_SPLINE_CURVE((1.0015920407227,1.00173021841343,1.0015920407227))
REPRESENTATION_ITEM('')
);
#21=(
BOUNDED_CURVE()
B_SPLINE_CURVE(2,(#4308,#4309,#4310),.UNSPECIFIED.,.F.,.F.)
B_SPLINE_CURVE_WITH_KNOTS((3,3),(0.195734083462282,0.296022970376339),
 .UNSPECIFIED.)
CURVE()
GEOMETRIC_REPRESENTATION_ITEM()
RATIONAL_B_SPLINE_CURVE((1.00159204072273,1.00173021841346,1.00159204072273))
REPRESENTATION_ITEM('')
);
#22=(
BOUNDED_CURVE()
B_SPLINE_CURVE(2,(#4337,#4338,#4339),.UNSPECIFIED.,.F.,.F.)
B_SPLINE_CURVE_WITH_KNOTS((3,3),(0.195734083462258,0.296022970376314),
 .UNSPECIFIED.)
CURVE()
GEOMETRIC_REPRESENTATION_ITEM()
RATIONAL_B_SPLINE_CURVE((1.00159204072273,1.00173021841346,1.00159204072273))
REPRESENTATION_ITEM('')
);
#23=(
BOUNDED_CURVE()
B_SPLINE_CURVE(2,(#4363,#4364,#4365),.UNSPECIFIED.,.F.,.F.)
B_SPLINE_CURVE_WITH_KNOTS((3,3),(0.195734083462259,0.296022970376315),
 .UNSPECIFIED.)
CURVE()
GEOMETRIC_REPRESENTATION_ITEM()
RATIONAL_B_SPLINE_CURVE((1.00159204072273,1.00173021841346,1.00159204072273))
REPRESENTATION_ITEM('')
);
#24=(
BOUNDED_CURVE()
B_SPLINE_CURVE(2,(#4379,#4380,#4381),.UNSPECIFIED.,.F.,.F.)
B_SPLINE_CURVE_WITH_KNOTS((3,3),(0.195734083462282,0.296022970376338),
 .UNSPECIFIED.)
CURVE()
GEOMETRIC_REPRESENTATION_ITEM()
RATIONAL_B_SPLINE_CURVE((1.00159204072273,1.00173021841346,1.00159204072273))
REPRESENTATION_ITEM('')
);
#25=(
BOUNDED_CURVE()
B_SPLINE_CURVE(2,(#4405,#4406,#4407),.UNSPECIFIED.,.F.,.F.)
B_SPLINE_CURVE_WITH_KNOTS((3,3),(0.195734083462261,0.296022970376315),
 .UNSPECIFIED.)
CURVE()
GEOMETRIC_REPRESENTATION_ITEM()
RATIONAL_B_SPLINE_CURVE((1.00159204072272,1.00173021841345,1.00159204072272))
REPRESENTATION_ITEM('')
);
#26=(
BOUNDED_CURVE()
B_SPLINE_CURVE(2,(#4425,#4426,#4427),.UNSPECIFIED.,.F.,.F.)
B_SPLINE_CURVE_WITH_KNOTS((3,3),(0.195734083462289,0.296022970376343),
 .UNSPECIFIED.)
CURVE()
GEOMETRIC_REPRESENTATION_ITEM()
RATIONAL_B_SPLINE_CURVE((1.00159204072272,1.00173021841345,1.00159204072272))
REPRESENTATION_ITEM('')
);
#27=(
BOUNDED_CURVE()
B_SPLINE_CURVE(2,(#4456,#4457,#4458),.UNSPECIFIED.,.F.,.F.)
B_SPLINE_CURVE_WITH_KNOTS((3,3),(0.195734083462259,0.296022970376315),
 .UNSPECIFIED.)
CURVE()
GEOMETRIC_REPRESENTATION_ITEM()
RATIONAL_B_SPLINE_CURVE((1.00159204072273,1.00173021841346,1.00159204072273))
REPRESENTATION_ITEM('')
);
#28=(
BOUNDED_CURVE()
B_SPLINE_CURVE(2,(#4472,#4473,#4474),.UNSPECIFIED.,.F.,.F.)
B_SPLINE_CURVE_WITH_KNOTS((3,3),(0.195734083462282,0.296022970376338),
 .UNSPECIFIED.)
CURVE()
GEOMETRIC_REPRESENTATION_ITEM()
RATIONAL_B_SPLINE_CURVE((1.00159204072273,1.00173021841346,1.00159204072273))
REPRESENTATION_ITEM('')
);
#29=(
BOUNDED_CURVE()
B_SPLINE_CURVE(2,(#4498,#4499,#4500),.UNSPECIFIED.,.F.,.F.)
B_SPLINE_CURVE_WITH_KNOTS((3,3),(0.195734083462256,0.296022970376312),
 .UNSPECIFIED.)
CURVE()
GEOMETRIC_REPRESENTATION_ITEM()
RATIONAL_B_SPLINE_CURVE((1.00159204072273,1.00173021841346,1.00159204072273))
REPRESENTATION_ITEM('')
);
#30=(
BOUNDED_CURVE()
B_SPLINE_CURVE(2,(#4518,#4519,#4520),.UNSPECIFIED.,.F.,.F.)
B_SPLINE_CURVE_WITH_KNOTS((3,3),(0.195734083462285,0.296022970376341),
 .UNSPECIFIED.)
CURVE()
GEOMETRIC_REPRESENTATION_ITEM()
RATIONAL_B_SPLINE_CURVE((1.00159204072273,1.00173021841346,1.00159204072273))
REPRESENTATION_ITEM('')
);
#31=FACE_BOUND('',#345,.T.);
#32=FACE_BOUND('',#351,.T.);
#33=FACE_BOUND('',#395,.T.);
#34=FACE_BOUND('',#398,.T.);
#35=FACE_BOUND('',#401,.T.);
#36=FACE_BOUND('',#487,.T.);
#37=FACE_BOUND('',#488,.T.);
#38=FACE_BOUND('',#489,.T.);
#39=FACE_BOUND('',#490,.T.);
#40=FACE_BOUND('',#491,.T.);
#41=FACE_BOUND('',#492,.T.);
#42=FACE_BOUND('',#493,.T.);
#43=FACE_BOUND('',#494,.T.);
#44=FACE_BOUND('',#495,.T.);
#45=FACE_BOUND('',#496,.T.);
#46=FACE_BOUND('',#497,.T.);
#47=PLANE('',#2881);
#48=PLANE('',#2884);
#49=PLANE('',#2887);
#50=PLANE('',#2890);
#51=PLANE('',#2893);
#52=PLANE('',#2896);
#53=PLANE('',#2899);
#54=PLANE('',#2900);
#55=PLANE('',#2901);
#56=PLANE('',#2902);
#57=PLANE('',#2903);
#58=PLANE('',#2904);
#59=PLANE('',#2905);
#60=PLANE('',#2906);
#61=PLANE('',#2907);
#62=PLANE('',#2908);
#63=PLANE('',#2909);
#64=PLANE('',#2910);
#65=PLANE('',#2911);
#66=PLANE('',#2912);
#67=PLANE('',#2913);
#68=PLANE('',#2914);
#69=PLANE('',#2915);
#70=PLANE('',#2916);
#71=PLANE('',#2917);
#72=PLANE('',#2918);
#73=PLANE('',#2919);
#74=PLANE('',#2920);
#75=PLANE('',#2921);
#76=PLANE('',#2922);
#77=PLANE('',#2923);
#78=PLANE('',#2924);
#79=PLANE('',#2925);
#80=PLANE('',#2926);
#81=PLANE('',#2927);
#82=PLANE('',#2928);
#83=PLANE('',#2929);
#84=PLANE('',#2933);
#85=PLANE('',#2937);
#86=PLANE('',#2941);
#87=PLANE('',#2945);
#88=PLANE('',#2949);
#89=PLANE('',#2953);
#90=PLANE('',#2954);
#91=PLANE('',#2955);
#92=PLANE('',#2956);
#93=PLANE('',#2958);
#94=PLANE('',#2959);
#95=PLANE('',#2960);
#96=PLANE('',#2961);
#97=PLANE('',#2973);
#98=PLANE('',#2974);
#99=PLANE('',#2975);
#100=PLANE('',#2977);
#101=PLANE('',#2978);
#102=PLANE('',#2979);
#103=PLANE('',#2980);
#104=PLANE('',#2992);
#105=PLANE('',#2993);
#106=PLANE('',#2994);
#107=PLANE('',#2995);
#108=PLANE('',#2997);
#109=PLANE('',#2998);
#110=PLANE('',#2999);
#111=PLANE('',#3013);
#112=PLANE('',#3014);
#113=PLANE('',#3015);
#114=PLANE('',#3016);
#115=PLANE('',#3018);
#116=PLANE('',#3019);
#117=PLANE('',#3020);
#118=PLANE('',#3034);
#119=PLANE('',#3035);
#120=PLANE('',#3036);
#121=PLANE('',#3037);
#122=PLANE('',#3038);
#123=PLANE('',#3039);
#124=PLANE('',#3040);
#125=PLANE('',#3044);
#126=PLANE('',#3045);
#127=PLANE('',#3046);
#128=PLANE('',#3047);
#129=PLANE('',#3048);
#130=PLANE('',#3049);
#131=PLANE('',#3050);
#132=PLANE('',#3054);
#133=PLANE('',#3055);
#134=PLANE('',#3056);
#135=PLANE('',#3057);
#136=PLANE('',#3058);
#137=PLANE('',#3059);
#138=PLANE('',#3060);
#139=PLANE('',#3066);
#140=PLANE('',#3067);
#141=PLANE('',#3068);
#142=PLANE('',#3069);
#143=PLANE('',#3070);
#144=PLANE('',#3071);
#145=PLANE('',#3072);
#146=PLANE('',#3078);
#147=PLANE('',#3079);
#148=PLANE('',#3080);
#149=PLANE('',#3081);
#150=PLANE('',#3082);
#151=PLANE('',#3083);
#152=PLANE('',#3084);
#153=PLANE('',#3085);
#154=PLANE('',#3086);
#155=PLANE('',#3099);
#156=PLANE('',#3101);
#157=PLANE('',#3103);
#158=PLANE('',#3110);
#159=CYLINDRICAL_SURFACE('',#2879,32.);
#160=CYLINDRICAL_SURFACE('',#2885,3.5);
#161=CYLINDRICAL_SURFACE('',#2888,3.5);
#162=CYLINDRICAL_SURFACE('',#2894,1.93);
#163=CYLINDRICAL_SURFACE('',#2897,1.93);
#164=CYLINDRICAL_SURFACE('',#2930,1.5);
#165=CYLINDRICAL_SURFACE('',#2934,1.5);
#166=CYLINDRICAL_SURFACE('',#2938,1.5);
#167=CYLINDRICAL_SURFACE('',#2942,2.5);
#168=CYLINDRICAL_SURFACE('',#2946,2.5);
#169=CYLINDRICAL_SURFACE('',#2950,2.5);
#170=CYLINDRICAL_SURFACE('',#2967,29.9);
#171=CYLINDRICAL_SURFACE('',#2986,29.9);
#172=CYLINDRICAL_SURFACE('',#3005,29.9);
#173=CYLINDRICAL_SURFACE('',#3007,29.9);
#174=CYLINDRICAL_SURFACE('',#3026,29.9);
#175=CYLINDRICAL_SURFACE('',#3028,29.9);
#176=CYLINDRICAL_SURFACE('',#3042,29.9);
#177=CYLINDRICAL_SURFACE('',#3052,29.9);
#178=CYLINDRICAL_SURFACE('',#3062,29.9);
#179=CYLINDRICAL_SURFACE('',#3064,29.9);
#180=CYLINDRICAL_SURFACE('',#3074,29.9);
#181=CYLINDRICAL_SURFACE('',#3076,29.9);
#182=CYLINDRICAL_SURFACE('',#3095,29.9);
#183=CYLINDRICAL_SURFACE('',#3096,29.9);
#184=CYLINDRICAL_SURFACE('',#3097,29.9);
#185=CYLINDRICAL_SURFACE('',#3098,29.9);
#186=CYLINDRICAL_SURFACE('',#3105,28.7);
#187=CYLINDRICAL_SURFACE('',#3106,28.7);
#188=CYLINDRICAL_SURFACE('',#3107,28.7);
#189=CYLINDRICAL_SURFACE('',#3108,28.7);
#190=FACE_OUTER_BOUND('',#342,.T.);
#191=FACE_OUTER_BOUND('',#343,.T.);
#192=FACE_OUTER_BOUND('',#344,.T.);
#193=FACE_OUTER_BOUND('',#346,.T.);
#194=FACE_OUTER_BOUND('',#347,.T.);
#195=FACE_OUTER_BOUND('',#348,.T.);
#196=FACE_OUTER_BOUND('',#349,.T.);
#197=FACE_OUTER_BOUND('',#350,.T.);
#198=FACE_OUTER_BOUND('',#352,.T.);
#199=FACE_OUTER_BOUND('',#353,.T.);
#200=FACE_OUTER_BOUND('',#354,.T.);
#201=FACE_OUTER_BOUND('',#355,.T.);
#202=FACE_OUTER_BOUND('',#356,.T.);
#203=FACE_OUTER_BOUND('',#357,.T.);
#204=FACE_OUTER_BOUND('',#358,.T.);
#205=FACE_OUTER_BOUND('',#359,.T.);
#206=FACE_OUTER_BOUND('',#360,.T.);
#207=FACE_OUTER_BOUND('',#361,.T.);
#208=FACE_OUTER_BOUND('',#362,.T.);
#209=FACE_OUTER_BOUND('',#363,.T.);
#210=FACE_OUTER_BOUND('',#364,.T.);
#211=FACE_OUTER_BOUND('',#365,.T.);
#212=FACE_OUTER_BOUND('',#366,.T.);
#213=FACE_OUTER_BOUND('',#367,.T.);
#214=FACE_OUTER_BOUND('',#368,.T.);
#215=FACE_OUTER_BOUND('',#369,.T.);
#216=FACE_OUTER_BOUND('',#370,.T.);
#217=FACE_OUTER_BOUND('',#371,.T.);
#218=FACE_OUTER_BOUND('',#372,.T.);
#219=FACE_OUTER_BOUND('',#373,.T.);
#220=FACE_OUTER_BOUND('',#374,.T.);
#221=FACE_OUTER_BOUND('',#375,.T.);
#222=FACE_OUTER_BOUND('',#376,.T.);
#223=FACE_OUTER_BOUND('',#377,.T.);
#224=FACE_OUTER_BOUND('',#378,.T.);
#225=FACE_OUTER_BOUND('',#379,.T.);
#226=FACE_OUTER_BOUND('',#380,.T.);
#227=FACE_OUTER_BOUND('',#381,.T.);
#228=FACE_OUTER_BOUND('',#382,.T.);
#229=FACE_OUTER_BOUND('',#383,.T.);
#230=FACE_OUTER_BOUND('',#384,.T.);
#231=FACE_OUTER_BOUND('',#385,.T.);
#232=FACE_OUTER_BOUND('',#386,.T.);
#233=FACE_OUTER_BOUND('',#387,.T.);
#234=FACE_OUTER_BOUND('',#388,.T.);
#235=FACE_OUTER_BOUND('',#389,.T.);
#236=FACE_OUTER_BOUND('',#390,.T.);
#237=FACE_OUTER_BOUND('',#391,.T.);
#238=FACE_OUTER_BOUND('',#392,.T.);
#239=FACE_OUTER_BOUND('',#393,.T.);
#240=FACE_OUTER_BOUND('',#394,.T.);
#241=FACE_OUTER_BOUND('',#396,.T.);
#242=FACE_OUTER_BOUND('',#397,.T.);
#243=FACE_OUTER_BOUND('',#399,.T.);
#244=FACE_OUTER_BOUND('',#400,.T.);
#245=FACE_OUTER_BOUND('',#402,.T.);
#246=FACE_OUTER_BOUND('',#403,.T.);
#247=FACE_OUTER_BOUND('',#404,.T.);
#248=FACE_OUTER_BOUND('',#405,.T.);
#249=FACE_OUTER_BOUND('',#406,.T.);
#250=FACE_OUTER_BOUND('',#407,.T.);
#251=FACE_OUTER_BOUND('',#408,.T.);
#252=FACE_OUTER_BOUND('',#409,.T.);
#253=FACE_OUTER_BOUND('',#410,.T.);
#254=FACE_OUTER_BOUND('',#411,.T.);
#255=FACE_OUTER_BOUND('',#412,.T.);
#256=FACE_OUTER_BOUND('',#413,.T.);
#257=FACE_OUTER_BOUND('',#414,.T.);
#258=FACE_OUTER_BOUND('',#415,.T.);
#259=FACE_OUTER_BOUND('',#416,.T.);
#260=FACE_OUTER_BOUND('',#417,.T.);
#261=FACE_OUTER_BOUND('',#418,.T.);
#262=FACE_OUTER_BOUND('',#419,.T.);
#263=FACE_OUTER_BOUND('',#420,.T.);
#264=FACE_OUTER_BOUND('',#421,.T.);
#265=FACE_OUTER_BOUND('',#422,.T.);
#266=FACE_OUTER_BOUND('',#423,.T.);
#267=FACE_OUTER_BOUND('',#424,.T.);
#268=FACE_OUTER_BOUND('',#425,.T.);
#269=FACE_OUTER_BOUND('',#426,.T.);
#270=FACE_OUTER_BOUND('',#427,.T.);
#271=FACE_OUTER_BOUND('',#428,.T.);
#272=FACE_OUTER_BOUND('',#429,.T.);
#273=FACE_OUTER_BOUND('',#430,.T.);
#274=FACE_OUTER_BOUND('',#431,.T.);
#275=FACE_OUTER_BOUND('',#432,.T.);
#276=FACE_OUTER_BOUND('',#433,.T.);
#277=FACE_OUTER_BOUND('',#434,.T.);
#278=FACE_OUTER_BOUND('',#435,.T.);
#279=FACE_OUTER_BOUND('',#436,.T.);
#280=FACE_OUTER_BOUND('',#437,.T.);
#281=FACE_OUTER_BOUND('',#438,.T.);
#282=FACE_OUTER_BOUND('',#439,.T.);
#283=FACE_OUTER_BOUND('',#440,.T.);
#284=FACE_OUTER_BOUND('',#441,.T.);
#285=FACE_OUTER_BOUND('',#442,.T.);
#286=FACE_OUTER_BOUND('',#443,.T.);
#287=FACE_OUTER_BOUND('',#444,.T.);
#288=FACE_OUTER_BOUND('',#445,.T.);
#289=FACE_OUTER_BOUND('',#446,.T.);
#290=FACE_OUTER_BOUND('',#447,.T.);
#291=FACE_OUTER_BOUND('',#448,.T.);
#292=FACE_OUTER_BOUND('',#449,.T.);
#293=FACE_OUTER_BOUND('',#450,.T.);
#294=FACE_OUTER_BOUND('',#451,.T.);
#295=FACE_OUTER_BOUND('',#452,.T.);
#296=FACE_OUTER_BOUND('',#453,.T.);
#297=FACE_OUTER_BOUND('',#454,.T.);
#298=FACE_OUTER_BOUND('',#455,.T.);
#299=FACE_OUTER_BOUND('',#456,.T.);
#300=FACE_OUTER_BOUND('',#457,.T.);
#301=FACE_OUTER_BOUND('',#458,.T.);
#302=FACE_OUTER_BOUND('',#459,.T.);
#303=FACE_OUTER_BOUND('',#460,.T.);
#304=FACE_OUTER_BOUND('',#461,.T.);
#305=FACE_OUTER_BOUND('',#462,.T.);
#306=FACE_OUTER_BOUND('',#463,.T.);
#307=FACE_OUTER_BOUND('',#464,.T.);
#308=FACE_OUTER_BOUND('',#465,.T.);
#309=FACE_OUTER_BOUND('',#466,.T.);
#310=FACE_OUTER_BOUND('',#467,.T.);
#311=FACE_OUTER_BOUND('',#468,.T.);
#312=FACE_OUTER_BOUND('',#469,.T.);
#313=FACE_OUTER_BOUND('',#470,.T.);
#314=FACE_OUTER_BOUND('',#471,.T.);
#315=FACE_OUTER_BOUND('',#472,.T.);
#316=FACE_OUTER_BOUND('',#473,.T.);
#317=FACE_OUTER_BOUND('',#474,.T.);
#318=FACE_OUTER_BOUND('',#475,.T.);
#319=FACE_OUTER_BOUND('',#476,.T.);
#320=FACE_OUTER_BOUND('',#477,.T.);
#321=FACE_OUTER_BOUND('',#478,.T.);
#322=FACE_OUTER_BOUND('',#479,.T.);
#323=FACE_OUTER_BOUND('',#480,.T.);
#324=FACE_OUTER_BOUND('',#481,.T.);
#325=FACE_OUTER_BOUND('',#482,.T.);
#326=FACE_OUTER_BOUND('',#483,.T.);
#327=FACE_OUTER_BOUND('',#484,.T.);
#328=FACE_OUTER_BOUND('',#485,.T.);
#329=FACE_OUTER_BOUND('',#486,.T.);
#330=FACE_OUTER_BOUND('',#498,.T.);
#331=FACE_OUTER_BOUND('',#499,.T.);
#332=FACE_OUTER_BOUND('',#500,.T.);
#333=FACE_OUTER_BOUND('',#501,.T.);
#334=FACE_OUTER_BOUND('',#502,.T.);
#335=FACE_OUTER_BOUND('',#503,.T.);
#336=FACE_OUTER_BOUND('',#504,.T.);
#337=FACE_OUTER_BOUND('',#505,.T.);
#338=FACE_OUTER_BOUND('',#506,.T.);
#339=FACE_OUTER_BOUND('',#507,.T.);
#340=FACE_OUTER_BOUND('',#508,.T.);
#341=FACE_OUTER_BOUND('',#509,.T.);
#342=EDGE_LOOP('',(#1887,#1888,#1889,#1890));
#343=EDGE_LOOP('',(#1891,#1892,#1893,#1894));
#344=EDGE_LOOP('',(#1895));
#345=EDGE_LOOP('',(#1896,#1897,#1898,#1899));
#346=EDGE_LOOP('',(#1900,#1901,#1902,#1903));
#347=EDGE_LOOP('',(#1904,#1905,#1906,#1907));
#348=EDGE_LOOP('',(#1908,#1909,#1910,#1911));
#349=EDGE_LOOP('',(#1912,#1913,#1914,#1915));
#350=EDGE_LOOP('',(#1916,#1917,#1918,#1919));
#351=EDGE_LOOP('',(#1920,#1921,#1922,#1923));
#352=EDGE_LOOP('',(#1924,#1925,#1926,#1927));
#353=EDGE_LOOP('',(#1928,#1929,#1930,#1931));
#354=EDGE_LOOP('',(#1932,#1933,#1934,#1935));
#355=EDGE_LOOP('',(#1936,#1937,#1938,#1939));
#356=EDGE_LOOP('',(#1940,#1941,#1942,#1943));
#357=EDGE_LOOP('',(#1944,#1945,#1946,#1947));
#358=EDGE_LOOP('',(#1948,#1949,#1950,#1951));
#359=EDGE_LOOP('',(#1952,#1953,#1954,#1955,#1956,#1957,#1958,#1959));
#360=EDGE_LOOP('',(#1960,#1961,#1962,#1963));
#361=EDGE_LOOP('',(#1964,#1965,#1966,#1967));
#362=EDGE_LOOP('',(#1968,#1969,#1970,#1971));
#363=EDGE_LOOP('',(#1972,#1973,#1974,#1975,#1976,#1977,#1978,#1979));
#364=EDGE_LOOP('',(#1980,#1981,#1982,#1983));
#365=EDGE_LOOP('',(#1984,#1985,#1986,#1987));
#366=EDGE_LOOP('',(#1988,#1989,#1990,#1991));
#367=EDGE_LOOP('',(#1992,#1993,#1994,#1995));
#368=EDGE_LOOP('',(#1996,#1997,#1998,#1999));
#369=EDGE_LOOP('',(#2000,#2001,#2002,#2003));
#370=EDGE_LOOP('',(#2004,#2005,#2006,#2007));
#371=EDGE_LOOP('',(#2008,#2009,#2010,#2011));
#372=EDGE_LOOP('',(#2012,#2013,#2014,#2015));
#373=EDGE_LOOP('',(#2016,#2017,#2018,#2019));
#374=EDGE_LOOP('',(#2020,#2021,#2022,#2023));
#375=EDGE_LOOP('',(#2024,#2025,#2026,#2027,#2028,#2029,#2030,#2031,#2032,
#2033));
#376=EDGE_LOOP('',(#2034,#2035,#2036,#2037));
#377=EDGE_LOOP('',(#2038,#2039,#2040,#2041));
#378=EDGE_LOOP('',(#2042,#2043,#2044,#2045));
#379=EDGE_LOOP('',(#2046,#2047,#2048,#2049));
#380=EDGE_LOOP('',(#2050,#2051,#2052,#2053));
#381=EDGE_LOOP('',(#2054,#2055,#2056,#2057));
#382=EDGE_LOOP('',(#2058,#2059,#2060,#2061));
#383=EDGE_LOOP('',(#2062,#2063,#2064,#2065));
#384=EDGE_LOOP('',(#2066,#2067,#2068,#2069));
#385=EDGE_LOOP('',(#2070,#2071,#2072,#2073));
#386=EDGE_LOOP('',(#2074,#2075,#2076,#2077,#2078,#2079,#2080,#2081,#2082,
#2083));
#387=EDGE_LOOP('',(#2084,#2085,#2086,#2087));
#388=EDGE_LOOP('',(#2088));
#389=EDGE_LOOP('',(#2089,#2090,#2091,#2092));
#390=EDGE_LOOP('',(#2093));
#391=EDGE_LOOP('',(#2094,#2095,#2096,#2097));
#392=EDGE_LOOP('',(#2098));
#393=EDGE_LOOP('',(#2099,#2100,#2101,#2102));
#394=EDGE_LOOP('',(#2103));
#395=EDGE_LOOP('',(#2104));
#396=EDGE_LOOP('',(#2105,#2106,#2107,#2108));
#397=EDGE_LOOP('',(#2109));
#398=EDGE_LOOP('',(#2110));
#399=EDGE_LOOP('',(#2111,#2112,#2113,#2114));
#400=EDGE_LOOP('',(#2115));
#401=EDGE_LOOP('',(#2116));
#402=EDGE_LOOP('',(#2117,#2118,#2119,#2120));
#403=EDGE_LOOP('',(#2121,#2122,#2123,#2124));
#404=EDGE_LOOP('',(#2125,#2126,#2127,#2128));
#405=EDGE_LOOP('',(#2129,#2130,#2131,#2132));
#406=EDGE_LOOP('',(#2133,#2134,#2135,#2136));
#407=EDGE_LOOP('',(#2137,#2138,#2139,#2140));
#408=EDGE_LOOP('',(#2141,#2142,#2143,#2144));
#409=EDGE_LOOP('',(#2145,#2146,#2147,#2148,#2149,#2150,#2151,#2152,#2153,
#2154,#2155,#2156));
#410=EDGE_LOOP('',(#2157,#2158,#2159,#2160));
#411=EDGE_LOOP('',(#2161,#2162,#2163,#2164,#2165,#2166,#2167,#2168,#2169,
#2170,#2171,#2172));
#412=EDGE_LOOP('',(#2173,#2174,#2175,#2176));
#413=EDGE_LOOP('',(#2177,#2178,#2179,#2180));
#414=EDGE_LOOP('',(#2181,#2182,#2183,#2184));
#415=EDGE_LOOP('',(#2185,#2186,#2187,#2188));
#416=EDGE_LOOP('',(#2189,#2190,#2191,#2192));
#417=EDGE_LOOP('',(#2193,#2194,#2195,#2196));
#418=EDGE_LOOP('',(#2197,#2198,#2199,#2200));
#419=EDGE_LOOP('',(#2201,#2202,#2203,#2204,#2205,#2206,#2207,#2208,#2209,
#2210,#2211,#2212));
#420=EDGE_LOOP('',(#2213,#2214,#2215,#2216));
#421=EDGE_LOOP('',(#2217,#2218,#2219,#2220,#2221,#2222,#2223,#2224,#2225,
#2226,#2227,#2228));
#422=EDGE_LOOP('',(#2229,#2230,#2231,#2232));
#423=EDGE_LOOP('',(#2233,#2234,#2235,#2236));
#424=EDGE_LOOP('',(#2237,#2238,#2239,#2240));
#425=EDGE_LOOP('',(#2241,#2242,#2243,#2244));
#426=EDGE_LOOP('',(#2245,#2246,#2247,#2248));
#427=EDGE_LOOP('',(#2249,#2250,#2251,#2252));
#428=EDGE_LOOP('',(#2253,#2254,#2255,#2256));
#429=EDGE_LOOP('',(#2257,#2258,#2259,#2260,#2261,#2262,#2263,#2264,#2265,
#2266,#2267,#2268));
#430=EDGE_LOOP('',(#2269,#2270,#2271,#2272));
#431=EDGE_LOOP('',(#2273,#2274,#2275,#2276));
#432=EDGE_LOOP('',(#2277,#2278,#2279,#2280,#2281,#2282,#2283,#2284,#2285,
#2286,#2287,#2288));
#433=EDGE_LOOP('',(#2289,#2290,#2291,#2292));
#434=EDGE_LOOP('',(#2293,#2294,#2295,#2296));
#435=EDGE_LOOP('',(#2297,#2298,#2299,#2300));
#436=EDGE_LOOP('',(#2301,#2302,#2303,#2304));
#437=EDGE_LOOP('',(#2305,#2306,#2307,#2308));
#438=EDGE_LOOP('',(#2309,#2310,#2311,#2312));
#439=EDGE_LOOP('',(#2313,#2314,#2315,#2316));
#440=EDGE_LOOP('',(#2317,#2318,#2319,#2320,#2321,#2322,#2323,#2324,#2325,
#2326,#2327,#2328));
#441=EDGE_LOOP('',(#2329,#2330,#2331,#2332));
#442=EDGE_LOOP('',(#2333,#2334,#2335,#2336));
#443=EDGE_LOOP('',(#2337,#2338,#2339,#2340,#2341,#2342,#2343,#2344,#2345,
#2346,#2347,#2348));
#444=EDGE_LOOP('',(#2349,#2350,#2351,#2352));
#445=EDGE_LOOP('',(#2353,#2354,#2355,#2356));
#446=EDGE_LOOP('',(#2357,#2358,#2359,#2360));
#447=EDGE_LOOP('',(#2361,#2362,#2363,#2364));
#448=EDGE_LOOP('',(#2365,#2366,#2367,#2368));
#449=EDGE_LOOP('',(#2369,#2370,#2371,#2372));
#450=EDGE_LOOP('',(#2373,#2374,#2375,#2376));
#451=EDGE_LOOP('',(#2377,#2378,#2379,#2380,#2381,#2382,#2383,#2384,#2385,
#2386,#2387,#2388));
#452=EDGE_LOOP('',(#2389,#2390,#2391,#2392));
#453=EDGE_LOOP('',(#2393,#2394,#2395,#2396));
#454=EDGE_LOOP('',(#2397,#2398,#2399,#2400));
#455=EDGE_LOOP('',(#2401,#2402,#2403,#2404));
#456=EDGE_LOOP('',(#2405,#2406,#2407,#2408));
#457=EDGE_LOOP('',(#2409,#2410,#2411,#2412));
#458=EDGE_LOOP('',(#2413,#2414,#2415,#2416));
#459=EDGE_LOOP('',(#2417,#2418,#2419,#2420,#2421,#2422,#2423,#2424,#2425,
#2426,#2427,#2428));
#460=EDGE_LOOP('',(#2429,#2430,#2431,#2432));
#461=EDGE_LOOP('',(#2433,#2434,#2435,#2436));
#462=EDGE_LOOP('',(#2437,#2438,#2439,#2440));
#463=EDGE_LOOP('',(#2441,#2442,#2443,#2444));
#464=EDGE_LOOP('',(#2445,#2446,#2447,#2448));
#465=EDGE_LOOP('',(#2449,#2450,#2451,#2452));
#466=EDGE_LOOP('',(#2453,#2454,#2455,#2456));
#467=EDGE_LOOP('',(#2457,#2458,#2459,#2460));
#468=EDGE_LOOP('',(#2461,#2462,#2463,#2464,#2465,#2466,#2467,#2468,#2469,
#2470,#2471,#2472));
#469=EDGE_LOOP('',(#2473,#2474,#2475,#2476));
#470=EDGE_LOOP('',(#2477,#2478,#2479,#2480));
#471=EDGE_LOOP('',(#2481,#2482,#2483,#2484));
#472=EDGE_LOOP('',(#2485,#2486,#2487,#2488));
#473=EDGE_LOOP('',(#2489,#2490,#2491,#2492));
#474=EDGE_LOOP('',(#2493,#2494,#2495,#2496));
#475=EDGE_LOOP('',(#2497,#2498,#2499,#2500));
#476=EDGE_LOOP('',(#2501,#2502,#2503,#2504));
#477=EDGE_LOOP('',(#2505,#2506,#2507,#2508,#2509,#2510,#2511,#2512,#2513,
#2514,#2515,#2516));
#478=EDGE_LOOP('',(#2517,#2518,#2519,#2520,#2521,#2522,#2523));
#479=EDGE_LOOP('',(#2524,#2525,#2526,#2527,#2528,#2529,#2530));
#480=EDGE_LOOP('',(#2531,#2532,#2533,#2534,#2535,#2536,#2537));
#481=EDGE_LOOP('',(#2538,#2539,#2540,#2541,#2542,#2543,#2544));
#482=EDGE_LOOP('',(#2545,#2546,#2547,#2548,#2549,#2550,#2551));
#483=EDGE_LOOP('',(#2552,#2553,#2554,#2555,#2556,#2557,#2558));
#484=EDGE_LOOP('',(#2559,#2560,#2561,#2562,#2563,#2564,#2565));
#485=EDGE_LOOP('',(#2566,#2567,#2568,#2569,#2570,#2571,#2572));
#486=EDGE_LOOP('',(#2573));
#487=EDGE_LOOP('',(#2574,#2575,#2576,#2577));
#488=EDGE_LOOP('',(#2578,#2579,#2580,#2581,#2582,#2583,#2584,#2585,#2586,
#2587));
#489=EDGE_LOOP('',(#2588));
#490=EDGE_LOOP('',(#2589));
#491=EDGE_LOOP('',(#2590));
#492=EDGE_LOOP('',(#2591,#2592,#2593,#2594,#2595,#2596,#2597,#2598,#2599,
#2600,#2601,#2602));
#493=EDGE_LOOP('',(#2603,#2604,#2605,#2606,#2607,#2608,#2609,#2610,#2611,
#2612,#2613,#2614));
#494=EDGE_LOOP('',(#2615,#2616,#2617,#2618,#2619,#2620,#2621,#2622,#2623,
#2624,#2625,#2626));
#495=EDGE_LOOP('',(#2627,#2628,#2629,#2630,#2631,#2632,#2633,#2634,#2635,
#2636,#2637,#2638));
#496=EDGE_LOOP('',(#2639,#2640,#2641,#2642,#2643,#2644,#2645,#2646,#2647,
#2648));
#497=EDGE_LOOP('',(#2649,#2650,#2651,#2652));
#498=EDGE_LOOP('',(#2653,#2654,#2655,#2656));
#499=EDGE_LOOP('',(#2657,#2658,#2659,#2660));
#500=EDGE_LOOP('',(#2661,#2662,#2663,#2664));
#501=EDGE_LOOP('',(#2665,#2666,#2667,#2668));
#502=EDGE_LOOP('',(#2669,#2670,#2671,#2672));
#503=EDGE_LOOP('',(#2673,#2674,#2675,#2676));
#504=EDGE_LOOP('',(#2677,#2678,#2679,#2680));
#505=EDGE_LOOP('',(#2681,#2682,#2683,#2684));
#506=EDGE_LOOP('',(#2685,#2686,#2687,#2688));
#507=EDGE_LOOP('',(#2689,#2690,#2691,#2692));
#508=EDGE_LOOP('',(#2693,#2694,#2695,#2696));
#509=EDGE_LOOP('',(#2697,#2698,#2699,#2700));
#510=LINE('',#3896,#818);
#511=LINE('',#3900,#819);
#512=LINE('',#3905,#820);
#513=LINE('',#3909,#821);
#514=LINE('',#3913,#822);
#515=LINE('',#3915,#823);
#516=LINE('',#3916,#824);
#517=LINE('',#3919,#825);
#518=LINE('',#3923,#826);
#519=LINE('',#3924,#827);
#520=LINE('',#3930,#828);
#521=LINE('',#3934,#829);
#522=LINE('',#3938,#830);
#523=LINE('',#3940,#831);
#524=LINE('',#3941,#832);
#525=LINE('',#3944,#833);
#526=LINE('',#3948,#834);
#527=LINE('',#3949,#835);
#528=LINE('',#3955,#836);
#529=LINE('',#3957,#837);
#530=LINE('',#3959,#838);
#531=LINE('',#3960,#839);
#532=LINE('',#3964,#840);
#533=LINE('',#3966,#841);
#534=LINE('',#3968,#842);
#535=LINE('',#3969,#843);
#536=LINE('',#3971,#844);
#537=LINE('',#3972,#845);
#538=LINE('',#3975,#846);
#539=LINE('',#3977,#847);
#540=LINE('',#3979,#848);
#541=LINE('',#3981,#849);
#542=LINE('',#3982,#850);
#543=LINE('',#3985,#851);
#544=LINE('',#3986,#852);
#545=LINE('',#3989,#853);
#546=LINE('',#3991,#854);
#547=LINE('',#3992,#855);
#548=LINE('',#3995,#856);
#549=LINE('',#3996,#857);
#550=LINE('',#3998,#858);
#551=LINE('',#3999,#859);
#552=LINE('',#4004,#860);
#553=LINE('',#4006,#861);
#554=LINE('',#4008,#862);
#555=LINE('',#4009,#863);
#556=LINE('',#4012,#864);
#557=LINE('',#4014,#865);
#558=LINE('',#4015,#866);
#559=LINE('',#4018,#867);
#560=LINE('',#4020,#868);
#561=LINE('',#4021,#869);
#562=LINE('',#4024,#870);
#563=LINE('',#4026,#871);
#564=LINE('',#4027,#872);
#565=LINE('',#4030,#873);
#566=LINE('',#4032,#874);
#567=LINE('',#4033,#875);
#568=LINE('',#4036,#876);
#569=LINE('',#4038,#877);
#570=LINE('',#4039,#878);
#571=LINE('',#4042,#879);
#572=LINE('',#4044,#880);
#573=LINE('',#4045,#881);
#574=LINE('',#4048,#882);
#575=LINE('',#4050,#883);
#576=LINE('',#4051,#884);
#577=LINE('',#4054,#885);
#578=LINE('',#4056,#886);
#579=LINE('',#4057,#887);
#580=LINE('',#4059,#888);
#581=LINE('',#4060,#889);
#582=LINE('',#4065,#890);
#583=LINE('',#4067,#891);
#584=LINE('',#4069,#892);
#585=LINE('',#4070,#893);
#586=LINE('',#4073,#894);
#587=LINE('',#4075,#895);
#588=LINE('',#4076,#896);
#589=LINE('',#4079,#897);
#590=LINE('',#4081,#898);
#591=LINE('',#4082,#899);
#592=LINE('',#4085,#900);
#593=LINE('',#4087,#901);
#594=LINE('',#4088,#902);
#595=LINE('',#4091,#903);
#596=LINE('',#4093,#904);
#597=LINE('',#4094,#905);
#598=LINE('',#4097,#906);
#599=LINE('',#4099,#907);
#600=LINE('',#4100,#908);
#601=LINE('',#4103,#909);
#602=LINE('',#4105,#910);
#603=LINE('',#4106,#911);
#604=LINE('',#4109,#912);
#605=LINE('',#4111,#913);
#606=LINE('',#4112,#914);
#607=LINE('',#4115,#915);
#608=LINE('',#4117,#916);
#609=LINE('',#4118,#917);
#610=LINE('',#4120,#918);
#611=LINE('',#4121,#919);
#612=LINE('',#4127,#920);
#613=LINE('',#4134,#921);
#614=LINE('',#4141,#922);
#615=LINE('',#4148,#923);
#616=LINE('',#4155,#924);
#617=LINE('',#4162,#925);
#618=LINE('',#4168,#926);
#619=LINE('',#4170,#927);
#620=LINE('',#4172,#928);
#621=LINE('',#4173,#929);
#622=LINE('',#4180,#930);
#623=LINE('',#4181,#931);
#624=LINE('',#4185,#932);
#625=LINE('',#4188,#933);
#626=LINE('',#4189,#934);
#627=LINE('',#4193,#935);
#628=LINE('',#4195,#936);
#629=LINE('',#4197,#937);
#630=LINE('',#4198,#938);
#631=LINE('',#4202,#939);
#632=LINE('',#4204,#940);
#633=LINE('',#4206,#941);
#634=LINE('',#4207,#942);
#635=LINE('',#4212,#943);
#636=LINE('',#4217,#944);
#637=LINE('',#4223,#945);
#638=LINE('',#4227,#946);
#639=LINE('',#4231,#947);
#640=LINE('',#4236,#948);
#641=LINE('',#4240,#949);
#642=LINE('',#4242,#950);
#643=LINE('',#4246,#951);
#644=LINE('',#4252,#952);
#645=LINE('',#4257,#953);
#646=LINE('',#4259,#954);
#647=LINE('',#4261,#955);
#648=LINE('',#4262,#956);
#649=LINE('',#4269,#957);
#650=LINE('',#4270,#958);
#651=LINE('',#4274,#959);
#652=LINE('',#4277,#960);
#653=LINE('',#4278,#961);
#654=LINE('',#4282,#962);
#655=LINE('',#4284,#963);
#656=LINE('',#4286,#964);
#657=LINE('',#4287,#965);
#658=LINE('',#4291,#966);
#659=LINE('',#4293,#967);
#660=LINE('',#4295,#968);
#661=LINE('',#4296,#969);
#662=LINE('',#4301,#970);
#663=LINE('',#4306,#971);
#664=LINE('',#4312,#972);
#665=LINE('',#4316,#973);
#666=LINE('',#4320,#974);
#667=LINE('',#4325,#975);
#668=LINE('',#4329,#976);
#669=LINE('',#4331,#977);
#670=LINE('',#4335,#978);
#671=LINE('',#4341,#979);
#672=LINE('',#4346,#980);
#673=LINE('',#4348,#981);
#674=LINE('',#4350,#982);
#675=LINE('',#4351,#983);
#676=LINE('',#4355,#984);
#677=LINE('',#4357,#985);
#678=LINE('',#4359,#986);
#679=LINE('',#4360,#987);
#680=LINE('',#4367,#988);
#681=LINE('',#4368,#989);
#682=LINE('',#4372,#990);
#683=LINE('',#4375,#991);
#684=LINE('',#4376,#992);
#685=LINE('',#4383,#993);
#686=LINE('',#4384,#994);
#687=LINE('',#4388,#995);
#688=LINE('',#4389,#996);
#689=LINE('',#4390,#997);
#690=LINE('',#4395,#998);
#691=LINE('',#4399,#999);
#692=LINE('',#4403,#1000);
#693=LINE('',#4409,#1001);
#694=LINE('',#4414,#1002);
#695=LINE('',#4417,#1003);
#696=LINE('',#4423,#1004);
#697=LINE('',#4429,#1005);
#698=LINE('',#4432,#1006);
#699=LINE('',#4434,#1007);
#700=LINE('',#4439,#1008);
#701=LINE('',#4441,#1009);
#702=LINE('',#4443,#1010);
#703=LINE('',#4444,#1011);
#704=LINE('',#4448,#1012);
#705=LINE('',#4450,#1013);
#706=LINE('',#4452,#1014);
#707=LINE('',#4453,#1015);
#708=LINE('',#4460,#1016);
#709=LINE('',#4461,#1017);
#710=LINE('',#4465,#1018);
#711=LINE('',#4468,#1019);
#712=LINE('',#4469,#1020);
#713=LINE('',#4476,#1021);
#714=LINE('',#4477,#1022);
#715=LINE('',#4481,#1023);
#716=LINE('',#4482,#1024);
#717=LINE('',#4483,#1025);
#718=LINE('',#4488,#1026);
#719=LINE('',#4492,#1027);
#720=LINE('',#4496,#1028);
#721=LINE('',#4502,#1029);
#722=LINE('',#4507,#1030);
#723=LINE('',#4510,#1031);
#724=LINE('',#4516,#1032);
#725=LINE('',#4522,#1033);
#726=LINE('',#4525,#1034);
#727=LINE('',#4527,#1035);
#728=LINE('',#4531,#1036);
#729=LINE('',#4533,#1037);
#730=LINE('',#4534,#1038);
#731=LINE('',#4537,#1039);
#732=LINE('',#4539,#1040);
#733=LINE('',#4540,#1041);
#734=LINE('',#4543,#1042);
#735=LINE('',#4544,#1043);
#736=LINE('',#4547,#1044);
#737=LINE('',#4548,#1045);
#738=LINE('',#4551,#1046);
#739=LINE('',#4552,#1047);
#740=LINE('',#4554,#1048);
#741=LINE('',#4559,#1049);
#742=LINE('',#4562,#1050);
#743=LINE('',#4565,#1051);
#744=LINE('',#4567,#1052);
#745=LINE('',#4568,#1053);
#746=LINE('',#4571,#1054);
#747=LINE('',#4573,#1055);
#748=LINE('',#4574,#1056);
#749=LINE('',#4577,#1057);
#750=LINE('',#4578,#1058);
#751=LINE('',#4581,#1059);
#752=LINE('',#4582,#1060);
#753=LINE('',#4585,#1061);
#754=LINE('',#4586,#1062);
#755=LINE('',#4588,#1063);
#756=LINE('',#4593,#1064);
#757=LINE('',#4596,#1065);
#758=LINE('',#4599,#1066);
#759=LINE('',#4601,#1067);
#760=LINE('',#4602,#1068);
#761=LINE('',#4605,#1069);
#762=LINE('',#4606,#1070);
#763=LINE('',#4609,#1071);
#764=LINE('',#4610,#1072);
#765=LINE('',#4613,#1073);
#766=LINE('',#4614,#1074);
#767=LINE('',#4617,#1075);
#768=LINE('',#4619,#1076);
#769=LINE('',#4620,#1077);
#770=LINE('',#4622,#1078);
#771=LINE('',#4628,#1079);
#772=LINE('',#4631,#1080);
#773=LINE('',#4634,#1081);
#774=LINE('',#4637,#1082);
#775=LINE('',#4639,#1083);
#776=LINE('',#4640,#1084);
#777=LINE('',#4643,#1085);
#778=LINE('',#4644,#1086);
#779=LINE('',#4647,#1087);
#780=LINE('',#4648,#1088);
#781=LINE('',#4651,#1089);
#782=LINE('',#4652,#1090);
#783=LINE('',#4655,#1091);
#784=LINE('',#4657,#1092);
#785=LINE('',#4658,#1093);
#786=LINE('',#4660,#1094);
#787=LINE('',#4666,#1095);
#788=LINE('',#4669,#1096);
#789=LINE('',#4672,#1097);
#790=LINE('',#4675,#1098);
#791=LINE('',#4677,#1099);
#792=LINE('',#4678,#1100);
#793=LINE('',#4681,#1101);
#794=LINE('',#4683,#1102);
#795=LINE('',#4685,#1103);
#796=LINE('',#4686,#1104);
#797=LINE('',#4689,#1105);
#798=LINE('',#4691,#1106);
#799=LINE('',#4692,#1107);
#800=LINE('',#4695,#1108);
#801=LINE('',#4697,#1109);
#802=LINE('',#4699,#1110);
#803=LINE('',#4700,#1111);
#804=LINE('',#4703,#1112);
#805=LINE('',#4705,#1113);
#806=LINE('',#4706,#1114);
#807=LINE('',#4709,#1115);
#808=LINE('',#4711,#1116);
#809=LINE('',#4713,#1117);
#810=LINE('',#4714,#1118);
#811=LINE('',#4717,#1119);
#812=LINE('',#4719,#1120);
#813=LINE('',#4720,#1121);
#814=LINE('',#4723,#1122);
#815=LINE('',#4725,#1123);
#816=LINE('',#4727,#1124);
#817=LINE('',#4728,#1125);
#818=VECTOR('',#3117,31.6);
#819=VECTOR('',#3122,32.);
#820=VECTOR('',#3127,10.);
#821=VECTOR('',#3130,10.);
#822=VECTOR('',#3135,10.);
#823=VECTOR('',#3136,10.);
#824=VECTOR('',#3137,10.);
#825=VECTOR('',#3140,10.);
#826=VECTOR('',#3145,10.);
#827=VECTOR('',#3146,10.);
#828=VECTOR('',#3153,10.);
#829=VECTOR('',#3156,10.);
#830=VECTOR('',#3161,10.);
#831=VECTOR('',#3162,10.);
#832=VECTOR('',#3163,10.);
#833=VECTOR('',#3166,10.);
#834=VECTOR('',#3171,10.);
#835=VECTOR('',#3172,10.);
#836=VECTOR('',#3179,10.);
#837=VECTOR('',#3180,10.);
#838=VECTOR('',#3181,10.);
#839=VECTOR('',#3182,10.);
#840=VECTOR('',#3185,10.);
#841=VECTOR('',#3186,10.);
#842=VECTOR('',#3187,10.);
#843=VECTOR('',#3188,10.);
#844=VECTOR('',#3191,10.);
#845=VECTOR('',#3192,10.);
#846=VECTOR('',#3195,10.);
#847=VECTOR('',#3196,10.);
#848=VECTOR('',#3197,10.);
#849=VECTOR('',#3198,10.);
#850=VECTOR('',#3199,10.);
#851=VECTOR('',#3202,10.);
#852=VECTOR('',#3203,10.);
#853=VECTOR('',#3206,10.);
#854=VECTOR('',#3207,10.);
#855=VECTOR('',#3208,10.);
#856=VECTOR('',#3211,10.);
#857=VECTOR('',#3212,10.);
#858=VECTOR('',#3215,10.);
#859=VECTOR('',#3216,10.);
#860=VECTOR('',#3221,10.);
#861=VECTOR('',#3222,10.);
#862=VECTOR('',#3223,10.);
#863=VECTOR('',#3224,10.);
#864=VECTOR('',#3227,10.);
#865=VECTOR('',#3228,10.);
#866=VECTOR('',#3229,10.);
#867=VECTOR('',#3232,10.);
#868=VECTOR('',#3233,10.);
#869=VECTOR('',#3234,10.);
#870=VECTOR('',#3237,10.);
#871=VECTOR('',#3238,10.);
#872=VECTOR('',#3239,10.);
#873=VECTOR('',#3242,10.);
#874=VECTOR('',#3243,10.);
#875=VECTOR('',#3244,10.);
#876=VECTOR('',#3247,10.);
#877=VECTOR('',#3248,10.);
#878=VECTOR('',#3249,10.);
#879=VECTOR('',#3252,10.);
#880=VECTOR('',#3253,10.);
#881=VECTOR('',#3254,10.);
#882=VECTOR('',#3257,10.);
#883=VECTOR('',#3258,10.);
#884=VECTOR('',#3259,10.);
#885=VECTOR('',#3262,10.);
#886=VECTOR('',#3263,10.);
#887=VECTOR('',#3264,10.);
#888=VECTOR('',#3267,10.);
#889=VECTOR('',#3268,10.);
#890=VECTOR('',#3273,10.);
#891=VECTOR('',#3274,10.);
#892=VECTOR('',#3275,10.);
#893=VECTOR('',#3276,10.);
#894=VECTOR('',#3279,10.);
#895=VECTOR('',#3280,10.);
#896=VECTOR('',#3281,10.);
#897=VECTOR('',#3284,10.);
#898=VECTOR('',#3285,10.);
#899=VECTOR('',#3286,10.);
#900=VECTOR('',#3289,10.);
#901=VECTOR('',#3290,10.);
#902=VECTOR('',#3291,10.);
#903=VECTOR('',#3294,10.);
#904=VECTOR('',#3295,10.);
#905=VECTOR('',#3296,10.);
#906=VECTOR('',#3299,10.);
#907=VECTOR('',#3300,10.);
#908=VECTOR('',#3301,10.);
#909=VECTOR('',#3304,10.);
#910=VECTOR('',#3305,10.);
#911=VECTOR('',#3306,10.);
#912=VECTOR('',#3309,10.);
#913=VECTOR('',#3310,10.);
#914=VECTOR('',#3311,10.);
#915=VECTOR('',#3314,10.);
#916=VECTOR('',#3315,10.);
#917=VECTOR('',#3316,10.);
#918=VECTOR('',#3319,10.);
#919=VECTOR('',#3320,10.);
#920=VECTOR('',#3327,1.5);
#921=VECTOR('',#3336,1.5);
#922=VECTOR('',#3345,1.5);
#923=VECTOR('',#3354,2.5);
#924=VECTOR('',#3363,2.5);
#925=VECTOR('',#3372,2.5);
#926=VECTOR('',#3379,10.);
#927=VECTOR('',#3380,10.);
#928=VECTOR('',#3381,10.);
#929=VECTOR('',#3382,10.);
#930=VECTOR('',#3385,10.);
#931=VECTOR('',#3386,10.);
#932=VECTOR('',#3391,10.);
#933=VECTOR('',#3394,10.);
#934=VECTOR('',#3395,10.);
#935=VECTOR('',#3398,10.);
#936=VECTOR('',#3399,10.);
#937=VECTOR('',#3400,10.);
#938=VECTOR('',#3401,10.);
#939=VECTOR('',#3404,10.);
#940=VECTOR('',#3405,10.);
#941=VECTOR('',#3406,10.);
#942=VECTOR('',#3407,10.);
#943=VECTOR('',#3410,10.);
#944=VECTOR('',#3415,10.);
#945=VECTOR('',#3416,10.);
#946=VECTOR('',#3419,10.);
#947=VECTOR('',#3422,10.);
#948=VECTOR('',#3429,10.);
#949=VECTOR('',#3434,10.);
#950=VECTOR('',#3435,10.);
#951=VECTOR('',#3438,10.);
#952=VECTOR('',#3439,10.);
#953=VECTOR('',#3444,10.);
#954=VECTOR('',#3445,10.);
#955=VECTOR('',#3446,10.);
#956=VECTOR('',#3447,10.);
#957=VECTOR('',#3450,10.);
#958=VECTOR('',#3451,10.);
#959=VECTOR('',#3456,10.);
#960=VECTOR('',#3459,10.);
#961=VECTOR('',#3460,10.);
#962=VECTOR('',#3463,10.);
#963=VECTOR('',#3464,10.);
#964=VECTOR('',#3465,10.);
#965=VECTOR('',#3466,10.);
#966=VECTOR('',#3469,10.);
#967=VECTOR('',#3470,10.);
#968=VECTOR('',#3471,10.);
#969=VECTOR('',#3472,10.);
#970=VECTOR('',#3475,10.);
#971=VECTOR('',#3480,10.);
#972=VECTOR('',#3481,10.);
#973=VECTOR('',#3484,10.);
#974=VECTOR('',#3487,10.);
#975=VECTOR('',#3494,10.);
#976=VECTOR('',#3499,10.);
#977=VECTOR('',#3500,10.);
#978=VECTOR('',#3503,10.);
#979=VECTOR('',#3504,10.);
#980=VECTOR('',#3509,10.);
#981=VECTOR('',#3510,10.);
#982=VECTOR('',#3511,10.);
#983=VECTOR('',#3512,10.);
#984=VECTOR('',#3515,10.);
#985=VECTOR('',#3516,10.);
#986=VECTOR('',#3517,10.);
#987=VECTOR('',#3518,10.);
#988=VECTOR('',#3521,10.);
#989=VECTOR('',#3522,10.);
#990=VECTOR('',#3527,10.);
#991=VECTOR('',#3530,10.);
#992=VECTOR('',#3531,10.);
#993=VECTOR('',#3534,10.);
#994=VECTOR('',#3535,10.);
#995=VECTOR('',#3538,10.);
#996=VECTOR('',#3539,10.);
#997=VECTOR('',#3540,10.);
#998=VECTOR('',#3545,10.);
#999=VECTOR('',#3548,10.);
#1000=VECTOR('',#3551,10.);
#1001=VECTOR('',#3552,10.);
#1002=VECTOR('',#3559,10.);
#1003=VECTOR('',#3562,10.);
#1004=VECTOR('',#3569,10.);
#1005=VECTOR('',#3570,10.);
#1006=VECTOR('',#3573,10.);
#1007=VECTOR('',#3574,10.);
#1008=VECTOR('',#3579,10.);
#1009=VECTOR('',#3580,10.);
#1010=VECTOR('',#3581,10.);
#1011=VECTOR('',#3582,10.);
#1012=VECTOR('',#3585,10.);
#1013=VECTOR('',#3586,10.);
#1014=VECTOR('',#3587,10.);
#1015=VECTOR('',#3588,10.);
#1016=VECTOR('',#3591,10.);
#1017=VECTOR('',#3592,10.);
#1018=VECTOR('',#3597,10.);
#1019=VECTOR('',#3600,10.);
#1020=VECTOR('',#3601,10.);
#1021=VECTOR('',#3604,10.);
#1022=VECTOR('',#3605,10.);
#1023=VECTOR('',#3608,10.);
#1024=VECTOR('',#3609,10.);
#1025=VECTOR('',#3610,10.);
#1026=VECTOR('',#3615,10.);
#1027=VECTOR('',#3618,10.);
#1028=VECTOR('',#3621,10.);
#1029=VECTOR('',#3622,10.);
#1030=VECTOR('',#3629,10.);
#1031=VECTOR('',#3632,10.);
#1032=VECTOR('',#3639,10.);
#1033=VECTOR('',#3640,10.);
#1034=VECTOR('',#3643,10.);
#1035=VECTOR('',#3644,10.);
#1036=VECTOR('',#3649,10.);
#1037=VECTOR('',#3650,10.);
#1038=VECTOR('',#3651,10.);
#1039=VECTOR('',#3654,10.);
#1040=VECTOR('',#3655,10.);
#1041=VECTOR('',#3656,10.);
#1042=VECTOR('',#3659,10.);
#1043=VECTOR('',#3660,10.);
#1044=VECTOR('',#3663,10.);
#1045=VECTOR('',#3664,10.);
#1046=VECTOR('',#3667,10.);
#1047=VECTOR('',#3668,10.);
#1048=VECTOR('',#3671,10.);
#1049=VECTOR('',#3678,10.);
#1050=VECTOR('',#3681,10.);
#1051=VECTOR('',#3684,10.);
#1052=VECTOR('',#3685,10.);
#1053=VECTOR('',#3686,10.);
#1054=VECTOR('',#3689,10.);
#1055=VECTOR('',#3690,10.);
#1056=VECTOR('',#3691,10.);
#1057=VECTOR('',#3694,10.);
#1058=VECTOR('',#3695,10.);
#1059=VECTOR('',#3698,10.);
#1060=VECTOR('',#3699,10.);
#1061=VECTOR('',#3702,10.);
#1062=VECTOR('',#3703,10.);
#1063=VECTOR('',#3706,10.);
#1064=VECTOR('',#3713,10.);
#1065=VECTOR('',#3716,10.);
#1066=VECTOR('',#3719,10.);
#1067=VECTOR('',#3720,10.);
#1068=VECTOR('',#3721,10.);
#1069=VECTOR('',#3724,10.);
#1070=VECTOR('',#3725,10.);
#1071=VECTOR('',#3728,10.);
#1072=VECTOR('',#3729,10.);
#1073=VECTOR('',#3732,10.);
#1074=VECTOR('',#3733,10.);
#1075=VECTOR('',#3736,10.);
#1076=VECTOR('',#3737,10.);
#1077=VECTOR('',#3738,10.);
#1078=VECTOR('',#3741,10.);
#1079=VECTOR('',#3750,10.);
#1080=VECTOR('',#3753,10.);
#1081=VECTOR('',#3756,10.);
#1082=VECTOR('',#3759,10.);
#1083=VECTOR('',#3760,10.);
#1084=VECTOR('',#3761,10.);
#1085=VECTOR('',#3764,10.);
#1086=VECTOR('',#3765,10.);
#1087=VECTOR('',#3768,10.);
#1088=VECTOR('',#3769,10.);
#1089=VECTOR('',#3772,10.);
#1090=VECTOR('',#3773,10.);
#1091=VECTOR('',#3776,10.);
#1092=VECTOR('',#3777,10.);
#1093=VECTOR('',#3778,10.);
#1094=VECTOR('',#3781,10.);
#1095=VECTOR('',#3790,10.);
#1096=VECTOR('',#3793,10.);
#1097=VECTOR('',#3796,10.);
#1098=VECTOR('',#3799,10.);
#1099=VECTOR('',#3800,10.);
#1100=VECTOR('',#3801,10.);
#1101=VECTOR('',#3804,10.);
#1102=VECTOR('',#3805,10.);
#1103=VECTOR('',#3806,10.);
#1104=VECTOR('',#3807,10.);
#1105=VECTOR('',#3810,10.);
#1106=VECTOR('',#3811,10.);
#1107=VECTOR('',#3812,10.);
#1108=VECTOR('',#3815,10.);
#1109=VECTOR('',#3816,10.);
#1110=VECTOR('',#3817,10.);
#1111=VECTOR('',#3818,10.);
#1112=VECTOR('',#3821,10.);
#1113=VECTOR('',#3822,10.);
#1114=VECTOR('',#3823,10.);
#1115=VECTOR('',#3826,10.);
#1116=VECTOR('',#3827,10.);
#1117=VECTOR('',#3828,10.);
#1118=VECTOR('',#3829,10.);
#1119=VECTOR('',#3832,10.);
#1120=VECTOR('',#3833,10.);
#1121=VECTOR('',#3834,10.);
#1122=VECTOR('',#3837,10.);
#1123=VECTOR('',#3838,10.);
#1124=VECTOR('',#3839,10.);
#1125=VECTOR('',#3840,10.);
#1126=CIRCLE('',#2877,31.2);
#1127=CIRCLE('',#2878,32.);
#1128=CIRCLE('',#2880,32.);
#1129=CIRCLE('',#2882,3.5);
#1130=CIRCLE('',#2883,3.5);
#1131=CIRCLE('',#2886,3.5);
#1132=CIRCLE('',#2889,3.5);
#1133=CIRCLE('',#2891,1.93);
#1134=CIRCLE('',#2892,1.93);
#1135=CIRCLE('',#2895,1.93);
#1136=CIRCLE('',#2898,1.93);
#1137=CIRCLE('',#2931,1.5);
#1138=CIRCLE('',#2932,1.5);
#1139=CIRCLE('',#2935,1.5);
#1140=CIRCLE('',#2936,1.5);
#1141=CIRCLE('',#2939,1.5);
#1142=CIRCLE('',#2940,1.5);
#1143=CIRCLE('',#2943,2.5);
#1144=CIRCLE('',#2944,2.5);
#1145=CIRCLE('',#2947,2.5);
#1146=CIRCLE('',#2948,2.5);
#1147=CIRCLE('',#2951,2.5);
#1148=CIRCLE('',#2952,2.5);
#1149=CIRCLE('',#2957,29.9);
#1150=CIRCLE('',#2963,29.9);
#1151=CIRCLE('',#2964,29.9);
#1152=CIRCLE('',#2965,30.2);
#1153=CIRCLE('',#2966,29.9);
#1154=CIRCLE('',#2968,29.9);
#1155=CIRCLE('',#2970,29.9);
#1156=CIRCLE('',#2971,29.9);
#1157=CIRCLE('',#2972,29.9);
#1158=CIRCLE('',#2976,29.9);
#1159=CIRCLE('',#2982,29.9);
#1160=CIRCLE('',#2983,29.9);
#1161=CIRCLE('',#2984,30.2);
#1162=CIRCLE('',#2985,29.9);
#1163=CIRCLE('',#2987,29.9);
#1164=CIRCLE('',#2989,29.9);
#1165=CIRCLE('',#2990,29.9);
#1166=CIRCLE('',#2991,29.9);
#1167=CIRCLE('',#2996,29.9);
#1168=CIRCLE('',#3001,29.9);
#1169=CIRCLE('',#3002,30.2);
#1170=CIRCLE('',#3003,29.9);
#1171=CIRCLE('',#3004,29.9);
#1172=CIRCLE('',#3006,29.9);
#1173=CIRCLE('',#3008,29.9);
#1174=CIRCLE('',#3010,29.9);
#1175=CIRCLE('',#3011,29.9);
#1176=CIRCLE('',#3012,29.9);
#1177=CIRCLE('',#3017,29.9);
#1178=CIRCLE('',#3022,29.9);
#1179=CIRCLE('',#3023,30.2);
#1180=CIRCLE('',#3024,29.9);
#1181=CIRCLE('',#3025,29.9);
#1182=CIRCLE('',#3027,29.9);
#1183=CIRCLE('',#3029,29.9);
#1184=CIRCLE('',#3031,29.9);
#1185=CIRCLE('',#3032,29.9);
#1186=CIRCLE('',#3033,29.9);
#1187=CIRCLE('',#3041,29.9);
#1188=CIRCLE('',#3043,29.9);
#1189=CIRCLE('',#3051,29.9);
#1190=CIRCLE('',#3053,29.9);
#1191=CIRCLE('',#3061,29.9);
#1192=CIRCLE('',#3063,29.9);
#1193=CIRCLE('',#3065,29.9);
#1194=CIRCLE('',#3073,29.9);
#1195=CIRCLE('',#3075,29.9);
#1196=CIRCLE('',#3077,29.9);
#1197=CIRCLE('',#3087,29.9);
#1198=CIRCLE('',#3088,28.7);
#1199=CIRCLE('',#3089,29.9);
#1200=CIRCLE('',#3090,28.7);
#1201=CIRCLE('',#3091,29.9);
#1202=CIRCLE('',#3092,28.7);
#1203=CIRCLE('',#3093,29.9);
#1204=CIRCLE('',#3094,28.7);
#1205=CIRCLE('',#3100,28.7);
#1206=CIRCLE('',#3102,28.7);
#1207=CIRCLE('',#3104,28.7);
#1208=CIRCLE('',#3109,28.7);
#1209=VERTEX_POINT('',#3893);
#1210=VERTEX_POINT('',#3895);
#1211=VERTEX_POINT('',#3899);
#1212=VERTEX_POINT('',#3903);
#1213=VERTEX_POINT('',#3904);
#1214=VERTEX_POINT('',#3906);
#1215=VERTEX_POINT('',#3908);
#1216=VERTEX_POINT('',#3912);
#1217=VERTEX_POINT('',#3914);
#1218=VERTEX_POINT('',#3918);
#1219=VERTEX_POINT('',#3922);
#1220=VERTEX_POINT('',#3928);
#1221=VERTEX_POINT('',#3929);
#1222=VERTEX_POINT('',#3931);
#1223=VERTEX_POINT('',#3933);
#1224=VERTEX_POINT('',#3937);
#1225=VERTEX_POINT('',#3939);
#1226=VERTEX_POINT('',#3943);
#1227=VERTEX_POINT('',#3947);
#1228=VERTEX_POINT('',#3953);
#1229=VERTEX_POINT('',#3954);
#1230=VERTEX_POINT('',#3956);
#1231=VERTEX_POINT('',#3958);
#1232=VERTEX_POINT('',#3962);
#1233=VERTEX_POINT('',#3963);
#1234=VERTEX_POINT('',#3965);
#1235=VERTEX_POINT('',#3967);
#1236=VERTEX_POINT('',#3974);
#1237=VERTEX_POINT('',#3976);
#1238=VERTEX_POINT('',#3978);
#1239=VERTEX_POINT('',#3980);
#1240=VERTEX_POINT('',#3984);
#1241=VERTEX_POINT('',#3988);
#1242=VERTEX_POINT('',#3990);
#1243=VERTEX_POINT('',#3994);
#1244=VERTEX_POINT('',#4002);
#1245=VERTEX_POINT('',#4003);
#1246=VERTEX_POINT('',#4005);
#1247=VERTEX_POINT('',#4007);
#1248=VERTEX_POINT('',#4011);
#1249=VERTEX_POINT('',#4013);
#1250=VERTEX_POINT('',#4017);
#1251=VERTEX_POINT('',#4019);
#1252=VERTEX_POINT('',#4023);
#1253=VERTEX_POINT('',#4025);
#1254=VERTEX_POINT('',#4029);
#1255=VERTEX_POINT('',#4031);
#1256=VERTEX_POINT('',#4035);
#1257=VERTEX_POINT('',#4037);
#1258=VERTEX_POINT('',#4041);
#1259=VERTEX_POINT('',#4043);
#1260=VERTEX_POINT('',#4047);
#1261=VERTEX_POINT('',#4049);
#1262=VERTEX_POINT('',#4053);
#1263=VERTEX_POINT('',#4055);
#1264=VERTEX_POINT('',#4063);
#1265=VERTEX_POINT('',#4064);
#1266=VERTEX_POINT('',#4066);
#1267=VERTEX_POINT('',#4068);
#1268=VERTEX_POINT('',#4072);
#1269=VERTEX_POINT('',#4074);
#1270=VERTEX_POINT('',#4078);
#1271=VERTEX_POINT('',#4080);
#1272=VERTEX_POINT('',#4084);
#1273=VERTEX_POINT('',#4086);
#1274=VERTEX_POINT('',#4090);
#1275=VERTEX_POINT('',#4092);
#1276=VERTEX_POINT('',#4096);
#1277=VERTEX_POINT('',#4098);
#1278=VERTEX_POINT('',#4102);
#1279=VERTEX_POINT('',#4104);
#1280=VERTEX_POINT('',#4108);
#1281=VERTEX_POINT('',#4110);
#1282=VERTEX_POINT('',#4114);
#1283=VERTEX_POINT('',#4116);
#1284=VERTEX_POINT('',#4124);
#1285=VERTEX_POINT('',#4126);
#1286=VERTEX_POINT('',#4131);
#1287=VERTEX_POINT('',#4133);
#1288=VERTEX_POINT('',#4138);
#1289=VERTEX_POINT('',#4140);
#1290=VERTEX_POINT('',#4145);
#1291=VERTEX_POINT('',#4147);
#1292=VERTEX_POINT('',#4152);
#1293=VERTEX_POINT('',#4154);
#1294=VERTEX_POINT('',#4159);
#1295=VERTEX_POINT('',#4161);
#1296=VERTEX_POINT('',#4166);
#1297=VERTEX_POINT('',#4167);
#1298=VERTEX_POINT('',#4169);
#1299=VERTEX_POINT('',#4171);
#1300=VERTEX_POINT('',#4175);
#1301=VERTEX_POINT('',#4179);
#1302=VERTEX_POINT('',#4183);
#1303=VERTEX_POINT('',#4187);
#1304=VERTEX_POINT('',#4191);
#1305=VERTEX_POINT('',#4192);
#1306=VERTEX_POINT('',#4194);
#1307=VERTEX_POINT('',#4196);
#1308=VERTEX_POINT('',#4200);
#1309=VERTEX_POINT('',#4201);
#1310=VERTEX_POINT('',#4203);
#1311=VERTEX_POINT('',#4205);
#1312=VERTEX_POINT('',#4214);
#1313=VERTEX_POINT('',#4216);
#1314=VERTEX_POINT('',#4218);
#1315=VERTEX_POINT('',#4222);
#1316=VERTEX_POINT('',#4224);
#1317=VERTEX_POINT('',#4226);
#1318=VERTEX_POINT('',#4228);
#1319=VERTEX_POINT('',#4230);
#1320=VERTEX_POINT('',#4234);
#1321=VERTEX_POINT('',#4238);
#1322=VERTEX_POINT('',#4241);
#1323=VERTEX_POINT('',#4243);
#1324=VERTEX_POINT('',#4245);
#1325=VERTEX_POINT('',#4247);
#1326=VERTEX_POINT('',#4251);
#1327=VERTEX_POINT('',#4255);
#1328=VERTEX_POINT('',#4256);
#1329=VERTEX_POINT('',#4258);
#1330=VERTEX_POINT('',#4260);
#1331=VERTEX_POINT('',#4264);
#1332=VERTEX_POINT('',#4268);
#1333=VERTEX_POINT('',#4272);
#1334=VERTEX_POINT('',#4276);
#1335=VERTEX_POINT('',#4280);
#1336=VERTEX_POINT('',#4281);
#1337=VERTEX_POINT('',#4283);
#1338=VERTEX_POINT('',#4285);
#1339=VERTEX_POINT('',#4289);
#1340=VERTEX_POINT('',#4290);
#1341=VERTEX_POINT('',#4292);
#1342=VERTEX_POINT('',#4294);
#1343=VERTEX_POINT('',#4303);
#1344=VERTEX_POINT('',#4305);
#1345=VERTEX_POINT('',#4307);
#1346=VERTEX_POINT('',#4311);
#1347=VERTEX_POINT('',#4313);
#1348=VERTEX_POINT('',#4315);
#1349=VERTEX_POINT('',#4317);
#1350=VERTEX_POINT('',#4319);
#1351=VERTEX_POINT('',#4323);
#1352=VERTEX_POINT('',#4327);
#1353=VERTEX_POINT('',#4330);
#1354=VERTEX_POINT('',#4332);
#1355=VERTEX_POINT('',#4334);
#1356=VERTEX_POINT('',#4336);
#1357=VERTEX_POINT('',#4340);
#1358=VERTEX_POINT('',#4344);
#1359=VERTEX_POINT('',#4345);
#1360=VERTEX_POINT('',#4347);
#1361=VERTEX_POINT('',#4349);
#1362=VERTEX_POINT('',#4353);
#1363=VERTEX_POINT('',#4354);
#1364=VERTEX_POINT('',#4356);
#1365=VERTEX_POINT('',#4358);
#1366=VERTEX_POINT('',#4362);
#1367=VERTEX_POINT('',#4366);
#1368=VERTEX_POINT('',#4370);
#1369=VERTEX_POINT('',#4374);
#1370=VERTEX_POINT('',#4378);
#1371=VERTEX_POINT('',#4382);
#1372=VERTEX_POINT('',#4386);
#1373=VERTEX_POINT('',#4387);
#1374=VERTEX_POINT('',#4392);
#1375=VERTEX_POINT('',#4394);
#1376=VERTEX_POINT('',#4396);
#1377=VERTEX_POINT('',#4398);
#1378=VERTEX_POINT('',#4400);
#1379=VERTEX_POINT('',#4402);
#1380=VERTEX_POINT('',#4404);
#1381=VERTEX_POINT('',#4408);
#1382=VERTEX_POINT('',#4412);
#1383=VERTEX_POINT('',#4416);
#1384=VERTEX_POINT('',#4420);
#1385=VERTEX_POINT('',#4422);
#1386=VERTEX_POINT('',#4424);
#1387=VERTEX_POINT('',#4428);
#1388=VERTEX_POINT('',#4430);
#1389=VERTEX_POINT('',#4433);
#1390=VERTEX_POINT('',#4437);
#1391=VERTEX_POINT('',#4438);
#1392=VERTEX_POINT('',#4440);
#1393=VERTEX_POINT('',#4442);
#1394=VERTEX_POINT('',#4446);
#1395=VERTEX_POINT('',#4447);
#1396=VERTEX_POINT('',#4449);
#1397=VERTEX_POINT('',#4451);
#1398=VERTEX_POINT('',#4455);
#1399=VERTEX_POINT('',#4459);
#1400=VERTEX_POINT('',#4463);
#1401=VERTEX_POINT('',#4467);
#1402=VERTEX_POINT('',#4471);
#1403=VERTEX_POINT('',#4475);
#1404=VERTEX_POINT('',#4479);
#1405=VERTEX_POINT('',#4480);
#1406=VERTEX_POINT('',#4485);
#1407=VERTEX_POINT('',#4487);
#1408=VERTEX_POINT('',#4489);
#1409=VERTEX_POINT('',#4491);
#1410=VERTEX_POINT('',#4493);
#1411=VERTEX_POINT('',#4495);
#1412=VERTEX_POINT('',#4497);
#1413=VERTEX_POINT('',#4501);
#1414=VERTEX_POINT('',#4505);
#1415=VERTEX_POINT('',#4509);
#1416=VERTEX_POINT('',#4513);
#1417=VERTEX_POINT('',#4515);
#1418=VERTEX_POINT('',#4517);
#1419=VERTEX_POINT('',#4521);
#1420=VERTEX_POINT('',#4523);
#1421=VERTEX_POINT('',#4526);
#1422=VERTEX_POINT('',#4530);
#1423=VERTEX_POINT('',#4532);
#1424=VERTEX_POINT('',#4536);
#1425=VERTEX_POINT('',#4538);
#1426=VERTEX_POINT('',#4542);
#1427=VERTEX_POINT('',#4546);
#1428=VERTEX_POINT('',#4550);
#1429=VERTEX_POINT('',#4558);
#1430=VERTEX_POINT('',#4560);
#1431=VERTEX_POINT('',#4564);
#1432=VERTEX_POINT('',#4566);
#1433=VERTEX_POINT('',#4570);
#1434=VERTEX_POINT('',#4572);
#1435=VERTEX_POINT('',#4576);
#1436=VERTEX_POINT('',#4580);
#1437=VERTEX_POINT('',#4584);
#1438=VERTEX_POINT('',#4592);
#1439=VERTEX_POINT('',#4594);
#1440=VERTEX_POINT('',#4598);
#1441=VERTEX_POINT('',#4600);
#1442=VERTEX_POINT('',#4604);
#1443=VERTEX_POINT('',#4608);
#1444=VERTEX_POINT('',#4612);
#1445=VERTEX_POINT('',#4616);
#1446=VERTEX_POINT('',#4618);
#1447=VERTEX_POINT('',#4626);
#1448=VERTEX_POINT('',#4630);
#1449=VERTEX_POINT('',#4632);
#1450=VERTEX_POINT('',#4636);
#1451=VERTEX_POINT('',#4638);
#1452=VERTEX_POINT('',#4642);
#1453=VERTEX_POINT('',#4646);
#1454=VERTEX_POINT('',#4650);
#1455=VERTEX_POINT('',#4654);
#1456=VERTEX_POINT('',#4656);
#1457=VERTEX_POINT('',#4664);
#1458=VERTEX_POINT('',#4668);
#1459=VERTEX_POINT('',#4670);
#1460=VERTEX_POINT('',#4674);
#1461=VERTEX_POINT('',#4676);
#1462=VERTEX_POINT('',#4680);
#1463=VERTEX_POINT('',#4682);
#1464=VERTEX_POINT('',#4684);
#1465=VERTEX_POINT('',#4688);
#1466=VERTEX_POINT('',#4690);
#1467=VERTEX_POINT('',#4694);
#1468=VERTEX_POINT('',#4696);
#1469=VERTEX_POINT('',#4698);
#1470=VERTEX_POINT('',#4702);
#1471=VERTEX_POINT('',#4704);
#1472=VERTEX_POINT('',#4708);
#1473=VERTEX_POINT('',#4710);
#1474=VERTEX_POINT('',#4712);
#1475=VERTEX_POINT('',#4716);
#1476=VERTEX_POINT('',#4718);
#1477=VERTEX_POINT('',#4722);
#1478=VERTEX_POINT('',#4724);
#1479=VERTEX_POINT('',#4726);
#1480=EDGE_CURVE('',#1209,#1209,#1126,.T.);
#1481=EDGE_CURVE('',#1209,#1210,#510,.T.);
#1482=EDGE_CURVE('',#1210,#1210,#1127,.T.);
#1483=EDGE_CURVE('',#1210,#1211,#511,.T.);
#1484=EDGE_CURVE('',#1211,#1211,#1128,.T.);
#1485=EDGE_CURVE('',#1212,#1213,#512,.T.);
#1486=EDGE_CURVE('',#1213,#1214,#1129,.T.);
#1487=EDGE_CURVE('',#1214,#1215,#513,.T.);
#1488=EDGE_CURVE('',#1215,#1212,#1130,.T.);
#1489=EDGE_CURVE('',#1212,#1216,#514,.T.);
#1490=EDGE_CURVE('',#1216,#1217,#515,.T.);
#1491=EDGE_CURVE('',#1213,#1217,#516,.T.);
#1492=EDGE_CURVE('',#1215,#1218,#517,.T.);
#1493=EDGE_CURVE('',#1218,#1216,#1131,.T.);
#1494=EDGE_CURVE('',#1214,#1219,#518,.T.);
#1495=EDGE_CURVE('',#1219,#1218,#519,.T.);
#1496=EDGE_CURVE('',#1217,#1219,#1132,.T.);
#1497=EDGE_CURVE('',#1220,#1221,#520,.T.);
#1498=EDGE_CURVE('',#1222,#1220,#1133,.T.);
#1499=EDGE_CURVE('',#1223,#1222,#521,.T.);
#1500=EDGE_CURVE('',#1221,#1223,#1134,.T.);
#1501=EDGE_CURVE('',#1224,#1222,#522,.T.);
#1502=EDGE_CURVE('',#1225,#1224,#523,.T.);
#1503=EDGE_CURVE('',#1225,#1223,#524,.T.);
#1504=EDGE_CURVE('',#1226,#1220,#525,.T.);
#1505=EDGE_CURVE('',#1224,#1226,#1135,.T.);
#1506=EDGE_CURVE('',#1227,#1221,#526,.T.);
#1507=EDGE_CURVE('',#1226,#1227,#527,.T.);
#1508=EDGE_CURVE('',#1227,#1225,#1136,.T.);
#1509=EDGE_CURVE('',#1228,#1229,#528,.T.);
#1510=EDGE_CURVE('',#1230,#1228,#529,.T.);
#1511=EDGE_CURVE('',#1230,#1231,#530,.T.);
#1512=EDGE_CURVE('',#1229,#1231,#531,.T.);
#1513=EDGE_CURVE('',#1232,#1233,#532,.T.);
#1514=EDGE_CURVE('',#1234,#1232,#533,.T.);
#1515=EDGE_CURVE('',#1235,#1234,#534,.T.);
#1516=EDGE_CURVE('',#1233,#1235,#535,.T.);
#1517=EDGE_CURVE('',#1231,#1234,#536,.T.);
#1518=EDGE_CURVE('',#1235,#1230,#537,.T.);
#1519=EDGE_CURVE('',#1236,#1232,#538,.T.);
#1520=EDGE_CURVE('',#1237,#1236,#539,.T.);
#1521=EDGE_CURVE('',#1237,#1238,#540,.T.);
#1522=EDGE_CURVE('',#1239,#1238,#541,.T.);
#1523=EDGE_CURVE('',#1229,#1239,#542,.T.);
#1524=EDGE_CURVE('',#1240,#1233,#543,.T.);
#1525=EDGE_CURVE('',#1236,#1240,#544,.T.);
#1526=EDGE_CURVE('',#1241,#1237,#545,.T.);
#1527=EDGE_CURVE('',#1241,#1242,#546,.T.);
#1528=EDGE_CURVE('',#1238,#1242,#547,.T.);
#1529=EDGE_CURVE('',#1243,#1239,#548,.T.);
#1530=EDGE_CURVE('',#1228,#1243,#549,.T.);
#1531=EDGE_CURVE('',#1242,#1243,#550,.T.);
#1532=EDGE_CURVE('',#1240,#1241,#551,.T.);
#1533=EDGE_CURVE('',#1244,#1245,#552,.T.);
#1534=EDGE_CURVE('',#1244,#1246,#553,.T.);
#1535=EDGE_CURVE('',#1247,#1246,#554,.T.);
#1536=EDGE_CURVE('',#1245,#1247,#555,.T.);
#1537=EDGE_CURVE('',#1248,#1244,#556,.T.);
#1538=EDGE_CURVE('',#1248,#1249,#557,.T.);
#1539=EDGE_CURVE('',#1246,#1249,#558,.T.);
#1540=EDGE_CURVE('',#1250,#1248,#559,.T.);
#1541=EDGE_CURVE('',#1250,#1251,#560,.T.);
#1542=EDGE_CURVE('',#1249,#1251,#561,.T.);
#1543=EDGE_CURVE('',#1252,#1250,#562,.T.);
#1544=EDGE_CURVE('',#1252,#1253,#563,.T.);
#1545=EDGE_CURVE('',#1251,#1253,#564,.T.);
#1546=EDGE_CURVE('',#1254,#1252,#565,.T.);
#1547=EDGE_CURVE('',#1254,#1255,#566,.T.);
#1548=EDGE_CURVE('',#1253,#1255,#567,.T.);
#1549=EDGE_CURVE('',#1245,#1256,#568,.T.);
#1550=EDGE_CURVE('',#1257,#1247,#569,.T.);
#1551=EDGE_CURVE('',#1256,#1257,#570,.T.);
#1552=EDGE_CURVE('',#1256,#1258,#571,.T.);
#1553=EDGE_CURVE('',#1259,#1257,#572,.T.);
#1554=EDGE_CURVE('',#1258,#1259,#573,.T.);
#1555=EDGE_CURVE('',#1258,#1260,#574,.T.);
#1556=EDGE_CURVE('',#1261,#1259,#575,.T.);
#1557=EDGE_CURVE('',#1260,#1261,#576,.T.);
#1558=EDGE_CURVE('',#1260,#1262,#577,.T.);
#1559=EDGE_CURVE('',#1263,#1261,#578,.T.);
#1560=EDGE_CURVE('',#1262,#1263,#579,.T.);
#1561=EDGE_CURVE('',#1262,#1254,#580,.T.);
#1562=EDGE_CURVE('',#1255,#1263,#581,.T.);
#1563=EDGE_CURVE('',#1264,#1265,#582,.T.);
#1564=EDGE_CURVE('',#1264,#1266,#583,.T.);
#1565=EDGE_CURVE('',#1267,#1266,#584,.T.);
#1566=EDGE_CURVE('',#1265,#1267,#585,.T.);
#1567=EDGE_CURVE('',#1268,#1264,#586,.T.);
#1568=EDGE_CURVE('',#1268,#1269,#587,.T.);
#1569=EDGE_CURVE('',#1266,#1269,#588,.T.);
#1570=EDGE_CURVE('',#1270,#1268,#589,.T.);
#1571=EDGE_CURVE('',#1270,#1271,#590,.T.);
#1572=EDGE_CURVE('',#1269,#1271,#591,.T.);
#1573=EDGE_CURVE('',#1272,#1270,#592,.T.);
#1574=EDGE_CURVE('',#1272,#1273,#593,.T.);
#1575=EDGE_CURVE('',#1271,#1273,#594,.T.);
#1576=EDGE_CURVE('',#1274,#1272,#595,.T.);
#1577=EDGE_CURVE('',#1274,#1275,#596,.T.);
#1578=EDGE_CURVE('',#1273,#1275,#597,.T.);
#1579=EDGE_CURVE('',#1265,#1276,#598,.T.);
#1580=EDGE_CURVE('',#1277,#1267,#599,.T.);
#1581=EDGE_CURVE('',#1276,#1277,#600,.T.);
#1582=EDGE_CURVE('',#1276,#1278,#601,.T.);
#1583=EDGE_CURVE('',#1279,#1277,#602,.T.);
#1584=EDGE_CURVE('',#1278,#1279,#603,.T.);
#1585=EDGE_CURVE('',#1278,#1280,#604,.T.);
#1586=EDGE_CURVE('',#1281,#1279,#605,.T.);
#1587=EDGE_CURVE('',#1280,#1281,#606,.T.);
#1588=EDGE_CURVE('',#1280,#1282,#607,.T.);
#1589=EDGE_CURVE('',#1283,#1281,#608,.T.);
#1590=EDGE_CURVE('',#1282,#1283,#609,.T.);
#1591=EDGE_CURVE('',#1282,#1274,#610,.T.);
#1592=EDGE_CURVE('',#1275,#1283,#611,.T.);
#1593=EDGE_CURVE('',#1284,#1284,#1137,.T.);
#1594=EDGE_CURVE('',#1284,#1285,#612,.T.);
#1595=EDGE_CURVE('',#1285,#1285,#1138,.T.);
#1596=EDGE_CURVE('',#1286,#1286,#1139,.T.);
#1597=EDGE_CURVE('',#1286,#1287,#613,.T.);
#1598=EDGE_CURVE('',#1287,#1287,#1140,.T.);
#1599=EDGE_CURVE('',#1288,#1288,#1141,.T.);
#1600=EDGE_CURVE('',#1288,#1289,#614,.T.);
#1601=EDGE_CURVE('',#1289,#1289,#1142,.T.);
#1602=EDGE_CURVE('',#1290,#1290,#1143,.T.);
#1603=EDGE_CURVE('',#1290,#1291,#615,.T.);
#1604=EDGE_CURVE('',#1291,#1291,#1144,.T.);
#1605=EDGE_CURVE('',#1292,#1292,#1145,.T.);
#1606=EDGE_CURVE('',#1292,#1293,#616,.T.);
#1607=EDGE_CURVE('',#1293,#1293,#1146,.T.);
#1608=EDGE_CURVE('',#1294,#1294,#1147,.T.);
#1609=EDGE_CURVE('',#1294,#1295,#617,.T.);
#1610=EDGE_CURVE('',#1295,#1295,#1148,.T.);
#1611=EDGE_CURVE('',#1296,#1297,#618,.T.);
#1612=EDGE_CURVE('',#1298,#1296,#619,.T.);
#1613=EDGE_CURVE('',#1299,#1298,#620,.T.);
#1614=EDGE_CURVE('',#1297,#1299,#621,.T.);
#1615=EDGE_CURVE('',#1297,#1300,#15,.T.);
#1616=EDGE_CURVE('',#1301,#1299,#622,.T.);
#1617=EDGE_CURVE('',#1300,#1301,#623,.T.);
#1618=EDGE_CURVE('',#1302,#1298,#1149,.T.);
#1619=EDGE_CURVE('',#1302,#1301,#624,.T.);
#1620=EDGE_CURVE('',#1300,#1303,#625,.T.);
#1621=EDGE_CURVE('',#1303,#1302,#626,.T.);
#1622=EDGE_CURVE('',#1304,#1305,#627,.T.);
#1623=EDGE_CURVE('',#1306,#1304,#628,.T.);
#1624=EDGE_CURVE('',#1307,#1306,#629,.T.);
#1625=EDGE_CURVE('',#1307,#1305,#630,.T.);
#1626=EDGE_CURVE('',#1308,#1309,#631,.T.);
#1627=EDGE_CURVE('',#1310,#1308,#632,.T.);
#1628=EDGE_CURVE('',#1311,#1310,#633,.T.);
#1629=EDGE_CURVE('',#1309,#1311,#634,.T.);
#1630=EDGE_CURVE('',#1305,#1308,#16,.T.);
#1631=EDGE_CURVE('',#1310,#1307,#635,.T.);
#1632=EDGE_CURVE('',#1312,#1309,#1150,.T.);
#1633=EDGE_CURVE('',#1312,#1313,#636,.T.);
#1634=EDGE_CURVE('',#1313,#1314,#17,.T.);
#1635=EDGE_CURVE('',#1314,#1315,#637,.T.);
#1636=EDGE_CURVE('',#1316,#1315,#1151,.T.);
#1637=EDGE_CURVE('',#1316,#1317,#638,.T.);
#1638=EDGE_CURVE('',#1317,#1318,#1152,.T.);
#1639=EDGE_CURVE('',#1318,#1319,#639,.T.);
#1640=EDGE_CURVE('',#1304,#1319,#1153,.T.);
#1641=EDGE_CURVE('',#1320,#1311,#1154,.T.);
#1642=EDGE_CURVE('',#1320,#1312,#640,.T.);
#1643=EDGE_CURVE('',#1321,#1303,#1155,.T.);
#1644=EDGE_CURVE('',#1321,#1318,#641,.T.);
#1645=EDGE_CURVE('',#1317,#1322,#642,.T.);
#1646=EDGE_CURVE('',#1323,#1322,#1156,.T.);
#1647=EDGE_CURVE('',#1323,#1324,#643,.T.);
#1648=EDGE_CURVE('',#1324,#1325,#18,.T.);
#1649=EDGE_CURVE('',#1325,#1326,#644,.T.);
#1650=EDGE_CURVE('',#1296,#1326,#1157,.T.);
#1651=EDGE_CURVE('',#1327,#1328,#645,.T.);
#1652=EDGE_CURVE('',#1329,#1327,#646,.T.);
#1653=EDGE_CURVE('',#1330,#1329,#647,.T.);
#1654=EDGE_CURVE('',#1328,#1330,#648,.T.);
#1655=EDGE_CURVE('',#1328,#1331,#19,.T.);
#1656=EDGE_CURVE('',#1332,#1330,#649,.T.);
#1657=EDGE_CURVE('',#1331,#1332,#650,.T.);
#1658=EDGE_CURVE('',#1333,#1329,#1158,.T.);
#1659=EDGE_CURVE('',#1333,#1332,#651,.T.);
#1660=EDGE_CURVE('',#1331,#1334,#652,.T.);
#1661=EDGE_CURVE('',#1334,#1333,#653,.T.);
#1662=EDGE_CURVE('',#1335,#1336,#654,.T.);
#1663=EDGE_CURVE('',#1337,#1335,#655,.T.);
#1664=EDGE_CURVE('',#1338,#1337,#656,.T.);
#1665=EDGE_CURVE('',#1338,#1336,#657,.T.);
#1666=EDGE_CURVE('',#1339,#1340,#658,.T.);
#1667=EDGE_CURVE('',#1341,#1339,#659,.T.);
#1668=EDGE_CURVE('',#1342,#1341,#660,.T.);
#1669=EDGE_CURVE('',#1340,#1342,#661,.T.);
#1670=EDGE_CURVE('',#1336,#1339,#20,.T.);
#1671=EDGE_CURVE('',#1341,#1338,#662,.T.);
#1672=EDGE_CURVE('',#1343,#1340,#1159,.T.);
#1673=EDGE_CURVE('',#1343,#1344,#663,.T.);
#1674=EDGE_CURVE('',#1344,#1345,#21,.T.);
#1675=EDGE_CURVE('',#1345,#1346,#664,.T.);
#1676=EDGE_CURVE('',#1347,#1346,#1160,.T.);
#1677=EDGE_CURVE('',#1347,#1348,#665,.T.);
#1678=EDGE_CURVE('',#1348,#1349,#1161,.T.);
#1679=EDGE_CURVE('',#1349,#1350,#666,.T.);
#1680=EDGE_CURVE('',#1335,#1350,#1162,.T.);
#1681=EDGE_CURVE('',#1351,#1342,#1163,.T.);
#1682=EDGE_CURVE('',#1351,#1343,#667,.T.);
#1683=EDGE_CURVE('',#1352,#1334,#1164,.T.);
#1684=EDGE_CURVE('',#1352,#1349,#668,.T.);
#1685=EDGE_CURVE('',#1348,#1353,#669,.T.);
#1686=EDGE_CURVE('',#1354,#1353,#1165,.T.);
#1687=EDGE_CURVE('',#1354,#1355,#670,.T.);
#1688=EDGE_CURVE('',#1355,#1356,#22,.T.);
#1689=EDGE_CURVE('',#1356,#1357,#671,.T.);
#1690=EDGE_CURVE('',#1327,#1357,#1166,.T.);
#1691=EDGE_CURVE('',#1358,#1359,#672,.T.);
#1692=EDGE_CURVE('',#1360,#1358,#673,.T.);
#1693=EDGE_CURVE('',#1361,#1360,#674,.T.);
#1694=EDGE_CURVE('',#1359,#1361,#675,.T.);
#1695=EDGE_CURVE('',#1362,#1363,#676,.T.);
#1696=EDGE_CURVE('',#1364,#1362,#677,.T.);
#1697=EDGE_CURVE('',#1365,#1364,#678,.T.);
#1698=EDGE_CURVE('',#1363,#1365,#679,.T.);
#1699=EDGE_CURVE('',#1359,#1366,#23,.T.);
#1700=EDGE_CURVE('',#1367,#1361,#680,.T.);
#1701=EDGE_CURVE('',#1366,#1367,#681,.T.);
#1702=EDGE_CURVE('',#1368,#1360,#1167,.T.);
#1703=EDGE_CURVE('',#1368,#1367,#682,.T.);
#1704=EDGE_CURVE('',#1366,#1369,#683,.T.);
#1705=EDGE_CURVE('',#1369,#1368,#684,.T.);
#1706=EDGE_CURVE('',#1370,#1364,#24,.T.);
#1707=EDGE_CURVE('',#1371,#1370,#685,.T.);
#1708=EDGE_CURVE('',#1365,#1371,#686,.T.);
#1709=EDGE_CURVE('',#1372,#1373,#687,.T.);
#1710=EDGE_CURVE('',#1371,#1372,#688,.T.);
#1711=EDGE_CURVE('',#1373,#1370,#689,.T.);
#1712=EDGE_CURVE('',#1374,#1362,#1168,.T.);
#1713=EDGE_CURVE('',#1374,#1375,#690,.T.);
#1714=EDGE_CURVE('',#1375,#1376,#1169,.T.);
#1715=EDGE_CURVE('',#1376,#1377,#691,.T.);
#1716=EDGE_CURVE('',#1378,#1377,#1170,.T.);
#1717=EDGE_CURVE('',#1378,#1379,#692,.T.);
#1718=EDGE_CURVE('',#1379,#1380,#25,.T.);
#1719=EDGE_CURVE('',#1380,#1381,#693,.T.);
#1720=EDGE_CURVE('',#1373,#1381,#1171,.T.);
#1721=EDGE_CURVE('',#1382,#1363,#1172,.T.);
#1722=EDGE_CURVE('',#1382,#1374,#694,.T.);
#1723=EDGE_CURVE('',#1381,#1383,#695,.T.);
#1724=EDGE_CURVE('',#1372,#1383,#1173,.T.);
#1725=EDGE_CURVE('',#1384,#1369,#1174,.T.);
#1726=EDGE_CURVE('',#1384,#1385,#696,.T.);
#1727=EDGE_CURVE('',#1385,#1386,#26,.T.);
#1728=EDGE_CURVE('',#1386,#1387,#697,.T.);
#1729=EDGE_CURVE('',#1388,#1387,#1175,.T.);
#1730=EDGE_CURVE('',#1388,#1376,#698,.T.);
#1731=EDGE_CURVE('',#1375,#1389,#699,.T.);
#1732=EDGE_CURVE('',#1358,#1389,#1176,.T.);
#1733=EDGE_CURVE('',#1390,#1391,#700,.T.);
#1734=EDGE_CURVE('',#1392,#1390,#701,.T.);
#1735=EDGE_CURVE('',#1393,#1392,#702,.T.);
#1736=EDGE_CURVE('',#1391,#1393,#703,.T.);
#1737=EDGE_CURVE('',#1394,#1395,#704,.T.);
#1738=EDGE_CURVE('',#1396,#1394,#705,.T.);
#1739=EDGE_CURVE('',#1397,#1396,#706,.T.);
#1740=EDGE_CURVE('',#1395,#1397,#707,.T.);
#1741=EDGE_CURVE('',#1391,#1398,#27,.T.);
#1742=EDGE_CURVE('',#1399,#1393,#708,.T.);
#1743=EDGE_CURVE('',#1398,#1399,#709,.T.);
#1744=EDGE_CURVE('',#1400,#1392,#1177,.T.);
#1745=EDGE_CURVE('',#1400,#1399,#710,.T.);
#1746=EDGE_CURVE('',#1398,#1401,#711,.T.);
#1747=EDGE_CURVE('',#1401,#1400,#712,.T.);
#1748=EDGE_CURVE('',#1402,#1396,#28,.T.);
#1749=EDGE_CURVE('',#1403,#1402,#713,.T.);
#1750=EDGE_CURVE('',#1397,#1403,#714,.T.);
#1751=EDGE_CURVE('',#1404,#1405,#715,.T.);
#1752=EDGE_CURVE('',#1403,#1404,#716,.T.);
#1753=EDGE_CURVE('',#1405,#1402,#717,.T.);
#1754=EDGE_CURVE('',#1406,#1394,#1178,.T.);
#1755=EDGE_CURVE('',#1406,#1407,#718,.T.);
#1756=EDGE_CURVE('',#1407,#1408,#1179,.T.);
#1757=EDGE_CURVE('',#1408,#1409,#719,.T.);
#1758=EDGE_CURVE('',#1410,#1409,#1180,.T.);
#1759=EDGE_CURVE('',#1410,#1411,#720,.T.);
#1760=EDGE_CURVE('',#1411,#1412,#29,.T.);
#1761=EDGE_CURVE('',#1412,#1413,#721,.T.);
#1762=EDGE_CURVE('',#1405,#1413,#1181,.T.);
#1763=EDGE_CURVE('',#1414,#1395,#1182,.T.);
#1764=EDGE_CURVE('',#1414,#1406,#722,.T.);
#1765=EDGE_CURVE('',#1413,#1415,#723,.T.);
#1766=EDGE_CURVE('',#1404,#1415,#1183,.T.);
#1767=EDGE_CURVE('',#1416,#1401,#1184,.T.);
#1768=EDGE_CURVE('',#1416,#1417,#724,.T.);
#1769=EDGE_CURVE('',#1417,#1418,#30,.T.);
#1770=EDGE_CURVE('',#1418,#1419,#725,.T.);
#1771=EDGE_CURVE('',#1420,#1419,#1185,.T.);
#1772=EDGE_CURVE('',#1420,#1408,#726,.T.);
#1773=EDGE_CURVE('',#1407,#1421,#727,.T.);
#1774=EDGE_CURVE('',#1390,#1421,#1186,.T.);
#1775=EDGE_CURVE('',#1387,#1422,#728,.T.);
#1776=EDGE_CURVE('',#1386,#1423,#729,.T.);
#1777=EDGE_CURVE('',#1422,#1423,#730,.T.);
#1778=EDGE_CURVE('',#1424,#1378,#731,.T.);
#1779=EDGE_CURVE('',#1425,#1424,#732,.T.);
#1780=EDGE_CURVE('',#1425,#1379,#733,.T.);
#1781=EDGE_CURVE('',#1385,#1426,#734,.T.);
#1782=EDGE_CURVE('',#1423,#1426,#735,.T.);
#1783=EDGE_CURVE('',#1427,#1384,#736,.T.);
#1784=EDGE_CURVE('',#1426,#1427,#737,.T.);
#1785=EDGE_CURVE('',#1428,#1380,#738,.T.);
#1786=EDGE_CURVE('',#1383,#1428,#739,.T.);
#1787=EDGE_CURVE('',#1428,#1425,#740,.T.);
#1788=EDGE_CURVE('',#1422,#1427,#1187,.T.);
#1789=EDGE_CURVE('',#1389,#1429,#741,.T.);
#1790=EDGE_CURVE('',#1430,#1429,#1188,.T.);
#1791=EDGE_CURVE('',#1430,#1388,#742,.T.);
#1792=EDGE_CURVE('',#1419,#1431,#743,.T.);
#1793=EDGE_CURVE('',#1418,#1432,#744,.T.);
#1794=EDGE_CURVE('',#1431,#1432,#745,.T.);
#1795=EDGE_CURVE('',#1433,#1410,#746,.T.);
#1796=EDGE_CURVE('',#1434,#1433,#747,.T.);
#1797=EDGE_CURVE('',#1434,#1411,#748,.T.);
#1798=EDGE_CURVE('',#1417,#1435,#749,.T.);
#1799=EDGE_CURVE('',#1432,#1435,#750,.T.);
#1800=EDGE_CURVE('',#1436,#1416,#751,.T.);
#1801=EDGE_CURVE('',#1435,#1436,#752,.T.);
#1802=EDGE_CURVE('',#1437,#1412,#753,.T.);
#1803=EDGE_CURVE('',#1415,#1437,#754,.T.);
#1804=EDGE_CURVE('',#1437,#1434,#755,.T.);
#1805=EDGE_CURVE('',#1431,#1436,#1189,.T.);
#1806=EDGE_CURVE('',#1421,#1438,#756,.T.);
#1807=EDGE_CURVE('',#1439,#1438,#1190,.T.);
#1808=EDGE_CURVE('',#1439,#1420,#757,.T.);
#1809=EDGE_CURVE('',#1357,#1440,#758,.T.);
#1810=EDGE_CURVE('',#1356,#1441,#759,.T.);
#1811=EDGE_CURVE('',#1440,#1441,#760,.T.);
#1812=EDGE_CURVE('',#1442,#1351,#761,.T.);
#1813=EDGE_CURVE('',#1442,#1344,#762,.T.);
#1814=EDGE_CURVE('',#1355,#1443,#763,.T.);
#1815=EDGE_CURVE('',#1441,#1443,#764,.T.);
#1816=EDGE_CURVE('',#1444,#1354,#765,.T.);
#1817=EDGE_CURVE('',#1443,#1444,#766,.T.);
#1818=EDGE_CURVE('',#1445,#1345,#767,.T.);
#1819=EDGE_CURVE('',#1446,#1445,#768,.T.);
#1820=EDGE_CURVE('',#1346,#1446,#769,.T.);
#1821=EDGE_CURVE('',#1445,#1442,#770,.T.);
#1822=EDGE_CURVE('',#1440,#1444,#1191,.T.);
#1823=EDGE_CURVE('',#1447,#1446,#1192,.T.);
#1824=EDGE_CURVE('',#1447,#1347,#771,.T.);
#1825=EDGE_CURVE('',#1353,#1448,#772,.T.);
#1826=EDGE_CURVE('',#1449,#1448,#1193,.T.);
#1827=EDGE_CURVE('',#1449,#1352,#773,.T.);
#1828=EDGE_CURVE('',#1326,#1450,#774,.T.);
#1829=EDGE_CURVE('',#1325,#1451,#775,.T.);
#1830=EDGE_CURVE('',#1450,#1451,#776,.T.);
#1831=EDGE_CURVE('',#1452,#1320,#777,.T.);
#1832=EDGE_CURVE('',#1452,#1313,#778,.T.);
#1833=EDGE_CURVE('',#1324,#1453,#779,.T.);
#1834=EDGE_CURVE('',#1451,#1453,#780,.T.);
#1835=EDGE_CURVE('',#1454,#1323,#781,.T.);
#1836=EDGE_CURVE('',#1453,#1454,#782,.T.);
#1837=EDGE_CURVE('',#1455,#1314,#783,.T.);
#1838=EDGE_CURVE('',#1456,#1455,#784,.T.);
#1839=EDGE_CURVE('',#1315,#1456,#785,.T.);
#1840=EDGE_CURVE('',#1455,#1452,#786,.T.);
#1841=EDGE_CURVE('',#1450,#1454,#1194,.T.);
#1842=EDGE_CURVE('',#1457,#1456,#1195,.T.);
#1843=EDGE_CURVE('',#1457,#1316,#787,.T.);
#1844=EDGE_CURVE('',#1322,#1458,#788,.T.);
#1845=EDGE_CURVE('',#1459,#1458,#1196,.T.);
#1846=EDGE_CURVE('',#1459,#1321,#789,.T.);
#1847=EDGE_CURVE('',#1457,#1460,#790,.T.);
#1848=EDGE_CURVE('',#1461,#1460,#791,.T.);
#1849=EDGE_CURVE('',#1458,#1461,#792,.T.);
#1850=EDGE_CURVE('',#1350,#1462,#793,.T.);
#1851=EDGE_CURVE('',#1463,#1449,#794,.T.);
#1852=EDGE_CURVE('',#1464,#1463,#795,.T.);
#1853=EDGE_CURVE('',#1464,#1462,#796,.T.);
#1854=EDGE_CURVE('',#1447,#1465,#797,.T.);
#1855=EDGE_CURVE('',#1466,#1465,#798,.T.);
#1856=EDGE_CURVE('',#1448,#1466,#799,.T.);
#1857=EDGE_CURVE('',#1409,#1467,#800,.T.);
#1858=EDGE_CURVE('',#1468,#1439,#801,.T.);
#1859=EDGE_CURVE('',#1469,#1468,#802,.T.);
#1860=EDGE_CURVE('',#1469,#1467,#803,.T.);
#1861=EDGE_CURVE('',#1382,#1470,#804,.T.);
#1862=EDGE_CURVE('',#1471,#1470,#805,.T.);
#1863=EDGE_CURVE('',#1429,#1471,#806,.T.);
#1864=EDGE_CURVE('',#1319,#1472,#807,.T.);
#1865=EDGE_CURVE('',#1473,#1459,#808,.T.);
#1866=EDGE_CURVE('',#1474,#1473,#809,.T.);
#1867=EDGE_CURVE('',#1474,#1472,#810,.T.);
#1868=EDGE_CURVE('',#1414,#1475,#811,.T.);
#1869=EDGE_CURVE('',#1476,#1475,#812,.T.);
#1870=EDGE_CURVE('',#1438,#1476,#813,.T.);
#1871=EDGE_CURVE('',#1377,#1477,#814,.T.);
#1872=EDGE_CURVE('',#1478,#1430,#815,.T.);
#1873=EDGE_CURVE('',#1479,#1478,#816,.T.);
#1874=EDGE_CURVE('',#1479,#1477,#817,.T.);
#1875=EDGE_CURVE('',#1306,#1472,#1197,.T.);
#1876=EDGE_CURVE('',#1460,#1474,#1198,.T.);
#1877=EDGE_CURVE('',#1337,#1462,#1199,.T.);
#1878=EDGE_CURVE('',#1465,#1464,#1200,.T.);
#1879=EDGE_CURVE('',#1424,#1477,#1201,.T.);
#1880=EDGE_CURVE('',#1470,#1479,#1202,.T.);
#1881=EDGE_CURVE('',#1433,#1467,#1203,.T.);
#1882=EDGE_CURVE('',#1475,#1469,#1204,.T.);
#1883=EDGE_CURVE('',#1471,#1478,#1205,.T.);
#1884=EDGE_CURVE('',#1461,#1473,#1206,.T.);
#1885=EDGE_CURVE('',#1476,#1468,#1207,.T.);
#1886=EDGE_CURVE('',#1466,#1463,#1208,.T.);
#1887=ORIENTED_EDGE('',*,*,#1480,.T.);
#1888=ORIENTED_EDGE('',*,*,#1481,.T.);
#1889=ORIENTED_EDGE('',*,*,#1482,.T.);
#1890=ORIENTED_EDGE('',*,*,#1481,.F.);
#1891=ORIENTED_EDGE('',*,*,#1482,.F.);
#1892=ORIENTED_EDGE('',*,*,#1483,.T.);
#1893=ORIENTED_EDGE('',*,*,#1484,.T.);
#1894=ORIENTED_EDGE('',*,*,#1483,.F.);
#1895=ORIENTED_EDGE('',*,*,#1480,.F.);
#1896=ORIENTED_EDGE('',*,*,#1485,.T.);
#1897=ORIENTED_EDGE('',*,*,#1486,.T.);
#1898=ORIENTED_EDGE('',*,*,#1487,.T.);
#1899=ORIENTED_EDGE('',*,*,#1488,.T.);
#1900=ORIENTED_EDGE('',*,*,#1485,.F.);
#1901=ORIENTED_EDGE('',*,*,#1489,.T.);
#1902=ORIENTED_EDGE('',*,*,#1490,.T.);
#1903=ORIENTED_EDGE('',*,*,#1491,.F.);
#1904=ORIENTED_EDGE('',*,*,#1488,.F.);
#1905=ORIENTED_EDGE('',*,*,#1492,.T.);
#1906=ORIENTED_EDGE('',*,*,#1493,.T.);
#1907=ORIENTED_EDGE('',*,*,#1489,.F.);
#1908=ORIENTED_EDGE('',*,*,#1487,.F.);
#1909=ORIENTED_EDGE('',*,*,#1494,.T.);
#1910=ORIENTED_EDGE('',*,*,#1495,.T.);
#1911=ORIENTED_EDGE('',*,*,#1492,.F.);
#1912=ORIENTED_EDGE('',*,*,#1486,.F.);
#1913=ORIENTED_EDGE('',*,*,#1491,.T.);
#1914=ORIENTED_EDGE('',*,*,#1496,.T.);
#1915=ORIENTED_EDGE('',*,*,#1494,.F.);
#1916=ORIENTED_EDGE('',*,*,#1496,.F.);
#1917=ORIENTED_EDGE('',*,*,#1490,.F.);
#1918=ORIENTED_EDGE('',*,*,#1493,.F.);
#1919=ORIENTED_EDGE('',*,*,#1495,.F.);
#1920=ORIENTED_EDGE('',*,*,#1497,.F.);
#1921=ORIENTED_EDGE('',*,*,#1498,.F.);
#1922=ORIENTED_EDGE('',*,*,#1499,.F.);
#1923=ORIENTED_EDGE('',*,*,#1500,.F.);
#1924=ORIENTED_EDGE('',*,*,#1499,.T.);
#1925=ORIENTED_EDGE('',*,*,#1501,.F.);
#1926=ORIENTED_EDGE('',*,*,#1502,.F.);
#1927=ORIENTED_EDGE('',*,*,#1503,.T.);
#1928=ORIENTED_EDGE('',*,*,#1498,.T.);
#1929=ORIENTED_EDGE('',*,*,#1504,.F.);
#1930=ORIENTED_EDGE('',*,*,#1505,.F.);
#1931=ORIENTED_EDGE('',*,*,#1501,.T.);
#1932=ORIENTED_EDGE('',*,*,#1497,.T.);
#1933=ORIENTED_EDGE('',*,*,#1506,.F.);
#1934=ORIENTED_EDGE('',*,*,#1507,.F.);
#1935=ORIENTED_EDGE('',*,*,#1504,.T.);
#1936=ORIENTED_EDGE('',*,*,#1500,.T.);
#1937=ORIENTED_EDGE('',*,*,#1503,.F.);
#1938=ORIENTED_EDGE('',*,*,#1508,.F.);
#1939=ORIENTED_EDGE('',*,*,#1506,.T.);
#1940=ORIENTED_EDGE('',*,*,#1509,.F.);
#1941=ORIENTED_EDGE('',*,*,#1510,.F.);
#1942=ORIENTED_EDGE('',*,*,#1511,.T.);
#1943=ORIENTED_EDGE('',*,*,#1512,.F.);
#1944=ORIENTED_EDGE('',*,*,#1513,.F.);
#1945=ORIENTED_EDGE('',*,*,#1514,.F.);
#1946=ORIENTED_EDGE('',*,*,#1515,.F.);
#1947=ORIENTED_EDGE('',*,*,#1516,.F.);
#1948=ORIENTED_EDGE('',*,*,#1515,.T.);
#1949=ORIENTED_EDGE('',*,*,#1517,.F.);
#1950=ORIENTED_EDGE('',*,*,#1511,.F.);
#1951=ORIENTED_EDGE('',*,*,#1518,.F.);
#1952=ORIENTED_EDGE('',*,*,#1519,.F.);
#1953=ORIENTED_EDGE('',*,*,#1520,.F.);
#1954=ORIENTED_EDGE('',*,*,#1521,.T.);
#1955=ORIENTED_EDGE('',*,*,#1522,.F.);
#1956=ORIENTED_EDGE('',*,*,#1523,.F.);
#1957=ORIENTED_EDGE('',*,*,#1512,.T.);
#1958=ORIENTED_EDGE('',*,*,#1517,.T.);
#1959=ORIENTED_EDGE('',*,*,#1514,.T.);
#1960=ORIENTED_EDGE('',*,*,#1513,.T.);
#1961=ORIENTED_EDGE('',*,*,#1524,.F.);
#1962=ORIENTED_EDGE('',*,*,#1525,.F.);
#1963=ORIENTED_EDGE('',*,*,#1519,.T.);
#1964=ORIENTED_EDGE('',*,*,#1526,.F.);
#1965=ORIENTED_EDGE('',*,*,#1527,.T.);
#1966=ORIENTED_EDGE('',*,*,#1528,.F.);
#1967=ORIENTED_EDGE('',*,*,#1521,.F.);
#1968=ORIENTED_EDGE('',*,*,#1509,.T.);
#1969=ORIENTED_EDGE('',*,*,#1523,.T.);
#1970=ORIENTED_EDGE('',*,*,#1529,.F.);
#1971=ORIENTED_EDGE('',*,*,#1530,.F.);
#1972=ORIENTED_EDGE('',*,*,#1530,.T.);
#1973=ORIENTED_EDGE('',*,*,#1531,.F.);
#1974=ORIENTED_EDGE('',*,*,#1527,.F.);
#1975=ORIENTED_EDGE('',*,*,#1532,.F.);
#1976=ORIENTED_EDGE('',*,*,#1524,.T.);
#1977=ORIENTED_EDGE('',*,*,#1516,.T.);
#1978=ORIENTED_EDGE('',*,*,#1518,.T.);
#1979=ORIENTED_EDGE('',*,*,#1510,.T.);
#1980=ORIENTED_EDGE('',*,*,#1531,.T.);
#1981=ORIENTED_EDGE('',*,*,#1529,.T.);
#1982=ORIENTED_EDGE('',*,*,#1522,.T.);
#1983=ORIENTED_EDGE('',*,*,#1528,.T.);
#1984=ORIENTED_EDGE('',*,*,#1533,.F.);
#1985=ORIENTED_EDGE('',*,*,#1534,.T.);
#1986=ORIENTED_EDGE('',*,*,#1535,.F.);
#1987=ORIENTED_EDGE('',*,*,#1536,.F.);
#1988=ORIENTED_EDGE('',*,*,#1537,.F.);
#1989=ORIENTED_EDGE('',*,*,#1538,.T.);
#1990=ORIENTED_EDGE('',*,*,#1539,.F.);
#1991=ORIENTED_EDGE('',*,*,#1534,.F.);
#1992=ORIENTED_EDGE('',*,*,#1540,.F.);
#1993=ORIENTED_EDGE('',*,*,#1541,.T.);
#1994=ORIENTED_EDGE('',*,*,#1542,.F.);
#1995=ORIENTED_EDGE('',*,*,#1538,.F.);
#1996=ORIENTED_EDGE('',*,*,#1543,.F.);
#1997=ORIENTED_EDGE('',*,*,#1544,.T.);
#1998=ORIENTED_EDGE('',*,*,#1545,.F.);
#1999=ORIENTED_EDGE('',*,*,#1541,.F.);
#2000=ORIENTED_EDGE('',*,*,#1546,.F.);
#2001=ORIENTED_EDGE('',*,*,#1547,.T.);
#2002=ORIENTED_EDGE('',*,*,#1548,.F.);
#2003=ORIENTED_EDGE('',*,*,#1544,.F.);
#2004=ORIENTED_EDGE('',*,*,#1549,.F.);
#2005=ORIENTED_EDGE('',*,*,#1536,.T.);
#2006=ORIENTED_EDGE('',*,*,#1550,.F.);
#2007=ORIENTED_EDGE('',*,*,#1551,.F.);
#2008=ORIENTED_EDGE('',*,*,#1552,.F.);
#2009=ORIENTED_EDGE('',*,*,#1551,.T.);
#2010=ORIENTED_EDGE('',*,*,#1553,.F.);
#2011=ORIENTED_EDGE('',*,*,#1554,.F.);
#2012=ORIENTED_EDGE('',*,*,#1555,.F.);
#2013=ORIENTED_EDGE('',*,*,#1554,.T.);
#2014=ORIENTED_EDGE('',*,*,#1556,.F.);
#2015=ORIENTED_EDGE('',*,*,#1557,.F.);
#2016=ORIENTED_EDGE('',*,*,#1558,.F.);
#2017=ORIENTED_EDGE('',*,*,#1557,.T.);
#2018=ORIENTED_EDGE('',*,*,#1559,.F.);
#2019=ORIENTED_EDGE('',*,*,#1560,.F.);
#2020=ORIENTED_EDGE('',*,*,#1561,.F.);
#2021=ORIENTED_EDGE('',*,*,#1560,.T.);
#2022=ORIENTED_EDGE('',*,*,#1562,.F.);
#2023=ORIENTED_EDGE('',*,*,#1547,.F.);
#2024=ORIENTED_EDGE('',*,*,#1562,.T.);
#2025=ORIENTED_EDGE('',*,*,#1559,.T.);
#2026=ORIENTED_EDGE('',*,*,#1556,.T.);
#2027=ORIENTED_EDGE('',*,*,#1553,.T.);
#2028=ORIENTED_EDGE('',*,*,#1550,.T.);
#2029=ORIENTED_EDGE('',*,*,#1535,.T.);
#2030=ORIENTED_EDGE('',*,*,#1539,.T.);
#2031=ORIENTED_EDGE('',*,*,#1542,.T.);
#2032=ORIENTED_EDGE('',*,*,#1545,.T.);
#2033=ORIENTED_EDGE('',*,*,#1548,.T.);
#2034=ORIENTED_EDGE('',*,*,#1563,.F.);
#2035=ORIENTED_EDGE('',*,*,#1564,.T.);
#2036=ORIENTED_EDGE('',*,*,#1565,.F.);
#2037=ORIENTED_EDGE('',*,*,#1566,.F.);
#2038=ORIENTED_EDGE('',*,*,#1567,.F.);
#2039=ORIENTED_EDGE('',*,*,#1568,.T.);
#2040=ORIENTED_EDGE('',*,*,#1569,.F.);
#2041=ORIENTED_EDGE('',*,*,#1564,.F.);
#2042=ORIENTED_EDGE('',*,*,#1570,.F.);
#2043=ORIENTED_EDGE('',*,*,#1571,.T.);
#2044=ORIENTED_EDGE('',*,*,#1572,.F.);
#2045=ORIENTED_EDGE('',*,*,#1568,.F.);
#2046=ORIENTED_EDGE('',*,*,#1573,.F.);
#2047=ORIENTED_EDGE('',*,*,#1574,.T.);
#2048=ORIENTED_EDGE('',*,*,#1575,.F.);
#2049=ORIENTED_EDGE('',*,*,#1571,.F.);
#2050=ORIENTED_EDGE('',*,*,#1576,.F.);
#2051=ORIENTED_EDGE('',*,*,#1577,.T.);
#2052=ORIENTED_EDGE('',*,*,#1578,.F.);
#2053=ORIENTED_EDGE('',*,*,#1574,.F.);
#2054=ORIENTED_EDGE('',*,*,#1579,.F.);
#2055=ORIENTED_EDGE('',*,*,#1566,.T.);
#2056=ORIENTED_EDGE('',*,*,#1580,.F.);
#2057=ORIENTED_EDGE('',*,*,#1581,.F.);
#2058=ORIENTED_EDGE('',*,*,#1582,.F.);
#2059=ORIENTED_EDGE('',*,*,#1581,.T.);
#2060=ORIENTED_EDGE('',*,*,#1583,.F.);
#2061=ORIENTED_EDGE('',*,*,#1584,.F.);
#2062=ORIENTED_EDGE('',*,*,#1585,.F.);
#2063=ORIENTED_EDGE('',*,*,#1584,.T.);
#2064=ORIENTED_EDGE('',*,*,#1586,.F.);
#2065=ORIENTED_EDGE('',*,*,#1587,.F.);
#2066=ORIENTED_EDGE('',*,*,#1588,.F.);
#2067=ORIENTED_EDGE('',*,*,#1587,.T.);
#2068=ORIENTED_EDGE('',*,*,#1589,.F.);
#2069=ORIENTED_EDGE('',*,*,#1590,.F.);
#2070=ORIENTED_EDGE('',*,*,#1591,.F.);
#2071=ORIENTED_EDGE('',*,*,#1590,.T.);
#2072=ORIENTED_EDGE('',*,*,#1592,.F.);
#2073=ORIENTED_EDGE('',*,*,#1577,.F.);
#2074=ORIENTED_EDGE('',*,*,#1592,.T.);
#2075=ORIENTED_EDGE('',*,*,#1589,.T.);
#2076=ORIENTED_EDGE('',*,*,#1586,.T.);
#2077=ORIENTED_EDGE('',*,*,#1583,.T.);
#2078=ORIENTED_EDGE('',*,*,#1580,.T.);
#2079=ORIENTED_EDGE('',*,*,#1565,.T.);
#2080=ORIENTED_EDGE('',*,*,#1569,.T.);
#2081=ORIENTED_EDGE('',*,*,#1572,.T.);
#2082=ORIENTED_EDGE('',*,*,#1575,.T.);
#2083=ORIENTED_EDGE('',*,*,#1578,.T.);
#2084=ORIENTED_EDGE('',*,*,#1593,.F.);
#2085=ORIENTED_EDGE('',*,*,#1594,.T.);
#2086=ORIENTED_EDGE('',*,*,#1595,.F.);
#2087=ORIENTED_EDGE('',*,*,#1594,.F.);
#2088=ORIENTED_EDGE('',*,*,#1593,.T.);
#2089=ORIENTED_EDGE('',*,*,#1596,.F.);
#2090=ORIENTED_EDGE('',*,*,#1597,.T.);
#2091=ORIENTED_EDGE('',*,*,#1598,.F.);
#2092=ORIENTED_EDGE('',*,*,#1597,.F.);
#2093=ORIENTED_EDGE('',*,*,#1596,.T.);
#2094=ORIENTED_EDGE('',*,*,#1599,.F.);
#2095=ORIENTED_EDGE('',*,*,#1600,.T.);
#2096=ORIENTED_EDGE('',*,*,#1601,.F.);
#2097=ORIENTED_EDGE('',*,*,#1600,.F.);
#2098=ORIENTED_EDGE('',*,*,#1599,.T.);
#2099=ORIENTED_EDGE('',*,*,#1602,.F.);
#2100=ORIENTED_EDGE('',*,*,#1603,.T.);
#2101=ORIENTED_EDGE('',*,*,#1604,.F.);
#2102=ORIENTED_EDGE('',*,*,#1603,.F.);
#2103=ORIENTED_EDGE('',*,*,#1602,.T.);
#2104=ORIENTED_EDGE('',*,*,#1595,.T.);
#2105=ORIENTED_EDGE('',*,*,#1605,.F.);
#2106=ORIENTED_EDGE('',*,*,#1606,.T.);
#2107=ORIENTED_EDGE('',*,*,#1607,.F.);
#2108=ORIENTED_EDGE('',*,*,#1606,.F.);
#2109=ORIENTED_EDGE('',*,*,#1605,.T.);
#2110=ORIENTED_EDGE('',*,*,#1598,.T.);
#2111=ORIENTED_EDGE('',*,*,#1608,.F.);
#2112=ORIENTED_EDGE('',*,*,#1609,.T.);
#2113=ORIENTED_EDGE('',*,*,#1610,.F.);
#2114=ORIENTED_EDGE('',*,*,#1609,.F.);
#2115=ORIENTED_EDGE('',*,*,#1608,.T.);
#2116=ORIENTED_EDGE('',*,*,#1601,.T.);
#2117=ORIENTED_EDGE('',*,*,#1611,.F.);
#2118=ORIENTED_EDGE('',*,*,#1612,.F.);
#2119=ORIENTED_EDGE('',*,*,#1613,.F.);
#2120=ORIENTED_EDGE('',*,*,#1614,.F.);
#2121=ORIENTED_EDGE('',*,*,#1615,.F.);
#2122=ORIENTED_EDGE('',*,*,#1614,.T.);
#2123=ORIENTED_EDGE('',*,*,#1616,.F.);
#2124=ORIENTED_EDGE('',*,*,#1617,.F.);
#2125=ORIENTED_EDGE('',*,*,#1618,.F.);
#2126=ORIENTED_EDGE('',*,*,#1619,.T.);
#2127=ORIENTED_EDGE('',*,*,#1616,.T.);
#2128=ORIENTED_EDGE('',*,*,#1613,.T.);
#2129=ORIENTED_EDGE('',*,*,#1620,.F.);
#2130=ORIENTED_EDGE('',*,*,#1617,.T.);
#2131=ORIENTED_EDGE('',*,*,#1619,.F.);
#2132=ORIENTED_EDGE('',*,*,#1621,.F.);
#2133=ORIENTED_EDGE('',*,*,#1622,.F.);
#2134=ORIENTED_EDGE('',*,*,#1623,.F.);
#2135=ORIENTED_EDGE('',*,*,#1624,.F.);
#2136=ORIENTED_EDGE('',*,*,#1625,.T.);
#2137=ORIENTED_EDGE('',*,*,#1626,.F.);
#2138=ORIENTED_EDGE('',*,*,#1627,.F.);
#2139=ORIENTED_EDGE('',*,*,#1628,.F.);
#2140=ORIENTED_EDGE('',*,*,#1629,.F.);
#2141=ORIENTED_EDGE('',*,*,#1630,.F.);
#2142=ORIENTED_EDGE('',*,*,#1625,.F.);
#2143=ORIENTED_EDGE('',*,*,#1631,.F.);
#2144=ORIENTED_EDGE('',*,*,#1627,.T.);
#2145=ORIENTED_EDGE('',*,*,#1622,.T.);
#2146=ORIENTED_EDGE('',*,*,#1630,.T.);
#2147=ORIENTED_EDGE('',*,*,#1626,.T.);
#2148=ORIENTED_EDGE('',*,*,#1632,.F.);
#2149=ORIENTED_EDGE('',*,*,#1633,.T.);
#2150=ORIENTED_EDGE('',*,*,#1634,.T.);
#2151=ORIENTED_EDGE('',*,*,#1635,.T.);
#2152=ORIENTED_EDGE('',*,*,#1636,.F.);
#2153=ORIENTED_EDGE('',*,*,#1637,.T.);
#2154=ORIENTED_EDGE('',*,*,#1638,.T.);
#2155=ORIENTED_EDGE('',*,*,#1639,.T.);
#2156=ORIENTED_EDGE('',*,*,#1640,.F.);
#2157=ORIENTED_EDGE('',*,*,#1629,.T.);
#2158=ORIENTED_EDGE('',*,*,#1641,.F.);
#2159=ORIENTED_EDGE('',*,*,#1642,.T.);
#2160=ORIENTED_EDGE('',*,*,#1632,.T.);
#2161=ORIENTED_EDGE('',*,*,#1611,.T.);
#2162=ORIENTED_EDGE('',*,*,#1615,.T.);
#2163=ORIENTED_EDGE('',*,*,#1620,.T.);
#2164=ORIENTED_EDGE('',*,*,#1643,.F.);
#2165=ORIENTED_EDGE('',*,*,#1644,.T.);
#2166=ORIENTED_EDGE('',*,*,#1638,.F.);
#2167=ORIENTED_EDGE('',*,*,#1645,.T.);
#2168=ORIENTED_EDGE('',*,*,#1646,.F.);
#2169=ORIENTED_EDGE('',*,*,#1647,.T.);
#2170=ORIENTED_EDGE('',*,*,#1648,.T.);
#2171=ORIENTED_EDGE('',*,*,#1649,.T.);
#2172=ORIENTED_EDGE('',*,*,#1650,.F.);
#2173=ORIENTED_EDGE('',*,*,#1651,.F.);
#2174=ORIENTED_EDGE('',*,*,#1652,.F.);
#2175=ORIENTED_EDGE('',*,*,#1653,.F.);
#2176=ORIENTED_EDGE('',*,*,#1654,.F.);
#2177=ORIENTED_EDGE('',*,*,#1655,.F.);
#2178=ORIENTED_EDGE('',*,*,#1654,.T.);
#2179=ORIENTED_EDGE('',*,*,#1656,.F.);
#2180=ORIENTED_EDGE('',*,*,#1657,.F.);
#2181=ORIENTED_EDGE('',*,*,#1658,.F.);
#2182=ORIENTED_EDGE('',*,*,#1659,.T.);
#2183=ORIENTED_EDGE('',*,*,#1656,.T.);
#2184=ORIENTED_EDGE('',*,*,#1653,.T.);
#2185=ORIENTED_EDGE('',*,*,#1660,.F.);
#2186=ORIENTED_EDGE('',*,*,#1657,.T.);
#2187=ORIENTED_EDGE('',*,*,#1659,.F.);
#2188=ORIENTED_EDGE('',*,*,#1661,.F.);
#2189=ORIENTED_EDGE('',*,*,#1662,.F.);
#2190=ORIENTED_EDGE('',*,*,#1663,.F.);
#2191=ORIENTED_EDGE('',*,*,#1664,.F.);
#2192=ORIENTED_EDGE('',*,*,#1665,.T.);
#2193=ORIENTED_EDGE('',*,*,#1666,.F.);
#2194=ORIENTED_EDGE('',*,*,#1667,.F.);
#2195=ORIENTED_EDGE('',*,*,#1668,.F.);
#2196=ORIENTED_EDGE('',*,*,#1669,.F.);
#2197=ORIENTED_EDGE('',*,*,#1670,.F.);
#2198=ORIENTED_EDGE('',*,*,#1665,.F.);
#2199=ORIENTED_EDGE('',*,*,#1671,.F.);
#2200=ORIENTED_EDGE('',*,*,#1667,.T.);
#2201=ORIENTED_EDGE('',*,*,#1662,.T.);
#2202=ORIENTED_EDGE('',*,*,#1670,.T.);
#2203=ORIENTED_EDGE('',*,*,#1666,.T.);
#2204=ORIENTED_EDGE('',*,*,#1672,.F.);
#2205=ORIENTED_EDGE('',*,*,#1673,.T.);
#2206=ORIENTED_EDGE('',*,*,#1674,.T.);
#2207=ORIENTED_EDGE('',*,*,#1675,.T.);
#2208=ORIENTED_EDGE('',*,*,#1676,.F.);
#2209=ORIENTED_EDGE('',*,*,#1677,.T.);
#2210=ORIENTED_EDGE('',*,*,#1678,.T.);
#2211=ORIENTED_EDGE('',*,*,#1679,.T.);
#2212=ORIENTED_EDGE('',*,*,#1680,.F.);
#2213=ORIENTED_EDGE('',*,*,#1669,.T.);
#2214=ORIENTED_EDGE('',*,*,#1681,.F.);
#2215=ORIENTED_EDGE('',*,*,#1682,.T.);
#2216=ORIENTED_EDGE('',*,*,#1672,.T.);
#2217=ORIENTED_EDGE('',*,*,#1651,.T.);
#2218=ORIENTED_EDGE('',*,*,#1655,.T.);
#2219=ORIENTED_EDGE('',*,*,#1660,.T.);
#2220=ORIENTED_EDGE('',*,*,#1683,.F.);
#2221=ORIENTED_EDGE('',*,*,#1684,.T.);
#2222=ORIENTED_EDGE('',*,*,#1678,.F.);
#2223=ORIENTED_EDGE('',*,*,#1685,.T.);
#2224=ORIENTED_EDGE('',*,*,#1686,.F.);
#2225=ORIENTED_EDGE('',*,*,#1687,.T.);
#2226=ORIENTED_EDGE('',*,*,#1688,.T.);
#2227=ORIENTED_EDGE('',*,*,#1689,.T.);
#2228=ORIENTED_EDGE('',*,*,#1690,.F.);
#2229=ORIENTED_EDGE('',*,*,#1691,.F.);
#2230=ORIENTED_EDGE('',*,*,#1692,.F.);
#2231=ORIENTED_EDGE('',*,*,#1693,.F.);
#2232=ORIENTED_EDGE('',*,*,#1694,.F.);
#2233=ORIENTED_EDGE('',*,*,#1695,.F.);
#2234=ORIENTED_EDGE('',*,*,#1696,.F.);
#2235=ORIENTED_EDGE('',*,*,#1697,.F.);
#2236=ORIENTED_EDGE('',*,*,#1698,.F.);
#2237=ORIENTED_EDGE('',*,*,#1699,.F.);
#2238=ORIENTED_EDGE('',*,*,#1694,.T.);
#2239=ORIENTED_EDGE('',*,*,#1700,.F.);
#2240=ORIENTED_EDGE('',*,*,#1701,.F.);
#2241=ORIENTED_EDGE('',*,*,#1702,.F.);
#2242=ORIENTED_EDGE('',*,*,#1703,.T.);
#2243=ORIENTED_EDGE('',*,*,#1700,.T.);
#2244=ORIENTED_EDGE('',*,*,#1693,.T.);
#2245=ORIENTED_EDGE('',*,*,#1704,.F.);
#2246=ORIENTED_EDGE('',*,*,#1701,.T.);
#2247=ORIENTED_EDGE('',*,*,#1703,.F.);
#2248=ORIENTED_EDGE('',*,*,#1705,.F.);
#2249=ORIENTED_EDGE('',*,*,#1706,.F.);
#2250=ORIENTED_EDGE('',*,*,#1707,.F.);
#2251=ORIENTED_EDGE('',*,*,#1708,.F.);
#2252=ORIENTED_EDGE('',*,*,#1697,.T.);
#2253=ORIENTED_EDGE('',*,*,#1709,.F.);
#2254=ORIENTED_EDGE('',*,*,#1710,.F.);
#2255=ORIENTED_EDGE('',*,*,#1707,.T.);
#2256=ORIENTED_EDGE('',*,*,#1711,.F.);
#2257=ORIENTED_EDGE('',*,*,#1711,.T.);
#2258=ORIENTED_EDGE('',*,*,#1706,.T.);
#2259=ORIENTED_EDGE('',*,*,#1696,.T.);
#2260=ORIENTED_EDGE('',*,*,#1712,.F.);
#2261=ORIENTED_EDGE('',*,*,#1713,.T.);
#2262=ORIENTED_EDGE('',*,*,#1714,.T.);
#2263=ORIENTED_EDGE('',*,*,#1715,.T.);
#2264=ORIENTED_EDGE('',*,*,#1716,.F.);
#2265=ORIENTED_EDGE('',*,*,#1717,.T.);
#2266=ORIENTED_EDGE('',*,*,#1718,.T.);
#2267=ORIENTED_EDGE('',*,*,#1719,.T.);
#2268=ORIENTED_EDGE('',*,*,#1720,.F.);
#2269=ORIENTED_EDGE('',*,*,#1695,.T.);
#2270=ORIENTED_EDGE('',*,*,#1721,.F.);
#2271=ORIENTED_EDGE('',*,*,#1722,.T.);
#2272=ORIENTED_EDGE('',*,*,#1712,.T.);
#2273=ORIENTED_EDGE('',*,*,#1709,.T.);
#2274=ORIENTED_EDGE('',*,*,#1720,.T.);
#2275=ORIENTED_EDGE('',*,*,#1723,.T.);
#2276=ORIENTED_EDGE('',*,*,#1724,.F.);
#2277=ORIENTED_EDGE('',*,*,#1691,.T.);
#2278=ORIENTED_EDGE('',*,*,#1699,.T.);
#2279=ORIENTED_EDGE('',*,*,#1704,.T.);
#2280=ORIENTED_EDGE('',*,*,#1725,.F.);
#2281=ORIENTED_EDGE('',*,*,#1726,.T.);
#2282=ORIENTED_EDGE('',*,*,#1727,.T.);
#2283=ORIENTED_EDGE('',*,*,#1728,.T.);
#2284=ORIENTED_EDGE('',*,*,#1729,.F.);
#2285=ORIENTED_EDGE('',*,*,#1730,.T.);
#2286=ORIENTED_EDGE('',*,*,#1714,.F.);
#2287=ORIENTED_EDGE('',*,*,#1731,.T.);
#2288=ORIENTED_EDGE('',*,*,#1732,.F.);
#2289=ORIENTED_EDGE('',*,*,#1733,.F.);
#2290=ORIENTED_EDGE('',*,*,#1734,.F.);
#2291=ORIENTED_EDGE('',*,*,#1735,.F.);
#2292=ORIENTED_EDGE('',*,*,#1736,.F.);
#2293=ORIENTED_EDGE('',*,*,#1737,.F.);
#2294=ORIENTED_EDGE('',*,*,#1738,.F.);
#2295=ORIENTED_EDGE('',*,*,#1739,.F.);
#2296=ORIENTED_EDGE('',*,*,#1740,.F.);
#2297=ORIENTED_EDGE('',*,*,#1741,.F.);
#2298=ORIENTED_EDGE('',*,*,#1736,.T.);
#2299=ORIENTED_EDGE('',*,*,#1742,.F.);
#2300=ORIENTED_EDGE('',*,*,#1743,.F.);
#2301=ORIENTED_EDGE('',*,*,#1744,.F.);
#2302=ORIENTED_EDGE('',*,*,#1745,.T.);
#2303=ORIENTED_EDGE('',*,*,#1742,.T.);
#2304=ORIENTED_EDGE('',*,*,#1735,.T.);
#2305=ORIENTED_EDGE('',*,*,#1746,.F.);
#2306=ORIENTED_EDGE('',*,*,#1743,.T.);
#2307=ORIENTED_EDGE('',*,*,#1745,.F.);
#2308=ORIENTED_EDGE('',*,*,#1747,.F.);
#2309=ORIENTED_EDGE('',*,*,#1748,.F.);
#2310=ORIENTED_EDGE('',*,*,#1749,.F.);
#2311=ORIENTED_EDGE('',*,*,#1750,.F.);
#2312=ORIENTED_EDGE('',*,*,#1739,.T.);
#2313=ORIENTED_EDGE('',*,*,#1751,.F.);
#2314=ORIENTED_EDGE('',*,*,#1752,.F.);
#2315=ORIENTED_EDGE('',*,*,#1749,.T.);
#2316=ORIENTED_EDGE('',*,*,#1753,.F.);
#2317=ORIENTED_EDGE('',*,*,#1753,.T.);
#2318=ORIENTED_EDGE('',*,*,#1748,.T.);
#2319=ORIENTED_EDGE('',*,*,#1738,.T.);
#2320=ORIENTED_EDGE('',*,*,#1754,.F.);
#2321=ORIENTED_EDGE('',*,*,#1755,.T.);
#2322=ORIENTED_EDGE('',*,*,#1756,.T.);
#2323=ORIENTED_EDGE('',*,*,#1757,.T.);
#2324=ORIENTED_EDGE('',*,*,#1758,.F.);
#2325=ORIENTED_EDGE('',*,*,#1759,.T.);
#2326=ORIENTED_EDGE('',*,*,#1760,.T.);
#2327=ORIENTED_EDGE('',*,*,#1761,.T.);
#2328=ORIENTED_EDGE('',*,*,#1762,.F.);
#2329=ORIENTED_EDGE('',*,*,#1737,.T.);
#2330=ORIENTED_EDGE('',*,*,#1763,.F.);
#2331=ORIENTED_EDGE('',*,*,#1764,.T.);
#2332=ORIENTED_EDGE('',*,*,#1754,.T.);
#2333=ORIENTED_EDGE('',*,*,#1751,.T.);
#2334=ORIENTED_EDGE('',*,*,#1762,.T.);
#2335=ORIENTED_EDGE('',*,*,#1765,.T.);
#2336=ORIENTED_EDGE('',*,*,#1766,.F.);
#2337=ORIENTED_EDGE('',*,*,#1733,.T.);
#2338=ORIENTED_EDGE('',*,*,#1741,.T.);
#2339=ORIENTED_EDGE('',*,*,#1746,.T.);
#2340=ORIENTED_EDGE('',*,*,#1767,.F.);
#2341=ORIENTED_EDGE('',*,*,#1768,.T.);
#2342=ORIENTED_EDGE('',*,*,#1769,.T.);
#2343=ORIENTED_EDGE('',*,*,#1770,.T.);
#2344=ORIENTED_EDGE('',*,*,#1771,.F.);
#2345=ORIENTED_EDGE('',*,*,#1772,.T.);
#2346=ORIENTED_EDGE('',*,*,#1756,.F.);
#2347=ORIENTED_EDGE('',*,*,#1773,.T.);
#2348=ORIENTED_EDGE('',*,*,#1774,.F.);
#2349=ORIENTED_EDGE('',*,*,#1775,.F.);
#2350=ORIENTED_EDGE('',*,*,#1728,.F.);
#2351=ORIENTED_EDGE('',*,*,#1776,.T.);
#2352=ORIENTED_EDGE('',*,*,#1777,.F.);
#2353=ORIENTED_EDGE('',*,*,#1717,.F.);
#2354=ORIENTED_EDGE('',*,*,#1778,.F.);
#2355=ORIENTED_EDGE('',*,*,#1779,.F.);
#2356=ORIENTED_EDGE('',*,*,#1780,.T.);
#2357=ORIENTED_EDGE('',*,*,#1727,.F.);
#2358=ORIENTED_EDGE('',*,*,#1781,.T.);
#2359=ORIENTED_EDGE('',*,*,#1782,.F.);
#2360=ORIENTED_EDGE('',*,*,#1776,.F.);
#2361=ORIENTED_EDGE('',*,*,#1783,.F.);
#2362=ORIENTED_EDGE('',*,*,#1784,.F.);
#2363=ORIENTED_EDGE('',*,*,#1781,.F.);
#2364=ORIENTED_EDGE('',*,*,#1726,.F.);
#2365=ORIENTED_EDGE('',*,*,#1719,.F.);
#2366=ORIENTED_EDGE('',*,*,#1785,.F.);
#2367=ORIENTED_EDGE('',*,*,#1786,.F.);
#2368=ORIENTED_EDGE('',*,*,#1723,.F.);
#2369=ORIENTED_EDGE('',*,*,#1718,.F.);
#2370=ORIENTED_EDGE('',*,*,#1780,.F.);
#2371=ORIENTED_EDGE('',*,*,#1787,.F.);
#2372=ORIENTED_EDGE('',*,*,#1785,.T.);
#2373=ORIENTED_EDGE('',*,*,#1788,.F.);
#2374=ORIENTED_EDGE('',*,*,#1777,.T.);
#2375=ORIENTED_EDGE('',*,*,#1782,.T.);
#2376=ORIENTED_EDGE('',*,*,#1784,.T.);
#2377=ORIENTED_EDGE('',*,*,#1692,.T.);
#2378=ORIENTED_EDGE('',*,*,#1732,.T.);
#2379=ORIENTED_EDGE('',*,*,#1789,.T.);
#2380=ORIENTED_EDGE('',*,*,#1790,.F.);
#2381=ORIENTED_EDGE('',*,*,#1791,.T.);
#2382=ORIENTED_EDGE('',*,*,#1729,.T.);
#2383=ORIENTED_EDGE('',*,*,#1775,.T.);
#2384=ORIENTED_EDGE('',*,*,#1788,.T.);
#2385=ORIENTED_EDGE('',*,*,#1783,.T.);
#2386=ORIENTED_EDGE('',*,*,#1725,.T.);
#2387=ORIENTED_EDGE('',*,*,#1705,.T.);
#2388=ORIENTED_EDGE('',*,*,#1702,.T.);
#2389=ORIENTED_EDGE('',*,*,#1792,.F.);
#2390=ORIENTED_EDGE('',*,*,#1770,.F.);
#2391=ORIENTED_EDGE('',*,*,#1793,.T.);
#2392=ORIENTED_EDGE('',*,*,#1794,.F.);
#2393=ORIENTED_EDGE('',*,*,#1759,.F.);
#2394=ORIENTED_EDGE('',*,*,#1795,.F.);
#2395=ORIENTED_EDGE('',*,*,#1796,.F.);
#2396=ORIENTED_EDGE('',*,*,#1797,.T.);
#2397=ORIENTED_EDGE('',*,*,#1769,.F.);
#2398=ORIENTED_EDGE('',*,*,#1798,.T.);
#2399=ORIENTED_EDGE('',*,*,#1799,.F.);
#2400=ORIENTED_EDGE('',*,*,#1793,.F.);
#2401=ORIENTED_EDGE('',*,*,#1800,.F.);
#2402=ORIENTED_EDGE('',*,*,#1801,.F.);
#2403=ORIENTED_EDGE('',*,*,#1798,.F.);
#2404=ORIENTED_EDGE('',*,*,#1768,.F.);
#2405=ORIENTED_EDGE('',*,*,#1761,.F.);
#2406=ORIENTED_EDGE('',*,*,#1802,.F.);
#2407=ORIENTED_EDGE('',*,*,#1803,.F.);
#2408=ORIENTED_EDGE('',*,*,#1765,.F.);
#2409=ORIENTED_EDGE('',*,*,#1760,.F.);
#2410=ORIENTED_EDGE('',*,*,#1797,.F.);
#2411=ORIENTED_EDGE('',*,*,#1804,.F.);
#2412=ORIENTED_EDGE('',*,*,#1802,.T.);
#2413=ORIENTED_EDGE('',*,*,#1805,.F.);
#2414=ORIENTED_EDGE('',*,*,#1794,.T.);
#2415=ORIENTED_EDGE('',*,*,#1799,.T.);
#2416=ORIENTED_EDGE('',*,*,#1801,.T.);
#2417=ORIENTED_EDGE('',*,*,#1734,.T.);
#2418=ORIENTED_EDGE('',*,*,#1774,.T.);
#2419=ORIENTED_EDGE('',*,*,#1806,.T.);
#2420=ORIENTED_EDGE('',*,*,#1807,.F.);
#2421=ORIENTED_EDGE('',*,*,#1808,.T.);
#2422=ORIENTED_EDGE('',*,*,#1771,.T.);
#2423=ORIENTED_EDGE('',*,*,#1792,.T.);
#2424=ORIENTED_EDGE('',*,*,#1805,.T.);
#2425=ORIENTED_EDGE('',*,*,#1800,.T.);
#2426=ORIENTED_EDGE('',*,*,#1767,.T.);
#2427=ORIENTED_EDGE('',*,*,#1747,.T.);
#2428=ORIENTED_EDGE('',*,*,#1744,.T.);
#2429=ORIENTED_EDGE('',*,*,#1809,.F.);
#2430=ORIENTED_EDGE('',*,*,#1689,.F.);
#2431=ORIENTED_EDGE('',*,*,#1810,.T.);
#2432=ORIENTED_EDGE('',*,*,#1811,.F.);
#2433=ORIENTED_EDGE('',*,*,#1673,.F.);
#2434=ORIENTED_EDGE('',*,*,#1682,.F.);
#2435=ORIENTED_EDGE('',*,*,#1812,.F.);
#2436=ORIENTED_EDGE('',*,*,#1813,.T.);
#2437=ORIENTED_EDGE('',*,*,#1688,.F.);
#2438=ORIENTED_EDGE('',*,*,#1814,.T.);
#2439=ORIENTED_EDGE('',*,*,#1815,.F.);
#2440=ORIENTED_EDGE('',*,*,#1810,.F.);
#2441=ORIENTED_EDGE('',*,*,#1816,.F.);
#2442=ORIENTED_EDGE('',*,*,#1817,.F.);
#2443=ORIENTED_EDGE('',*,*,#1814,.F.);
#2444=ORIENTED_EDGE('',*,*,#1687,.F.);
#2445=ORIENTED_EDGE('',*,*,#1675,.F.);
#2446=ORIENTED_EDGE('',*,*,#1818,.F.);
#2447=ORIENTED_EDGE('',*,*,#1819,.F.);
#2448=ORIENTED_EDGE('',*,*,#1820,.F.);
#2449=ORIENTED_EDGE('',*,*,#1674,.F.);
#2450=ORIENTED_EDGE('',*,*,#1813,.F.);
#2451=ORIENTED_EDGE('',*,*,#1821,.F.);
#2452=ORIENTED_EDGE('',*,*,#1818,.T.);
#2453=ORIENTED_EDGE('',*,*,#1822,.F.);
#2454=ORIENTED_EDGE('',*,*,#1811,.T.);
#2455=ORIENTED_EDGE('',*,*,#1815,.T.);
#2456=ORIENTED_EDGE('',*,*,#1817,.T.);
#2457=ORIENTED_EDGE('',*,*,#1820,.T.);
#2458=ORIENTED_EDGE('',*,*,#1823,.F.);
#2459=ORIENTED_EDGE('',*,*,#1824,.T.);
#2460=ORIENTED_EDGE('',*,*,#1676,.T.);
#2461=ORIENTED_EDGE('',*,*,#1652,.T.);
#2462=ORIENTED_EDGE('',*,*,#1690,.T.);
#2463=ORIENTED_EDGE('',*,*,#1809,.T.);
#2464=ORIENTED_EDGE('',*,*,#1822,.T.);
#2465=ORIENTED_EDGE('',*,*,#1816,.T.);
#2466=ORIENTED_EDGE('',*,*,#1686,.T.);
#2467=ORIENTED_EDGE('',*,*,#1825,.T.);
#2468=ORIENTED_EDGE('',*,*,#1826,.F.);
#2469=ORIENTED_EDGE('',*,*,#1827,.T.);
#2470=ORIENTED_EDGE('',*,*,#1683,.T.);
#2471=ORIENTED_EDGE('',*,*,#1661,.T.);
#2472=ORIENTED_EDGE('',*,*,#1658,.T.);
#2473=ORIENTED_EDGE('',*,*,#1828,.F.);
#2474=ORIENTED_EDGE('',*,*,#1649,.F.);
#2475=ORIENTED_EDGE('',*,*,#1829,.T.);
#2476=ORIENTED_EDGE('',*,*,#1830,.F.);
#2477=ORIENTED_EDGE('',*,*,#1633,.F.);
#2478=ORIENTED_EDGE('',*,*,#1642,.F.);
#2479=ORIENTED_EDGE('',*,*,#1831,.F.);
#2480=ORIENTED_EDGE('',*,*,#1832,.T.);
#2481=ORIENTED_EDGE('',*,*,#1648,.F.);
#2482=ORIENTED_EDGE('',*,*,#1833,.T.);
#2483=ORIENTED_EDGE('',*,*,#1834,.F.);
#2484=ORIENTED_EDGE('',*,*,#1829,.F.);
#2485=ORIENTED_EDGE('',*,*,#1835,.F.);
#2486=ORIENTED_EDGE('',*,*,#1836,.F.);
#2487=ORIENTED_EDGE('',*,*,#1833,.F.);
#2488=ORIENTED_EDGE('',*,*,#1647,.F.);
#2489=ORIENTED_EDGE('',*,*,#1635,.F.);
#2490=ORIENTED_EDGE('',*,*,#1837,.F.);
#2491=ORIENTED_EDGE('',*,*,#1838,.F.);
#2492=ORIENTED_EDGE('',*,*,#1839,.F.);
#2493=ORIENTED_EDGE('',*,*,#1634,.F.);
#2494=ORIENTED_EDGE('',*,*,#1832,.F.);
#2495=ORIENTED_EDGE('',*,*,#1840,.F.);
#2496=ORIENTED_EDGE('',*,*,#1837,.T.);
#2497=ORIENTED_EDGE('',*,*,#1841,.F.);
#2498=ORIENTED_EDGE('',*,*,#1830,.T.);
#2499=ORIENTED_EDGE('',*,*,#1834,.T.);
#2500=ORIENTED_EDGE('',*,*,#1836,.T.);
#2501=ORIENTED_EDGE('',*,*,#1839,.T.);
#2502=ORIENTED_EDGE('',*,*,#1842,.F.);
#2503=ORIENTED_EDGE('',*,*,#1843,.T.);
#2504=ORIENTED_EDGE('',*,*,#1636,.T.);
#2505=ORIENTED_EDGE('',*,*,#1612,.T.);
#2506=ORIENTED_EDGE('',*,*,#1650,.T.);
#2507=ORIENTED_EDGE('',*,*,#1828,.T.);
#2508=ORIENTED_EDGE('',*,*,#1841,.T.);
#2509=ORIENTED_EDGE('',*,*,#1835,.T.);
#2510=ORIENTED_EDGE('',*,*,#1646,.T.);
#2511=ORIENTED_EDGE('',*,*,#1844,.T.);
#2512=ORIENTED_EDGE('',*,*,#1845,.F.);
#2513=ORIENTED_EDGE('',*,*,#1846,.T.);
#2514=ORIENTED_EDGE('',*,*,#1643,.T.);
#2515=ORIENTED_EDGE('',*,*,#1621,.T.);
#2516=ORIENTED_EDGE('',*,*,#1618,.T.);
#2517=ORIENTED_EDGE('',*,*,#1843,.F.);
#2518=ORIENTED_EDGE('',*,*,#1847,.T.);
#2519=ORIENTED_EDGE('',*,*,#1848,.F.);
#2520=ORIENTED_EDGE('',*,*,#1849,.F.);
#2521=ORIENTED_EDGE('',*,*,#1844,.F.);
#2522=ORIENTED_EDGE('',*,*,#1645,.F.);
#2523=ORIENTED_EDGE('',*,*,#1637,.F.);
#2524=ORIENTED_EDGE('',*,*,#1850,.F.);
#2525=ORIENTED_EDGE('',*,*,#1679,.F.);
#2526=ORIENTED_EDGE('',*,*,#1684,.F.);
#2527=ORIENTED_EDGE('',*,*,#1827,.F.);
#2528=ORIENTED_EDGE('',*,*,#1851,.F.);
#2529=ORIENTED_EDGE('',*,*,#1852,.F.);
#2530=ORIENTED_EDGE('',*,*,#1853,.T.);
#2531=ORIENTED_EDGE('',*,*,#1824,.F.);
#2532=ORIENTED_EDGE('',*,*,#1854,.T.);
#2533=ORIENTED_EDGE('',*,*,#1855,.F.);
#2534=ORIENTED_EDGE('',*,*,#1856,.F.);
#2535=ORIENTED_EDGE('',*,*,#1825,.F.);
#2536=ORIENTED_EDGE('',*,*,#1685,.F.);
#2537=ORIENTED_EDGE('',*,*,#1677,.F.);
#2538=ORIENTED_EDGE('',*,*,#1857,.F.);
#2539=ORIENTED_EDGE('',*,*,#1757,.F.);
#2540=ORIENTED_EDGE('',*,*,#1772,.F.);
#2541=ORIENTED_EDGE('',*,*,#1808,.F.);
#2542=ORIENTED_EDGE('',*,*,#1858,.F.);
#2543=ORIENTED_EDGE('',*,*,#1859,.F.);
#2544=ORIENTED_EDGE('',*,*,#1860,.T.);
#2545=ORIENTED_EDGE('',*,*,#1722,.F.);
#2546=ORIENTED_EDGE('',*,*,#1861,.T.);
#2547=ORIENTED_EDGE('',*,*,#1862,.F.);
#2548=ORIENTED_EDGE('',*,*,#1863,.F.);
#2549=ORIENTED_EDGE('',*,*,#1789,.F.);
#2550=ORIENTED_EDGE('',*,*,#1731,.F.);
#2551=ORIENTED_EDGE('',*,*,#1713,.F.);
#2552=ORIENTED_EDGE('',*,*,#1864,.F.);
#2553=ORIENTED_EDGE('',*,*,#1639,.F.);
#2554=ORIENTED_EDGE('',*,*,#1644,.F.);
#2555=ORIENTED_EDGE('',*,*,#1846,.F.);
#2556=ORIENTED_EDGE('',*,*,#1865,.F.);
#2557=ORIENTED_EDGE('',*,*,#1866,.F.);
#2558=ORIENTED_EDGE('',*,*,#1867,.T.);
#2559=ORIENTED_EDGE('',*,*,#1764,.F.);
#2560=ORIENTED_EDGE('',*,*,#1868,.T.);
#2561=ORIENTED_EDGE('',*,*,#1869,.F.);
#2562=ORIENTED_EDGE('',*,*,#1870,.F.);
#2563=ORIENTED_EDGE('',*,*,#1806,.F.);
#2564=ORIENTED_EDGE('',*,*,#1773,.F.);
#2565=ORIENTED_EDGE('',*,*,#1755,.F.);
#2566=ORIENTED_EDGE('',*,*,#1871,.F.);
#2567=ORIENTED_EDGE('',*,*,#1715,.F.);
#2568=ORIENTED_EDGE('',*,*,#1730,.F.);
#2569=ORIENTED_EDGE('',*,*,#1791,.F.);
#2570=ORIENTED_EDGE('',*,*,#1872,.F.);
#2571=ORIENTED_EDGE('',*,*,#1873,.F.);
#2572=ORIENTED_EDGE('',*,*,#1874,.T.);
#2573=ORIENTED_EDGE('',*,*,#1484,.F.);
#2574=ORIENTED_EDGE('',*,*,#1526,.T.);
#2575=ORIENTED_EDGE('',*,*,#1520,.T.);
#2576=ORIENTED_EDGE('',*,*,#1525,.T.);
#2577=ORIENTED_EDGE('',*,*,#1532,.T.);
#2578=ORIENTED_EDGE('',*,*,#1576,.T.);
#2579=ORIENTED_EDGE('',*,*,#1573,.T.);
#2580=ORIENTED_EDGE('',*,*,#1570,.T.);
#2581=ORIENTED_EDGE('',*,*,#1567,.T.);
#2582=ORIENTED_EDGE('',*,*,#1563,.T.);
#2583=ORIENTED_EDGE('',*,*,#1579,.T.);
#2584=ORIENTED_EDGE('',*,*,#1582,.T.);
#2585=ORIENTED_EDGE('',*,*,#1585,.T.);
#2586=ORIENTED_EDGE('',*,*,#1588,.T.);
#2587=ORIENTED_EDGE('',*,*,#1591,.T.);
#2588=ORIENTED_EDGE('',*,*,#1604,.T.);
#2589=ORIENTED_EDGE('',*,*,#1607,.T.);
#2590=ORIENTED_EDGE('',*,*,#1610,.T.);
#2591=ORIENTED_EDGE('',*,*,#1624,.T.);
#2592=ORIENTED_EDGE('',*,*,#1875,.T.);
#2593=ORIENTED_EDGE('',*,*,#1867,.F.);
#2594=ORIENTED_EDGE('',*,*,#1876,.F.);
#2595=ORIENTED_EDGE('',*,*,#1847,.F.);
#2596=ORIENTED_EDGE('',*,*,#1842,.T.);
#2597=ORIENTED_EDGE('',*,*,#1838,.T.);
#2598=ORIENTED_EDGE('',*,*,#1840,.T.);
#2599=ORIENTED_EDGE('',*,*,#1831,.T.);
#2600=ORIENTED_EDGE('',*,*,#1641,.T.);
#2601=ORIENTED_EDGE('',*,*,#1628,.T.);
#2602=ORIENTED_EDGE('',*,*,#1631,.T.);
#2603=ORIENTED_EDGE('',*,*,#1664,.T.);
#2604=ORIENTED_EDGE('',*,*,#1877,.T.);
#2605=ORIENTED_EDGE('',*,*,#1853,.F.);
#2606=ORIENTED_EDGE('',*,*,#1878,.F.);
#2607=ORIENTED_EDGE('',*,*,#1854,.F.);
#2608=ORIENTED_EDGE('',*,*,#1823,.T.);
#2609=ORIENTED_EDGE('',*,*,#1819,.T.);
#2610=ORIENTED_EDGE('',*,*,#1821,.T.);
#2611=ORIENTED_EDGE('',*,*,#1812,.T.);
#2612=ORIENTED_EDGE('',*,*,#1681,.T.);
#2613=ORIENTED_EDGE('',*,*,#1668,.T.);
#2614=ORIENTED_EDGE('',*,*,#1671,.T.);
#2615=ORIENTED_EDGE('',*,*,#1710,.T.);
#2616=ORIENTED_EDGE('',*,*,#1724,.T.);
#2617=ORIENTED_EDGE('',*,*,#1786,.T.);
#2618=ORIENTED_EDGE('',*,*,#1787,.T.);
#2619=ORIENTED_EDGE('',*,*,#1779,.T.);
#2620=ORIENTED_EDGE('',*,*,#1879,.T.);
#2621=ORIENTED_EDGE('',*,*,#1874,.F.);
#2622=ORIENTED_EDGE('',*,*,#1880,.F.);
#2623=ORIENTED_EDGE('',*,*,#1861,.F.);
#2624=ORIENTED_EDGE('',*,*,#1721,.T.);
#2625=ORIENTED_EDGE('',*,*,#1698,.T.);
#2626=ORIENTED_EDGE('',*,*,#1708,.T.);
#2627=ORIENTED_EDGE('',*,*,#1752,.T.);
#2628=ORIENTED_EDGE('',*,*,#1766,.T.);
#2629=ORIENTED_EDGE('',*,*,#1803,.T.);
#2630=ORIENTED_EDGE('',*,*,#1804,.T.);
#2631=ORIENTED_EDGE('',*,*,#1796,.T.);
#2632=ORIENTED_EDGE('',*,*,#1881,.T.);
#2633=ORIENTED_EDGE('',*,*,#1860,.F.);
#2634=ORIENTED_EDGE('',*,*,#1882,.F.);
#2635=ORIENTED_EDGE('',*,*,#1868,.F.);
#2636=ORIENTED_EDGE('',*,*,#1763,.T.);
#2637=ORIENTED_EDGE('',*,*,#1740,.T.);
#2638=ORIENTED_EDGE('',*,*,#1750,.T.);
#2639=ORIENTED_EDGE('',*,*,#1546,.T.);
#2640=ORIENTED_EDGE('',*,*,#1543,.T.);
#2641=ORIENTED_EDGE('',*,*,#1540,.T.);
#2642=ORIENTED_EDGE('',*,*,#1537,.T.);
#2643=ORIENTED_EDGE('',*,*,#1533,.T.);
#2644=ORIENTED_EDGE('',*,*,#1549,.T.);
#2645=ORIENTED_EDGE('',*,*,#1552,.T.);
#2646=ORIENTED_EDGE('',*,*,#1555,.T.);
#2647=ORIENTED_EDGE('',*,*,#1558,.T.);
#2648=ORIENTED_EDGE('',*,*,#1561,.T.);
#2649=ORIENTED_EDGE('',*,*,#1502,.T.);
#2650=ORIENTED_EDGE('',*,*,#1505,.T.);
#2651=ORIENTED_EDGE('',*,*,#1507,.T.);
#2652=ORIENTED_EDGE('',*,*,#1508,.T.);
#2653=ORIENTED_EDGE('',*,*,#1778,.T.);
#2654=ORIENTED_EDGE('',*,*,#1716,.T.);
#2655=ORIENTED_EDGE('',*,*,#1871,.T.);
#2656=ORIENTED_EDGE('',*,*,#1879,.F.);
#2657=ORIENTED_EDGE('',*,*,#1795,.T.);
#2658=ORIENTED_EDGE('',*,*,#1758,.T.);
#2659=ORIENTED_EDGE('',*,*,#1857,.T.);
#2660=ORIENTED_EDGE('',*,*,#1881,.F.);
#2661=ORIENTED_EDGE('',*,*,#1623,.T.);
#2662=ORIENTED_EDGE('',*,*,#1640,.T.);
#2663=ORIENTED_EDGE('',*,*,#1864,.T.);
#2664=ORIENTED_EDGE('',*,*,#1875,.F.);
#2665=ORIENTED_EDGE('',*,*,#1663,.T.);
#2666=ORIENTED_EDGE('',*,*,#1680,.T.);
#2667=ORIENTED_EDGE('',*,*,#1850,.T.);
#2668=ORIENTED_EDGE('',*,*,#1877,.F.);
#2669=ORIENTED_EDGE('',*,*,#1863,.T.);
#2670=ORIENTED_EDGE('',*,*,#1883,.T.);
#2671=ORIENTED_EDGE('',*,*,#1872,.T.);
#2672=ORIENTED_EDGE('',*,*,#1790,.T.);
#2673=ORIENTED_EDGE('',*,*,#1849,.T.);
#2674=ORIENTED_EDGE('',*,*,#1884,.T.);
#2675=ORIENTED_EDGE('',*,*,#1865,.T.);
#2676=ORIENTED_EDGE('',*,*,#1845,.T.);
#2677=ORIENTED_EDGE('',*,*,#1858,.T.);
#2678=ORIENTED_EDGE('',*,*,#1807,.T.);
#2679=ORIENTED_EDGE('',*,*,#1870,.T.);
#2680=ORIENTED_EDGE('',*,*,#1885,.T.);
#2681=ORIENTED_EDGE('',*,*,#1862,.T.);
#2682=ORIENTED_EDGE('',*,*,#1880,.T.);
#2683=ORIENTED_EDGE('',*,*,#1873,.T.);
#2684=ORIENTED_EDGE('',*,*,#1883,.F.);
#2685=ORIENTED_EDGE('',*,*,#1859,.T.);
#2686=ORIENTED_EDGE('',*,*,#1885,.F.);
#2687=ORIENTED_EDGE('',*,*,#1869,.T.);
#2688=ORIENTED_EDGE('',*,*,#1882,.T.);
#2689=ORIENTED_EDGE('',*,*,#1848,.T.);
#2690=ORIENTED_EDGE('',*,*,#1876,.T.);
#2691=ORIENTED_EDGE('',*,*,#1866,.T.);
#2692=ORIENTED_EDGE('',*,*,#1884,.F.);
#2693=ORIENTED_EDGE('',*,*,#1852,.T.);
#2694=ORIENTED_EDGE('',*,*,#1886,.F.);
#2695=ORIENTED_EDGE('',*,*,#1855,.T.);
#2696=ORIENTED_EDGE('',*,*,#1878,.T.);
#2697=ORIENTED_EDGE('',*,*,#1851,.T.);
#2698=ORIENTED_EDGE('',*,*,#1826,.T.);
#2699=ORIENTED_EDGE('',*,*,#1856,.T.);
#2700=ORIENTED_EDGE('',*,*,#1886,.T.);
#2701=CONICAL_SURFACE('',#2876,31.6,0.785398163397448);
#2702=CONICAL_SURFACE('',#2962,30.,0.67474094222356);
#2703=CONICAL_SURFACE('',#2969,30.,0.67474094222356);
#2704=CONICAL_SURFACE('',#2981,30.,0.67474094222356);
#2705=CONICAL_SURFACE('',#2988,30.,0.67474094222356);
#2706=CONICAL_SURFACE('',#3000,30.,0.67474094222356);
#2707=CONICAL_SURFACE('',#3009,30.,0.67474094222356);
#2708=CONICAL_SURFACE('',#3021,30.,0.67474094222356);
#2709=CONICAL_SURFACE('',#3030,30.,0.67474094222356);
#2710=ADVANCED_FACE('',(#190),#2701,.T.);
#2711=ADVANCED_FACE('',(#191),#159,.T.);
#2712=ADVANCED_FACE('',(#192,#31),#47,.T.);
#2713=ADVANCED_FACE('',(#193),#48,.F.);
#2714=ADVANCED_FACE('',(#194),#160,.F.);
#2715=ADVANCED_FACE('',(#195),#49,.F.);
#2716=ADVANCED_FACE('',(#196),#161,.F.);
#2717=ADVANCED_FACE('',(#197,#32),#50,.T.);
#2718=ADVANCED_FACE('',(#198),#51,.F.);
#2719=ADVANCED_FACE('',(#199),#162,.F.);
#2720=ADVANCED_FACE('',(#200),#52,.F.);
#2721=ADVANCED_FACE('',(#201),#163,.F.);
#2722=ADVANCED_FACE('',(#202),#53,.T.);
#2723=ADVANCED_FACE('',(#203),#54,.T.);
#2724=ADVANCED_FACE('',(#204),#55,.T.);
#2725=ADVANCED_FACE('',(#205),#56,.T.);
#2726=ADVANCED_FACE('',(#206),#57,.T.);
#2727=ADVANCED_FACE('',(#207),#58,.T.);
#2728=ADVANCED_FACE('',(#208),#59,.T.);
#2729=ADVANCED_FACE('',(#209),#60,.T.);
#2730=ADVANCED_FACE('',(#210),#61,.T.);
#2731=ADVANCED_FACE('',(#211),#62,.T.);
#2732=ADVANCED_FACE('',(#212),#63,.T.);
#2733=ADVANCED_FACE('',(#213),#64,.T.);
#2734=ADVANCED_FACE('',(#214),#65,.T.);
#2735=ADVANCED_FACE('',(#215),#66,.T.);
#2736=ADVANCED_FACE('',(#216),#67,.T.);
#2737=ADVANCED_FACE('',(#217),#68,.T.);
#2738=ADVANCED_FACE('',(#218),#69,.T.);
#2739=ADVANCED_FACE('',(#219),#70,.T.);
#2740=ADVANCED_FACE('',(#220),#71,.T.);
#2741=ADVANCED_FACE('',(#221),#72,.T.);
#2742=ADVANCED_FACE('',(#222),#73,.T.);
#2743=ADVANCED_FACE('',(#223),#74,.T.);
#2744=ADVANCED_FACE('',(#224),#75,.T.);
#2745=ADVANCED_FACE('',(#225),#76,.T.);
#2746=ADVANCED_FACE('',(#226),#77,.T.);
#2747=ADVANCED_FACE('',(#227),#78,.T.);
#2748=ADVANCED_FACE('',(#228),#79,.T.);
#2749=ADVANCED_FACE('',(#229),#80,.T.);
#2750=ADVANCED_FACE('',(#230),#81,.T.);
#2751=ADVANCED_FACE('',(#231),#82,.T.);
#2752=ADVANCED_FACE('',(#232),#83,.T.);
#2753=ADVANCED_FACE('',(#233),#164,.T.);
#2754=ADVANCED_FACE('',(#234),#84,.F.);
#2755=ADVANCED_FACE('',(#235),#165,.T.);
#2756=ADVANCED_FACE('',(#236),#85,.F.);
#2757=ADVANCED_FACE('',(#237),#166,.T.);
#2758=ADVANCED_FACE('',(#238),#86,.F.);
#2759=ADVANCED_FACE('',(#239),#167,.T.);
#2760=ADVANCED_FACE('',(#240,#33),#87,.F.);
#2761=ADVANCED_FACE('',(#241),#168,.T.);
#2762=ADVANCED_FACE('',(#242,#34),#88,.F.);
#2763=ADVANCED_FACE('',(#243),#169,.T.);
#2764=ADVANCED_FACE('',(#244,#35),#89,.F.);
#2765=ADVANCED_FACE('',(#245),#90,.T.);
#2766=ADVANCED_FACE('',(#246),#91,.T.);
#2767=ADVANCED_FACE('',(#247),#92,.T.);
#2768=ADVANCED_FACE('',(#248),#93,.T.);
#2769=ADVANCED_FACE('',(#249),#94,.T.);
#2770=ADVANCED_FACE('',(#250),#95,.T.);
#2771=ADVANCED_FACE('',(#251),#96,.T.);
#2772=ADVANCED_FACE('',(#252),#2702,.T.);
#2773=ADVANCED_FACE('',(#253),#170,.T.);
#2774=ADVANCED_FACE('',(#254),#2703,.T.);
#2775=ADVANCED_FACE('',(#255),#97,.T.);
#2776=ADVANCED_FACE('',(#256),#98,.T.);
#2777=ADVANCED_FACE('',(#257),#99,.T.);
#2778=ADVANCED_FACE('',(#258),#100,.T.);
#2779=ADVANCED_FACE('',(#259),#101,.T.);
#2780=ADVANCED_FACE('',(#260),#102,.T.);
#2781=ADVANCED_FACE('',(#261),#103,.T.);
#2782=ADVANCED_FACE('',(#262),#2704,.T.);
#2783=ADVANCED_FACE('',(#263),#171,.T.);
#2784=ADVANCED_FACE('',(#264),#2705,.T.);
#2785=ADVANCED_FACE('',(#265),#104,.T.);
#2786=ADVANCED_FACE('',(#266),#105,.T.);
#2787=ADVANCED_FACE('',(#267),#106,.T.);
#2788=ADVANCED_FACE('',(#268),#107,.T.);
#2789=ADVANCED_FACE('',(#269),#108,.T.);
#2790=ADVANCED_FACE('',(#270),#109,.T.);
#2791=ADVANCED_FACE('',(#271),#110,.T.);
#2792=ADVANCED_FACE('',(#272),#2706,.T.);
#2793=ADVANCED_FACE('',(#273),#172,.T.);
#2794=ADVANCED_FACE('',(#274),#173,.T.);
#2795=ADVANCED_FACE('',(#275),#2707,.T.);
#2796=ADVANCED_FACE('',(#276),#111,.T.);
#2797=ADVANCED_FACE('',(#277),#112,.T.);
#2798=ADVANCED_FACE('',(#278),#113,.T.);
#2799=ADVANCED_FACE('',(#279),#114,.T.);
#2800=ADVANCED_FACE('',(#280),#115,.T.);
#2801=ADVANCED_FACE('',(#281),#116,.T.);
#2802=ADVANCED_FACE('',(#282),#117,.T.);
#2803=ADVANCED_FACE('',(#283),#2708,.T.);
#2804=ADVANCED_FACE('',(#284),#174,.T.);
#2805=ADVANCED_FACE('',(#285),#175,.T.);
#2806=ADVANCED_FACE('',(#286),#2709,.T.);
#2807=ADVANCED_FACE('',(#287),#118,.T.);
#2808=ADVANCED_FACE('',(#288),#119,.T.);
#2809=ADVANCED_FACE('',(#289),#120,.T.);
#2810=ADVANCED_FACE('',(#290),#121,.T.);
#2811=ADVANCED_FACE('',(#291),#122,.T.);
#2812=ADVANCED_FACE('',(#292),#123,.T.);
#2813=ADVANCED_FACE('',(#293),#124,.T.);
#2814=ADVANCED_FACE('',(#294),#176,.T.);
#2815=ADVANCED_FACE('',(#295),#125,.T.);
#2816=ADVANCED_FACE('',(#296),#126,.T.);
#2817=ADVANCED_FACE('',(#297),#127,.T.);
#2818=ADVANCED_FACE('',(#298),#128,.T.);
#2819=ADVANCED_FACE('',(#299),#129,.T.);
#2820=ADVANCED_FACE('',(#300),#130,.T.);
#2821=ADVANCED_FACE('',(#301),#131,.T.);
#2822=ADVANCED_FACE('',(#302),#177,.T.);
#2823=ADVANCED_FACE('',(#303),#132,.T.);
#2824=ADVANCED_FACE('',(#304),#133,.T.);
#2825=ADVANCED_FACE('',(#305),#134,.T.);
#2826=ADVANCED_FACE('',(#306),#135,.T.);
#2827=ADVANCED_FACE('',(#307),#136,.T.);
#2828=ADVANCED_FACE('',(#308),#137,.T.);
#2829=ADVANCED_FACE('',(#309),#138,.T.);
#2830=ADVANCED_FACE('',(#310),#178,.T.);
#2831=ADVANCED_FACE('',(#311),#179,.T.);
#2832=ADVANCED_FACE('',(#312),#139,.T.);
#2833=ADVANCED_FACE('',(#313),#140,.T.);
#2834=ADVANCED_FACE('',(#314),#141,.T.);
#2835=ADVANCED_FACE('',(#315),#142,.T.);
#2836=ADVANCED_FACE('',(#316),#143,.T.);
#2837=ADVANCED_FACE('',(#317),#144,.T.);
#2838=ADVANCED_FACE('',(#318),#145,.T.);
#2839=ADVANCED_FACE('',(#319),#180,.T.);
#2840=ADVANCED_FACE('',(#320),#181,.T.);
#2841=ADVANCED_FACE('',(#321),#146,.F.);
#2842=ADVANCED_FACE('',(#322),#147,.F.);
#2843=ADVANCED_FACE('',(#323),#148,.F.);
#2844=ADVANCED_FACE('',(#324),#149,.F.);
#2845=ADVANCED_FACE('',(#325),#150,.F.);
#2846=ADVANCED_FACE('',(#326),#151,.F.);
#2847=ADVANCED_FACE('',(#327),#152,.F.);
#2848=ADVANCED_FACE('',(#328),#153,.F.);
#2849=ADVANCED_FACE('',(#329,#36,#37,#38,#39,#40,#41,#42,#43,#44,#45,#46),
#154,.F.);
#2850=ADVANCED_FACE('',(#330),#182,.T.);
#2851=ADVANCED_FACE('',(#331),#183,.T.);
#2852=ADVANCED_FACE('',(#332),#184,.T.);
#2853=ADVANCED_FACE('',(#333),#185,.T.);
#2854=ADVANCED_FACE('',(#334),#155,.F.);
#2855=ADVANCED_FACE('',(#335),#156,.F.);
#2856=ADVANCED_FACE('',(#336),#157,.F.);
#2857=ADVANCED_FACE('',(#337),#186,.F.);
#2858=ADVANCED_FACE('',(#338),#187,.F.);
#2859=ADVANCED_FACE('',(#339),#188,.F.);
#2860=ADVANCED_FACE('',(#340),#189,.F.);
#2861=ADVANCED_FACE('',(#341),#158,.F.);
#2862=CLOSED_SHELL('',(#2710,#2711,#2712,#2713,#2714,#2715,#2716,#2717,
#2718,#2719,#2720,#2721,#2722,#2723,#2724,#2725,#2726,#2727,#2728,#2729,
#2730,#2731,#2732,#2733,#2734,#2735,#2736,#2737,#2738,#2739,#2740,#2741,
#2742,#2743,#2744,#2745,#2746,#2747,#2748,#2749,#2750,#2751,#2752,#2753,
#2754,#2755,#2756,#2757,#2758,#2759,#2760,#2761,#2762,#2763,#2764,#2765,
#2766,#2767,#2768,#2769,#2770,#2771,#2772,#2773,#2774,#2775,#2776,#2777,
#2778,#2779,#2780,#2781,#2782,#2783,#2784,#2785,#2786,#2787,#2788,#2789,
#2790,#2791,#2792,#2793,#2794,#2795,#2796,#2797,#2798,#2799,#2800,#2801,
#2802,#2803,#2804,#2805,#2806,#2807,#2808,#2809,#2810,#2811,#2812,#2813,
#2814,#2815,#2816,#2817,#2818,#2819,#2820,#2821,#2822,#2823,#2824,#2825,
#2826,#2827,#2828,#2829,#2830,#2831,#2832,#2833,#2834,#2835,#2836,#2837,
#2838,#2839,#2840,#2841,#2842,#2843,#2844,#2845,#2846,#2847,#2848,#2849,
#2850,#2851,#2852,#2853,#2854,#2855,#2856,#2857,#2858,#2859,#2860,#2861));
#2863=DERIVED_UNIT_ELEMENT(#2865,1.);
#2864=DERIVED_UNIT_ELEMENT(#4759,-3.);
#2865=(
MASS_UNIT()
NAMED_UNIT(*)
SI_UNIT(.KILO.,.GRAM.)
);
#2866=DERIVED_UNIT((#2863,#2864));
#2867=MEASURE_REPRESENTATION_ITEM('density measure',
POSITIVE_RATIO_MEASURE(7850.),#2866);
#2868=PROPERTY_DEFINITION_REPRESENTATION(#2873,#2870);
#2869=PROPERTY_DEFINITION_REPRESENTATION(#2874,#2871);
#2870=REPRESENTATION('material name',(#2872),#4756);
#2871=REPRESENTATION('density',(#2867),#4756);
#2872=DESCRIPTIVE_REPRESENTATION_ITEM('Stahl','Stahl');
#2873=PROPERTY_DEFINITION('material property','material name',#4766);
#2874=PROPERTY_DEFINITION('material property','density of part',#4766);
#2875=AXIS2_PLACEMENT_3D('',#3891,#3111,#3112);
#2876=AXIS2_PLACEMENT_3D('',#3892,#3113,#3114);
#2877=AXIS2_PLACEMENT_3D('',#3894,#3115,#3116);
#2878=AXIS2_PLACEMENT_3D('',#3897,#3118,#3119);
#2879=AXIS2_PLACEMENT_3D('',#3898,#3120,#3121);
#2880=AXIS2_PLACEMENT_3D('',#3901,#3123,#3124);
#2881=AXIS2_PLACEMENT_3D('',#3902,#3125,#3126);
#2882=AXIS2_PLACEMENT_3D('',#3907,#3128,#3129);
#2883=AXIS2_PLACEMENT_3D('',#3910,#3131,#3132);
#2884=AXIS2_PLACEMENT_3D('',#3911,#3133,#3134);
#2885=AXIS2_PLACEMENT_3D('',#3917,#3138,#3139);
#2886=AXIS2_PLACEMENT_3D('',#3920,#3141,#3142);
#2887=AXIS2_PLACEMENT_3D('',#3921,#3143,#3144);
#2888=AXIS2_PLACEMENT_3D('',#3925,#3147,#3148);
#2889=AXIS2_PLACEMENT_3D('',#3926,#3149,#3150);
#2890=AXIS2_PLACEMENT_3D('',#3927,#3151,#3152);
#2891=AXIS2_PLACEMENT_3D('',#3932,#3154,#3155);
#2892=AXIS2_PLACEMENT_3D('',#3935,#3157,#3158);
#2893=AXIS2_PLACEMENT_3D('',#3936,#3159,#3160);
#2894=AXIS2_PLACEMENT_3D('',#3942,#3164,#3165);
#2895=AXIS2_PLACEMENT_3D('',#3945,#3167,#3168);
#2896=AXIS2_PLACEMENT_3D('',#3946,#3169,#3170);
#2897=AXIS2_PLACEMENT_3D('',#3950,#3173,#3174);
#2898=AXIS2_PLACEMENT_3D('',#3951,#3175,#3176);
#2899=AXIS2_PLACEMENT_3D('',#3952,#3177,#3178);
#2900=AXIS2_PLACEMENT_3D('',#3961,#3183,#3184);
#2901=AXIS2_PLACEMENT_3D('',#3970,#3189,#3190);
#2902=AXIS2_PLACEMENT_3D('',#3973,#3193,#3194);
#2903=AXIS2_PLACEMENT_3D('',#3983,#3200,#3201);
#2904=AXIS2_PLACEMENT_3D('',#3987,#3204,#3205);
#2905=AXIS2_PLACEMENT_3D('',#3993,#3209,#3210);
#2906=AXIS2_PLACEMENT_3D('',#3997,#3213,#3214);
#2907=AXIS2_PLACEMENT_3D('',#4000,#3217,#3218);
#2908=AXIS2_PLACEMENT_3D('',#4001,#3219,#3220);
#2909=AXIS2_PLACEMENT_3D('',#4010,#3225,#3226);
#2910=AXIS2_PLACEMENT_3D('',#4016,#3230,#3231);
#2911=AXIS2_PLACEMENT_3D('',#4022,#3235,#3236);
#2912=AXIS2_PLACEMENT_3D('',#4028,#3240,#3241);
#2913=AXIS2_PLACEMENT_3D('',#4034,#3245,#3246);
#2914=AXIS2_PLACEMENT_3D('',#4040,#3250,#3251);
#2915=AXIS2_PLACEMENT_3D('',#4046,#3255,#3256);
#2916=AXIS2_PLACEMENT_3D('',#4052,#3260,#3261);
#2917=AXIS2_PLACEMENT_3D('',#4058,#3265,#3266);
#2918=AXIS2_PLACEMENT_3D('',#4061,#3269,#3270);
#2919=AXIS2_PLACEMENT_3D('',#4062,#3271,#3272);
#2920=AXIS2_PLACEMENT_3D('',#4071,#3277,#3278);
#2921=AXIS2_PLACEMENT_3D('',#4077,#3282,#3283);
#2922=AXIS2_PLACEMENT_3D('',#4083,#3287,#3288);
#2923=AXIS2_PLACEMENT_3D('',#4089,#3292,#3293);
#2924=AXIS2_PLACEMENT_3D('',#4095,#3297,#3298);
#2925=AXIS2_PLACEMENT_3D('',#4101,#3302,#3303);
#2926=AXIS2_PLACEMENT_3D('',#4107,#3307,#3308);
#2927=AXIS2_PLACEMENT_3D('',#4113,#3312,#3313);
#2928=AXIS2_PLACEMENT_3D('',#4119,#3317,#3318);
#2929=AXIS2_PLACEMENT_3D('',#4122,#3321,#3322);
#2930=AXIS2_PLACEMENT_3D('',#4123,#3323,#3324);
#2931=AXIS2_PLACEMENT_3D('',#4125,#3325,#3326);
#2932=AXIS2_PLACEMENT_3D('',#4128,#3328,#3329);
#2933=AXIS2_PLACEMENT_3D('',#4129,#3330,#3331);
#2934=AXIS2_PLACEMENT_3D('',#4130,#3332,#3333);
#2935=AXIS2_PLACEMENT_3D('',#4132,#3334,#3335);
#2936=AXIS2_PLACEMENT_3D('',#4135,#3337,#3338);
#2937=AXIS2_PLACEMENT_3D('',#4136,#3339,#3340);
#2938=AXIS2_PLACEMENT_3D('',#4137,#3341,#3342);
#2939=AXIS2_PLACEMENT_3D('',#4139,#3343,#3344);
#2940=AXIS2_PLACEMENT_3D('',#4142,#3346,#3347);
#2941=AXIS2_PLACEMENT_3D('',#4143,#3348,#3349);
#2942=AXIS2_PLACEMENT_3D('',#4144,#3350,#3351);
#2943=AXIS2_PLACEMENT_3D('',#4146,#3352,#3353);
#2944=AXIS2_PLACEMENT_3D('',#4149,#3355,#3356);
#2945=AXIS2_PLACEMENT_3D('',#4150,#3357,#3358);
#2946=AXIS2_PLACEMENT_3D('',#4151,#3359,#3360);
#2947=AXIS2_PLACEMENT_3D('',#4153,#3361,#3362);
#2948=AXIS2_PLACEMENT_3D('',#4156,#3364,#3365);
#2949=AXIS2_PLACEMENT_3D('',#4157,#3366,#3367);
#2950=AXIS2_PLACEMENT_3D('',#4158,#3368,#3369);
#2951=AXIS2_PLACEMENT_3D('',#4160,#3370,#3371);
#2952=AXIS2_PLACEMENT_3D('',#4163,#3373,#3374);
#2953=AXIS2_PLACEMENT_3D('',#4164,#3375,#3376);
#2954=AXIS2_PLACEMENT_3D('',#4165,#3377,#3378);
#2955=AXIS2_PLACEMENT_3D('',#4174,#3383,#3384);
#2956=AXIS2_PLACEMENT_3D('',#4182,#3387,#3388);
#2957=AXIS2_PLACEMENT_3D('',#4184,#3389,#3390);
#2958=AXIS2_PLACEMENT_3D('',#4186,#3392,#3393);
#2959=AXIS2_PLACEMENT_3D('',#4190,#3396,#3397);
#2960=AXIS2_PLACEMENT_3D('',#4199,#3402,#3403);
#2961=AXIS2_PLACEMENT_3D('',#4208,#3408,#3409);
#2962=AXIS2_PLACEMENT_3D('',#4213,#3411,#3412);
#2963=AXIS2_PLACEMENT_3D('',#4215,#3413,#3414);
#2964=AXIS2_PLACEMENT_3D('',#4225,#3417,#3418);
#2965=AXIS2_PLACEMENT_3D('',#4229,#3420,#3421);
#2966=AXIS2_PLACEMENT_3D('',#4232,#3423,#3424);
#2967=AXIS2_PLACEMENT_3D('',#4233,#3425,#3426);
#2968=AXIS2_PLACEMENT_3D('',#4235,#3427,#3428);
#2969=AXIS2_PLACEMENT_3D('',#4237,#3430,#3431);
#2970=AXIS2_PLACEMENT_3D('',#4239,#3432,#3433);
#2971=AXIS2_PLACEMENT_3D('',#4244,#3436,#3437);
#2972=AXIS2_PLACEMENT_3D('',#4253,#3440,#3441);
#2973=AXIS2_PLACEMENT_3D('',#4254,#3442,#3443);
#2974=AXIS2_PLACEMENT_3D('',#4263,#3448,#3449);
#2975=AXIS2_PLACEMENT_3D('',#4271,#3452,#3453);
#2976=AXIS2_PLACEMENT_3D('',#4273,#3454,#3455);
#2977=AXIS2_PLACEMENT_3D('',#4275,#3457,#3458);
#2978=AXIS2_PLACEMENT_3D('',#4279,#3461,#3462);
#2979=AXIS2_PLACEMENT_3D('',#4288,#3467,#3468);
#2980=AXIS2_PLACEMENT_3D('',#4297,#3473,#3474);
#2981=AXIS2_PLACEMENT_3D('',#4302,#3476,#3477);
#2982=AXIS2_PLACEMENT_3D('',#4304,#3478,#3479);
#2983=AXIS2_PLACEMENT_3D('',#4314,#3482,#3483);
#2984=AXIS2_PLACEMENT_3D('',#4318,#3485,#3486);
#2985=AXIS2_PLACEMENT_3D('',#4321,#3488,#3489);
#2986=AXIS2_PLACEMENT_3D('',#4322,#3490,#3491);
#2987=AXIS2_PLACEMENT_3D('',#4324,#3492,#3493);
#2988=AXIS2_PLACEMENT_3D('',#4326,#3495,#3496);
#2989=AXIS2_PLACEMENT_3D('',#4328,#3497,#3498);
#2990=AXIS2_PLACEMENT_3D('',#4333,#3501,#3502);
#2991=AXIS2_PLACEMENT_3D('',#4342,#3505,#3506);
#2992=AXIS2_PLACEMENT_3D('',#4343,#3507,#3508);
#2993=AXIS2_PLACEMENT_3D('',#4352,#3513,#3514);
#2994=AXIS2_PLACEMENT_3D('',#4361,#3519,#3520);
#2995=AXIS2_PLACEMENT_3D('',#4369,#3523,#3524);
#2996=AXIS2_PLACEMENT_3D('',#4371,#3525,#3526);
#2997=AXIS2_PLACEMENT_3D('',#4373,#3528,#3529);
#2998=AXIS2_PLACEMENT_3D('',#4377,#3532,#3533);
#2999=AXIS2_PLACEMENT_3D('',#4385,#3536,#3537);
#3000=AXIS2_PLACEMENT_3D('',#4391,#3541,#3542);
#3001=AXIS2_PLACEMENT_3D('',#4393,#3543,#3544);
#3002=AXIS2_PLACEMENT_3D('',#4397,#3546,#3547);
#3003=AXIS2_PLACEMENT_3D('',#4401,#3549,#3550);
#3004=AXIS2_PLACEMENT_3D('',#4410,#3553,#3554);
#3005=AXIS2_PLACEMENT_3D('',#4411,#3555,#3556);
#3006=AXIS2_PLACEMENT_3D('',#4413,#3557,#3558);
#3007=AXIS2_PLACEMENT_3D('',#4415,#3560,#3561);
#3008=AXIS2_PLACEMENT_3D('',#4418,#3563,#3564);
#3009=AXIS2_PLACEMENT_3D('',#4419,#3565,#3566);
#3010=AXIS2_PLACEMENT_3D('',#4421,#3567,#3568);
#3011=AXIS2_PLACEMENT_3D('',#4431,#3571,#3572);
#3012=AXIS2_PLACEMENT_3D('',#4435,#3575,#3576);
#3013=AXIS2_PLACEMENT_3D('',#4436,#3577,#3578);
#3014=AXIS2_PLACEMENT_3D('',#4445,#3583,#3584);
#3015=AXIS2_PLACEMENT_3D('',#4454,#3589,#3590);
#3016=AXIS2_PLACEMENT_3D('',#4462,#3593,#3594);
#3017=AXIS2_PLACEMENT_3D('',#4464,#3595,#3596);
#3018=AXIS2_PLACEMENT_3D('',#4466,#3598,#3599);
#3019=AXIS2_PLACEMENT_3D('',#4470,#3602,#3603);
#3020=AXIS2_PLACEMENT_3D('',#4478,#3606,#3607);
#3021=AXIS2_PLACEMENT_3D('',#4484,#3611,#3612);
#3022=AXIS2_PLACEMENT_3D('',#4486,#3613,#3614);
#3023=AXIS2_PLACEMENT_3D('',#4490,#3616,#3617);
#3024=AXIS2_PLACEMENT_3D('',#4494,#3619,#3620);
#3025=AXIS2_PLACEMENT_3D('',#4503,#3623,#3624);
#3026=AXIS2_PLACEMENT_3D('',#4504,#3625,#3626);
#3027=AXIS2_PLACEMENT_3D('',#4506,#3627,#3628);
#3028=AXIS2_PLACEMENT_3D('',#4508,#3630,#3631);
#3029=AXIS2_PLACEMENT_3D('',#4511,#3633,#3634);
#3030=AXIS2_PLACEMENT_3D('',#4512,#3635,#3636);
#3031=AXIS2_PLACEMENT_3D('',#4514,#3637,#3638);
#3032=AXIS2_PLACEMENT_3D('',#4524,#3641,#3642);
#3033=AXIS2_PLACEMENT_3D('',#4528,#3645,#3646);
#3034=AXIS2_PLACEMENT_3D('',#4529,#3647,#3648);
#3035=AXIS2_PLACEMENT_3D('',#4535,#3652,#3653);
#3036=AXIS2_PLACEMENT_3D('',#4541,#3657,#3658);
#3037=AXIS2_PLACEMENT_3D('',#4545,#3661,#3662);
#3038=AXIS2_PLACEMENT_3D('',#4549,#3665,#3666);
#3039=AXIS2_PLACEMENT_3D('',#4553,#3669,#3670);
#3040=AXIS2_PLACEMENT_3D('',#4555,#3672,#3673);
#3041=AXIS2_PLACEMENT_3D('',#4556,#3674,#3675);
#3042=AXIS2_PLACEMENT_3D('',#4557,#3676,#3677);
#3043=AXIS2_PLACEMENT_3D('',#4561,#3679,#3680);
#3044=AXIS2_PLACEMENT_3D('',#4563,#3682,#3683);
#3045=AXIS2_PLACEMENT_3D('',#4569,#3687,#3688);
#3046=AXIS2_PLACEMENT_3D('',#4575,#3692,#3693);
#3047=AXIS2_PLACEMENT_3D('',#4579,#3696,#3697);
#3048=AXIS2_PLACEMENT_3D('',#4583,#3700,#3701);
#3049=AXIS2_PLACEMENT_3D('',#4587,#3704,#3705);
#3050=AXIS2_PLACEMENT_3D('',#4589,#3707,#3708);
#3051=AXIS2_PLACEMENT_3D('',#4590,#3709,#3710);
#3052=AXIS2_PLACEMENT_3D('',#4591,#3711,#3712);
#3053=AXIS2_PLACEMENT_3D('',#4595,#3714,#3715);
#3054=AXIS2_PLACEMENT_3D('',#4597,#3717,#3718);
#3055=AXIS2_PLACEMENT_3D('',#4603,#3722,#3723);
#3056=AXIS2_PLACEMENT_3D('',#4607,#3726,#3727);
#3057=AXIS2_PLACEMENT_3D('',#4611,#3730,#3731);
#3058=AXIS2_PLACEMENT_3D('',#4615,#3734,#3735);
#3059=AXIS2_PLACEMENT_3D('',#4621,#3739,#3740);
#3060=AXIS2_PLACEMENT_3D('',#4623,#3742,#3743);
#3061=AXIS2_PLACEMENT_3D('',#4624,#3744,#3745);
#3062=AXIS2_PLACEMENT_3D('',#4625,#3746,#3747);
#3063=AXIS2_PLACEMENT_3D('',#4627,#3748,#3749);
#3064=AXIS2_PLACEMENT_3D('',#4629,#3751,#3752);
#3065=AXIS2_PLACEMENT_3D('',#4633,#3754,#3755);
#3066=AXIS2_PLACEMENT_3D('',#4635,#3757,#3758);
#3067=AXIS2_PLACEMENT_3D('',#4641,#3762,#3763);
#3068=AXIS2_PLACEMENT_3D('',#4645,#3766,#3767);
#3069=AXIS2_PLACEMENT_3D('',#4649,#3770,#3771);
#3070=AXIS2_PLACEMENT_3D('',#4653,#3774,#3775);
#3071=AXIS2_PLACEMENT_3D('',#4659,#3779,#3780);
#3072=AXIS2_PLACEMENT_3D('',#4661,#3782,#3783);
#3073=AXIS2_PLACEMENT_3D('',#4662,#3784,#3785);
#3074=AXIS2_PLACEMENT_3D('',#4663,#3786,#3787);
#3075=AXIS2_PLACEMENT_3D('',#4665,#3788,#3789);
#3076=AXIS2_PLACEMENT_3D('',#4667,#3791,#3792);
#3077=AXIS2_PLACEMENT_3D('',#4671,#3794,#3795);
#3078=AXIS2_PLACEMENT_3D('',#4673,#3797,#3798);
#3079=AXIS2_PLACEMENT_3D('',#4679,#3802,#3803);
#3080=AXIS2_PLACEMENT_3D('',#4687,#3808,#3809);
#3081=AXIS2_PLACEMENT_3D('',#4693,#3813,#3814);
#3082=AXIS2_PLACEMENT_3D('',#4701,#3819,#3820);
#3083=AXIS2_PLACEMENT_3D('',#4707,#3824,#3825);
#3084=AXIS2_PLACEMENT_3D('',#4715,#3830,#3831);
#3085=AXIS2_PLACEMENT_3D('',#4721,#3835,#3836);
#3086=AXIS2_PLACEMENT_3D('',#4729,#3841,#3842);
#3087=AXIS2_PLACEMENT_3D('',#4730,#3843,#3844);
#3088=AXIS2_PLACEMENT_3D('',#4731,#3845,#3846);
#3089=AXIS2_PLACEMENT_3D('',#4732,#3847,#3848);
#3090=AXIS2_PLACEMENT_3D('',#4733,#3849,#3850);
#3091=AXIS2_PLACEMENT_3D('',#4734,#3851,#3852);
#3092=AXIS2_PLACEMENT_3D('',#4735,#3853,#3854);
#3093=AXIS2_PLACEMENT_3D('',#4736,#3855,#3856);
#3094=AXIS2_PLACEMENT_3D('',#4737,#3857,#3858);
#3095=AXIS2_PLACEMENT_3D('',#4738,#3859,#3860);
#3096=AXIS2_PLACEMENT_3D('',#4739,#3861,#3862);
#3097=AXIS2_PLACEMENT_3D('',#4740,#3863,#3864);
#3098=AXIS2_PLACEMENT_3D('',#4741,#3865,#3866);
#3099=AXIS2_PLACEMENT_3D('',#4742,#3867,#3868);
#3100=AXIS2_PLACEMENT_3D('',#4743,#3869,#3870);
#3101=AXIS2_PLACEMENT_3D('',#4744,#3871,#3872);
#3102=AXIS2_PLACEMENT_3D('',#4745,#3873,#3874);
#3103=AXIS2_PLACEMENT_3D('',#4746,#3875,#3876);
#3104=AXIS2_PLACEMENT_3D('',#4747,#3877,#3878);
#3105=AXIS2_PLACEMENT_3D('',#4748,#3879,#3880);
#3106=AXIS2_PLACEMENT_3D('',#4749,#3881,#3882);
#3107=AXIS2_PLACEMENT_3D('',#4750,#3883,#3884);
#3108=AXIS2_PLACEMENT_3D('',#4751,#3885,#3886);
#3109=AXIS2_PLACEMENT_3D('',#4752,#3887,#3888);
#3110=AXIS2_PLACEMENT_3D('',#4753,#3889,#3890);
#3111=DIRECTION('axis',(0.,0.,1.));
#3112=DIRECTION('refdir',(1.,0.,0.));
#3113=DIRECTION('center_axis',(0.,0.,-1.));
#3114=DIRECTION('ref_axis',(1.,0.,0.));
#3115=DIRECTION('center_axis',(0.,0.,-1.));
#3116=DIRECTION('ref_axis',(1.,0.,0.));
#3117=DIRECTION('',(-0.707106781186548,-8.65956056235493E-17,-0.707106781186548));
#3118=DIRECTION('center_axis',(0.,0.,1.));
#3119=DIRECTION('ref_axis',(1.,0.,0.));
#3120=DIRECTION('center_axis',(0.,0.,1.));
#3121=DIRECTION('ref_axis',(1.,0.,0.));
#3122=DIRECTION('',(0.,0.,-1.));
#3123=DIRECTION('center_axis',(0.,0.,1.));
#3124=DIRECTION('ref_axis',(1.,0.,0.));
#3125=DIRECTION('center_axis',(0.,0.,1.));
#3126=DIRECTION('ref_axis',(1.,0.,0.));
#3127=DIRECTION('',(1.,0.,0.));
#3128=DIRECTION('center_axis',(0.,0.,-1.));
#3129=DIRECTION('ref_axis',(1.,0.,0.));
#3130=DIRECTION('',(-1.,0.,0.));
#3131=DIRECTION('center_axis',(0.,0.,-1.));
#3132=DIRECTION('ref_axis',(1.,0.,0.));
#3133=DIRECTION('center_axis',(0.,1.,0.));
#3134=DIRECTION('ref_axis',(1.,0.,0.));
#3135=DIRECTION('',(0.,0.,-1.));
#3136=DIRECTION('',(1.,0.,0.));
#3137=DIRECTION('',(0.,0.,-1.));
#3138=DIRECTION('center_axis',(0.,0.,-1.));
#3139=DIRECTION('ref_axis',(-1.,-1.22464679914735E-16,0.));
#3140=DIRECTION('',(0.,0.,-1.));
#3141=DIRECTION('center_axis',(0.,0.,-1.));
#3142=DIRECTION('ref_axis',(1.,0.,0.));
#3143=DIRECTION('center_axis',(0.,-1.,0.));
#3144=DIRECTION('ref_axis',(-1.,0.,0.));
#3145=DIRECTION('',(0.,0.,-1.));
#3146=DIRECTION('',(-1.,0.,0.));
#3147=DIRECTION('center_axis',(0.,0.,-1.));
#3148=DIRECTION('ref_axis',(1.,0.,0.));
#3149=DIRECTION('center_axis',(0.,0.,-1.));
#3150=DIRECTION('ref_axis',(1.,0.,0.));
#3151=DIRECTION('center_axis',(0.,0.,1.));
#3152=DIRECTION('ref_axis',(1.,0.,0.));
#3153=DIRECTION('',(-1.,0.,0.));
#3154=DIRECTION('center_axis',(0.,0.,1.));
#3155=DIRECTION('ref_axis',(1.,0.,0.));
#3156=DIRECTION('',(1.,0.,0.));
#3157=DIRECTION('center_axis',(0.,0.,1.));
#3158=DIRECTION('ref_axis',(1.,0.,0.));
#3159=DIRECTION('center_axis',(0.,-1.,0.));
#3160=DIRECTION('ref_axis',(1.,0.,0.));
#3161=DIRECTION('',(0.,0.,1.));
#3162=DIRECTION('',(1.,0.,0.));
#3163=DIRECTION('',(0.,0.,1.));
#3164=DIRECTION('center_axis',(0.,0.,1.));
#3165=DIRECTION('ref_axis',(1.,0.,0.));
#3166=DIRECTION('',(0.,0.,1.));
#3167=DIRECTION('center_axis',(0.,0.,1.));
#3168=DIRECTION('ref_axis',(1.,0.,0.));
#3169=DIRECTION('center_axis',(0.,1.,0.));
#3170=DIRECTION('ref_axis',(-1.,0.,0.));
#3171=DIRECTION('',(0.,0.,1.));
#3172=DIRECTION('',(-1.,0.,0.));
#3173=DIRECTION('center_axis',(0.,0.,1.));
#3174=DIRECTION('ref_axis',(-1.,1.22464679914735E-16,0.));
#3175=DIRECTION('center_axis',(0.,0.,1.));
#3176=DIRECTION('ref_axis',(1.,0.,0.));
#3177=DIRECTION('center_axis',(0.,0.66436383882992,-0.74740931868366));
#3178=DIRECTION('ref_axis',(0.,0.74740931868366,0.66436383882992));
#3179=DIRECTION('',(1.,0.,0.));
#3180=DIRECTION('',(0.,-0.74740931868366,-0.66436383882992));
#3181=DIRECTION('',(1.,0.,0.));
#3182=DIRECTION('',(0.,0.74740931868366,0.66436383882992));
#3183=DIRECTION('center_axis',(0.,0.,1.));
#3184=DIRECTION('ref_axis',(0.,-1.,0.));
#3185=DIRECTION('',(-1.,0.,0.));
#3186=DIRECTION('',(0.,-1.,0.));
#3187=DIRECTION('',(1.,0.,0.));
#3188=DIRECTION('',(0.,1.,0.));
#3189=DIRECTION('center_axis',(0.,1.,0.));
#3190=DIRECTION('ref_axis',(0.,0.,1.));
#3191=DIRECTION('',(0.,0.,1.));
#3192=DIRECTION('',(0.,0.,-1.));
#3193=DIRECTION('center_axis',(1.,0.,0.));
#3194=DIRECTION('ref_axis',(0.,-1.,0.));
#3195=DIRECTION('',(0.,0.,-1.));
#3196=DIRECTION('',(0.,1.,0.));
#3197=DIRECTION('',(0.,0.,-1.));
#3198=DIRECTION('',(0.,-1.,0.));
#3199=DIRECTION('',(0.,0.,-1.));
#3200=DIRECTION('center_axis',(0.,1.,0.));
#3201=DIRECTION('ref_axis',(1.,0.,0.));
#3202=DIRECTION('',(0.,0.,-1.));
#3203=DIRECTION('',(-1.,0.,0.));
#3204=DIRECTION('center_axis',(0.,-1.,0.));
#3205=DIRECTION('ref_axis',(-1.,0.,0.));
#3206=DIRECTION('',(1.,0.,0.));
#3207=DIRECTION('',(0.,0.,-1.));
#3208=DIRECTION('',(-1.,0.,0.));
#3209=DIRECTION('center_axis',(0.,1.,0.));
#3210=DIRECTION('ref_axis',(1.,0.,0.));
#3211=DIRECTION('',(1.,0.,0.));
#3212=DIRECTION('',(0.,0.,-1.));
#3213=DIRECTION('center_axis',(-1.,0.,0.));
#3214=DIRECTION('ref_axis',(0.,1.,0.));
#3215=DIRECTION('',(0.,1.,0.));
#3216=DIRECTION('',(0.,-1.,0.));
#3217=DIRECTION('center_axis',(0.,0.,-1.));
#3218=DIRECTION('ref_axis',(-1.,0.,0.));
#3219=DIRECTION('center_axis',(0.,-1.,0.));
#3220=DIRECTION('ref_axis',(-1.,0.,0.));
#3221=DIRECTION('',(1.,0.,0.));
#3222=DIRECTION('',(0.,0.,-1.));
#3223=DIRECTION('',(-1.,0.,0.));
#3224=DIRECTION('',(0.,0.,-1.));
#3225=DIRECTION('center_axis',(-1.,0.,0.));
#3226=DIRECTION('ref_axis',(0.,1.,0.));
#3227=DIRECTION('',(0.,-1.,0.));
#3228=DIRECTION('',(0.,0.,-1.));
#3229=DIRECTION('',(0.,1.,0.));
#3230=DIRECTION('center_axis',(0.,1.,0.));
#3231=DIRECTION('ref_axis',(1.,0.,0.));
#3232=DIRECTION('',(-1.,0.,0.));
#3233=DIRECTION('',(0.,0.,-1.));
#3234=DIRECTION('',(1.,0.,0.));
#3235=DIRECTION('center_axis',(1.,0.,0.));
#3236=DIRECTION('ref_axis',(0.,-1.,0.));
#3237=DIRECTION('',(0.,1.,0.));
#3238=DIRECTION('',(0.,0.,-1.));
#3239=DIRECTION('',(0.,-1.,0.));
#3240=DIRECTION('center_axis',(0.,-1.,0.));
#3241=DIRECTION('ref_axis',(-1.,0.,0.));
#3242=DIRECTION('',(1.,0.,0.));
#3243=DIRECTION('',(0.,0.,-1.));
#3244=DIRECTION('',(-1.,0.,0.));
#3245=DIRECTION('center_axis',(-1.,0.,0.));
#3246=DIRECTION('ref_axis',(0.,1.,0.));
#3247=DIRECTION('',(0.,-1.,0.));
#3248=DIRECTION('',(0.,1.,0.));
#3249=DIRECTION('',(0.,0.,-1.));
#3250=DIRECTION('center_axis',(0.,1.,0.));
#3251=DIRECTION('ref_axis',(1.,0.,0.));
#3252=DIRECTION('',(-1.,0.,0.));
#3253=DIRECTION('',(1.,0.,0.));
#3254=DIRECTION('',(0.,0.,-1.));
#3255=DIRECTION('center_axis',(-1.,0.,0.));
#3256=DIRECTION('ref_axis',(0.,1.,0.));
#3257=DIRECTION('',(0.,-1.,0.));
#3258=DIRECTION('',(0.,1.,0.));
#3259=DIRECTION('',(0.,0.,-1.));
#3260=DIRECTION('center_axis',(0.,1.,0.));
#3261=DIRECTION('ref_axis',(1.,0.,0.));
#3262=DIRECTION('',(-1.,0.,0.));
#3263=DIRECTION('',(1.,0.,0.));
#3264=DIRECTION('',(0.,0.,-1.));
#3265=DIRECTION('center_axis',(-1.,0.,0.));
#3266=DIRECTION('ref_axis',(0.,1.,0.));
#3267=DIRECTION('',(0.,-1.,0.));
#3268=DIRECTION('',(0.,1.,0.));
#3269=DIRECTION('center_axis',(0.,0.,-1.));
#3270=DIRECTION('ref_axis',(-1.,0.,0.));
#3271=DIRECTION('center_axis',(1.,0.,0.));
#3272=DIRECTION('ref_axis',(0.,-1.,0.));
#3273=DIRECTION('',(0.,1.,0.));
#3274=DIRECTION('',(0.,0.,-1.));
#3275=DIRECTION('',(0.,-1.,0.));
#3276=DIRECTION('',(0.,0.,-1.));
#3277=DIRECTION('center_axis',(0.,-1.,0.));
#3278=DIRECTION('ref_axis',(-1.,0.,0.));
#3279=DIRECTION('',(1.,0.,0.));
#3280=DIRECTION('',(0.,0.,-1.));
#3281=DIRECTION('',(-1.,0.,0.));
#3282=DIRECTION('center_axis',(1.,0.,0.));
#3283=DIRECTION('ref_axis',(0.,-1.,0.));
#3284=DIRECTION('',(0.,1.,0.));
#3285=DIRECTION('',(0.,0.,-1.));
#3286=DIRECTION('',(0.,-1.,0.));
#3287=DIRECTION('center_axis',(0.,1.,0.));
#3288=DIRECTION('ref_axis',(1.,0.,0.));
#3289=DIRECTION('',(-1.,0.,0.));
#3290=DIRECTION('',(0.,0.,-1.));
#3291=DIRECTION('',(1.,0.,0.));
#3292=DIRECTION('center_axis',(1.,0.,0.));
#3293=DIRECTION('ref_axis',(0.,-1.,0.));
#3294=DIRECTION('',(0.,1.,0.));
#3295=DIRECTION('',(0.,0.,-1.));
#3296=DIRECTION('',(0.,-1.,0.));
#3297=DIRECTION('center_axis',(0.,1.,0.));
#3298=DIRECTION('ref_axis',(1.,0.,0.));
#3299=DIRECTION('',(-1.,0.,0.));
#3300=DIRECTION('',(1.,0.,0.));
#3301=DIRECTION('',(0.,0.,-1.));
#3302=DIRECTION('center_axis',(-1.,0.,0.));
#3303=DIRECTION('ref_axis',(0.,1.,0.));
#3304=DIRECTION('',(0.,-1.,0.));
#3305=DIRECTION('',(0.,1.,0.));
#3306=DIRECTION('',(0.,0.,-1.));
#3307=DIRECTION('center_axis',(0.,-1.,0.));
#3308=DIRECTION('ref_axis',(-1.,0.,0.));
#3309=DIRECTION('',(1.,0.,0.));
#3310=DIRECTION('',(-1.,0.,0.));
#3311=DIRECTION('',(0.,0.,-1.));
#3312=DIRECTION('center_axis',(1.,0.,0.));
#3313=DIRECTION('ref_axis',(0.,-1.,0.));
#3314=DIRECTION('',(0.,1.,0.));
#3315=DIRECTION('',(0.,-1.,0.));
#3316=DIRECTION('',(0.,0.,-1.));
#3317=DIRECTION('center_axis',(0.,1.,0.));
#3318=DIRECTION('ref_axis',(1.,0.,0.));
#3319=DIRECTION('',(-1.,0.,0.));
#3320=DIRECTION('',(1.,0.,0.));
#3321=DIRECTION('center_axis',(0.,0.,-1.));
#3322=DIRECTION('ref_axis',(-1.,0.,0.));
#3323=DIRECTION('center_axis',(0.,0.,-1.));
#3324=DIRECTION('ref_axis',(1.,0.,0.));
#3325=DIRECTION('center_axis',(0.,0.,-1.));
#3326=DIRECTION('ref_axis',(1.,0.,0.));
#3327=DIRECTION('',(0.,0.,1.));
#3328=DIRECTION('center_axis',(0.,0.,1.));
#3329=DIRECTION('ref_axis',(1.,0.,0.));
#3330=DIRECTION('center_axis',(0.,0.,1.));
#3331=DIRECTION('ref_axis',(1.,0.,0.));
#3332=DIRECTION('center_axis',(0.,0.,-1.));
#3333=DIRECTION('ref_axis',(1.,0.,0.));
#3334=DIRECTION('center_axis',(0.,0.,-1.));
#3335=DIRECTION('ref_axis',(1.,0.,0.));
#3336=DIRECTION('',(0.,0.,1.));
#3337=DIRECTION('center_axis',(0.,0.,1.));
#3338=DIRECTION('ref_axis',(1.,0.,0.));
#3339=DIRECTION('center_axis',(0.,0.,1.));
#3340=DIRECTION('ref_axis',(1.,0.,0.));
#3341=DIRECTION('center_axis',(0.,0.,-1.));
#3342=DIRECTION('ref_axis',(1.,0.,0.));
#3343=DIRECTION('center_axis',(0.,0.,-1.));
#3344=DIRECTION('ref_axis',(1.,0.,0.));
#3345=DIRECTION('',(0.,0.,1.));
#3346=DIRECTION('center_axis',(0.,0.,1.));
#3347=DIRECTION('ref_axis',(1.,0.,0.));
#3348=DIRECTION('center_axis',(0.,0.,1.));
#3349=DIRECTION('ref_axis',(1.,0.,0.));
#3350=DIRECTION('center_axis',(0.,0.,-1.));
#3351=DIRECTION('ref_axis',(1.,0.,0.));
#3352=DIRECTION('center_axis',(0.,0.,-1.));
#3353=DIRECTION('ref_axis',(1.,0.,0.));
#3354=DIRECTION('',(0.,0.,1.));
#3355=DIRECTION('center_axis',(0.,0.,1.));
#3356=DIRECTION('ref_axis',(1.,0.,0.));
#3357=DIRECTION('center_axis',(0.,0.,1.));
#3358=DIRECTION('ref_axis',(1.,0.,0.));
#3359=DIRECTION('center_axis',(0.,0.,-1.));
#3360=DIRECTION('ref_axis',(1.,0.,0.));
#3361=DIRECTION('center_axis',(0.,0.,-1.));
#3362=DIRECTION('ref_axis',(1.,0.,0.));
#3363=DIRECTION('',(0.,0.,1.));
#3364=DIRECTION('center_axis',(0.,0.,1.));
#3365=DIRECTION('ref_axis',(1.,0.,0.));
#3366=DIRECTION('center_axis',(0.,0.,1.));
#3367=DIRECTION('ref_axis',(1.,0.,0.));
#3368=DIRECTION('center_axis',(0.,0.,-1.));
#3369=DIRECTION('ref_axis',(1.,0.,0.));
#3370=DIRECTION('center_axis',(0.,0.,-1.));
#3371=DIRECTION('ref_axis',(1.,0.,0.));
#3372=DIRECTION('',(0.,0.,1.));
#3373=DIRECTION('center_axis',(0.,0.,1.));
#3374=DIRECTION('ref_axis',(1.,0.,0.));
#3375=DIRECTION('center_axis',(0.,0.,1.));
#3376=DIRECTION('ref_axis',(1.,0.,0.));
#3377=DIRECTION('center_axis',(-0.382683432365089,-0.923879532511287,0.));
#3378=DIRECTION('ref_axis',(-0.923879532511287,0.382683432365089,0.));
#3379=DIRECTION('',(0.577191690645908,-0.239080626354582,0.78082661734294));
#3380=DIRECTION('',(0.,0.,1.));
#3381=DIRECTION('',(-0.923879532511287,0.382683432365089,0.));
#3382=DIRECTION('',(0.,0.,-1.));
#3383=DIRECTION('center_axis',(0.923879532511285,-0.382683432365094,0.));
#3384=DIRECTION('ref_axis',(-0.382683432365094,-0.923879532511285,0.));
#3385=DIRECTION('',(-0.382683432365094,-0.923879532511285,0.));
#3386=DIRECTION('',(0.,0.,-1.));
#3387=DIRECTION('center_axis',(0.,0.,-1.));
#3388=DIRECTION('ref_axis',(-1.,0.,0.));
#3389=DIRECTION('center_axis',(0.,0.,-1.));
#3390=DIRECTION('ref_axis',(1.,0.,0.));
#3391=DIRECTION('',(0.923879532511287,-0.382683432365089,0.));
#3392=DIRECTION('center_axis',(0.382683432365089,0.923879532511287,0.));
#3393=DIRECTION('ref_axis',(0.923879532511287,-0.382683432365089,0.));
#3394=DIRECTION('',(-0.577191690645902,0.239080626354588,-0.780826617342944));
#3395=DIRECTION('',(0.,0.,-1.));
#3396=DIRECTION('center_axis',(0.382683432365089,0.923879532511287,0.));
#3397=DIRECTION('ref_axis',(0.923879532511287,-0.382683432365089,0.));
#3398=DIRECTION('',(0.577191690645902,-0.239080626354588,-0.780826617342944));
#3399=DIRECTION('',(0.,0.,-1.));
#3400=DIRECTION('',(-0.923879532511287,0.382683432365089,0.));
#3401=DIRECTION('',(0.,0.,-1.));
#3402=DIRECTION('center_axis',(-0.382683432365089,-0.923879532511287,0.));
#3403=DIRECTION('ref_axis',(-0.923879532511287,0.382683432365089,0.));
#3404=DIRECTION('',(-0.577191690645908,0.239080626354582,0.78082661734294));
#3405=DIRECTION('',(0.,0.,-1.));
#3406=DIRECTION('',(0.923879532511287,-0.382683432365089,0.));
#3407=DIRECTION('',(0.,0.,1.));
#3408=DIRECTION('center_axis',(0.923879532511285,-0.382683432365094,0.));
#3409=DIRECTION('ref_axis',(-0.382683432365094,-0.923879532511285,0.));
#3410=DIRECTION('',(0.382683432365094,0.923879532511285,0.));
#3411=DIRECTION('center_axis',(0.,0.,-1.));
#3412=DIRECTION('ref_axis',(1.,0.,0.));
#3413=DIRECTION('center_axis',(0.,0.,1.));
#3414=DIRECTION('ref_axis',(1.,0.,0.));
#3415=DIRECTION('',(0.239080626354588,-0.577191690645902,-0.780826617342944));
#3416=DIRECTION('',(-0.239080626354582,0.577191690645908,0.78082661734294));
#3417=DIRECTION('center_axis',(0.,0.,1.));
#3418=DIRECTION('ref_axis',(1.,0.,0.));
#3419=DIRECTION('',(0.,-0.624813723408212,-0.780773853968463));
#3420=DIRECTION('center_axis',(0.,0.,1.));
#3421=DIRECTION('ref_axis',(1.,0.,0.));
#3422=DIRECTION('',(-0.624813723408212,2.88944369900368E-16,0.780773853968463));
#3423=DIRECTION('center_axis',(0.,0.,1.));
#3424=DIRECTION('ref_axis',(1.,0.,0.));
#3425=DIRECTION('center_axis',(0.,0.,-1.));
#3426=DIRECTION('ref_axis',(1.,0.,0.));
#3427=DIRECTION('center_axis',(0.,0.,1.));
#3428=DIRECTION('ref_axis',(1.,0.,0.));
#3429=DIRECTION('',(0.,0.,-1.));
#3430=DIRECTION('center_axis',(0.,0.,1.));
#3431=DIRECTION('ref_axis',(1.,0.,0.));
#3432=DIRECTION('center_axis',(0.,0.,-1.));
#3433=DIRECTION('ref_axis',(1.,0.,0.));
#3434=DIRECTION('',(0.624813723408212,-2.88944369900368E-16,0.780773853968463));
#3435=DIRECTION('',(0.,0.624813723408212,-0.780773853968463));
#3436=DIRECTION('center_axis',(0.,0.,-1.));
#3437=DIRECTION('ref_axis',(1.,0.,0.));
#3438=DIRECTION('',(0.239080626354582,-0.577191690645908,0.78082661734294));
#3439=DIRECTION('',(-0.239080626354588,0.577191690645902,-0.780826617342944));
#3440=DIRECTION('center_axis',(0.,0.,-1.));
#3441=DIRECTION('ref_axis',(1.,0.,0.));
#3442=DIRECTION('center_axis',(-0.923879532511285,0.382683432365094,0.));
#3443=DIRECTION('ref_axis',(0.382683432365094,0.923879532511285,0.));
#3444=DIRECTION('',(-0.239080626354589,-0.577191690645895,0.780826617342948));
#3445=DIRECTION('',(0.,0.,1.));
#3446=DIRECTION('',(0.382683432365094,0.923879532511285,0.));
#3447=DIRECTION('',(0.,0.,-1.));
#3448=DIRECTION('center_axis',(-0.382683432365093,-0.923879532511285,0.));
#3449=DIRECTION('ref_axis',(-0.923879532511285,0.382683432365093,0.));
#3450=DIRECTION('',(-0.923879532511285,0.382683432365093,0.));
#3451=DIRECTION('',(0.,0.,-1.));
#3452=DIRECTION('center_axis',(0.,0.,-1.));
#3453=DIRECTION('ref_axis',(-1.,0.,0.));
#3454=DIRECTION('center_axis',(0.,0.,-1.));
#3455=DIRECTION('ref_axis',(1.,0.,0.));
#3456=DIRECTION('',(-0.382683432365089,-0.923879532511287,0.));
#3457=DIRECTION('center_axis',(0.923879532511287,-0.382683432365089,0.));
#3458=DIRECTION('ref_axis',(-0.382683432365089,-0.923879532511287,0.));
#3459=DIRECTION('',(0.239080626354588,0.577191690645902,-0.780826617342944));
#3460=DIRECTION('',(0.,0.,-1.));
#3461=DIRECTION('center_axis',(0.923879532511287,-0.382683432365089,0.));
#3462=DIRECTION('ref_axis',(-0.382683432365089,-0.923879532511287,0.));
#3463=DIRECTION('',(-0.239080626354588,-0.577191690645902,-0.780826617342944));
#3464=DIRECTION('',(0.,0.,-1.));
#3465=DIRECTION('',(0.382683432365089,0.923879532511287,0.));
#3466=DIRECTION('',(0.,0.,-1.));
#3467=DIRECTION('center_axis',(-0.923879532511285,0.382683432365094,0.));
#3468=DIRECTION('ref_axis',(0.382683432365094,0.923879532511285,0.));
#3469=DIRECTION('',(0.239080626354589,0.577191690645895,0.780826617342948));
#3470=DIRECTION('',(0.,0.,-1.));
#3471=DIRECTION('',(-0.382683432365094,-0.923879532511285,0.));
#3472=DIRECTION('',(0.,0.,1.));
#3473=DIRECTION('center_axis',(-0.382683432365093,-0.923879532511285,0.));
#3474=DIRECTION('ref_axis',(-0.923879532511285,0.382683432365093,0.));
#3475=DIRECTION('',(0.923879532511285,-0.382683432365093,0.));
#3476=DIRECTION('center_axis',(0.,0.,-1.));
#3477=DIRECTION('ref_axis',(1.,0.,0.));
#3478=DIRECTION('center_axis',(0.,0.,1.));
#3479=DIRECTION('ref_axis',(1.,0.,0.));
#3480=DIRECTION('',(-0.577191690645902,-0.239080626354588,-0.780826617342944));
#3481=DIRECTION('',(0.577191690645902,0.239080626354583,0.780826617342945));
#3482=DIRECTION('center_axis',(0.,0.,1.));
#3483=DIRECTION('ref_axis',(1.,0.,0.));
#3484=DIRECTION('',(-0.624813723408212,-2.88944369900368E-16,-0.780773853968463));
#3485=DIRECTION('center_axis',(0.,0.,1.));
#3486=DIRECTION('ref_axis',(1.,0.,0.));
#3487=DIRECTION('',(0.,0.624813723408212,0.780773853968463));
#3488=DIRECTION('center_axis',(0.,0.,1.));
#3489=DIRECTION('ref_axis',(1.,0.,0.));
#3490=DIRECTION('center_axis',(0.,0.,-1.));
#3491=DIRECTION('ref_axis',(1.,0.,0.));
#3492=DIRECTION('center_axis',(0.,0.,1.));
#3493=DIRECTION('ref_axis',(1.,0.,0.));
#3494=DIRECTION('',(0.,0.,-1.));
#3495=DIRECTION('center_axis',(0.,0.,1.));
#3496=DIRECTION('ref_axis',(1.,0.,0.));
#3497=DIRECTION('center_axis',(0.,0.,-1.));
#3498=DIRECTION('ref_axis',(1.,0.,0.));
#3499=DIRECTION('',(0.,-0.624813723408212,0.780773853968463));
#3500=DIRECTION('',(0.624813723408212,2.88944369900368E-16,-0.780773853968463));
#3501=DIRECTION('center_axis',(0.,0.,-1.));
#3502=DIRECTION('ref_axis',(1.,0.,0.));
#3503=DIRECTION('',(-0.577191690645902,-0.239080626354583,0.780826617342945));
#3504=DIRECTION('',(0.577191690645902,0.239080626354588,-0.780826617342944));
#3505=DIRECTION('center_axis',(0.,0.,-1.));
#3506=DIRECTION('ref_axis',(1.,0.,0.));
#3507=DIRECTION('center_axis',(0.382683432365089,-0.923879532511287,0.));
#3508=DIRECTION('ref_axis',(-0.923879532511287,-0.382683432365089,0.));
#3509=DIRECTION('',(0.577191690645902,0.239080626354588,0.780826617342944));
#3510=DIRECTION('',(0.,0.,1.));
#3511=DIRECTION('',(-0.923879532511287,-0.382683432365089,0.));
#3512=DIRECTION('',(0.,0.,-1.));
#3513=DIRECTION('center_axis',(0.382683432365089,-0.923879532511287,0.));
#3514=DIRECTION('ref_axis',(-0.923879532511287,-0.382683432365089,0.));
#3515=DIRECTION('',(0.,0.,1.));
#3516=DIRECTION('',(-0.577191690645902,-0.239080626354588,0.780826617342944));
#3517=DIRECTION('',(0.,0.,-1.));
#3518=DIRECTION('',(0.923879532511287,0.382683432365089,0.));
#3519=DIRECTION('center_axis',(0.923879532511285,0.382683432365093,0.));
#3520=DIRECTION('ref_axis',(0.382683432365093,-0.923879532511285,0.));
#3521=DIRECTION('',(0.382683432365093,-0.923879532511285,0.));
#3522=DIRECTION('',(0.,0.,-1.));
#3523=DIRECTION('center_axis',(0.,0.,-1.));
#3524=DIRECTION('ref_axis',(-1.,0.,0.));
#3525=DIRECTION('center_axis',(0.,0.,-1.));
#3526=DIRECTION('ref_axis',(1.,0.,0.));
#3527=DIRECTION('',(0.923879532511283,0.382683432365098,0.));
#3528=DIRECTION('center_axis',(-0.382683432365098,0.923879532511283,0.));
#3529=DIRECTION('ref_axis',(0.923879532511283,0.382683432365098,0.));
#3530=DIRECTION('',(-0.577191690645902,-0.239080626354588,-0.780826617342944));
#3531=DIRECTION('',(0.,0.,-1.));
#3532=DIRECTION('center_axis',(0.923879532511285,0.382683432365093,0.));
#3533=DIRECTION('ref_axis',(0.382683432365093,-0.923879532511285,0.));
#3534=DIRECTION('',(0.,0.,-1.));
#3535=DIRECTION('',(-0.382683432365093,0.923879532511285,0.));
#3536=DIRECTION('center_axis',(-0.382683432365098,0.923879532511283,0.));
#3537=DIRECTION('ref_axis',(0.923879532511283,0.382683432365098,0.));
#3538=DIRECTION('',(0.,0.,-1.));
#3539=DIRECTION('',(-0.923879532511283,-0.382683432365098,0.));
#3540=DIRECTION('',(0.577191690645902,0.239080626354588,-0.780826617342944));
#3541=DIRECTION('center_axis',(0.,0.,-1.));
#3542=DIRECTION('ref_axis',(1.,0.,0.));
#3543=DIRECTION('center_axis',(0.,0.,1.));
#3544=DIRECTION('ref_axis',(1.,0.,0.));
#3545=DIRECTION('',(0.624813723408212,2.88944369900368E-16,-0.780773853968463));
#3546=DIRECTION('center_axis',(0.,0.,1.));
#3547=DIRECTION('ref_axis',(1.,0.,0.));
#3548=DIRECTION('',(5.77553350157538E-16,-0.625379549190053,0.780320715766822));
#3549=DIRECTION('center_axis',(0.,0.,1.));
#3550=DIRECTION('ref_axis',(1.,0.,0.));
#3551=DIRECTION('',(0.239080626354583,0.577191690645902,-0.780826617342945));
#3552=DIRECTION('',(-0.239080626354591,-0.577191690645907,0.780826617342939));
#3553=DIRECTION('center_axis',(0.,0.,1.));
#3554=DIRECTION('ref_axis',(1.,0.,0.));
#3555=DIRECTION('center_axis',(0.,0.,-1.));
#3556=DIRECTION('ref_axis',(1.,0.,0.));
#3557=DIRECTION('center_axis',(0.,0.,1.));
#3558=DIRECTION('ref_axis',(1.,0.,0.));
#3559=DIRECTION('',(0.,0.,-1.));
#3560=DIRECTION('center_axis',(0.,0.,-1.));
#3561=DIRECTION('ref_axis',(1.,0.,0.));
#3562=DIRECTION('',(0.,0.,1.));
#3563=DIRECTION('center_axis',(0.,0.,1.));
#3564=DIRECTION('ref_axis',(1.,0.,0.));
#3565=DIRECTION('center_axis',(0.,0.,1.));
#3566=DIRECTION('ref_axis',(1.,0.,0.));
#3567=DIRECTION('center_axis',(0.,0.,-1.));
#3568=DIRECTION('ref_axis',(1.,0.,0.));
#3569=DIRECTION('',(0.239080626354591,0.577191690645907,0.780826617342939));
#3570=DIRECTION('',(-0.239080626354583,-0.577191690645902,-0.780826617342945));
#3571=DIRECTION('center_axis',(0.,0.,-1.));
#3572=DIRECTION('ref_axis',(1.,0.,0.));
#3573=DIRECTION('',(-5.77553350157538E-16,0.625379549190053,0.780320715766822));
#3574=DIRECTION('',(-0.624813723408212,-2.88944369900368E-16,-0.780773853968463));
#3575=DIRECTION('center_axis',(0.,0.,-1.));
#3576=DIRECTION('ref_axis',(1.,0.,0.));
#3577=DIRECTION('center_axis',(0.923879532511287,0.382683432365089,0.));
#3578=DIRECTION('ref_axis',(0.382683432365089,-0.923879532511287,0.));
#3579=DIRECTION('',(-0.239080626354583,0.577191690645902,0.780826617342945));
#3580=DIRECTION('',(0.,0.,1.));
#3581=DIRECTION('',(0.382683432365089,-0.923879532511287,0.));
#3582=DIRECTION('',(0.,0.,-1.));
#3583=DIRECTION('center_axis',(0.923879532511287,0.382683432365089,0.));
#3584=DIRECTION('ref_axis',(0.382683432365089,-0.923879532511287,0.));
#3585=DIRECTION('',(0.,0.,1.));
#3586=DIRECTION('',(0.239080626354583,-0.577191690645902,0.780826617342945));
#3587=DIRECTION('',(0.,0.,-1.));
#3588=DIRECTION('',(-0.382683432365089,0.923879532511287,0.));
#3589=DIRECTION('center_axis',(-0.382683432365093,0.923879532511285,0.));
#3590=DIRECTION('ref_axis',(0.923879532511285,0.382683432365093,0.));
#3591=DIRECTION('',(0.923879532511285,0.382683432365093,0.));
#3592=DIRECTION('',(0.,0.,-1.));
#3593=DIRECTION('center_axis',(0.,0.,-1.));
#3594=DIRECTION('ref_axis',(-1.,0.,0.));
#3595=DIRECTION('center_axis',(0.,0.,-1.));
#3596=DIRECTION('ref_axis',(1.,0.,0.));
#3597=DIRECTION('',(-0.382683432365093,0.923879532511285,0.));
#3598=DIRECTION('center_axis',(-0.923879532511285,-0.382683432365093,0.));
#3599=DIRECTION('ref_axis',(-0.382683432365093,0.923879532511285,0.));
#3600=DIRECTION('',(0.239080626354586,-0.577191690645908,-0.78082661734294));
#3601=DIRECTION('',(0.,0.,-1.));
#3602=DIRECTION('center_axis',(-0.382683432365093,0.923879532511285,0.));
#3603=DIRECTION('ref_axis',(0.923879532511285,0.382683432365093,0.));
#3604=DIRECTION('',(0.,0.,-1.));
#3605=DIRECTION('',(-0.923879532511285,-0.382683432365093,0.));
#3606=DIRECTION('center_axis',(-0.923879532511285,-0.382683432365093,0.));
#3607=DIRECTION('ref_axis',(-0.382683432365093,0.923879532511285,0.));
#3608=DIRECTION('',(0.,0.,-1.));
#3609=DIRECTION('',(0.382683432365093,-0.923879532511285,0.));
#3610=DIRECTION('',(-0.239080626354586,0.577191690645908,-0.78082661734294));
#3611=DIRECTION('center_axis',(0.,0.,-1.));
#3612=DIRECTION('ref_axis',(1.,0.,0.));
#3613=DIRECTION('center_axis',(0.,0.,1.));
#3614=DIRECTION('ref_axis',(1.,0.,0.));
#3615=DIRECTION('',(5.77553350157538E-16,0.625379549190053,-0.780320715766822));
#3616=DIRECTION('center_axis',(0.,0.,1.));
#3617=DIRECTION('ref_axis',(1.,0.,0.));
#3618=DIRECTION('',(0.624813723408212,-2.88944369900368E-16,0.780773853968463));
#3619=DIRECTION('center_axis',(0.,0.,1.));
#3620=DIRECTION('ref_axis',(1.,0.,0.));
#3621=DIRECTION('',(-0.577191690645907,0.239080626354591,-0.780826617342939));
#3622=DIRECTION('',(0.577191690645908,-0.239080626354582,0.78082661734294));
#3623=DIRECTION('center_axis',(0.,0.,1.));
#3624=DIRECTION('ref_axis',(1.,0.,0.));
#3625=DIRECTION('center_axis',(0.,0.,-1.));
#3626=DIRECTION('ref_axis',(1.,0.,0.));
#3627=DIRECTION('center_axis',(0.,0.,1.));
#3628=DIRECTION('ref_axis',(1.,0.,0.));
#3629=DIRECTION('',(0.,0.,-1.));
#3630=DIRECTION('center_axis',(0.,0.,-1.));
#3631=DIRECTION('ref_axis',(1.,0.,0.));
#3632=DIRECTION('',(0.,0.,1.));
#3633=DIRECTION('center_axis',(0.,0.,1.));
#3634=DIRECTION('ref_axis',(1.,0.,0.));
#3635=DIRECTION('center_axis',(0.,0.,1.));
#3636=DIRECTION('ref_axis',(1.,0.,0.));
#3637=DIRECTION('center_axis',(0.,0.,-1.));
#3638=DIRECTION('ref_axis',(1.,0.,0.));
#3639=DIRECTION('',(-0.577191690645908,0.239080626354582,0.78082661734294));
#3640=DIRECTION('',(0.577191690645907,-0.239080626354591,-0.780826617342939));
#3641=DIRECTION('center_axis',(0.,0.,-1.));
#3642=DIRECTION('ref_axis',(1.,0.,0.));
#3643=DIRECTION('',(-0.624813723408212,2.88944369900368E-16,0.780773853968463));
#3644=DIRECTION('',(-5.77553350157538E-16,-0.625379549190053,-0.780320715766822));
#3645=DIRECTION('center_axis',(0.,0.,-1.));
#3646=DIRECTION('ref_axis',(1.,0.,0.));
#3647=DIRECTION('center_axis',(-0.923879532511287,0.382683432365089,0.));
#3648=DIRECTION('ref_axis',(0.382683432365089,0.923879532511287,0.));
#3649=DIRECTION('',(0.,0.,-1.));
#3650=DIRECTION('',(0.,0.,-1.));
#3651=DIRECTION('',(0.382683432365089,0.923879532511287,0.));
#3652=DIRECTION('center_axis',(-0.923879532511287,0.382683432365089,0.));
#3653=DIRECTION('ref_axis',(0.382683432365089,0.923879532511287,0.));
#3654=DIRECTION('',(0.,0.,-1.));
#3655=DIRECTION('',(-0.382683432365089,-0.923879532511287,0.));
#3656=DIRECTION('',(0.,0.,-1.));
#3657=DIRECTION('center_axis',(0.382683432365094,0.923879532511285,0.));
#3658=DIRECTION('ref_axis',(0.923879532511285,-0.382683432365094,0.));
#3659=DIRECTION('',(0.,0.,-1.));
#3660=DIRECTION('',(0.923879532511285,-0.382683432365094,0.));
#3661=DIRECTION('center_axis',(0.923879532511285,-0.382683432365093,0.));
#3662=DIRECTION('ref_axis',(-0.382683432365093,-0.923879532511285,0.));
#3663=DIRECTION('',(0.,0.,1.));
#3664=DIRECTION('',(-0.382683432365093,-0.923879532511285,0.));
#3665=DIRECTION('center_axis',(0.923879532511285,-0.382683432365093,0.));
#3666=DIRECTION('ref_axis',(-0.382683432365093,-0.923879532511285,0.));
#3667=DIRECTION('',(0.,0.,-1.));
#3668=DIRECTION('',(0.382683432365093,0.923879532511285,0.));
#3669=DIRECTION('center_axis',(0.382683432365094,0.923879532511285,0.));
#3670=DIRECTION('ref_axis',(0.923879532511285,-0.382683432365094,0.));
#3671=DIRECTION('',(-0.923879532511285,0.382683432365094,0.));
#3672=DIRECTION('center_axis',(0.,0.,-1.));
#3673=DIRECTION('ref_axis',(-1.,0.,0.));
#3674=DIRECTION('center_axis',(0.,0.,-1.));
#3675=DIRECTION('ref_axis',(1.,0.,0.));
#3676=DIRECTION('center_axis',(0.,0.,-1.));
#3677=DIRECTION('ref_axis',(1.,0.,0.));
#3678=DIRECTION('',(0.,0.,-1.));
#3679=DIRECTION('center_axis',(0.,0.,-1.));
#3680=DIRECTION('ref_axis',(1.,0.,0.));
#3681=DIRECTION('',(0.,0.,1.));
#3682=DIRECTION('center_axis',(-0.382683432365094,-0.923879532511285,0.));
#3683=DIRECTION('ref_axis',(-0.923879532511285,0.382683432365094,0.));
#3684=DIRECTION('',(0.,0.,-1.));
#3685=DIRECTION('',(0.,0.,-1.));
#3686=DIRECTION('',(-0.923879532511285,0.382683432365094,0.));
#3687=DIRECTION('center_axis',(-0.382683432365094,-0.923879532511285,0.));
#3688=DIRECTION('ref_axis',(-0.923879532511285,0.382683432365094,0.));
#3689=DIRECTION('',(0.,0.,-1.));
#3690=DIRECTION('',(0.923879532511285,-0.382683432365094,0.));
#3691=DIRECTION('',(0.,0.,-1.));
#3692=DIRECTION('center_axis',(-0.923879532511285,0.382683432365094,0.));
#3693=DIRECTION('ref_axis',(0.382683432365094,0.923879532511285,0.));
#3694=DIRECTION('',(0.,0.,-1.));
#3695=DIRECTION('',(0.382683432365094,0.923879532511285,0.));
#3696=DIRECTION('center_axis',(0.382683432365093,0.923879532511285,0.));
#3697=DIRECTION('ref_axis',(0.923879532511285,-0.382683432365093,0.));
#3698=DIRECTION('',(0.,0.,1.));
#3699=DIRECTION('',(0.923879532511285,-0.382683432365093,0.));
#3700=DIRECTION('center_axis',(0.382683432365093,0.923879532511285,0.));
#3701=DIRECTION('ref_axis',(0.923879532511285,-0.382683432365093,0.));
#3702=DIRECTION('',(0.,0.,-1.));
#3703=DIRECTION('',(-0.923879532511285,0.382683432365093,0.));
#3704=DIRECTION('center_axis',(-0.923879532511285,0.382683432365094,0.));
#3705=DIRECTION('ref_axis',(0.382683432365094,0.923879532511285,0.));
#3706=DIRECTION('',(-0.382683432365094,-0.923879532511285,0.));
#3707=DIRECTION('center_axis',(0.,0.,-1.));
#3708=DIRECTION('ref_axis',(-1.,0.,0.));
#3709=DIRECTION('center_axis',(0.,0.,-1.));
#3710=DIRECTION('ref_axis',(1.,0.,0.));
#3711=DIRECTION('center_axis',(0.,0.,-1.));
#3712=DIRECTION('ref_axis',(1.,0.,0.));
#3713=DIRECTION('',(0.,0.,-1.));
#3714=DIRECTION('center_axis',(0.,0.,-1.));
#3715=DIRECTION('ref_axis',(1.,0.,0.));
#3716=DIRECTION('',(0.,0.,1.));
#3717=DIRECTION('center_axis',(0.382683432365089,-0.923879532511287,0.));
#3718=DIRECTION('ref_axis',(-0.923879532511287,-0.382683432365089,0.));
#3719=DIRECTION('',(0.,0.,-1.));
#3720=DIRECTION('',(0.,0.,-1.));
#3721=DIRECTION('',(-0.923879532511287,-0.382683432365089,0.));
#3722=DIRECTION('center_axis',(0.382683432365089,-0.923879532511287,0.));
#3723=DIRECTION('ref_axis',(-0.923879532511287,-0.382683432365089,0.));
#3724=DIRECTION('',(0.923879532511287,0.382683432365089,0.));
#3725=DIRECTION('',(0.,0.,-1.));
#3726=DIRECTION('center_axis',(-0.923879532511285,-0.382683432365093,0.));
#3727=DIRECTION('ref_axis',(-0.382683432365093,0.923879532511285,0.));
#3728=DIRECTION('',(0.,0.,-1.));
#3729=DIRECTION('',(-0.382683432365093,0.923879532511285,0.));
#3730=DIRECTION('center_axis',(-0.382683432365089,0.923879532511287,0.));
#3731=DIRECTION('ref_axis',(0.923879532511287,0.382683432365089,0.));
#3732=DIRECTION('',(0.,0.,1.));
#3733=DIRECTION('',(0.923879532511287,0.382683432365089,0.));
#3734=DIRECTION('center_axis',(-0.382683432365089,0.923879532511287,0.));
#3735=DIRECTION('ref_axis',(0.923879532511287,0.382683432365089,0.));
#3736=DIRECTION('',(0.,0.,-1.));
#3737=DIRECTION('',(-0.923879532511287,-0.382683432365089,0.));
#3738=DIRECTION('',(0.,0.,1.));
#3739=DIRECTION('center_axis',(-0.923879532511285,-0.382683432365093,0.));
#3740=DIRECTION('ref_axis',(-0.382683432365093,0.923879532511285,0.));
#3741=DIRECTION('',(0.382683432365093,-0.923879532511285,0.));
#3742=DIRECTION('center_axis',(0.,0.,-1.));
#3743=DIRECTION('ref_axis',(-1.,0.,0.));
#3744=DIRECTION('center_axis',(0.,0.,-1.));
#3745=DIRECTION('ref_axis',(1.,0.,0.));
#3746=DIRECTION('center_axis',(0.,0.,-1.));
#3747=DIRECTION('ref_axis',(1.,0.,0.));
#3748=DIRECTION('center_axis',(0.,0.,1.));
#3749=DIRECTION('ref_axis',(1.,0.,0.));
#3750=DIRECTION('',(0.,0.,-1.));
#3751=DIRECTION('center_axis',(0.,0.,-1.));
#3752=DIRECTION('ref_axis',(1.,0.,0.));
#3753=DIRECTION('',(0.,0.,-1.));
#3754=DIRECTION('center_axis',(0.,0.,-1.));
#3755=DIRECTION('ref_axis',(1.,0.,0.));
#3756=DIRECTION('',(0.,0.,1.));
#3757=DIRECTION('center_axis',(0.923879532511287,0.382683432365089,0.));
#3758=DIRECTION('ref_axis',(0.382683432365089,-0.923879532511287,0.));
#3759=DIRECTION('',(0.,0.,-1.));
#3760=DIRECTION('',(0.,0.,-1.));
#3761=DIRECTION('',(0.382683432365089,-0.923879532511287,0.));
#3762=DIRECTION('center_axis',(0.923879532511287,0.382683432365089,0.));
#3763=DIRECTION('ref_axis',(0.382683432365089,-0.923879532511287,0.));
#3764=DIRECTION('',(-0.382683432365089,0.923879532511287,0.));
#3765=DIRECTION('',(0.,0.,-1.));
#3766=DIRECTION('center_axis',(0.38268343236509,-0.923879532511287,0.));
#3767=DIRECTION('ref_axis',(-0.923879532511287,-0.38268343236509,0.));
#3768=DIRECTION('',(0.,0.,-1.));
#3769=DIRECTION('',(-0.923879532511287,-0.38268343236509,0.));
#3770=DIRECTION('center_axis',(-0.923879532511287,-0.382683432365089,0.));
#3771=DIRECTION('ref_axis',(-0.382683432365089,0.923879532511287,0.));
#3772=DIRECTION('',(0.,0.,1.));
#3773=DIRECTION('',(-0.382683432365089,0.923879532511287,0.));
#3774=DIRECTION('center_axis',(-0.923879532511287,-0.382683432365089,0.));
#3775=DIRECTION('ref_axis',(-0.382683432365089,0.923879532511287,0.));
#3776=DIRECTION('',(0.,0.,-1.));
#3777=DIRECTION('',(0.382683432365089,-0.923879532511287,0.));
#3778=DIRECTION('',(0.,0.,1.));
#3779=DIRECTION('center_axis',(0.38268343236509,-0.923879532511287,0.));
#3780=DIRECTION('ref_axis',(-0.923879532511287,-0.38268343236509,0.));
#3781=DIRECTION('',(0.923879532511287,0.38268343236509,0.));
#3782=DIRECTION('center_axis',(0.,0.,-1.));
#3783=DIRECTION('ref_axis',(-1.,0.,0.));
#3784=DIRECTION('center_axis',(0.,0.,-1.));
#3785=DIRECTION('ref_axis',(1.,0.,0.));
#3786=DIRECTION('center_axis',(0.,0.,-1.));
#3787=DIRECTION('ref_axis',(1.,0.,0.));
#3788=DIRECTION('center_axis',(0.,0.,1.));
#3789=DIRECTION('ref_axis',(1.,0.,0.));
#3790=DIRECTION('',(0.,0.,-1.));
#3791=DIRECTION('center_axis',(0.,0.,-1.));
#3792=DIRECTION('ref_axis',(1.,0.,0.));
#3793=DIRECTION('',(0.,0.,-1.));
#3794=DIRECTION('center_axis',(0.,0.,-1.));
#3795=DIRECTION('ref_axis',(1.,0.,0.));
#3796=DIRECTION('',(0.,0.,1.));
#3797=DIRECTION('center_axis',(1.,-1.6821560979169E-16,0.));
#3798=DIRECTION('ref_axis',(-1.6821560979169E-16,-1.,0.));
#3799=DIRECTION('',(1.6821560979169E-16,1.,0.));
#3800=DIRECTION('',(0.,0.,1.));
#3801=DIRECTION('',(1.6821560979169E-16,1.,0.));
#3802=DIRECTION('center_axis',(-1.,1.6821560979169E-16,0.));
#3803=DIRECTION('ref_axis',(1.6821560979169E-16,1.,0.));
#3804=DIRECTION('',(0.,0.,1.));
#3805=DIRECTION('',(-1.6821560979169E-16,-1.,0.));
#3806=DIRECTION('',(0.,0.,-1.));
#3807=DIRECTION('',(-1.6821560979169E-16,-1.,0.));
#3808=DIRECTION('center_axis',(-1.26161707343768E-16,-1.,0.));
#3809=DIRECTION('ref_axis',(-1.,1.26161707343768E-16,0.));
#3810=DIRECTION('',(1.,-1.26161707343768E-16,0.));
#3811=DIRECTION('',(0.,0.,1.));
#3812=DIRECTION('',(1.,-1.26161707343768E-16,0.));
#3813=DIRECTION('center_axis',(1.26161707343768E-16,1.,0.));
#3814=DIRECTION('ref_axis',(1.,-1.26161707343768E-16,0.));
#3815=DIRECTION('',(0.,0.,1.));
#3816=DIRECTION('',(-1.,1.26161707343768E-16,0.));
#3817=DIRECTION('',(0.,0.,-1.));
#3818=DIRECTION('',(-1.,1.26161707343768E-16,0.));
#3819=DIRECTION('center_axis',(0.,1.,0.));
#3820=DIRECTION('ref_axis',(1.,0.,0.));
#3821=DIRECTION('',(-1.,0.,0.));
#3822=DIRECTION('',(0.,0.,1.));
#3823=DIRECTION('',(-1.,0.,0.));
#3824=DIRECTION('center_axis',(0.,-1.,0.));
#3825=DIRECTION('ref_axis',(-1.,0.,0.));
#3826=DIRECTION('',(0.,0.,1.));
#3827=DIRECTION('',(1.,0.,0.));
#3828=DIRECTION('',(0.,0.,-1.));
#3829=DIRECTION('',(1.,0.,0.));
#3830=DIRECTION('center_axis',(-1.,8.41078048958452E-17,0.));
#3831=DIRECTION('ref_axis',(8.41078048958452E-17,1.,0.));
#3832=DIRECTION('',(-8.41078048958452E-17,-1.,0.));
#3833=DIRECTION('',(0.,0.,1.));
#3834=DIRECTION('',(-8.41078048958452E-17,-1.,0.));
#3835=DIRECTION('center_axis',(1.,-8.41078048958452E-17,0.));
#3836=DIRECTION('ref_axis',(-8.41078048958452E-17,-1.,0.));
#3837=DIRECTION('',(0.,0.,1.));
#3838=DIRECTION('',(8.41078048958452E-17,1.,0.));
#3839=DIRECTION('',(0.,0.,-1.));
#3840=DIRECTION('',(8.41078048958452E-17,1.,0.));
#3841=DIRECTION('center_axis',(0.,0.,1.));
#3842=DIRECTION('ref_axis',(1.,0.,0.));
#3843=DIRECTION('center_axis',(0.,0.,1.));
#3844=DIRECTION('ref_axis',(1.,0.,0.));
#3845=DIRECTION('center_axis',(0.,0.,1.));
#3846=DIRECTION('ref_axis',(1.,0.,0.));
#3847=DIRECTION('center_axis',(0.,0.,1.));
#3848=DIRECTION('ref_axis',(1.,0.,0.));
#3849=DIRECTION('center_axis',(0.,0.,1.));
#3850=DIRECTION('ref_axis',(1.,0.,0.));
#3851=DIRECTION('center_axis',(0.,0.,1.));
#3852=DIRECTION('ref_axis',(1.,0.,0.));
#3853=DIRECTION('center_axis',(0.,0.,1.));
#3854=DIRECTION('ref_axis',(1.,0.,0.));
#3855=DIRECTION('center_axis',(0.,0.,1.));
#3856=DIRECTION('ref_axis',(1.,0.,0.));
#3857=DIRECTION('center_axis',(0.,0.,1.));
#3858=DIRECTION('ref_axis',(1.,0.,0.));
#3859=DIRECTION('center_axis',(0.,0.,-1.));
#3860=DIRECTION('ref_axis',(1.,0.,0.));
#3861=DIRECTION('center_axis',(0.,0.,-1.));
#3862=DIRECTION('ref_axis',(1.,0.,0.));
#3863=DIRECTION('center_axis',(0.,0.,-1.));
#3864=DIRECTION('ref_axis',(1.,0.,0.));
#3865=DIRECTION('center_axis',(0.,0.,-1.));
#3866=DIRECTION('ref_axis',(1.,0.,0.));
#3867=DIRECTION('center_axis',(0.,0.,1.));
#3868=DIRECTION('ref_axis',(1.,0.,0.));
#3869=DIRECTION('center_axis',(0.,0.,1.));
#3870=DIRECTION('ref_axis',(1.,0.,0.));
#3871=DIRECTION('center_axis',(0.,0.,1.));
#3872=DIRECTION('ref_axis',(1.,0.,0.));
#3873=DIRECTION('center_axis',(0.,0.,1.));
#3874=DIRECTION('ref_axis',(1.,0.,0.));
#3875=DIRECTION('center_axis',(0.,0.,1.));
#3876=DIRECTION('ref_axis',(1.,0.,0.));
#3877=DIRECTION('center_axis',(0.,0.,1.));
#3878=DIRECTION('ref_axis',(1.,0.,0.));
#3879=DIRECTION('center_axis',(0.,0.,-1.));
#3880=DIRECTION('ref_axis',(1.,0.,0.));
#3881=DIRECTION('center_axis',(0.,0.,-1.));
#3882=DIRECTION('ref_axis',(1.,0.,0.));
#3883=DIRECTION('center_axis',(0.,0.,-1.));
#3884=DIRECTION('ref_axis',(1.,0.,0.));
#3885=DIRECTION('center_axis',(0.,0.,-1.));
#3886=DIRECTION('ref_axis',(1.,0.,0.));
#3887=DIRECTION('center_axis',(0.,0.,1.));
#3888=DIRECTION('ref_axis',(1.,0.,0.));
#3889=DIRECTION('center_axis',(0.,0.,1.));
#3890=DIRECTION('ref_axis',(1.,0.,0.));
#3891=CARTESIAN_POINT('',(0.,0.,0.));
#3892=CARTESIAN_POINT('Origin',(0.,0.,35.6));
#3893=CARTESIAN_POINT('',(-31.2,3.82089801333974E-15,36.));
#3894=CARTESIAN_POINT('Origin',(0.,0.,36.));
#3895=CARTESIAN_POINT('',(-32.,-3.91886975727153E-15,35.2));
#3896=CARTESIAN_POINT('',(-31.6,-3.86988388530564E-15,35.6));
#3897=CARTESIAN_POINT('Origin',(0.,0.,35.2));
#3898=CARTESIAN_POINT('Origin',(0.,0.,34.));
#3899=CARTESIAN_POINT('',(-32.,-3.91886975727153E-15,34.));
#3900=CARTESIAN_POINT('',(-32.,-3.91886975727153E-15,34.));
#3901=CARTESIAN_POINT('Origin',(0.,0.,34.));
#3902=CARTESIAN_POINT('Origin',(0.,0.,36.));
#3903=CARTESIAN_POINT('',(-2.8,-6.67,36.));
#3904=CARTESIAN_POINT('',(2.8,-6.67,36.));
#3905=CARTESIAN_POINT('',(-1.4,-6.67,36.));
#3906=CARTESIAN_POINT('',(2.8,-13.67,36.));
#3907=CARTESIAN_POINT('Origin',(2.8,-10.17,36.));
#3908=CARTESIAN_POINT('',(-2.8,-13.67,36.));
#3909=CARTESIAN_POINT('',(1.4,-13.67,36.));
#3910=CARTESIAN_POINT('Origin',(-2.8,-10.17,36.));
#3911=CARTESIAN_POINT('Origin',(-2.8,-6.67,36.));
#3912=CARTESIAN_POINT('',(-2.8,-6.67,35.));
#3913=CARTESIAN_POINT('',(-2.8,-6.67,36.));
#3914=CARTESIAN_POINT('',(2.8,-6.67,35.));
#3915=CARTESIAN_POINT('',(2.8,-6.67,35.));
#3916=CARTESIAN_POINT('',(2.8,-6.67,36.));
#3917=CARTESIAN_POINT('Origin',(-2.8,-10.17,36.));
#3918=CARTESIAN_POINT('',(-2.8,-13.67,35.));
#3919=CARTESIAN_POINT('',(-2.8,-13.67,36.));
#3920=CARTESIAN_POINT('Origin',(-2.8,-10.17,35.));
#3921=CARTESIAN_POINT('Origin',(2.8,-13.67,36.));
#3922=CARTESIAN_POINT('',(2.8,-13.67,35.));
#3923=CARTESIAN_POINT('',(2.8,-13.67,36.));
#3924=CARTESIAN_POINT('',(-2.8,-13.67,35.));
#3925=CARTESIAN_POINT('Origin',(2.8,-10.17,36.));
#3926=CARTESIAN_POINT('Origin',(2.8,-10.17,35.));
#3927=CARTESIAN_POINT('Origin',(0.,-10.17,35.));
#3928=CARTESIAN_POINT('',(2.84,-8.24,35.));
#3929=CARTESIAN_POINT('',(-2.84,-8.24,35.));
#3930=CARTESIAN_POINT('',(1.42,-8.24,35.));
#3931=CARTESIAN_POINT('',(2.84,-12.1,35.));
#3932=CARTESIAN_POINT('Origin',(2.84,-10.17,35.));
#3933=CARTESIAN_POINT('',(-2.84,-12.1,35.));
#3934=CARTESIAN_POINT('',(-1.42,-12.1,35.));
#3935=CARTESIAN_POINT('Origin',(-2.84,-10.17,35.));
#3936=CARTESIAN_POINT('Origin',(-2.84,-12.1,34.));
#3937=CARTESIAN_POINT('',(2.84,-12.1,34.));
#3938=CARTESIAN_POINT('',(2.84,-12.1,34.));
#3939=CARTESIAN_POINT('',(-2.84,-12.1,34.));
#3940=CARTESIAN_POINT('',(-1.42,-12.1,34.));
#3941=CARTESIAN_POINT('',(-2.84,-12.1,34.));
#3942=CARTESIAN_POINT('Origin',(2.84,-10.17,34.));
#3943=CARTESIAN_POINT('',(2.84,-8.24,34.));
#3944=CARTESIAN_POINT('',(2.84,-8.24,34.));
#3945=CARTESIAN_POINT('Origin',(2.84,-10.17,34.));
#3946=CARTESIAN_POINT('Origin',(2.84,-8.24,34.));
#3947=CARTESIAN_POINT('',(-2.84,-8.24,34.));
#3948=CARTESIAN_POINT('',(-2.84,-8.24,34.));
#3949=CARTESIAN_POINT('',(1.42,-8.24,34.));
#3950=CARTESIAN_POINT('Origin',(-2.84,-10.17,34.));
#3951=CARTESIAN_POINT('Origin',(-2.84,-10.17,34.));
#3952=CARTESIAN_POINT('Origin',(0.,-13.25,9.6));
#3953=CARTESIAN_POINT('',(-3.5,-13.15,9.68888888888889));
#3954=CARTESIAN_POINT('',(3.5,-13.15,9.68888888888889));
#3955=CARTESIAN_POINT('',(-1.75,-13.15,9.68888888888889));
#3956=CARTESIAN_POINT('',(-3.5,-12.35,10.4));
#3957=CARTESIAN_POINT('',(-3.5,-12.35,10.4));
#3958=CARTESIAN_POINT('',(3.5,-12.35,10.4));
#3959=CARTESIAN_POINT('',(0.,-12.35,10.4));
#3960=CARTESIAN_POINT('',(3.5,-12.35,10.4));
#3961=CARTESIAN_POINT('Origin',(0.,-12.35,11.2));
#3962=CARTESIAN_POINT('',(3.5,-13.15,11.2));
#3963=CARTESIAN_POINT('',(-3.5,-13.15,11.2));
#3964=CARTESIAN_POINT('',(-1.75,-13.15,11.2));
#3965=CARTESIAN_POINT('',(3.5,-12.35,11.2));
#3966=CARTESIAN_POINT('',(3.5,-13.25,11.2));
#3967=CARTESIAN_POINT('',(-3.5,-12.35,11.2));
#3968=CARTESIAN_POINT('',(0.,-12.35,11.2));
#3969=CARTESIAN_POINT('',(-3.5,-13.25,11.2));
#3970=CARTESIAN_POINT('Origin',(0.,-12.35,10.4));
#3971=CARTESIAN_POINT('',(3.5,-12.35,11.2));
#3972=CARTESIAN_POINT('',(-3.5,-12.35,11.2));
#3973=CARTESIAN_POINT('Origin',(3.5,-13.15,34.5));
#3974=CARTESIAN_POINT('',(3.5,-13.15,34.));
#3975=CARTESIAN_POINT('',(3.5,-13.15,34.5));
#3976=CARTESIAN_POINT('',(3.5,-14.55,34.));
#3977=CARTESIAN_POINT('',(3.5,-6.575,34.));
#3978=CARTESIAN_POINT('',(3.5,-14.55,9.3));
#3979=CARTESIAN_POINT('',(3.5,-14.55,34.5));
#3980=CARTESIAN_POINT('',(3.5,-13.15,9.3));
#3981=CARTESIAN_POINT('',(3.5,-14.55,9.3));
#3982=CARTESIAN_POINT('',(3.5,-13.15,34.5));
#3983=CARTESIAN_POINT('Origin',(-3.5,-13.15,34.5));
#3984=CARTESIAN_POINT('',(-3.5,-13.15,34.));
#3985=CARTESIAN_POINT('',(-3.5,-13.15,34.5));
#3986=CARTESIAN_POINT('',(-1.75,-13.15,34.));
#3987=CARTESIAN_POINT('Origin',(3.5,-14.55,34.5));
#3988=CARTESIAN_POINT('',(-3.5,-14.55,34.));
#3989=CARTESIAN_POINT('',(1.75,-14.55,34.));
#3990=CARTESIAN_POINT('',(-3.5,-14.55,9.3));
#3991=CARTESIAN_POINT('',(-3.5,-14.55,34.5));
#3992=CARTESIAN_POINT('',(-3.5,-14.55,9.3));
#3993=CARTESIAN_POINT('Origin',(-3.5,-13.15,34.5));
#3994=CARTESIAN_POINT('',(-3.5,-13.15,9.3));
#3995=CARTESIAN_POINT('',(3.5,-13.15,9.3));
#3996=CARTESIAN_POINT('',(-3.5,-13.15,34.5));
#3997=CARTESIAN_POINT('Origin',(-3.5,-14.55,34.5));
#3998=CARTESIAN_POINT('',(-3.5,-13.15,9.3));
#3999=CARTESIAN_POINT('',(-3.5,-7.275,34.));
#4000=CARTESIAN_POINT('Origin',(0.,-13.85,9.3));
#4001=CARTESIAN_POINT('Origin',(9.15,-11.65,34.5));
#4002=CARTESIAN_POINT('',(8.7,-11.65,34.));
#4003=CARTESIAN_POINT('',(9.15,-11.65,34.));
#4004=CARTESIAN_POINT('',(4.575,-11.65,34.));
#4005=CARTESIAN_POINT('',(8.7,-11.65,11.2));
#4006=CARTESIAN_POINT('',(8.7,-11.65,34.5));
#4007=CARTESIAN_POINT('',(9.15,-11.65,11.2));
#4008=CARTESIAN_POINT('',(8.7,-11.65,11.2));
#4009=CARTESIAN_POINT('',(9.15,-11.65,34.5));
#4010=CARTESIAN_POINT('Origin',(8.7,-11.65,34.5));
#4011=CARTESIAN_POINT('',(8.7,-10.45,34.));
#4012=CARTESIAN_POINT('',(8.7,-5.825,34.));
#4013=CARTESIAN_POINT('',(8.7,-10.45,11.2));
#4014=CARTESIAN_POINT('',(8.7,-10.45,34.5));
#4015=CARTESIAN_POINT('',(8.7,-10.45,11.2));
#4016=CARTESIAN_POINT('Origin',(8.7,-10.45,34.5));
#4017=CARTESIAN_POINT('',(11.65,-10.45,34.));
#4018=CARTESIAN_POINT('',(4.35,-10.45,34.));
#4019=CARTESIAN_POINT('',(11.65,-10.45,11.2));
#4020=CARTESIAN_POINT('',(11.65,-10.45,34.5));
#4021=CARTESIAN_POINT('',(11.65,-10.45,11.2));
#4022=CARTESIAN_POINT('Origin',(11.65,-10.45,34.5));
#4023=CARTESIAN_POINT('',(11.65,-16.4,34.));
#4024=CARTESIAN_POINT('',(11.65,-5.225,34.));
#4025=CARTESIAN_POINT('',(11.65,-16.4,11.2));
#4026=CARTESIAN_POINT('',(11.65,-16.4,34.5));
#4027=CARTESIAN_POINT('',(11.65,-16.4,11.2));
#4028=CARTESIAN_POINT('Origin',(11.65,-16.4,34.5));
#4029=CARTESIAN_POINT('',(3.9,-16.4,34.));
#4030=CARTESIAN_POINT('',(5.825,-16.4,34.));
#4031=CARTESIAN_POINT('',(3.9,-16.4,11.2));
#4032=CARTESIAN_POINT('',(3.9,-16.4,34.5));
#4033=CARTESIAN_POINT('',(3.9,-16.4,11.2));
#4034=CARTESIAN_POINT('Origin',(9.15,-13.15,34.5));
#4035=CARTESIAN_POINT('',(9.15,-13.15,34.));
#4036=CARTESIAN_POINT('',(9.15,-6.575,34.));
#4037=CARTESIAN_POINT('',(9.15,-13.15,11.2));
#4038=CARTESIAN_POINT('',(9.15,-10.45,11.2));
#4039=CARTESIAN_POINT('',(9.15,-13.15,34.5));
#4040=CARTESIAN_POINT('Origin',(8.2,-13.15,34.5));
#4041=CARTESIAN_POINT('',(8.2,-13.15,34.));
#4042=CARTESIAN_POINT('',(4.1,-13.15,34.));
#4043=CARTESIAN_POINT('',(8.2,-13.15,11.2));
#4044=CARTESIAN_POINT('',(9.15,-13.15,11.2));
#4045=CARTESIAN_POINT('',(8.2,-13.15,34.5));
#4046=CARTESIAN_POINT('Origin',(8.2,-14.8,34.5));
#4047=CARTESIAN_POINT('',(8.2,-14.8,34.));
#4048=CARTESIAN_POINT('',(8.2,-7.4,34.));
#4049=CARTESIAN_POINT('',(8.2,-14.8,11.2));
#4050=CARTESIAN_POINT('',(8.2,-13.15,11.2));
#4051=CARTESIAN_POINT('',(8.2,-14.8,34.5));
#4052=CARTESIAN_POINT('Origin',(3.9,-14.8,34.5));
#4053=CARTESIAN_POINT('',(3.9,-14.8,34.));
#4054=CARTESIAN_POINT('',(1.95,-14.8,34.));
#4055=CARTESIAN_POINT('',(3.9,-14.8,11.2));
#4056=CARTESIAN_POINT('',(9.15,-14.8,11.2));
#4057=CARTESIAN_POINT('',(3.9,-14.8,34.5));
#4058=CARTESIAN_POINT('Origin',(3.9,-16.4,34.5));
#4059=CARTESIAN_POINT('',(3.9,-8.2,34.));
#4060=CARTESIAN_POINT('',(3.9,-14.8,11.2));
#4061=CARTESIAN_POINT('Origin',(7.775,-13.425,11.2));
#4062=CARTESIAN_POINT('Origin',(-8.7,-10.45,34.5));
#4063=CARTESIAN_POINT('',(-8.7,-11.65,34.));
#4064=CARTESIAN_POINT('',(-8.7,-10.45,34.));
#4065=CARTESIAN_POINT('',(-8.7,-5.225,34.));
#4066=CARTESIAN_POINT('',(-8.7,-11.65,11.2));
#4067=CARTESIAN_POINT('',(-8.7,-11.65,34.5));
#4068=CARTESIAN_POINT('',(-8.7,-10.45,11.2));
#4069=CARTESIAN_POINT('',(-8.7,-11.65,11.2));
#4070=CARTESIAN_POINT('',(-8.7,-10.45,34.5));
#4071=CARTESIAN_POINT('Origin',(-8.7,-11.65,34.5));
#4072=CARTESIAN_POINT('',(-9.15,-11.65,34.));
#4073=CARTESIAN_POINT('',(-4.35,-11.65,34.));
#4074=CARTESIAN_POINT('',(-9.15,-11.65,11.2));
#4075=CARTESIAN_POINT('',(-9.15,-11.65,34.5));
#4076=CARTESIAN_POINT('',(-9.15,-11.65,11.2));
#4077=CARTESIAN_POINT('Origin',(-9.15,-11.65,34.5));
#4078=CARTESIAN_POINT('',(-9.15,-13.15,34.));
#4079=CARTESIAN_POINT('',(-9.15,-5.825,34.));
#4080=CARTESIAN_POINT('',(-9.15,-13.15,11.2));
#4081=CARTESIAN_POINT('',(-9.15,-13.15,34.5));
#4082=CARTESIAN_POINT('',(-9.15,-16.4,11.2));
#4083=CARTESIAN_POINT('Origin',(-9.15,-13.15,34.5));
#4084=CARTESIAN_POINT('',(-8.2,-13.15,34.));
#4085=CARTESIAN_POINT('',(-4.575,-13.15,34.));
#4086=CARTESIAN_POINT('',(-8.2,-13.15,11.2));
#4087=CARTESIAN_POINT('',(-8.2,-13.15,34.5));
#4088=CARTESIAN_POINT('',(-8.2,-13.15,11.2));
#4089=CARTESIAN_POINT('Origin',(-8.2,-13.15,34.5));
#4090=CARTESIAN_POINT('',(-8.2,-14.8,34.));
#4091=CARTESIAN_POINT('',(-8.2,-6.575,34.));
#4092=CARTESIAN_POINT('',(-8.2,-14.8,11.2));
#4093=CARTESIAN_POINT('',(-8.2,-14.8,34.5));
#4094=CARTESIAN_POINT('',(-8.2,-16.4,11.2));
#4095=CARTESIAN_POINT('Origin',(-11.65,-10.45,34.5));
#4096=CARTESIAN_POINT('',(-11.65,-10.45,34.));
#4097=CARTESIAN_POINT('',(-5.825,-10.45,34.));
#4098=CARTESIAN_POINT('',(-11.65,-10.45,11.2));
#4099=CARTESIAN_POINT('',(-8.7,-10.45,11.2));
#4100=CARTESIAN_POINT('',(-11.65,-10.45,34.5));
#4101=CARTESIAN_POINT('Origin',(-11.65,-16.4,34.5));
#4102=CARTESIAN_POINT('',(-11.65,-16.4,34.));
#4103=CARTESIAN_POINT('',(-11.65,-8.2,34.));
#4104=CARTESIAN_POINT('',(-11.65,-16.4,11.2));
#4105=CARTESIAN_POINT('',(-11.65,-10.45,11.2));
#4106=CARTESIAN_POINT('',(-11.65,-16.4,34.5));
#4107=CARTESIAN_POINT('Origin',(-3.9,-16.4,34.5));
#4108=CARTESIAN_POINT('',(-3.9,-16.4,34.));
#4109=CARTESIAN_POINT('',(-1.95,-16.4,34.));
#4110=CARTESIAN_POINT('',(-3.9,-16.4,11.2));
#4111=CARTESIAN_POINT('',(-11.65,-16.4,11.2));
#4112=CARTESIAN_POINT('',(-3.9,-16.4,34.5));
#4113=CARTESIAN_POINT('Origin',(-3.9,-14.8,34.5));
#4114=CARTESIAN_POINT('',(-3.9,-14.8,34.));
#4115=CARTESIAN_POINT('',(-3.9,-7.4,34.));
#4116=CARTESIAN_POINT('',(-3.9,-14.8,11.2));
#4117=CARTESIAN_POINT('',(-3.9,-16.4,11.2));
#4118=CARTESIAN_POINT('',(-3.9,-14.8,34.5));
#4119=CARTESIAN_POINT('Origin',(-8.2,-14.8,34.5));
#4120=CARTESIAN_POINT('',(-4.1,-14.8,34.));
#4121=CARTESIAN_POINT('',(-3.9,-14.8,11.2));
#4122=CARTESIAN_POINT('Origin',(-7.775,-13.425,11.2));
#4123=CARTESIAN_POINT('Origin',(-14.9822394854708,8.65,8.6));
#4124=CARTESIAN_POINT('',(-16.4822394854708,8.65,7.));
#4125=CARTESIAN_POINT('Origin',(-14.9822394854708,8.65,7.));
#4126=CARTESIAN_POINT('',(-16.4822394854708,8.65,8.6));
#4127=CARTESIAN_POINT('',(-16.4822394854708,8.65,8.6));
#4128=CARTESIAN_POINT('Origin',(-14.9822394854708,8.65,8.6));
#4129=CARTESIAN_POINT('Origin',(-14.9822394854708,8.65,7.));
#4130=CARTESIAN_POINT('Origin',(1.05931948126246E-15,17.3,8.6));
#4131=CARTESIAN_POINT('',(-1.5,17.3,7.));
#4132=CARTESIAN_POINT('Origin',(1.05931948126246E-15,17.3,7.));
#4133=CARTESIAN_POINT('',(-1.5,17.3,8.6));
#4134=CARTESIAN_POINT('',(-1.5,17.3,8.6));
#4135=CARTESIAN_POINT('Origin',(1.05931948126246E-15,17.3,8.6));
#4136=CARTESIAN_POINT('Origin',(1.11022302462516E-15,17.3,7.));
#4137=CARTESIAN_POINT('Origin',(14.9822394854708,8.65,8.6));
#4138=CARTESIAN_POINT('',(13.4822394854708,8.65,7.));
#4139=CARTESIAN_POINT('Origin',(14.9822394854708,8.65,7.));
#4140=CARTESIAN_POINT('',(13.4822394854708,8.65,8.6));
#4141=CARTESIAN_POINT('',(13.4822394854708,8.65,8.6));
#4142=CARTESIAN_POINT('Origin',(14.9822394854708,8.65,8.6));
#4143=CARTESIAN_POINT('Origin',(14.9822394854708,8.65,7.));
#4144=CARTESIAN_POINT('Origin',(-14.9822394854708,8.65,34.));
#4145=CARTESIAN_POINT('',(-17.4822394854708,8.65,8.6));
#4146=CARTESIAN_POINT('Origin',(-14.9822394854708,8.65,8.6));
#4147=CARTESIAN_POINT('',(-17.4822394854708,8.65,34.));
#4148=CARTESIAN_POINT('',(-17.4822394854708,8.65,34.));
#4149=CARTESIAN_POINT('Origin',(-14.9822394854708,8.65,34.));
#4150=CARTESIAN_POINT('Origin',(-14.9822394854708,8.65,8.6));
#4151=CARTESIAN_POINT('Origin',(1.05931948126246E-15,17.3,34.));
#4152=CARTESIAN_POINT('',(-2.5,17.3,8.6));
#4153=CARTESIAN_POINT('Origin',(1.05931948126246E-15,17.3,8.6));
#4154=CARTESIAN_POINT('',(-2.5,17.3,34.));
#4155=CARTESIAN_POINT('',(-2.5,17.3,34.));
#4156=CARTESIAN_POINT('Origin',(1.05931948126246E-15,17.3,34.));
#4157=CARTESIAN_POINT('Origin',(1.11022302462516E-15,17.3,8.6));
#4158=CARTESIAN_POINT('Origin',(14.9822394854708,8.65,34.));
#4159=CARTESIAN_POINT('',(12.4822394854708,8.65,8.6));
#4160=CARTESIAN_POINT('Origin',(14.9822394854708,8.65,8.6));
#4161=CARTESIAN_POINT('',(12.4822394854708,8.65,34.));
#4162=CARTESIAN_POINT('',(12.4822394854708,8.65,34.));
#4163=CARTESIAN_POINT('Origin',(14.9822394854708,8.65,34.));
#4164=CARTESIAN_POINT('Origin',(14.9822394854708,8.65,8.6));
#4165=CARTESIAN_POINT('Origin',(27.6174322124072,-11.9807110804448,34.));
#4166=CARTESIAN_POINT('',(27.4287936632222,-11.902574434986,32.125));
#4167=CARTESIAN_POINT('',(27.6174322124072,-11.9807110804448,32.3801906718528));
#4168=CARTESIAN_POINT('',(27.5673947810534,-11.9599848977518,32.3125));
#4169=CARTESIAN_POINT('',(27.4287936632222,-11.902574434986,29.8));
#4170=CARTESIAN_POINT('',(27.4287936632222,-11.902574434986,34.));
#4171=CARTESIAN_POINT('',(27.6174322124072,-11.9807110804448,29.8));
#4172=CARTESIAN_POINT('',(27.2478803994027,-11.8276377074988,29.8));
#4173=CARTESIAN_POINT('',(27.6174322124072,-11.9807110804448,34.));
#4174=CARTESIAN_POINT('Origin',(28.0001156447723,-11.0568315479336,34.));
#4175=CARTESIAN_POINT('',(28.0001156447723,-11.0568315479336,32.3801906718528));
#4176=CARTESIAN_POINT('Ctrl Pts',(27.6174322124072,-11.9807110804448,32.3801906718528));
#4177=CARTESIAN_POINT('Ctrl Pts',(27.8087739285897,-11.5187713141892,32.3698100441434));
#4178=CARTESIAN_POINT('Ctrl Pts',(28.0001156447723,-11.0568315479336,32.3801906718528));
#4179=CARTESIAN_POINT('',(28.0001156447723,-11.0568315479336,29.8));
#4180=CARTESIAN_POINT('',(27.6174322124072,-11.9807110804448,29.8));
#4181=CARTESIAN_POINT('',(28.0001156447723,-11.0568315479336,34.));
#4182=CARTESIAN_POINT('Origin',(27.6239980220875,-11.4422346277162,29.8));
#4183=CARTESIAN_POINT('',(27.8114770955873,-10.9786949024747,29.8));
#4184=CARTESIAN_POINT('Origin',(0.,0.,29.8));
#4185=CARTESIAN_POINT('',(28.0001156447723,-11.0568315479336,29.8));
#4186=CARTESIAN_POINT('Origin',(27.6305638317678,-10.9037581749875,34.));
#4187=CARTESIAN_POINT('',(27.8114770955873,-10.9786949024747,32.125));
#4188=CARTESIAN_POINT('',(27.9500782134185,-11.0361053652405,32.3125));
#4189=CARTESIAN_POINT('',(27.8114770955873,-10.9786949024747,34.));
#4190=CARTESIAN_POINT('Origin',(27.6305638317678,-10.9037581749875,34.));
#4191=CARTESIAN_POINT('',(27.8114770955873,-10.9786949024747,32.875));
#4192=CARTESIAN_POINT('',(28.0001156447723,-11.0568315479336,32.6198093281472));
#4193=CARTESIAN_POINT('',(27.9500782134185,-11.0361053652405,32.6875));
#4194=CARTESIAN_POINT('',(27.8114770955873,-10.9786949024747,34.));
#4195=CARTESIAN_POINT('',(27.8114770955873,-10.9786949024747,34.));
#4196=CARTESIAN_POINT('',(28.0001156447723,-11.0568315479336,34.));
#4197=CARTESIAN_POINT('',(13.9109527739752,-5.22090920436594,34.));
#4198=CARTESIAN_POINT('',(28.0001156447723,-11.0568315479336,34.));
#4199=CARTESIAN_POINT('Origin',(27.6174322124072,-11.9807110804448,34.));
#4200=CARTESIAN_POINT('',(27.6174322124072,-11.9807110804448,32.6198093281472));
#4201=CARTESIAN_POINT('',(27.4287936632222,-11.902574434986,32.875));
#4202=CARTESIAN_POINT('',(27.5673947810534,-11.9599848977518,32.6875));
#4203=CARTESIAN_POINT('',(27.6174322124072,-11.9807110804448,34.));
#4204=CARTESIAN_POINT('',(27.6174322124072,-11.9807110804448,34.));
#4205=CARTESIAN_POINT('',(27.4287936632222,-11.902574434986,34.));
#4206=CARTESIAN_POINT('',(13.7130452481123,-6.22132542335024,34.));
#4207=CARTESIAN_POINT('',(27.4287936632222,-11.902574434986,34.));
#4208=CARTESIAN_POINT('Origin',(28.0001156447723,-11.0568315479336,34.));
#4209=CARTESIAN_POINT('Ctrl Pts',(28.0001156447723,-11.0568315479336,32.6198093281472));
#4210=CARTESIAN_POINT('Ctrl Pts',(27.8087739285897,-11.5187713141892,32.6301899558566));
#4211=CARTESIAN_POINT('Ctrl Pts',(27.6174322124072,-11.9807110804448,32.6198093281472));
#4212=CARTESIAN_POINT('',(27.904444786681,-11.2878014310614,34.));
#4213=CARTESIAN_POINT('Origin',(0.,0.,32.75));
#4214=CARTESIAN_POINT('',(11.902574434986,-27.4287936632222,32.875));
#4215=CARTESIAN_POINT('Origin',(0.,0.,32.875));
#4216=CARTESIAN_POINT('',(11.9807110804449,-27.6174322124072,32.6198093281472));
#4217=CARTESIAN_POINT('',(11.9599848977518,-27.5673947810534,32.6875));
#4218=CARTESIAN_POINT('',(11.0568315479336,-28.0001156447723,32.6198093281472));
#4219=CARTESIAN_POINT('Ctrl Pts',(11.9807110804449,-27.6174322124072,32.6198093281472));
#4220=CARTESIAN_POINT('Ctrl Pts',(11.5187713141892,-27.8087739285897,32.6301899558566));
#4221=CARTESIAN_POINT('Ctrl Pts',(11.0568315479336,-28.0001156447723,32.6198093281472));
#4222=CARTESIAN_POINT('',(10.9786949024748,-27.8114770955873,32.875));
#4223=CARTESIAN_POINT('',(11.0361053652405,-27.9500782134185,32.6875));
#4224=CARTESIAN_POINT('',(0.749999999999995,-29.8905921654289,32.875));
#4225=CARTESIAN_POINT('Origin',(0.,0.,32.875));
#4226=CARTESIAN_POINT('',(0.749999999999994,-30.1906856497165,32.5));
#4227=CARTESIAN_POINT('',(0.749999999999995,-30.0406389075727,32.6875));
#4228=CARTESIAN_POINT('',(30.1906856497165,-0.75,32.5));
#4229=CARTESIAN_POINT('Origin',(0.,0.,32.5));
#4230=CARTESIAN_POINT('',(29.8905921654289,-0.75,32.875));
#4231=CARTESIAN_POINT('',(30.0406389075727,-0.75,32.6875));
#4232=CARTESIAN_POINT('Origin',(0.,0.,32.875));
#4233=CARTESIAN_POINT('Origin',(0.,0.,34.));
#4234=CARTESIAN_POINT('',(11.902574434986,-27.4287936632222,34.));
#4235=CARTESIAN_POINT('Origin',(0.,0.,34.));
#4236=CARTESIAN_POINT('',(11.902574434986,-27.4287936632222,34.));
#4237=CARTESIAN_POINT('Origin',(0.,0.,32.25));
#4238=CARTESIAN_POINT('',(29.8905921654289,-0.75,32.125));
#4239=CARTESIAN_POINT('Origin',(0.,0.,32.125));
#4240=CARTESIAN_POINT('',(30.0406389075727,-0.75,32.3125));
#4241=CARTESIAN_POINT('',(0.749999999999995,-29.8905921654289,32.125));
#4242=CARTESIAN_POINT('',(0.749999999999995,-30.0406389075727,32.3125));
#4243=CARTESIAN_POINT('',(10.9786949024748,-27.8114770955873,32.125));
#4244=CARTESIAN_POINT('Origin',(0.,0.,32.125));
#4245=CARTESIAN_POINT('',(11.0568315479336,-28.0001156447723,32.3801906718528));
#4246=CARTESIAN_POINT('',(11.0361053652405,-27.9500782134185,32.3125));
#4247=CARTESIAN_POINT('',(11.9807110804449,-27.6174322124072,32.3801906718528));
#4248=CARTESIAN_POINT('Ctrl Pts',(11.0568315479336,-28.0001156447723,32.3801906718528));
#4249=CARTESIAN_POINT('Ctrl Pts',(11.5187713141892,-27.8087739285897,32.3698100441434));
#4250=CARTESIAN_POINT('Ctrl Pts',(11.9807110804449,-27.6174322124072,32.3801906718528));
#4251=CARTESIAN_POINT('',(11.902574434986,-27.4287936632222,32.125));
#4252=CARTESIAN_POINT('',(11.9599848977518,-27.5673947810534,32.3125));
#4253=CARTESIAN_POINT('Origin',(0.,0.,32.125));
#4254=CARTESIAN_POINT('Origin',(-11.9807110804448,-27.6174322124072,34.));
#4255=CARTESIAN_POINT('',(-11.902574434986,-27.4287936632222,32.125));
#4256=CARTESIAN_POINT('',(-11.9807110804448,-27.6174322124072,32.3801906718528));
#4257=CARTESIAN_POINT('',(-11.9599848977518,-27.5673947810534,32.3125));
#4258=CARTESIAN_POINT('',(-11.902574434986,-27.4287936632222,29.8));
#4259=CARTESIAN_POINT('',(-11.902574434986,-27.4287936632222,34.));
#4260=CARTESIAN_POINT('',(-11.9807110804448,-27.6174322124072,29.8));
#4261=CARTESIAN_POINT('',(-11.8276377074988,-27.2478803994027,29.8));
#4262=CARTESIAN_POINT('',(-11.9807110804448,-27.6174322124072,34.));
#4263=CARTESIAN_POINT('Origin',(-11.0568315479335,-28.0001156447723,34.));
#4264=CARTESIAN_POINT('',(-11.0568315479335,-28.0001156447723,32.3801906718528));
#4265=CARTESIAN_POINT('Ctrl Pts',(-11.9807110804448,-27.6174322124072,32.3801906718528));
#4266=CARTESIAN_POINT('Ctrl Pts',(-11.5187713141892,-27.8087739285897,32.3698100441434));
#4267=CARTESIAN_POINT('Ctrl Pts',(-11.0568315479336,-28.0001156447723,32.3801906718528));
#4268=CARTESIAN_POINT('',(-11.0568315479335,-28.0001156447723,29.8));
#4269=CARTESIAN_POINT('',(-11.9807110804448,-27.6174322124072,29.8));
#4270=CARTESIAN_POINT('',(-11.0568315479335,-28.0001156447723,34.));
#4271=CARTESIAN_POINT('Origin',(-11.4422346277162,-27.6239980220875,29.8));
#4272=CARTESIAN_POINT('',(-10.9786949024747,-27.8114770955873,29.8));
#4273=CARTESIAN_POINT('Origin',(0.,0.,29.8));
#4274=CARTESIAN_POINT('',(-11.0568315479335,-28.0001156447723,29.8));
#4275=CARTESIAN_POINT('Origin',(-10.9037581749875,-27.6305638317678,34.));
#4276=CARTESIAN_POINT('',(-10.9786949024747,-27.8114770955873,32.125));
#4277=CARTESIAN_POINT('',(-11.0361053652405,-27.9500782134185,32.3125));
#4278=CARTESIAN_POINT('',(-10.9786949024747,-27.8114770955873,34.));
#4279=CARTESIAN_POINT('Origin',(-10.9037581749875,-27.6305638317678,34.));
#4280=CARTESIAN_POINT('',(-10.9786949024747,-27.8114770955873,32.875));
#4281=CARTESIAN_POINT('',(-11.0568315479335,-28.0001156447723,32.6198093281472));
#4282=CARTESIAN_POINT('',(-11.0361053652405,-27.9500782134185,32.6875));
#4283=CARTESIAN_POINT('',(-10.9786949024747,-27.8114770955873,34.));
#4284=CARTESIAN_POINT('',(-10.9786949024747,-27.8114770955873,34.));
#4285=CARTESIAN_POINT('',(-11.0568315479335,-28.0001156447723,34.));
#4286=CARTESIAN_POINT('',(-5.22090920436594,-13.9109527739752,34.));
#4287=CARTESIAN_POINT('',(-11.0568315479335,-28.0001156447723,34.));
#4288=CARTESIAN_POINT('Origin',(-11.9807110804448,-27.6174322124072,34.));
#4289=CARTESIAN_POINT('',(-11.9807110804448,-27.6174322124072,32.6198093281472));
#4290=CARTESIAN_POINT('',(-11.902574434986,-27.4287936632222,32.875));
#4291=CARTESIAN_POINT('',(-11.9599848977518,-27.5673947810534,32.6875));
#4292=CARTESIAN_POINT('',(-11.9807110804448,-27.6174322124072,34.));
#4293=CARTESIAN_POINT('',(-11.9807110804448,-27.6174322124072,34.));
#4294=CARTESIAN_POINT('',(-11.902574434986,-27.4287936632222,34.));
#4295=CARTESIAN_POINT('',(-6.22132542335017,-13.7130452481123,34.));
#4296=CARTESIAN_POINT('',(-11.902574434986,-27.4287936632222,34.));
#4297=CARTESIAN_POINT('Origin',(-11.0568315479335,-28.0001156447723,34.));
#4298=CARTESIAN_POINT('Ctrl Pts',(-11.0568315479335,-28.0001156447723,32.6198093281472));
#4299=CARTESIAN_POINT('Ctrl Pts',(-11.5187713141892,-27.8087739285897,32.6301899558566));
#4300=CARTESIAN_POINT('Ctrl Pts',(-11.9807110804448,-27.6174322124072,32.6198093281472));
#4301=CARTESIAN_POINT('',(-11.2878014310614,-27.904444786681,34.));
#4302=CARTESIAN_POINT('Origin',(0.,0.,32.75));
#4303=CARTESIAN_POINT('',(-27.4287936632222,-11.902574434986,32.875));
#4304=CARTESIAN_POINT('Origin',(0.,0.,32.875));
#4305=CARTESIAN_POINT('',(-27.6174322124072,-11.9807110804448,32.6198093281472));
#4306=CARTESIAN_POINT('',(-27.5673947810534,-11.9599848977518,32.6875));
#4307=CARTESIAN_POINT('',(-28.0001156447723,-11.0568315479336,32.6198093281472));
#4308=CARTESIAN_POINT('Ctrl Pts',(-27.6174322124072,-11.9807110804448,32.6198093281472));
#4309=CARTESIAN_POINT('Ctrl Pts',(-27.8087739285897,-11.5187713141892,32.6301899558566));
#4310=CARTESIAN_POINT('Ctrl Pts',(-28.0001156447723,-11.0568315479336,32.6198093281472));
#4311=CARTESIAN_POINT('',(-27.8114770955873,-10.9786949024747,32.875));
#4312=CARTESIAN_POINT('',(-27.9500782134185,-11.0361053652405,32.6875));
#4313=CARTESIAN_POINT('',(-29.8905921654289,-0.749999999999996,32.875));
#4314=CARTESIAN_POINT('Origin',(0.,0.,32.875));
#4315=CARTESIAN_POINT('',(-30.1906856497165,-0.749999999999996,32.5));
#4316=CARTESIAN_POINT('',(-30.0406389075727,-0.749999999999996,32.6875));
#4317=CARTESIAN_POINT('',(-0.750000000000006,-30.1906856497165,32.5));
#4318=CARTESIAN_POINT('Origin',(0.,0.,32.5));
#4319=CARTESIAN_POINT('',(-0.750000000000006,-29.8905921654289,32.875));
#4320=CARTESIAN_POINT('',(-0.750000000000006,-30.0406389075727,32.6875));
#4321=CARTESIAN_POINT('Origin',(0.,0.,32.875));
#4322=CARTESIAN_POINT('Origin',(0.,0.,34.));
#4323=CARTESIAN_POINT('',(-27.4287936632222,-11.902574434986,34.));
#4324=CARTESIAN_POINT('Origin',(0.,0.,34.));
#4325=CARTESIAN_POINT('',(-27.4287936632222,-11.902574434986,34.));
#4326=CARTESIAN_POINT('Origin',(0.,0.,32.25));
#4327=CARTESIAN_POINT('',(-0.750000000000006,-29.8905921654289,32.125));
#4328=CARTESIAN_POINT('Origin',(0.,0.,32.125));
#4329=CARTESIAN_POINT('',(-0.750000000000006,-30.0406389075727,32.3125));
#4330=CARTESIAN_POINT('',(-29.8905921654289,-0.749999999999996,32.125));
#4331=CARTESIAN_POINT('',(-30.0406389075727,-0.749999999999996,32.3125));
#4332=CARTESIAN_POINT('',(-27.8114770955873,-10.9786949024747,32.125));
#4333=CARTESIAN_POINT('Origin',(0.,0.,32.125));
#4334=CARTESIAN_POINT('',(-28.0001156447723,-11.0568315479336,32.3801906718528));
#4335=CARTESIAN_POINT('',(-27.9500782134185,-11.0361053652405,32.3125));
#4336=CARTESIAN_POINT('',(-27.6174322124072,-11.9807110804448,32.3801906718528));
#4337=CARTESIAN_POINT('Ctrl Pts',(-28.0001156447723,-11.0568315479336,32.3801906718528));
#4338=CARTESIAN_POINT('Ctrl Pts',(-27.8087739285897,-11.5187713141892,32.3698100441434));
#4339=CARTESIAN_POINT('Ctrl Pts',(-27.6174322124072,-11.9807110804448,32.3801906718528));
#4340=CARTESIAN_POINT('',(-27.4287936632222,-11.902574434986,32.125));
#4341=CARTESIAN_POINT('',(-27.5673947810534,-11.9599848977518,32.3125));
#4342=CARTESIAN_POINT('Origin',(0.,0.,32.125));
#4343=CARTESIAN_POINT('Origin',(28.0001156447723,11.0568315479336,34.));
#4344=CARTESIAN_POINT('',(27.8114770955873,10.9786949024747,32.125));
#4345=CARTESIAN_POINT('',(28.0001156447723,11.0568315479336,32.3801906718528));
#4346=CARTESIAN_POINT('',(27.9500782134185,11.0361053652405,32.3125));
#4347=CARTESIAN_POINT('',(27.8114770955873,10.9786949024747,29.8));
#4348=CARTESIAN_POINT('',(27.8114770955873,10.9786949024747,34.));
#4349=CARTESIAN_POINT('',(28.0001156447723,11.0568315479336,29.8));
#4350=CARTESIAN_POINT('',(27.6305638317678,10.9037581749875,29.8));
#4351=CARTESIAN_POINT('',(28.0001156447723,11.0568315479336,34.));
#4352=CARTESIAN_POINT('Origin',(28.0001156447723,11.0568315479336,34.));
#4353=CARTESIAN_POINT('',(27.8114770955873,10.9786949024747,32.875));
#4354=CARTESIAN_POINT('',(27.8114770955873,10.9786949024747,34.));
#4355=CARTESIAN_POINT('',(27.8114770955873,10.9786949024747,34.));
#4356=CARTESIAN_POINT('',(28.0001156447723,11.0568315479336,32.6198093281472));
#4357=CARTESIAN_POINT('',(27.9500782134185,11.0361053652405,32.6875));
#4358=CARTESIAN_POINT('',(28.0001156447723,11.0568315479336,34.));
#4359=CARTESIAN_POINT('',(28.0001156447723,11.0568315479336,34.));
#4360=CARTESIAN_POINT('',(14.0957286804774,5.29744589083896,34.));
#4361=CARTESIAN_POINT('Origin',(27.6174322124072,11.9807110804448,34.));
#4362=CARTESIAN_POINT('',(27.6174322124072,11.9807110804448,32.3801906718528));
#4363=CARTESIAN_POINT('Ctrl Pts',(28.0001156447723,11.0568315479336,32.3801906718528));
#4364=CARTESIAN_POINT('Ctrl Pts',(27.8087739285897,11.5187713141892,32.3698100441434));
#4365=CARTESIAN_POINT('Ctrl Pts',(27.6174322124072,11.9807110804448,32.3801906718528));
#4366=CARTESIAN_POINT('',(27.6174322124072,11.9807110804448,29.8));
#4367=CARTESIAN_POINT('',(28.0001156447723,11.0568315479336,29.8));
#4368=CARTESIAN_POINT('',(27.6174322124072,11.9807110804448,34.));
#4369=CARTESIAN_POINT('Origin',(27.6239980220875,11.4422346277162,29.8));
#4370=CARTESIAN_POINT('',(27.4287936632222,11.902574434986,29.8));
#4371=CARTESIAN_POINT('Origin',(0.,0.,29.8));
#4372=CARTESIAN_POINT('',(27.6174322124072,11.9807110804448,29.8));
#4373=CARTESIAN_POINT('Origin',(27.2478803994027,11.8276377074988,34.));
#4374=CARTESIAN_POINT('',(27.4287936632222,11.902574434986,32.125));
#4375=CARTESIAN_POINT('',(27.5673947810534,11.9599848977518,32.3125));
#4376=CARTESIAN_POINT('',(27.4287936632222,11.902574434986,34.));
#4377=CARTESIAN_POINT('Origin',(27.6174322124072,11.9807110804448,34.));
#4378=CARTESIAN_POINT('',(27.6174322124072,11.9807110804448,32.6198093281472));
#4379=CARTESIAN_POINT('Ctrl Pts',(27.6174322124072,11.9807110804448,32.6198093281472));
#4380=CARTESIAN_POINT('Ctrl Pts',(27.8087739285897,11.5187713141892,32.6301899558566));
#4381=CARTESIAN_POINT('Ctrl Pts',(28.0001156447723,11.0568315479336,32.6198093281472));
#4382=CARTESIAN_POINT('',(27.6174322124072,11.9807110804448,34.));
#4383=CARTESIAN_POINT('',(27.6174322124072,11.9807110804448,34.));
#4384=CARTESIAN_POINT('',(27.7131030704984,11.7497411973171,34.));
#4385=CARTESIAN_POINT('Origin',(27.2478803994027,11.8276377074988,34.));
#4386=CARTESIAN_POINT('',(27.4287936632222,11.902574434986,34.));
#4387=CARTESIAN_POINT('',(27.4287936632222,11.902574434986,32.875));
#4388=CARTESIAN_POINT('',(27.4287936632222,11.902574434986,34.));
#4389=CARTESIAN_POINT('',(13.5282693416101,6.1447887368771,34.));
#4390=CARTESIAN_POINT('',(27.5673947810534,11.9599848977518,32.6875));
#4391=CARTESIAN_POINT('Origin',(0.,0.,32.75));
#4392=CARTESIAN_POINT('',(29.8905921654289,0.75,32.875));
#4393=CARTESIAN_POINT('Origin',(0.,0.,32.875));
#4394=CARTESIAN_POINT('',(30.1906856497165,0.75,32.5));
#4395=CARTESIAN_POINT('',(30.0406389075727,0.75,32.6875));
#4396=CARTESIAN_POINT('',(1.8,30.1463098902668,32.5));
#4397=CARTESIAN_POINT('Origin',(0.,0.,32.5));
#4398=CARTESIAN_POINT('',(1.8,29.8457702195805,32.875));
#4399=CARTESIAN_POINT('',(1.8,29.9960400549237,32.6875));
#4400=CARTESIAN_POINT('',(10.9786949024747,27.8114770955873,32.875));
#4401=CARTESIAN_POINT('Origin',(0.,0.,32.875));
#4402=CARTESIAN_POINT('',(11.0568315479336,28.0001156447723,32.6198093281472));
#4403=CARTESIAN_POINT('',(11.0361053652405,27.9500782134185,32.6875));
#4404=CARTESIAN_POINT('',(11.9807110804448,27.6174322124072,32.6198093281472));
#4405=CARTESIAN_POINT('Ctrl Pts',(11.0568315479336,28.0001156447723,32.6198093281472));
#4406=CARTESIAN_POINT('Ctrl Pts',(11.5187713141892,27.8087739285897,32.6301899558566));
#4407=CARTESIAN_POINT('Ctrl Pts',(11.9807110804448,27.6174322124072,32.6198093281472));
#4408=CARTESIAN_POINT('',(11.902574434986,27.4287936632222,32.875));
#4409=CARTESIAN_POINT('',(11.9599848977518,27.5673947810534,32.6875));
#4410=CARTESIAN_POINT('Origin',(0.,0.,32.875));
#4411=CARTESIAN_POINT('Origin',(0.,0.,34.));
#4412=CARTESIAN_POINT('',(29.8905921654289,0.75,34.));
#4413=CARTESIAN_POINT('Origin',(0.,0.,34.));
#4414=CARTESIAN_POINT('',(29.8905921654289,0.75,34.));
#4415=CARTESIAN_POINT('Origin',(0.,0.,34.));
#4416=CARTESIAN_POINT('',(11.902574434986,27.4287936632222,34.));
#4417=CARTESIAN_POINT('',(11.902574434986,27.4287936632222,34.));
#4418=CARTESIAN_POINT('Origin',(0.,0.,34.));
#4419=CARTESIAN_POINT('Origin',(0.,0.,32.25));
#4420=CARTESIAN_POINT('',(11.902574434986,27.4287936632222,32.125));
#4421=CARTESIAN_POINT('Origin',(0.,0.,32.125));
#4422=CARTESIAN_POINT('',(11.9807110804448,27.6174322124072,32.3801906718528));
#4423=CARTESIAN_POINT('',(11.9599848977518,27.5673947810534,32.3125));
#4424=CARTESIAN_POINT('',(11.0568315479336,28.0001156447723,32.3801906718528));
#4425=CARTESIAN_POINT('Ctrl Pts',(11.9807110804448,27.6174322124072,32.3801906718528));
#4426=CARTESIAN_POINT('Ctrl Pts',(11.5187713141892,27.8087739285897,32.3698100441434));
#4427=CARTESIAN_POINT('Ctrl Pts',(11.0568315479336,28.0001156447723,32.3801906718528));
#4428=CARTESIAN_POINT('',(10.9786949024747,27.8114770955873,32.125));
#4429=CARTESIAN_POINT('',(11.0361053652405,27.9500782134185,32.3125));
#4430=CARTESIAN_POINT('',(1.8,29.8457702195805,32.125));
#4431=CARTESIAN_POINT('Origin',(0.,0.,32.125));
#4432=CARTESIAN_POINT('',(1.8,29.9960400549237,32.3125));
#4433=CARTESIAN_POINT('',(29.8905921654289,0.75,32.125));
#4434=CARTESIAN_POINT('',(30.0406389075727,0.75,32.3125));
#4435=CARTESIAN_POINT('Origin',(0.,0.,32.125));
#4436=CARTESIAN_POINT('Origin',(-11.0568315479336,28.0001156447723,34.));
#4437=CARTESIAN_POINT('',(-10.9786949024747,27.8114770955873,32.125));
#4438=CARTESIAN_POINT('',(-11.0568315479336,28.0001156447723,32.3801906718528));
#4439=CARTESIAN_POINT('',(-11.0361053652405,27.9500782134185,32.3125));
#4440=CARTESIAN_POINT('',(-10.9786949024747,27.8114770955873,29.8));
#4441=CARTESIAN_POINT('',(-10.9786949024747,27.8114770955873,34.));
#4442=CARTESIAN_POINT('',(-11.0568315479336,28.0001156447723,29.8));
#4443=CARTESIAN_POINT('',(-10.9037581749875,27.6305638317678,29.8));
#4444=CARTESIAN_POINT('',(-11.0568315479336,28.0001156447723,34.));
#4445=CARTESIAN_POINT('Origin',(-11.0568315479336,28.0001156447723,34.));
#4446=CARTESIAN_POINT('',(-10.9786949024747,27.8114770955873,32.875));
#4447=CARTESIAN_POINT('',(-10.9786949024747,27.8114770955873,34.));
#4448=CARTESIAN_POINT('',(-10.9786949024747,27.8114770955873,34.));
#4449=CARTESIAN_POINT('',(-11.0568315479336,28.0001156447723,32.6198093281472));
#4450=CARTESIAN_POINT('',(-11.0361053652405,27.9500782134185,32.6875));
#4451=CARTESIAN_POINT('',(-11.0568315479336,28.0001156447723,34.));
#4452=CARTESIAN_POINT('',(-11.0568315479336,28.0001156447723,34.));
#4453=CARTESIAN_POINT('',(-5.29744589083896,14.0957286804774,34.));
#4454=CARTESIAN_POINT('Origin',(-11.9807110804448,27.6174322124072,34.));
#4455=CARTESIAN_POINT('',(-11.9807110804448,27.6174322124072,32.3801906718528));
#4456=CARTESIAN_POINT('Ctrl Pts',(-11.0568315479336,28.0001156447723,32.3801906718528));
#4457=CARTESIAN_POINT('Ctrl Pts',(-11.5187713141892,27.8087739285897,32.3698100441434));
#4458=CARTESIAN_POINT('Ctrl Pts',(-11.9807110804448,27.6174322124072,32.3801906718528));
#4459=CARTESIAN_POINT('',(-11.9807110804448,27.6174322124072,29.8));
#4460=CARTESIAN_POINT('',(-11.0568315479336,28.0001156447723,29.8));
#4461=CARTESIAN_POINT('',(-11.9807110804448,27.6174322124072,34.));
#4462=CARTESIAN_POINT('Origin',(-11.4422346277162,27.6239980220875,29.8));
#4463=CARTESIAN_POINT('',(-11.902574434986,27.4287936632222,29.8));
#4464=CARTESIAN_POINT('Origin',(0.,0.,29.8));
#4465=CARTESIAN_POINT('',(-11.9807110804448,27.6174322124072,29.8));
#4466=CARTESIAN_POINT('Origin',(-11.8276377074988,27.2478803994027,34.));
#4467=CARTESIAN_POINT('',(-11.902574434986,27.4287936632222,32.125));
#4468=CARTESIAN_POINT('',(-11.9599848977518,27.5673947810534,32.3125));
#4469=CARTESIAN_POINT('',(-11.902574434986,27.4287936632222,34.));
#4470=CARTESIAN_POINT('Origin',(-11.9807110804448,27.6174322124072,34.));
#4471=CARTESIAN_POINT('',(-11.9807110804448,27.6174322124072,32.6198093281472));
#4472=CARTESIAN_POINT('Ctrl Pts',(-11.9807110804448,27.6174322124072,32.6198093281472));
#4473=CARTESIAN_POINT('Ctrl Pts',(-11.5187713141892,27.8087739285897,32.6301899558566));
#4474=CARTESIAN_POINT('Ctrl Pts',(-11.0568315479336,28.0001156447723,32.6198093281472));
#4475=CARTESIAN_POINT('',(-11.9807110804448,27.6174322124072,34.));
#4476=CARTESIAN_POINT('',(-11.9807110804448,27.6174322124072,34.));
#4477=CARTESIAN_POINT('',(-11.7497411973171,27.7131030704984,34.));
#4478=CARTESIAN_POINT('Origin',(-11.8276377074988,27.2478803994027,34.));
#4479=CARTESIAN_POINT('',(-11.902574434986,27.4287936632222,34.));
#4480=CARTESIAN_POINT('',(-11.902574434986,27.4287936632222,32.875));
#4481=CARTESIAN_POINT('',(-11.902574434986,27.4287936632222,34.));
#4482=CARTESIAN_POINT('',(-6.14478873687717,13.5282693416101,34.));
#4483=CARTESIAN_POINT('',(-11.9599848977518,27.5673947810534,32.6875));
#4484=CARTESIAN_POINT('Origin',(0.,0.,32.75));
#4485=CARTESIAN_POINT('',(-1.8,29.8457702195805,32.875));
#4486=CARTESIAN_POINT('Origin',(0.,0.,32.875));
#4487=CARTESIAN_POINT('',(-1.8,30.1463098902668,32.5));
#4488=CARTESIAN_POINT('',(-1.8,29.9960400549237,32.6875));
#4489=CARTESIAN_POINT('',(-30.1906856497165,0.750000000000004,32.5));
#4490=CARTESIAN_POINT('Origin',(0.,0.,32.5));
#4491=CARTESIAN_POINT('',(-29.8905921654289,0.750000000000004,32.875));
#4492=CARTESIAN_POINT('',(-30.0406389075727,0.750000000000004,32.6875));
#4493=CARTESIAN_POINT('',(-27.8114770955873,10.9786949024747,32.875));
#4494=CARTESIAN_POINT('Origin',(0.,0.,32.875));
#4495=CARTESIAN_POINT('',(-28.0001156447723,11.0568315479336,32.6198093281472));
#4496=CARTESIAN_POINT('',(-27.9500782134185,11.0361053652405,32.6875));
#4497=CARTESIAN_POINT('',(-27.6174322124072,11.9807110804448,32.6198093281472));
#4498=CARTESIAN_POINT('Ctrl Pts',(-28.0001156447723,11.0568315479336,32.6198093281472));
#4499=CARTESIAN_POINT('Ctrl Pts',(-27.8087739285897,11.5187713141892,32.6301899558566));
#4500=CARTESIAN_POINT('Ctrl Pts',(-27.6174322124072,11.9807110804448,32.6198093281472));
#4501=CARTESIAN_POINT('',(-27.4287936632222,11.902574434986,32.875));
#4502=CARTESIAN_POINT('',(-27.5673947810534,11.9599848977518,32.6875));
#4503=CARTESIAN_POINT('Origin',(0.,0.,32.875));
#4504=CARTESIAN_POINT('Origin',(0.,0.,34.));
#4505=CARTESIAN_POINT('',(-1.8,29.8457702195805,34.));
#4506=CARTESIAN_POINT('Origin',(0.,0.,34.));
#4507=CARTESIAN_POINT('',(-1.8,29.8457702195805,34.));
#4508=CARTESIAN_POINT('Origin',(0.,0.,34.));
#4509=CARTESIAN_POINT('',(-27.4287936632222,11.902574434986,34.));
#4510=CARTESIAN_POINT('',(-27.4287936632222,11.902574434986,34.));
#4511=CARTESIAN_POINT('Origin',(0.,0.,34.));
#4512=CARTESIAN_POINT('Origin',(0.,0.,32.25));
#4513=CARTESIAN_POINT('',(-27.4287936632222,11.902574434986,32.125));
#4514=CARTESIAN_POINT('Origin',(0.,0.,32.125));
#4515=CARTESIAN_POINT('',(-27.6174322124072,11.9807110804448,32.3801906718528));
#4516=CARTESIAN_POINT('',(-27.5673947810534,11.9599848977518,32.3125));
#4517=CARTESIAN_POINT('',(-28.0001156447723,11.0568315479336,32.3801906718528));
#4518=CARTESIAN_POINT('Ctrl Pts',(-27.6174322124072,11.9807110804448,32.3801906718528));
#4519=CARTESIAN_POINT('Ctrl Pts',(-27.8087739285897,11.5187713141892,32.3698100441434));
#4520=CARTESIAN_POINT('Ctrl Pts',(-28.0001156447723,11.0568315479336,32.3801906718528));
#4521=CARTESIAN_POINT('',(-27.8114770955873,10.9786949024747,32.125));
#4522=CARTESIAN_POINT('',(-27.9500782134185,11.0361053652405,32.3125));
#4523=CARTESIAN_POINT('',(-29.8905921654289,0.750000000000004,32.125));
#4524=CARTESIAN_POINT('Origin',(0.,0.,32.125));
#4525=CARTESIAN_POINT('',(-30.0406389075727,0.750000000000004,32.3125));
#4526=CARTESIAN_POINT('',(-1.8,29.8457702195805,32.125));
#4527=CARTESIAN_POINT('',(-1.8,29.9960400549237,32.3125));
#4528=CARTESIAN_POINT('Origin',(0.,0.,32.125));
#4529=CARTESIAN_POINT('Origin',(10.9037581749875,27.6305638317678,34.));
#4530=CARTESIAN_POINT('',(10.9786949024747,27.8114770955873,29.8));
#4531=CARTESIAN_POINT('',(10.9786949024747,27.8114770955873,34.));
#4532=CARTESIAN_POINT('',(11.0568315479336,28.0001156447723,29.8));
#4533=CARTESIAN_POINT('',(11.0568315479336,28.0001156447723,34.));
#4534=CARTESIAN_POINT('',(11.0568315479336,28.0001156447723,29.8));
#4535=CARTESIAN_POINT('Origin',(10.9037581749875,27.6305638317678,34.));
#4536=CARTESIAN_POINT('',(10.9786949024747,27.8114770955873,34.));
#4537=CARTESIAN_POINT('',(10.9786949024747,27.8114770955873,34.));
#4538=CARTESIAN_POINT('',(11.0568315479336,28.0001156447723,34.));
#4539=CARTESIAN_POINT('',(5.22090920436595,13.9109527739752,34.));
#4540=CARTESIAN_POINT('',(11.0568315479336,28.0001156447723,34.));
#4541=CARTESIAN_POINT('Origin',(11.0568315479336,28.0001156447723,34.));
#4542=CARTESIAN_POINT('',(11.9807110804448,27.6174322124072,29.8));
#4543=CARTESIAN_POINT('',(11.9807110804448,27.6174322124072,34.));
#4544=CARTESIAN_POINT('',(11.9807110804448,27.6174322124072,29.8));
#4545=CARTESIAN_POINT('Origin',(11.9807110804448,27.6174322124072,34.));
#4546=CARTESIAN_POINT('',(11.902574434986,27.4287936632222,29.8));
#4547=CARTESIAN_POINT('',(11.902574434986,27.4287936632222,34.));
#4548=CARTESIAN_POINT('',(11.8276377074988,27.2478803994027,29.8));
#4549=CARTESIAN_POINT('Origin',(11.9807110804448,27.6174322124072,34.));
#4550=CARTESIAN_POINT('',(11.9807110804448,27.6174322124072,34.));
#4551=CARTESIAN_POINT('',(11.9807110804448,27.6174322124072,34.));
#4552=CARTESIAN_POINT('',(6.22132542335019,13.7130452481123,34.));
#4553=CARTESIAN_POINT('Origin',(11.0568315479336,28.0001156447723,34.));
#4554=CARTESIAN_POINT('',(11.2878014310614,27.904444786681,34.));
#4555=CARTESIAN_POINT('Origin',(11.4422346277162,27.6239980220875,29.8));
#4556=CARTESIAN_POINT('Origin',(0.,0.,29.8));
#4557=CARTESIAN_POINT('Origin',(0.,0.,34.));
#4558=CARTESIAN_POINT('',(29.8905921654289,0.75,29.));
#4559=CARTESIAN_POINT('',(29.8905921654289,0.75,34.));
#4560=CARTESIAN_POINT('',(1.8,29.8457702195805,29.));
#4561=CARTESIAN_POINT('Origin',(0.,0.,29.));
#4562=CARTESIAN_POINT('',(1.8,29.8457702195805,34.));
#4563=CARTESIAN_POINT('Origin',(-27.6305638317678,10.9037581749875,34.));
#4564=CARTESIAN_POINT('',(-27.8114770955873,10.9786949024747,29.8));
#4565=CARTESIAN_POINT('',(-27.8114770955873,10.9786949024747,34.));
#4566=CARTESIAN_POINT('',(-28.0001156447723,11.0568315479336,29.8));
#4567=CARTESIAN_POINT('',(-28.0001156447723,11.0568315479336,34.));
#4568=CARTESIAN_POINT('',(-28.0001156447723,11.0568315479336,29.8));
#4569=CARTESIAN_POINT('Origin',(-27.6305638317678,10.9037581749875,34.));
#4570=CARTESIAN_POINT('',(-27.8114770955873,10.9786949024747,34.));
#4571=CARTESIAN_POINT('',(-27.8114770955873,10.9786949024747,34.));
#4572=CARTESIAN_POINT('',(-28.0001156447723,11.0568315479336,34.));
#4573=CARTESIAN_POINT('',(-13.9109527739752,5.22090920436588,34.));
#4574=CARTESIAN_POINT('',(-28.0001156447723,11.0568315479336,34.));
#4575=CARTESIAN_POINT('Origin',(-28.0001156447723,11.0568315479336,34.));
#4576=CARTESIAN_POINT('',(-27.6174322124072,11.9807110804448,29.8));
#4577=CARTESIAN_POINT('',(-27.6174322124072,11.9807110804448,34.));
#4578=CARTESIAN_POINT('',(-27.6174322124072,11.9807110804448,29.8));
#4579=CARTESIAN_POINT('Origin',(-27.6174322124072,11.9807110804448,34.));
#4580=CARTESIAN_POINT('',(-27.4287936632222,11.902574434986,29.8));
#4581=CARTESIAN_POINT('',(-27.4287936632222,11.902574434986,34.));
#4582=CARTESIAN_POINT('',(-27.2478803994027,11.8276377074988,29.8));
#4583=CARTESIAN_POINT('Origin',(-27.6174322124072,11.9807110804448,34.));
#4584=CARTESIAN_POINT('',(-27.6174322124072,11.9807110804448,34.));
#4585=CARTESIAN_POINT('',(-27.6174322124072,11.9807110804448,34.));
#4586=CARTESIAN_POINT('',(-13.7130452481123,6.22132542335019,34.));
#4587=CARTESIAN_POINT('Origin',(-28.0001156447723,11.0568315479336,34.));
#4588=CARTESIAN_POINT('',(-27.904444786681,11.2878014310614,34.));
#4589=CARTESIAN_POINT('Origin',(-27.6239980220875,11.4422346277162,29.8));
#4590=CARTESIAN_POINT('Origin',(0.,0.,29.8));
#4591=CARTESIAN_POINT('Origin',(0.,0.,34.));
#4592=CARTESIAN_POINT('',(-1.8,29.8457702195805,29.));
#4593=CARTESIAN_POINT('',(-1.8,29.8457702195805,34.));
#4594=CARTESIAN_POINT('',(-29.8905921654289,0.750000000000004,29.));
#4595=CARTESIAN_POINT('Origin',(0.,0.,29.));
#4596=CARTESIAN_POINT('',(-29.8905921654289,0.750000000000004,34.));
#4597=CARTESIAN_POINT('Origin',(-27.2478803994027,-11.8276377074988,34.));
#4598=CARTESIAN_POINT('',(-27.4287936632222,-11.902574434986,29.8));
#4599=CARTESIAN_POINT('',(-27.4287936632222,-11.902574434986,34.));
#4600=CARTESIAN_POINT('',(-27.6174322124072,-11.9807110804448,29.8));
#4601=CARTESIAN_POINT('',(-27.6174322124072,-11.9807110804448,34.));
#4602=CARTESIAN_POINT('',(-27.6174322124072,-11.9807110804448,29.8));
#4603=CARTESIAN_POINT('Origin',(-27.2478803994027,-11.8276377074988,34.));
#4604=CARTESIAN_POINT('',(-27.6174322124072,-11.9807110804448,34.));
#4605=CARTESIAN_POINT('',(-13.5282693416101,-6.14478873687723,34.));
#4606=CARTESIAN_POINT('',(-27.6174322124072,-11.9807110804448,34.));
#4607=CARTESIAN_POINT('Origin',(-27.6174322124072,-11.9807110804448,34.));
#4608=CARTESIAN_POINT('',(-28.0001156447723,-11.0568315479336,29.8));
#4609=CARTESIAN_POINT('',(-28.0001156447723,-11.0568315479336,34.));
#4610=CARTESIAN_POINT('',(-28.0001156447723,-11.0568315479336,29.8));
#4611=CARTESIAN_POINT('Origin',(-28.0001156447723,-11.0568315479336,34.));
#4612=CARTESIAN_POINT('',(-27.8114770955873,-10.9786949024747,29.8));
#4613=CARTESIAN_POINT('',(-27.8114770955873,-10.9786949024747,34.));
#4614=CARTESIAN_POINT('',(-27.6305638317678,-10.9037581749875,29.8));
#4615=CARTESIAN_POINT('Origin',(-28.0001156447723,-11.0568315479336,34.));
#4616=CARTESIAN_POINT('',(-28.0001156447723,-11.0568315479336,34.));
#4617=CARTESIAN_POINT('',(-28.0001156447723,-11.0568315479336,34.));
#4618=CARTESIAN_POINT('',(-27.8114770955873,-10.9786949024747,34.));
#4619=CARTESIAN_POINT('',(-14.0957286804774,-5.29744589083896,34.));
#4620=CARTESIAN_POINT('',(-27.8114770955873,-10.9786949024747,34.));
#4621=CARTESIAN_POINT('Origin',(-27.6174322124072,-11.9807110804448,34.));
#4622=CARTESIAN_POINT('',(-27.7131030704984,-11.7497411973171,34.));
#4623=CARTESIAN_POINT('Origin',(-27.6239980220875,-11.4422346277162,29.8));
#4624=CARTESIAN_POINT('Origin',(0.,0.,29.8));
#4625=CARTESIAN_POINT('Origin',(0.,0.,34.));
#4626=CARTESIAN_POINT('',(-29.8905921654289,-0.749999999999996,34.));
#4627=CARTESIAN_POINT('Origin',(0.,0.,34.));
#4628=CARTESIAN_POINT('',(-29.8905921654289,-0.749999999999996,34.));
#4629=CARTESIAN_POINT('Origin',(0.,0.,34.));
#4630=CARTESIAN_POINT('',(-29.8905921654289,-0.749999999999996,29.));
#4631=CARTESIAN_POINT('',(-29.8905921654289,-0.749999999999996,34.));
#4632=CARTESIAN_POINT('',(-0.750000000000006,-29.8905921654289,29.));
#4633=CARTESIAN_POINT('Origin',(0.,0.,29.));
#4634=CARTESIAN_POINT('',(-0.750000000000006,-29.8905921654289,34.));
#4635=CARTESIAN_POINT('Origin',(11.8276377074988,-27.2478803994027,34.));
#4636=CARTESIAN_POINT('',(11.902574434986,-27.4287936632222,29.8));
#4637=CARTESIAN_POINT('',(11.902574434986,-27.4287936632222,34.));
#4638=CARTESIAN_POINT('',(11.9807110804449,-27.6174322124072,29.8));
#4639=CARTESIAN_POINT('',(11.9807110804449,-27.6174322124072,34.));
#4640=CARTESIAN_POINT('',(11.9807110804449,-27.6174322124072,29.8));
#4641=CARTESIAN_POINT('Origin',(11.8276377074988,-27.2478803994027,34.));
#4642=CARTESIAN_POINT('',(11.9807110804449,-27.6174322124072,34.));
#4643=CARTESIAN_POINT('',(6.14478873687724,-13.5282693416101,34.));
#4644=CARTESIAN_POINT('',(11.9807110804449,-27.6174322124072,34.));
#4645=CARTESIAN_POINT('Origin',(11.9807110804449,-27.6174322124072,34.));
#4646=CARTESIAN_POINT('',(11.0568315479336,-28.0001156447723,29.8));
#4647=CARTESIAN_POINT('',(11.0568315479336,-28.0001156447723,34.));
#4648=CARTESIAN_POINT('',(11.0568315479336,-28.0001156447723,29.8));
#4649=CARTESIAN_POINT('Origin',(11.0568315479336,-28.0001156447723,34.));
#4650=CARTESIAN_POINT('',(10.9786949024748,-27.8114770955873,29.8));
#4651=CARTESIAN_POINT('',(10.9786949024748,-27.8114770955873,34.));
#4652=CARTESIAN_POINT('',(10.9037581749875,-27.6305638317678,29.8));
#4653=CARTESIAN_POINT('Origin',(11.0568315479336,-28.0001156447723,34.));
#4654=CARTESIAN_POINT('',(11.0568315479336,-28.0001156447723,34.));
#4655=CARTESIAN_POINT('',(11.0568315479336,-28.0001156447723,34.));
#4656=CARTESIAN_POINT('',(10.9786949024748,-27.8114770955873,34.));
#4657=CARTESIAN_POINT('',(5.29744589083897,-14.0957286804774,34.));
#4658=CARTESIAN_POINT('',(10.9786949024748,-27.8114770955873,34.));
#4659=CARTESIAN_POINT('Origin',(11.9807110804449,-27.6174322124072,34.));
#4660=CARTESIAN_POINT('',(11.749741197317,-27.7131030704985,34.));
#4661=CARTESIAN_POINT('Origin',(11.4422346277162,-27.6239980220875,29.8));
#4662=CARTESIAN_POINT('Origin',(0.,0.,29.8));
#4663=CARTESIAN_POINT('Origin',(0.,0.,34.));
#4664=CARTESIAN_POINT('',(0.749999999999995,-29.8905921654289,34.));
#4665=CARTESIAN_POINT('Origin',(0.,0.,34.));
#4666=CARTESIAN_POINT('',(0.749999999999995,-29.8905921654289,34.));
#4667=CARTESIAN_POINT('Origin',(0.,0.,34.));
#4668=CARTESIAN_POINT('',(0.749999999999995,-29.8905921654289,29.));
#4669=CARTESIAN_POINT('',(0.749999999999995,-29.8905921654289,34.));
#4670=CARTESIAN_POINT('',(29.8905921654289,-0.75,29.));
#4671=CARTESIAN_POINT('Origin',(0.,0.,29.));
#4672=CARTESIAN_POINT('',(29.8905921654289,-0.75,34.));
#4673=CARTESIAN_POINT('Origin',(0.749999999999995,-28.2,34.));
#4674=CARTESIAN_POINT('',(0.749999999999995,-28.6901986748088,34.));
#4675=CARTESIAN_POINT('',(0.749999999999994,-31.5,34.));
#4676=CARTESIAN_POINT('',(0.749999999999995,-28.6901986748088,29.));
#4677=CARTESIAN_POINT('',(0.749999999999995,-28.6901986748088,34.));
#4678=CARTESIAN_POINT('',(0.749999999999997,-14.1,29.));
#4679=CARTESIAN_POINT('Origin',(-0.750000000000006,-31.5,34.));
#4680=CARTESIAN_POINT('',(-0.750000000000006,-29.8905921654289,34.));
#4681=CARTESIAN_POINT('',(-0.750000000000006,-29.8905921654289,34.));
#4682=CARTESIAN_POINT('',(-0.750000000000005,-28.6901986748088,29.));
#4683=CARTESIAN_POINT('',(-0.750000000000003,-15.75,29.));
#4684=CARTESIAN_POINT('',(-0.750000000000005,-28.6901986748088,34.));
#4685=CARTESIAN_POINT('',(-0.750000000000005,-28.6901986748088,34.));
#4686=CARTESIAN_POINT('',(-0.750000000000005,-28.2,34.));
#4687=CARTESIAN_POINT('Origin',(-28.2,-0.749999999999996,34.));
#4688=CARTESIAN_POINT('',(-28.6901986748088,-0.749999999999996,34.));
#4689=CARTESIAN_POINT('',(-31.5,-0.749999999999996,34.));
#4690=CARTESIAN_POINT('',(-28.6901986748088,-0.749999999999996,29.));
#4691=CARTESIAN_POINT('',(-28.6901986748088,-0.749999999999996,34.));
#4692=CARTESIAN_POINT('',(-14.1,-0.749999999999998,29.));
#4693=CARTESIAN_POINT('Origin',(-31.5,0.750000000000004,34.));
#4694=CARTESIAN_POINT('',(-29.8905921654289,0.750000000000004,34.));
#4695=CARTESIAN_POINT('',(-29.8905921654289,0.750000000000004,34.));
#4696=CARTESIAN_POINT('',(-28.6901986748088,0.750000000000003,29.));
#4697=CARTESIAN_POINT('',(-15.75,0.750000000000002,29.));
#4698=CARTESIAN_POINT('',(-28.6901986748088,0.750000000000003,34.));
#4699=CARTESIAN_POINT('',(-28.6901986748088,0.750000000000003,34.));
#4700=CARTESIAN_POINT('',(-28.2,0.750000000000003,34.));
#4701=CARTESIAN_POINT('Origin',(28.2,0.75,34.));
#4702=CARTESIAN_POINT('',(28.6901986748088,0.75,34.));
#4703=CARTESIAN_POINT('',(31.5,0.75,34.));
#4704=CARTESIAN_POINT('',(28.6901986748088,0.75,29.));
#4705=CARTESIAN_POINT('',(28.6901986748088,0.75,34.));
#4706=CARTESIAN_POINT('',(14.1,0.75,29.));
#4707=CARTESIAN_POINT('Origin',(31.5,-0.75,34.));
#4708=CARTESIAN_POINT('',(29.8905921654289,-0.75,34.));
#4709=CARTESIAN_POINT('',(29.8905921654289,-0.75,34.));
#4710=CARTESIAN_POINT('',(28.6901986748088,-0.75,29.));
#4711=CARTESIAN_POINT('',(15.75,-0.75,29.));
#4712=CARTESIAN_POINT('',(28.6901986748088,-0.75,34.));
#4713=CARTESIAN_POINT('',(28.6901986748088,-0.75,34.));
#4714=CARTESIAN_POINT('',(28.2,-0.75,34.));
#4715=CARTESIAN_POINT('Origin',(-1.8,28.2,34.));
#4716=CARTESIAN_POINT('',(-1.8,28.643498389687,34.));
#4717=CARTESIAN_POINT('',(-1.8,31.5,34.));
#4718=CARTESIAN_POINT('',(-1.8,28.643498389687,29.));
#4719=CARTESIAN_POINT('',(-1.8,28.643498389687,34.));
#4720=CARTESIAN_POINT('',(-1.8,14.1,29.));
#4721=CARTESIAN_POINT('Origin',(1.8,31.5,34.));
#4722=CARTESIAN_POINT('',(1.8,29.8457702195805,34.));
#4723=CARTESIAN_POINT('',(1.8,29.8457702195805,34.));
#4724=CARTESIAN_POINT('',(1.8,28.643498389687,29.));
#4725=CARTESIAN_POINT('',(1.8,15.75,29.));
#4726=CARTESIAN_POINT('',(1.8,28.643498389687,34.));
#4727=CARTESIAN_POINT('',(1.8,28.643498389687,34.));
#4728=CARTESIAN_POINT('',(1.8,28.2,34.));
#4729=CARTESIAN_POINT('Origin',(0.,0.,34.));
#4730=CARTESIAN_POINT('Origin',(0.,0.,34.));
#4731=CARTESIAN_POINT('Origin',(0.,0.,34.));
#4732=CARTESIAN_POINT('Origin',(0.,0.,34.));
#4733=CARTESIAN_POINT('Origin',(0.,0.,34.));
#4734=CARTESIAN_POINT('Origin',(0.,0.,34.));
#4735=CARTESIAN_POINT('Origin',(0.,0.,34.));
#4736=CARTESIAN_POINT('Origin',(0.,0.,34.));
#4737=CARTESIAN_POINT('Origin',(0.,0.,34.));
#4738=CARTESIAN_POINT('Origin',(0.,0.,34.));
#4739=CARTESIAN_POINT('Origin',(0.,0.,34.));
#4740=CARTESIAN_POINT('Origin',(0.,0.,34.));
#4741=CARTESIAN_POINT('Origin',(0.,0.,34.));
#4742=CARTESIAN_POINT('Origin',(0.,0.,29.));
#4743=CARTESIAN_POINT('Origin',(0.,0.,29.));
#4744=CARTESIAN_POINT('Origin',(0.,0.,29.));
#4745=CARTESIAN_POINT('Origin',(0.,0.,29.));
#4746=CARTESIAN_POINT('Origin',(0.,0.,29.));
#4747=CARTESIAN_POINT('Origin',(0.,0.,29.));
#4748=CARTESIAN_POINT('Origin',(0.,0.,34.));
#4749=CARTESIAN_POINT('Origin',(0.,0.,34.));
#4750=CARTESIAN_POINT('Origin',(0.,0.,34.));
#4751=CARTESIAN_POINT('Origin',(0.,0.,34.));
#4752=CARTESIAN_POINT('Origin',(0.,0.,29.));
#4753=CARTESIAN_POINT('Origin',(0.,0.,29.));
#4754=UNCERTAINTY_MEASURE_WITH_UNIT(LENGTH_MEASURE(0.01),#4758,
'DISTANCE_ACCURACY_VALUE',
'Maximum model space distance between geometric entities at asserted c
onnectivities');
#4755=UNCERTAINTY_MEASURE_WITH_UNIT(LENGTH_MEASURE(0.01),#4758,
'DISTANCE_ACCURACY_VALUE',
'Maximum model space distance between geometric entities at asserted c
onnectivities');
#4756=(
GEOMETRIC_REPRESENTATION_CONTEXT(3)
GLOBAL_UNCERTAINTY_ASSIGNED_CONTEXT((#4754))
GLOBAL_UNIT_ASSIGNED_CONTEXT((#4758,#4760,#4761))
REPRESENTATION_CONTEXT('','3D')
);
#4757=(
GEOMETRIC_REPRESENTATION_CONTEXT(3)
GLOBAL_UNCERTAINTY_ASSIGNED_CONTEXT((#4755))
GLOBAL_UNIT_ASSIGNED_CONTEXT((#4758,#4760,#4761))
REPRESENTATION_CONTEXT('','3D')
);
#4758=(
LENGTH_UNIT()
NAMED_UNIT(*)
SI_UNIT(.MILLI.,.METRE.)
);
#4759=(
LENGTH_UNIT()
NAMED_UNIT(*)
SI_UNIT($,.METRE.)
);
#4760=(
NAMED_UNIT(*)
PLANE_ANGLE_UNIT()
SI_UNIT($,.RADIAN.)
);
#4761=(
NAMED_UNIT(*)
SI_UNIT($,.STERADIAN.)
SOLID_ANGLE_UNIT()
);
#4762=SHAPE_DEFINITION_REPRESENTATION(#4763,#4764);
#4763=PRODUCT_DEFINITION_SHAPE('',$,#4766);
#4764=SHAPE_REPRESENTATION('',(#2875),#4756);
#4765=PRODUCT_DEFINITION_CONTEXT('part definition',#4770,'design');
#4766=PRODUCT_DEFINITION('2026-09-26-20-03-11-050','Deckel',#4767,#4765);
#4767=PRODUCT_DEFINITION_FORMATION('',$,#4772);
#4768=PRODUCT_RELATED_PRODUCT_CATEGORY('Deckel','Deckel',(#4772));
#4769=APPLICATION_PROTOCOL_DEFINITION('international standard',
'automotive_design',2009,#4770);
#4770=APPLICATION_CONTEXT(
'Core Data for Automotive Mechanical Design Process');
#4771=PRODUCT_CONTEXT('part definition',#4770,'mechanical');
#4772=PRODUCT('2026-09-26-20-03-11-050','Deckel',$,(#4771));
#4773=PRESENTATION_STYLE_ASSIGNMENT((#4775));
#4774=PRESENTATION_STYLE_ASSIGNMENT((#4776));
#4775=SURFACE_STYLE_USAGE(.BOTH.,#4777);
#4776=SURFACE_STYLE_USAGE(.BOTH.,#4778);
#4777=SURFACE_SIDE_STYLE('',(#4779));
#4778=SURFACE_SIDE_STYLE('',(#4780));
#4779=SURFACE_STYLE_FILL_AREA(#4781);
#4780=SURFACE_STYLE_FILL_AREA(#4782);
#4781=FILL_AREA_STYLE('Stahl - satiniert',(#4783));
#4782=FILL_AREA_STYLE('Kunststoff - matt (Wei\X\DF)',(#4784));
#4783=FILL_AREA_STYLE_COLOUR('Stahl - satiniert',#4785);
#4784=FILL_AREA_STYLE_COLOUR('Kunststoff - matt (Wei\X\DF)',#4786);
#4785=COLOUR_RGB('Stahl - satiniert',0.627450980392157,0.627450980392157,
0.627450980392157);
#4786=COLOUR_RGB('Kunststoff - matt (Wei\X\DF)',0.964705882352941,0.964705882352941,
0.952941176470588);
ENDSEC;
END-ISO-10303-21;
