ISO-10303-21;
HEADER;
FILE_DESCRIPTION(('Open CASCADE Model'),'2;1');
FILE_NAME('Open CASCADE Shape Model','2026-09-26T20:03:27',('Author'),(
    'Open CASCADE'),'Open CASCADE STEP processor 7.9','Open CASCADE 7.9'
  ,'Unknown');
FILE_SCHEMA(('AUTOMOTIVE_DESIGN { 1 0 10303 214 1 1 1 1 }'));
ENDSEC;
DATA;
#1 = APPLICATION_PROTOCOL_DEFINITION('international standard',
  'automotive_design',2000,#2);
#2 = APPLICATION_CONTEXT(
  'core data for automotive mechanical design processes');
#3 = SHAPE_DEFINITION_REPRESENTATION(#4,#10);
#4 = PRODUCT_DEFINITION_SHAPE('','',#5);
#5 = PRODUCT_DEFINITION('design','',#6,#9);
#6 = PRODUCT_DEFINITION_FORMATION('','',#7);
#7 = PRODUCT('Display-Puck-GC9A01','Display-Puck-GC9A01','',(#8));
#8 = PRODUCT_CONTEXT('',#2,'mechanical');
#9 = PRODUCT_DEFINITION_CONTEXT('part definition',#2,'design');
#10 = SHAPE_REPRESENTATION('',(#11,#15,#19,#23),#27);
#11 = AXIS2_PLACEMENT_3D('',#12,#13,#14);
#12 = CARTESIAN_POINT('',(0.,0.,0.));
#13 = DIRECTION('',(0.,0.,1.));
#14 = DIRECTION('',(1.,0.,-0.));
#15 = AXIS2_PLACEMENT_3D('',#16,#17,#18);
#16 = CARTESIAN_POINT('',(0.,0.,0.));
#17 = DIRECTION('',(0.,0.,1.));
#18 = DIRECTION('',(1.,0.,-0.));
#19 = AXIS2_PLACEMENT_3D('',#20,#21,#22);
#20 = CARTESIAN_POINT('',(0.,0.,0.));
#21 = DIRECTION('',(0.,0.,1.));
#22 = DIRECTION('',(1.,0.,-0.));
#23 = AXIS2_PLACEMENT_3D('',#24,#25,#26);
#24 = CARTESIAN_POINT('',(0.,0.,0.));
#25 = DIRECTION('',(0.,0.,1.));
#26 = DIRECTION('',(1.,0.,-0.));
#27 = ( GEOMETRIC_REPRESENTATION_CONTEXT(3) 
GLOBAL_UNCERTAINTY_ASSIGNED_CONTEXT((#31)) GLOBAL_UNIT_ASSIGNED_CONTEXT(
(#28,#29,#30)) REPRESENTATION_CONTEXT('Context #1',
  '3D Context with UNIT and UNCERTAINTY') );
#28 = ( LENGTH_UNIT() NAMED_UNIT(*) SI_UNIT(.MILLI.,.METRE.) );
#29 = ( NAMED_UNIT(*) PLANE_ANGLE_UNIT() SI_UNIT($,.RADIAN.) );
#30 = ( NAMED_UNIT(*) SI_UNIT($,.STERADIAN.) SOLID_ANGLE_UNIT() );
#31 = UNCERTAINTY_MEASURE_WITH_UNIT(LENGTH_MEASURE(5.E-04),#28,
  'distance_accuracy_value','confusion accuracy');
#32 = PRODUCT_RELATED_PRODUCT_CATEGORY('part',$,(#7));
#33 = SHAPE_DEFINITION_REPRESENTATION(#34,#40);
#34 = PRODUCT_DEFINITION_SHAPE('','',#35);
#35 = PRODUCT_DEFINITION('design','',#36,#39);
#36 = PRODUCT_DEFINITION_FORMATION('','',#37);
#37 = PRODUCT('Gehaeuse','Gehaeuse','',(#38));
#38 = PRODUCT_CONTEXT('',#2,'mechanical');
#39 = PRODUCT_DEFINITION_CONTEXT('part definition',#2,'design');
#40 = ADVANCED_BREP_SHAPE_REPRESENTATION('',(#11,#41),#3174);
#41 = MANIFOLD_SOLID_BREP('',#42);
#42 = CLOSED_SHELL('',(#43,#135,#170,#229,#284,#470,#639,#798,#993,#1067
    ,#1141,#1188,#1385,#1531,#1558,#1587,#1733,#1741,#1748,#1755,#1865,
    #2017,#2132,#2245,#2252,#2350,#2402,#2433,#2520,#2524,#2611,#2615,
    #2786,#2932,#3020,#3069,#3101,#3129,#3136,#3143));
#43 = ADVANCED_FACE('',(#44),#58,.F.);
#44 = FACE_BOUND('',#45,.F.);
#45 = EDGE_LOOP('',(#46,#76,#103,#104));
#46 = ORIENTED_EDGE('',*,*,#47,.T.);
#47 = EDGE_CURVE('',#48,#50,#52,.T.);
#48 = VERTEX_POINT('',#49);
#49 = CARTESIAN_POINT('',(-17.8,2.179871302482E-15,0.));
#50 = VERTEX_POINT('',#51);
#51 = CARTESIAN_POINT('',(-17.,-2.08189955855E-15,0.8));
#52 = SEAM_CURVE('',#53,(#57,#69),.PCURVE_S1.);
#53 = LINE('',#54,#55);
#54 = CARTESIAN_POINT('',(-17.4,2.130885430516E-15,0.4));
#55 = VECTOR('',#56,1.);
#56 = DIRECTION('',(0.707106781187,-8.659560562355E-17,0.707106781187));
#57 = PCURVE('',#58,#63);
#58 = CONICAL_SURFACE('',#59,17.4,0.785398163397);
#59 = AXIS2_PLACEMENT_3D('',#60,#61,#62);
#60 = CARTESIAN_POINT('',(0.,0.,0.4));
#61 = DIRECTION('',(0.,0.,-1.));
#62 = DIRECTION('',(1.,0.,0.));
#63 = DEFINITIONAL_REPRESENTATION('',(#64),#68);
#64 = LINE('',#65,#66);
#65 = CARTESIAN_POINT('',(3.14159265359,3.925231146709E-16));
#66 = VECTOR('',#67,1.);
#67 = DIRECTION('',(0.,-1.));
#68 = ( GEOMETRIC_REPRESENTATION_CONTEXT(2) 
PARAMETRIC_REPRESENTATION_CONTEXT() REPRESENTATION_CONTEXT('2D SPACE',''
  ) );
#69 = PCURVE('',#58,#70);
#70 = DEFINITIONAL_REPRESENTATION('',(#71),#75);
#71 = LINE('',#72,#73);
#72 = CARTESIAN_POINT('',(9.424777960769,3.925231146709E-16));
#73 = VECTOR('',#74,1.);
#74 = DIRECTION('',(0.,-1.));
#75 = ( GEOMETRIC_REPRESENTATION_CONTEXT(2) 
PARAMETRIC_REPRESENTATION_CONTEXT() REPRESENTATION_CONTEXT('2D SPACE',''
  ) );
#76 = ORIENTED_EDGE('',*,*,#77,.F.);
#77 = EDGE_CURVE('',#50,#50,#78,.T.);
#78 = SURFACE_CURVE('',#79,(#84,#91),.PCURVE_S1.);
#79 = CIRCLE('',#80,17.);
#80 = AXIS2_PLACEMENT_3D('',#81,#82,#83);
#81 = CARTESIAN_POINT('',(0.,0.,0.8));
#82 = DIRECTION('',(0.,0.,1.));
#83 = DIRECTION('',(1.,0.,-0.));
#84 = PCURVE('',#58,#85);
#85 = DEFINITIONAL_REPRESENTATION('',(#86),#90);
#86 = LINE('',#87,#88);
#87 = CARTESIAN_POINT('',(12.566370614359,-0.4));
#88 = VECTOR('',#89,1.);
#89 = DIRECTION('',(-1.,0.));
#90 = ( GEOMETRIC_REPRESENTATION_CONTEXT(2) 
PARAMETRIC_REPRESENTATION_CONTEXT() REPRESENTATION_CONTEXT('2D SPACE',''
  ) );
#91 = PCURVE('',#92,#97);
#92 = CYLINDRICAL_SURFACE('',#93,17.);
#93 = AXIS2_PLACEMENT_3D('',#94,#95,#96);
#94 = CARTESIAN_POINT('',(0.,0.,0.));
#95 = DIRECTION('',(0.,0.,1.));
#96 = DIRECTION('',(1.,0.,-0.));
#97 = DEFINITIONAL_REPRESENTATION('',(#98),#102);
#98 = LINE('',#99,#100);
#99 = CARTESIAN_POINT('',(0.,0.8));
#100 = VECTOR('',#101,1.);
#101 = DIRECTION('',(1.,0.));
#102 = ( GEOMETRIC_REPRESENTATION_CONTEXT(2) 
PARAMETRIC_REPRESENTATION_CONTEXT() REPRESENTATION_CONTEXT('2D SPACE',''
  ) );
#103 = ORIENTED_EDGE('',*,*,#47,.F.);
#104 = ORIENTED_EDGE('',*,*,#105,.F.);
#105 = EDGE_CURVE('',#48,#48,#106,.T.);
#106 = SURFACE_CURVE('',#107,(#112,#119),.PCURVE_S1.);
#107 = CIRCLE('',#108,17.8);
#108 = AXIS2_PLACEMENT_3D('',#109,#110,#111);
#109 = CARTESIAN_POINT('',(0.,0.,0.));
#110 = DIRECTION('',(0.,0.,-1.));
#111 = DIRECTION('',(1.,0.,0.));
#112 = PCURVE('',#58,#113);
#113 = DEFINITIONAL_REPRESENTATION('',(#114),#118);
#114 = LINE('',#115,#116);
#115 = CARTESIAN_POINT('',(0.,0.4));
#116 = VECTOR('',#117,1.);
#117 = DIRECTION('',(1.,0.));
#118 = ( GEOMETRIC_REPRESENTATION_CONTEXT(2) 
PARAMETRIC_REPRESENTATION_CONTEXT() REPRESENTATION_CONTEXT('2D SPACE',''
  ) );
#119 = PCURVE('',#120,#125);
#120 = PLANE('',#121);
#121 = AXIS2_PLACEMENT_3D('',#122,#123,#124);
#122 = CARTESIAN_POINT('',(0.,0.,0.));
#123 = DIRECTION('',(0.,0.,1.));
#124 = DIRECTION('',(1.,0.,-0.));
#125 = DEFINITIONAL_REPRESENTATION('',(#126),#134);
#126 = ( BOUNDED_CURVE() B_SPLINE_CURVE(2,(#127,#128,#129,#130,#131,#132
,#133),.UNSPECIFIED.,.T.,.F.) B_SPLINE_CURVE_WITH_KNOTS((1,2,2,2,2,1),(
    -2.094395102393,0.,2.094395102393,4.188790204786,6.28318530718,
8.377580409573),.UNSPECIFIED.) CURVE() GEOMETRIC_REPRESENTATION_ITEM() 
RATIONAL_B_SPLINE_CURVE((1.,0.5,1.,0.5,1.,0.5,1.)) REPRESENTATION_ITEM(
  '') );
#127 = CARTESIAN_POINT('',(17.8,0.));
#128 = CARTESIAN_POINT('',(17.8,-30.83050437472));
#129 = CARTESIAN_POINT('',(-8.9,-15.41525218736));
#130 = CARTESIAN_POINT('',(-35.6,-4.359742604965E-15));
#131 = CARTESIAN_POINT('',(-8.9,15.415252187363));
#132 = CARTESIAN_POINT('',(17.8,30.830504374726));
#133 = CARTESIAN_POINT('',(17.8,0.));
#134 = ( GEOMETRIC_REPRESENTATION_CONTEXT(2) 
PARAMETRIC_REPRESENTATION_CONTEXT() REPRESENTATION_CONTEXT('2D SPACE',''
  ) );
#135 = ADVANCED_FACE('',(#136,#167),#120,.F.);
#136 = FACE_BOUND('',#137,.T.);
#137 = EDGE_LOOP('',(#138));
#138 = ORIENTED_EDGE('',*,*,#139,.F.);
#139 = EDGE_CURVE('',#140,#140,#142,.T.);
#140 = VERTEX_POINT('',#141);
#141 = CARTESIAN_POINT('',(-31.,-3.796405077357E-15,0.));
#142 = SURFACE_CURVE('',#143,(#148,#155),.PCURVE_S1.);
#143 = CIRCLE('',#144,31.);
#144 = AXIS2_PLACEMENT_3D('',#145,#146,#147);
#145 = CARTESIAN_POINT('',(0.,0.,0.));
#146 = DIRECTION('',(0.,0.,1.));
#147 = DIRECTION('',(1.,0.,-0.));
#148 = PCURVE('',#120,#149);
#149 = DEFINITIONAL_REPRESENTATION('',(#150),#154);
#150 = CIRCLE('',#151,31.);
#151 = AXIS2_PLACEMENT_2D('',#152,#153);
#152 = CARTESIAN_POINT('',(0.,0.));
#153 = DIRECTION('',(1.,0.));
#154 = ( GEOMETRIC_REPRESENTATION_CONTEXT(2) 
PARAMETRIC_REPRESENTATION_CONTEXT() REPRESENTATION_CONTEXT('2D SPACE',''
  ) );
#155 = PCURVE('',#156,#161);
#156 = CONICAL_SURFACE('',#157,31.5,0.785398163397);
#157 = AXIS2_PLACEMENT_3D('',#158,#159,#160);
#158 = CARTESIAN_POINT('',(0.,0.,0.5));
#159 = DIRECTION('',(0.,0.,1.));
#160 = DIRECTION('',(1.,0.,-0.));
#161 = DEFINITIONAL_REPRESENTATION('',(#162),#166);
#162 = LINE('',#163,#164);
#163 = CARTESIAN_POINT('',(-6.28318530718,-0.5));
#164 = VECTOR('',#165,1.);
#165 = DIRECTION('',(1.,0.));
#166 = ( GEOMETRIC_REPRESENTATION_CONTEXT(2) 
PARAMETRIC_REPRESENTATION_CONTEXT() REPRESENTATION_CONTEXT('2D SPACE',''
  ) );
#167 = FACE_BOUND('',#168,.T.);
#168 = EDGE_LOOP('',(#169));
#169 = ORIENTED_EDGE('',*,*,#105,.F.);
#170 = ADVANCED_FACE('',(#171),#92,.F.);
#171 = FACE_BOUND('',#172,.F.);
#172 = EDGE_LOOP('',(#173,#196,#227,#228));
#173 = ORIENTED_EDGE('',*,*,#174,.T.);
#174 = EDGE_CURVE('',#50,#175,#177,.T.);
#175 = VERTEX_POINT('',#176);
#176 = CARTESIAN_POINT('',(-17.,-2.08189955855E-15,1.7));
#177 = SEAM_CURVE('',#178,(#182,#189),.PCURVE_S1.);
#178 = LINE('',#179,#180);
#179 = CARTESIAN_POINT('',(-17.,-2.08189955855E-15,0.));
#180 = VECTOR('',#181,1.);
#181 = DIRECTION('',(0.,0.,1.));
#182 = PCURVE('',#92,#183);
#183 = DEFINITIONAL_REPRESENTATION('',(#184),#188);
#184 = LINE('',#185,#186);
#185 = CARTESIAN_POINT('',(9.424777960769,0.));
#186 = VECTOR('',#187,1.);
#187 = DIRECTION('',(0.,1.));
#188 = ( GEOMETRIC_REPRESENTATION_CONTEXT(2) 
PARAMETRIC_REPRESENTATION_CONTEXT() REPRESENTATION_CONTEXT('2D SPACE',''
  ) );
#189 = PCURVE('',#92,#190);
#190 = DEFINITIONAL_REPRESENTATION('',(#191),#195);
#191 = LINE('',#192,#193);
#192 = CARTESIAN_POINT('',(3.14159265359,0.));
#193 = VECTOR('',#194,1.);
#194 = DIRECTION('',(0.,1.));
#195 = ( GEOMETRIC_REPRESENTATION_CONTEXT(2) 
PARAMETRIC_REPRESENTATION_CONTEXT() REPRESENTATION_CONTEXT('2D SPACE',''
  ) );
#196 = ORIENTED_EDGE('',*,*,#197,.T.);
#197 = EDGE_CURVE('',#175,#175,#198,.T.);
#198 = SURFACE_CURVE('',#199,(#204,#211),.PCURVE_S1.);
#199 = CIRCLE('',#200,17.);
#200 = AXIS2_PLACEMENT_3D('',#201,#202,#203);
#201 = CARTESIAN_POINT('',(0.,0.,1.7));
#202 = DIRECTION('',(0.,0.,-1.));
#203 = DIRECTION('',(1.,0.,0.));
#204 = PCURVE('',#92,#205);
#205 = DEFINITIONAL_REPRESENTATION('',(#206),#210);
#206 = LINE('',#207,#208);
#207 = CARTESIAN_POINT('',(12.566370614359,1.7));
#208 = VECTOR('',#209,1.);
#209 = DIRECTION('',(-1.,0.));
#210 = ( GEOMETRIC_REPRESENTATION_CONTEXT(2) 
PARAMETRIC_REPRESENTATION_CONTEXT() REPRESENTATION_CONTEXT('2D SPACE',''
  ) );
#211 = PCURVE('',#212,#217);
#212 = PLANE('',#213);
#213 = AXIS2_PLACEMENT_3D('',#214,#215,#216);
#214 = CARTESIAN_POINT('',(0.,0.,1.7));
#215 = DIRECTION('',(0.,0.,1.));
#216 = DIRECTION('',(1.,0.,-0.));
#217 = DEFINITIONAL_REPRESENTATION('',(#218),#226);
#218 = ( BOUNDED_CURVE() B_SPLINE_CURVE(2,(#219,#220,#221,#222,#223,#224
,#225),.UNSPECIFIED.,.T.,.F.) B_SPLINE_CURVE_WITH_KNOTS((1,2,2,2,2,1),(
    -2.094395102393,0.,2.094395102393,4.188790204786,6.28318530718,
8.377580409573),.UNSPECIFIED.) CURVE() GEOMETRIC_REPRESENTATION_ITEM() 
RATIONAL_B_SPLINE_CURVE((1.,0.5,1.,0.5,1.,0.5,1.)) REPRESENTATION_ITEM(
  '') );
#219 = CARTESIAN_POINT('',(17.,0.));
#220 = CARTESIAN_POINT('',(17.,-29.44486372867));
#221 = CARTESIAN_POINT('',(-8.5,-14.72243186433));
#222 = CARTESIAN_POINT('',(-34.,-4.163799117101E-15));
#223 = CARTESIAN_POINT('',(-8.5,14.722431864335));
#224 = CARTESIAN_POINT('',(17.,29.444863728671));
#225 = CARTESIAN_POINT('',(17.,0.));
#226 = ( GEOMETRIC_REPRESENTATION_CONTEXT(2) 
PARAMETRIC_REPRESENTATION_CONTEXT() REPRESENTATION_CONTEXT('2D SPACE',''
  ) );
#227 = ORIENTED_EDGE('',*,*,#174,.F.);
#228 = ORIENTED_EDGE('',*,*,#77,.T.);
#229 = ADVANCED_FACE('',(#230),#156,.T.);
#230 = FACE_BOUND('',#231,.T.);
#231 = EDGE_LOOP('',(#232,#261,#282,#283));
#232 = ORIENTED_EDGE('',*,*,#233,.T.);
#233 = EDGE_CURVE('',#234,#234,#236,.T.);
#234 = VERTEX_POINT('',#235);
#235 = CARTESIAN_POINT('',(-32.,3.918869757272E-15,1.));
#236 = SURFACE_CURVE('',#237,(#242,#249),.PCURVE_S1.);
#237 = CIRCLE('',#238,32.);
#238 = AXIS2_PLACEMENT_3D('',#239,#240,#241);
#239 = CARTESIAN_POINT('',(0.,0.,1.));
#240 = DIRECTION('',(0.,0.,-1.));
#241 = DIRECTION('',(1.,0.,0.));
#242 = PCURVE('',#156,#243);
#243 = DEFINITIONAL_REPRESENTATION('',(#244),#248);
#244 = LINE('',#245,#246);
#245 = CARTESIAN_POINT('',(6.28318530718,0.5));
#246 = VECTOR('',#247,1.);
#247 = DIRECTION('',(-1.,0.));
#248 = ( GEOMETRIC_REPRESENTATION_CONTEXT(2) 
PARAMETRIC_REPRESENTATION_CONTEXT() REPRESENTATION_CONTEXT('2D SPACE',''
  ) );
#249 = PCURVE('',#250,#255);
#250 = CYLINDRICAL_SURFACE('',#251,32.);
#251 = AXIS2_PLACEMENT_3D('',#252,#253,#254);
#252 = CARTESIAN_POINT('',(0.,0.,0.));
#253 = DIRECTION('',(0.,0.,1.));
#254 = DIRECTION('',(1.,0.,-0.));
#255 = DEFINITIONAL_REPRESENTATION('',(#256),#260);
#256 = LINE('',#257,#258);
#257 = CARTESIAN_POINT('',(12.566370614359,1.));
#258 = VECTOR('',#259,1.);
#259 = DIRECTION('',(-1.,0.));
#260 = ( GEOMETRIC_REPRESENTATION_CONTEXT(2) 
PARAMETRIC_REPRESENTATION_CONTEXT() REPRESENTATION_CONTEXT('2D SPACE',''
  ) );
#261 = ORIENTED_EDGE('',*,*,#262,.T.);
#262 = EDGE_CURVE('',#234,#140,#263,.T.);
#263 = SEAM_CURVE('',#264,(#268,#275),.PCURVE_S1.);
#264 = LINE('',#265,#266);
#265 = CARTESIAN_POINT('',(-31.5,-3.857637417314E-15,0.5));
#266 = VECTOR('',#267,1.);
#267 = DIRECTION('',(0.707106781187,8.659560562355E-17,-0.707106781187)
  );
#268 = PCURVE('',#156,#269);
#269 = DEFINITIONAL_REPRESENTATION('',(#270),#274);
#270 = LINE('',#271,#272);
#271 = CARTESIAN_POINT('',(-3.14159265359,-1.570092458684E-16));
#272 = VECTOR('',#273,1.);
#273 = DIRECTION('',(0.,-1.));
#274 = ( GEOMETRIC_REPRESENTATION_CONTEXT(2) 
PARAMETRIC_REPRESENTATION_CONTEXT() REPRESENTATION_CONTEXT('2D SPACE',''
  ) );
#275 = PCURVE('',#156,#276);
#276 = DEFINITIONAL_REPRESENTATION('',(#277),#281);
#277 = LINE('',#278,#279);
#278 = CARTESIAN_POINT('',(3.14159265359,-1.570092458684E-16));
#279 = VECTOR('',#280,1.);
#280 = DIRECTION('',(0.,-1.));
#281 = ( GEOMETRIC_REPRESENTATION_CONTEXT(2) 
PARAMETRIC_REPRESENTATION_CONTEXT() REPRESENTATION_CONTEXT('2D SPACE',''
  ) );
#282 = ORIENTED_EDGE('',*,*,#139,.T.);
#283 = ORIENTED_EDGE('',*,*,#262,.F.);
#284 = ADVANCED_FACE('',(#285),#250,.T.);
#285 = FACE_BOUND('',#286,.T.);
#286 = EDGE_LOOP('',(#287,#318,#346,#397,#425,#447,#468,#469));
#287 = ORIENTED_EDGE('',*,*,#288,.F.);
#288 = EDGE_CURVE('',#289,#291,#293,.T.);
#289 = VERTEX_POINT('',#290);
#290 = CARTESIAN_POINT('',(17.,-27.11088342345,32.8));
#291 = VERTEX_POINT('',#292);
#292 = CARTESIAN_POINT('',(-32.,-3.918869757272E-15,32.8));
#293 = SURFACE_CURVE('',#294,(#299,#306),.PCURVE_S1.);
#294 = CIRCLE('',#295,32.);
#295 = AXIS2_PLACEMENT_3D('',#296,#297,#298);
#296 = CARTESIAN_POINT('',(0.,0.,32.8));
#297 = DIRECTION('',(0.,0.,1.));
#298 = DIRECTION('',(-1.836970198721E-16,1.,0.));
#299 = PCURVE('',#250,#300);
#300 = DEFINITIONAL_REPRESENTATION('',(#301),#305);
#301 = LINE('',#302,#303);
#302 = CARTESIAN_POINT('',(1.570796326795,32.8));
#303 = VECTOR('',#304,1.);
#304 = DIRECTION('',(1.,0.));
#305 = ( GEOMETRIC_REPRESENTATION_CONTEXT(2) 
PARAMETRIC_REPRESENTATION_CONTEXT() REPRESENTATION_CONTEXT('2D SPACE',''
  ) );
#306 = PCURVE('',#307,#312);
#307 = TOROIDAL_SURFACE('',#308,30.8,1.2);
#308 = AXIS2_PLACEMENT_3D('',#309,#310,#311);
#309 = CARTESIAN_POINT('',(0.,0.,32.8));
#310 = DIRECTION('',(0.,0.,1.));
#311 = DIRECTION('',(-1.836970198721E-16,1.,0.));
#312 = DEFINITIONAL_REPRESENTATION('',(#313),#317);
#313 = LINE('',#314,#315);
#314 = CARTESIAN_POINT('',(-6.28318530718,0.));
#315 = VECTOR('',#316,1.);
#316 = DIRECTION('',(1.,0.));
#317 = ( GEOMETRIC_REPRESENTATION_CONTEXT(2) 
PARAMETRIC_REPRESENTATION_CONTEXT() REPRESENTATION_CONTEXT('2D SPACE',''
  ) );
#318 = ORIENTED_EDGE('',*,*,#319,.T.);
#319 = EDGE_CURVE('',#289,#320,#322,.T.);
#320 = VERTEX_POINT('',#321);
#321 = CARTESIAN_POINT('',(17.,-27.11088342345,3.110883423452));
#322 = SURFACE_CURVE('',#323,(#327,#334),.PCURVE_S1.);
#323 = LINE('',#324,#325);
#324 = CARTESIAN_POINT('',(17.,-27.11088342345,0.));
#325 = VECTOR('',#326,1.);
#326 = DIRECTION('',(0.,0.,-1.));
#327 = PCURVE('',#250,#328);
#328 = DEFINITIONAL_REPRESENTATION('',(#329),#333);
#329 = LINE('',#330,#331);
#330 = CARTESIAN_POINT('',(5.272464286611,0.));
#331 = VECTOR('',#332,1.);
#332 = DIRECTION('',(0.,-1.));
#333 = ( GEOMETRIC_REPRESENTATION_CONTEXT(2) 
PARAMETRIC_REPRESENTATION_CONTEXT() REPRESENTATION_CONTEXT('2D SPACE',''
  ) );
#334 = PCURVE('',#335,#340);
#335 = PLANE('',#336);
#336 = AXIS2_PLACEMENT_3D('',#337,#338,#339);
#337 = CARTESIAN_POINT('',(17.,-31.1626722609,17.));
#338 = DIRECTION('',(1.,0.,0.));
#339 = DIRECTION('',(0.,0.,-1.));
#340 = DEFINITIONAL_REPRESENTATION('',(#341),#345);
#341 = LINE('',#342,#343);
#342 = CARTESIAN_POINT('',(17.,4.051788837453));
#343 = VECTOR('',#344,1.);
#344 = DIRECTION('',(1.,0.));
#345 = ( GEOMETRIC_REPRESENTATION_CONTEXT(2) 
PARAMETRIC_REPRESENTATION_CONTEXT() REPRESENTATION_CONTEXT('2D SPACE',''
  ) );
#346 = ORIENTED_EDGE('',*,*,#347,.T.);
#347 = EDGE_CURVE('',#320,#348,#350,.T.);
#348 = VERTEX_POINT('',#349);
#349 = CARTESIAN_POINT('',(-17.,-27.11088342345,3.110883423452));
#350 = SURFACE_CURVE('',#351,(#356,#385),.PCURVE_S1.);
#351 = ELLIPSE('',#352,45.254833995939,32.);
#352 = AXIS2_PLACEMENT_3D('',#353,#354,#355);
#353 = CARTESIAN_POINT('',(0.,0.,-24.));
#354 = DIRECTION('',(0.,-0.707106781187,-0.707106781187));
#355 = DIRECTION('',(0.,0.707106781187,-0.707106781187));
#356 = PCURVE('',#250,#357);
#357 = DEFINITIONAL_REPRESENTATION('',(#358),#384);
#358 = B_SPLINE_CURVE_WITH_KNOTS('',3,(#359,#360,#361,#362,#363,#364,
    #365,#366,#367,#368,#369,#370,#371,#372,#373,#374,#375,#376,#377,
    #378,#379,#380,#381,#382,#383),.UNSPECIFIED.,.F.,.F.,(4,1,1,1,1,1,1,
    1,1,1,1,1,1,1,1,1,1,1,1,1,1,1,4),(2.581517347363,2.632433284293,
    2.683349221223,2.734265158152,2.785181095082,2.836097032012,
    2.887012968941,2.937928905871,2.988844842801,3.03976077973,
    3.09067671666,3.14159265359,3.192508590519,3.243424527449,
    3.294340464379,3.345256401309,3.396172338238,3.447088275168,
    3.498004212098,3.548920149027,3.599836085957,3.650752022887,
    3.701667959816),.QUASI_UNIFORM_KNOTS.);
#359 = CARTESIAN_POINT('',(5.272464286611,3.110883423452));
#360 = CARTESIAN_POINT('',(5.255492307635,3.399422798148));
#361 = CARTESIAN_POINT('',(5.221548349682,3.953014238));
#362 = CARTESIAN_POINT('',(5.170632412752,4.710994564259));
#363 = CARTESIAN_POINT('',(5.119716475822,5.394547908515));
#364 = CARTESIAN_POINT('',(5.068800538893,6.001917474833));
#365 = CARTESIAN_POINT('',(5.017884601963,6.531525049633));
#366 = CARTESIAN_POINT('',(4.966968665033,6.981999026396));
#367 = CARTESIAN_POINT('',(4.916052728103,7.352171547557));
#368 = CARTESIAN_POINT('',(4.865136791174,7.641083249832));
#369 = CARTESIAN_POINT('',(4.814220854244,7.847985290326));
#370 = CARTESIAN_POINT('',(4.763304917314,7.972341410821));
#371 = CARTESIAN_POINT('',(4.712388980385,8.013829294589));
#372 = CARTESIAN_POINT('',(4.661473043455,7.972341410821));
#373 = CARTESIAN_POINT('',(4.610557106525,7.847985290326));
#374 = CARTESIAN_POINT('',(4.559641169596,7.641083249832));
#375 = CARTESIAN_POINT('',(4.508725232666,7.352171547557));
#376 = CARTESIAN_POINT('',(4.457809295736,6.981999026396));
#377 = CARTESIAN_POINT('',(4.406893358807,6.531525049633));
#378 = CARTESIAN_POINT('',(4.355977421877,6.001917474833));
#379 = CARTESIAN_POINT('',(4.305061484947,5.394547908515));
#380 = CARTESIAN_POINT('',(4.254145548017,4.710994564259));
#381 = CARTESIAN_POINT('',(4.203229611088,3.953014238));
#382 = CARTESIAN_POINT('',(4.169285653135,3.399422798148));
#383 = CARTESIAN_POINT('',(4.152313674158,3.110883423452));
#384 = ( GEOMETRIC_REPRESENTATION_CONTEXT(2) 
PARAMETRIC_REPRESENTATION_CONTEXT() REPRESENTATION_CONTEXT('2D SPACE',''
  ) );
#385 = PCURVE('',#386,#391);
#386 = PLANE('',#387);
#387 = AXIS2_PLACEMENT_3D('',#388,#389,#390);
#388 = CARTESIAN_POINT('',(0.,-38.3253445218,14.325344521809));
#389 = DIRECTION('',(0.,-0.707106781187,-0.707106781187));
#390 = DIRECTION('',(0.,0.707106781187,-0.707106781187));
#391 = DEFINITIONAL_REPRESENTATION('',(#392),#396);
#392 = ELLIPSE('',#393,45.254833995939,32.);
#393 = AXIS2_PLACEMENT_2D('',#394,#395);
#394 = CARTESIAN_POINT('',(54.200222005364,0.));
#395 = DIRECTION('',(1.,0.));
#396 = ( GEOMETRIC_REPRESENTATION_CONTEXT(2) 
PARAMETRIC_REPRESENTATION_CONTEXT() REPRESENTATION_CONTEXT('2D SPACE',''
  ) );
#397 = ORIENTED_EDGE('',*,*,#398,.T.);
#398 = EDGE_CURVE('',#348,#399,#401,.T.);
#399 = VERTEX_POINT('',#400);
#400 = CARTESIAN_POINT('',(-17.,-27.11088342345,32.8));
#401 = SURFACE_CURVE('',#402,(#406,#413),.PCURVE_S1.);
#402 = LINE('',#403,#404);
#403 = CARTESIAN_POINT('',(-17.,-27.11088342345,0.));
#404 = VECTOR('',#405,1.);
#405 = DIRECTION('',(0.,0.,1.));
#406 = PCURVE('',#250,#407);
#407 = DEFINITIONAL_REPRESENTATION('',(#408),#412);
#408 = LINE('',#409,#410);
#409 = CARTESIAN_POINT('',(4.152313674158,0.));
#410 = VECTOR('',#411,1.);
#411 = DIRECTION('',(0.,1.));
#412 = ( GEOMETRIC_REPRESENTATION_CONTEXT(2) 
PARAMETRIC_REPRESENTATION_CONTEXT() REPRESENTATION_CONTEXT('2D SPACE',''
  ) );
#413 = PCURVE('',#414,#419);
#414 = PLANE('',#415);
#415 = AXIS2_PLACEMENT_3D('',#416,#417,#418);
#416 = CARTESIAN_POINT('',(-17.,-31.1626722609,17.));
#417 = DIRECTION('',(-1.,0.,0.));
#418 = DIRECTION('',(0.,0.,1.));
#419 = DEFINITIONAL_REPRESENTATION('',(#420),#424);
#420 = LINE('',#421,#422);
#421 = CARTESIAN_POINT('',(-17.,4.051788837453));
#422 = VECTOR('',#423,1.);
#423 = DIRECTION('',(1.,0.));
#424 = ( GEOMETRIC_REPRESENTATION_CONTEXT(2) 
PARAMETRIC_REPRESENTATION_CONTEXT() REPRESENTATION_CONTEXT('2D SPACE',''
  ) );
#425 = ORIENTED_EDGE('',*,*,#426,.F.);
#426 = EDGE_CURVE('',#291,#399,#427,.T.);
#427 = SURFACE_CURVE('',#428,(#433,#440),.PCURVE_S1.);
#428 = CIRCLE('',#429,32.);
#429 = AXIS2_PLACEMENT_3D('',#430,#431,#432);
#430 = CARTESIAN_POINT('',(0.,0.,32.8));
#431 = DIRECTION('',(0.,0.,1.));
#432 = DIRECTION('',(-1.836970198721E-16,1.,0.));
#433 = PCURVE('',#250,#434);
#434 = DEFINITIONAL_REPRESENTATION('',(#435),#439);
#435 = LINE('',#436,#437);
#436 = CARTESIAN_POINT('',(1.570796326795,32.8));
#437 = VECTOR('',#438,1.);
#438 = DIRECTION('',(1.,0.));
#439 = ( GEOMETRIC_REPRESENTATION_CONTEXT(2) 
PARAMETRIC_REPRESENTATION_CONTEXT() REPRESENTATION_CONTEXT('2D SPACE',''
  ) );
#440 = PCURVE('',#307,#441);
#441 = DEFINITIONAL_REPRESENTATION('',(#442),#446);
#442 = LINE('',#443,#444);
#443 = CARTESIAN_POINT('',(0.,0.));
#444 = VECTOR('',#445,1.);
#445 = DIRECTION('',(1.,0.));
#446 = ( GEOMETRIC_REPRESENTATION_CONTEXT(2) 
PARAMETRIC_REPRESENTATION_CONTEXT() REPRESENTATION_CONTEXT('2D SPACE',''
  ) );
#447 = ORIENTED_EDGE('',*,*,#448,.T.);
#448 = EDGE_CURVE('',#291,#234,#449,.T.);
#449 = SEAM_CURVE('',#450,(#454,#461),.PCURVE_S1.);
#450 = LINE('',#451,#452);
#451 = CARTESIAN_POINT('',(-32.,-3.918869757272E-15,0.));
#452 = VECTOR('',#453,1.);
#453 = DIRECTION('',(0.,0.,-1.));
#454 = PCURVE('',#250,#455);
#455 = DEFINITIONAL_REPRESENTATION('',(#456),#460);
#456 = LINE('',#457,#458);
#457 = CARTESIAN_POINT('',(3.14159265359,0.));
#458 = VECTOR('',#459,1.);
#459 = DIRECTION('',(0.,-1.));
#460 = ( GEOMETRIC_REPRESENTATION_CONTEXT(2) 
PARAMETRIC_REPRESENTATION_CONTEXT() REPRESENTATION_CONTEXT('2D SPACE',''
  ) );
#461 = PCURVE('',#250,#462);
#462 = DEFINITIONAL_REPRESENTATION('',(#463),#467);
#463 = LINE('',#464,#465);
#464 = CARTESIAN_POINT('',(9.424777960769,0.));
#465 = VECTOR('',#466,1.);
#466 = DIRECTION('',(0.,-1.));
#467 = ( GEOMETRIC_REPRESENTATION_CONTEXT(2) 
PARAMETRIC_REPRESENTATION_CONTEXT() REPRESENTATION_CONTEXT('2D SPACE',''
  ) );
#468 = ORIENTED_EDGE('',*,*,#233,.F.);
#469 = ORIENTED_EDGE('',*,*,#448,.F.);
#470 = ADVANCED_FACE('',(#471),#486,.F.);
#471 = FACE_BOUND('',#472,.F.);
#472 = EDGE_LOOP('',(#473,#552,#580,#613));
#473 = ORIENTED_EDGE('',*,*,#474,.F.);
#474 = EDGE_CURVE('',#475,#477,#479,.T.);
#475 = VERTEX_POINT('',#476);
#476 = CARTESIAN_POINT('',(-17.,-31.82216123536,32.8));
#477 = VERTEX_POINT('',#478);
#478 = CARTESIAN_POINT('',(-15.5,-33.29185508103,33.110582854123));
#479 = SURFACE_CURVE('',#480,(#485,#518),.PCURVE_S1.);
#480 = ELLIPSE('',#481,1.502152358875,1.5);
#481 = AXIS2_PLACEMENT_3D('',#482,#483,#484);
#482 = CARTESIAN_POINT('',(-15.5,-31.82216123536,32.8));
#483 = DIRECTION('',(0.,0.206758557005,0.978391996648));
#484 = DIRECTION('',(0.,-0.978391996648,0.206758557005));
#485 = PCURVE('',#486,#512);
#486 = B_SPLINE_SURFACE_WITH_KNOTS('',3,3,(
    (#487,#488,#489,#490,#491)
    ,(#492,#493,#494,#495,#496)
    ,(#497,#498,#499,#500,#501)
    ,(#502,#503,#504,#505,#506)
    ,(#507,#508,#509,#510,#511
    )),.UNSPECIFIED.,.F.,.F.,.F.,(4,1,4),(4,1,4),(0.,0.571428571429,1.),
  (-1.570796326795,-0.897597901026,1.609729229874E-14),.UNSPECIFIED.);
#487 = CARTESIAN_POINT('',(-17.,-31.82216123536,32.8));
#488 = CARTESIAN_POINT('',(-17.,-32.15195976312,32.869694629489));
#489 = CARTESIAN_POINT('',(-16.72581908112,-32.92278773849,
    33.032589747634));
#490 = CARTESIAN_POINT('',(-15.94879895051,-33.29185508103,
    33.110582854123));
#491 = CARTESIAN_POINT('',(-15.5,-33.29185508103,33.110582854123));
#492 = CARTESIAN_POINT('',(-17.,-31.82216123536,33.15903916041));
#493 = CARTESIAN_POINT('',(-16.97851002735,-32.15279101433,
    33.215393629682));
#494 = CARTESIAN_POINT('',(-16.66392349533,-32.88732842826,
    33.342286218338));
#495 = CARTESIAN_POINT('',(-15.92532715926,-33.21441660383,
    33.399587185531));
#496 = CARTESIAN_POINT('',(-15.5,-33.21441660383,33.399587185531));
#497 = CARTESIAN_POINT('',(-16.69850956625,-31.82216123536,
    33.780477433296));
#498 = CARTESIAN_POINT('',(-16.66537266867,-32.0863986101,
    33.797452284461));
#499 = CARTESIAN_POINT('',(-16.38451998477,-32.64753627835,
    33.83405992443));
#500 = CARTESIAN_POINT('',(-15.82146712345,-32.8812062804,
    33.849503072214));
#501 = CARTESIAN_POINT('',(-15.5,-32.8812062804,33.849503072214));
#502 = CARTESIAN_POINT('',(-16.0692793703,-31.82216123536,34.));
#503 = CARTESIAN_POINT('',(-16.0594092606,-31.95010364903,
    33.999820288178));
#504 = CARTESIAN_POINT('',(-15.9368914182,-32.23239785816,
    33.999815125005));
#505 = CARTESIAN_POINT('',(-15.65919166909,-32.35714356474,34.));
#506 = CARTESIAN_POINT('',(-15.5,-32.35714356474,34.));
#507 = CARTESIAN_POINT('',(-15.8,-31.82216123536,34.));
#508 = CARTESIAN_POINT('',(-15.8,-31.89185586485,34.));
#509 = CARTESIAN_POINT('',(-15.74516381622,-32.054750983,34.));
#510 = CARTESIAN_POINT('',(-15.5897597901,-32.13274408949,34.));
#511 = CARTESIAN_POINT('',(-15.5,-32.13274408949,34.));
#512 = DEFINITIONAL_REPRESENTATION('',(#513),#517);
#513 = LINE('',#514,#515);
#514 = CARTESIAN_POINT('',(-3.463167239324E-14,-6.28318530718));
#515 = VECTOR('',#516,1.);
#516 = DIRECTION('',(7.329857171708E-15,1.));
#517 = ( GEOMETRIC_REPRESENTATION_CONTEXT(2) 
PARAMETRIC_REPRESENTATION_CONTEXT() REPRESENTATION_CONTEXT('2D SPACE',''
  ) );
#518 = PCURVE('',#519,#524);
#519 = CYLINDRICAL_SURFACE('',#520,1.5);
#520 = AXIS2_PLACEMENT_3D('',#521,#522,#523);
#521 = CARTESIAN_POINT('',(-15.5,-33.66631579323,25.917521493033));
#522 = DIRECTION('',(0.,0.258819045103,0.965925826289));
#523 = DIRECTION('',(-0.707106781187,-0.683012701892,0.183012701892));
#524 = DEFINITIONAL_REPRESENTATION('',(#525),#551);
#525 = B_SPLINE_CURVE_WITH_KNOTS('',3,(#526,#527,#528,#529,#530,#531,
    #532,#533,#534,#535,#536,#537,#538,#539,#540,#541,#542,#543,#544,
    #545,#546,#547,#548,#549,#550),.UNSPECIFIED.,.F.,.F.,(4,1,1,1,1,1,1,
    1,1,1,1,1,1,1,1,1,1,1,1,1,1,1,4),(4.712388980385,4.783788813421,
    4.855188646457,4.926588479493,4.997988312529,5.069388145565,
    5.140787978601,5.212187811638,5.283587644674,5.35498747771,
    5.426387310746,5.497787143782,5.569186976818,5.640586809854,
    5.711986642891,5.783386475927,5.854786308963,5.926186141999,
    5.997585975035,6.068985808071,6.140385641107,6.211785474143,
    6.28318530718),.QUASI_UNIFORM_KNOTS.);
#526 = CARTESIAN_POINT('',(5.497787143782,7.125266060448));
#527 = CARTESIAN_POINT('',(5.521587088127,7.123352892798));
#528 = CARTESIAN_POINT('',(5.569186976818,7.119526610035));
#529 = CARTESIAN_POINT('',(5.640586809854,7.113816390619));
#530 = CARTESIAN_POINT('',(5.711986642891,7.108164527401));
#531 = CARTESIAN_POINT('',(5.783386475927,7.102599806647));
#532 = CARTESIAN_POINT('',(5.854786308963,7.097150588738));
#533 = CARTESIAN_POINT('',(5.926186141999,7.091844640612));
#534 = CARTESIAN_POINT('',(5.997585975035,7.086709000437));
#535 = CARTESIAN_POINT('',(6.068985808071,7.081769838187));
#536 = CARTESIAN_POINT('',(6.140385641107,7.07705232272));
#537 = CARTESIAN_POINT('',(6.211785474143,7.072580493407));
#538 = CARTESIAN_POINT('',(6.28318530718,7.068377137668));
#539 = CARTESIAN_POINT('',(6.354585140216,7.064463674839));
#540 = CARTESIAN_POINT('',(6.425984973252,7.060860047032));
#541 = CARTESIAN_POINT('',(6.497384806288,7.057584617494));
#542 = CARTESIAN_POINT('',(6.568784639324,7.054654077123));
#543 = CARTESIAN_POINT('',(6.64018447236,7.052083359055));
#544 = CARTESIAN_POINT('',(6.711584305396,7.049885563925));
#545 = CARTESIAN_POINT('',(6.782984138432,7.048071888039));
#546 = CARTESIAN_POINT('',(6.854383971469,7.046651585241));
#547 = CARTESIAN_POINT('',(6.925783804505,7.04563184916));
#548 = CARTESIAN_POINT('',(6.997183637541,7.045018040001));
#549 = CARTESIAN_POINT('',(7.044783526232,7.044881129364));
#550 = CARTESIAN_POINT('',(7.068583470577,7.044881302718));
#551 = ( GEOMETRIC_REPRESENTATION_CONTEXT(2) 
PARAMETRIC_REPRESENTATION_CONTEXT() REPRESENTATION_CONTEXT('2D SPACE',''
  ) );
#552 = ORIENTED_EDGE('',*,*,#553,.F.);
#553 = EDGE_CURVE('',#554,#475,#556,.T.);
#554 = VERTEX_POINT('',#555);
#555 = CARTESIAN_POINT('',(-15.8,-31.82216123536,34.));
#556 = SURFACE_CURVE('',#557,(#562,#568),.PCURVE_S1.);
#557 = CIRCLE('',#558,1.2);
#558 = AXIS2_PLACEMENT_3D('',#559,#560,#561);
#559 = CARTESIAN_POINT('',(-15.8,-31.82216123536,32.8));
#560 = DIRECTION('',(-1.110223024625E-14,-1.,2.054325274013E-29));
#561 = DIRECTION('',(1.850371707709E-15,-3.36311631438E-44,1.));
#562 = PCURVE('',#486,#563);
#563 = DEFINITIONAL_REPRESENTATION('',(#564),#567);
#564 = B_SPLINE_CURVE_WITH_KNOTS('',1,(#565,#566),.UNSPECIFIED.,.F.,.F.,
  (2,2),(0.,1.570796326795),.PIECEWISE_BEZIER_KNOTS.);
#565 = CARTESIAN_POINT('',(1.,-1.570796326795));
#566 = CARTESIAN_POINT('',(1.502663494888E-15,-1.570796326795));
#567 = ( GEOMETRIC_REPRESENTATION_CONTEXT(2) 
PARAMETRIC_REPRESENTATION_CONTEXT() REPRESENTATION_CONTEXT('2D SPACE',''
  ) );
#568 = PCURVE('',#569,#574);
#569 = CYLINDRICAL_SURFACE('',#570,1.2);
#570 = AXIS2_PLACEMENT_3D('',#571,#572,#573);
#571 = CARTESIAN_POINT('',(-15.8,-15.58133613045,32.8));
#572 = DIRECTION('',(0.,1.,0.));
#573 = DIRECTION('',(-0.707106781187,0.,0.707106781187));
#574 = DEFINITIONAL_REPRESENTATION('',(#575),#579);
#575 = LINE('',#576,#577);
#576 = CARTESIAN_POINT('',(0.785398163397,-16.24082510491));
#577 = VECTOR('',#578,1.);
#578 = DIRECTION('',(-1.,9.046911093941E-15));
#579 = ( GEOMETRIC_REPRESENTATION_CONTEXT(2) 
PARAMETRIC_REPRESENTATION_CONTEXT() REPRESENTATION_CONTEXT('2D SPACE',''
  ) );
#580 = ORIENTED_EDGE('',*,*,#581,.F.);
#581 = EDGE_CURVE('',#582,#554,#584,.T.);
#582 = VERTEX_POINT('',#583);
#583 = CARTESIAN_POINT('',(-15.5,-32.13274408949,34.));
#584 = SURFACE_CURVE('',#585,(#590,#597),.PCURVE_S1.);
#585 = ELLIPSE('',#586,0.310582854123,0.3);
#586 = AXIS2_PLACEMENT_3D('',#587,#588,#589);
#587 = CARTESIAN_POINT('',(-15.5,-31.82216123536,34.));
#588 = DIRECTION('',(0.,0.,-1.));
#589 = DIRECTION('',(-1.284637558636E-15,-1.,-0.));
#590 = PCURVE('',#486,#591);
#591 = DEFINITIONAL_REPRESENTATION('',(#592),#596);
#592 = LINE('',#593,#594);
#593 = CARTESIAN_POINT('',(1.,1.237199512936E-14));
#594 = VECTOR('',#595,1.);
#595 = DIRECTION('',(1.116728088158E-14,-1.));
#596 = ( GEOMETRIC_REPRESENTATION_CONTEXT(2) 
PARAMETRIC_REPRESENTATION_CONTEXT() REPRESENTATION_CONTEXT('2D SPACE',''
  ) );
#597 = PCURVE('',#598,#603);
#598 = PLANE('',#599);
#599 = AXIS2_PLACEMENT_3D('',#600,#601,#602);
#600 = CARTESIAN_POINT('',(0.,0.,34.));
#601 = DIRECTION('',(0.,0.,1.));
#602 = DIRECTION('',(1.,0.,-0.));
#603 = DEFINITIONAL_REPRESENTATION('',(#604),#612);
#604 = ( BOUNDED_CURVE() B_SPLINE_CURVE(2,(#605,#606,#607,#608,#609,#610
,#611),.UNSPECIFIED.,.T.,.F.) B_SPLINE_CURVE_WITH_KNOTS((1,2,2,2,2,1),(
    -2.094395102393,0.,2.094395102393,4.188790204786,6.28318530718,
8.377580409573),.UNSPECIFIED.) CURVE() GEOMETRIC_REPRESENTATION_ITEM() 
RATIONAL_B_SPLINE_CURVE((1.,0.5,1.,0.5,1.,0.5,1.)) REPRESENTATION_ITEM(
  '') );
#605 = CARTESIAN_POINT('',(-15.5,-32.13274408949));
#606 = CARTESIAN_POINT('',(-16.01961524227,-32.13274408949));
#607 = CARTESIAN_POINT('',(-15.75980762113,-31.6668698083));
#608 = CARTESIAN_POINT('',(-15.5,-31.20099552712));
#609 = CARTESIAN_POINT('',(-15.24019237886,-31.6668698083));
#610 = CARTESIAN_POINT('',(-14.98038475772,-32.13274408949));
#611 = CARTESIAN_POINT('',(-15.5,-32.13274408949));
#612 = ( GEOMETRIC_REPRESENTATION_CONTEXT(2) 
PARAMETRIC_REPRESENTATION_CONTEXT() REPRESENTATION_CONTEXT('2D SPACE',''
  ) );
#613 = ORIENTED_EDGE('',*,*,#614,.F.);
#614 = EDGE_CURVE('',#477,#582,#615,.T.);
#615 = SURFACE_CURVE('',#616,(#621,#627),.PCURVE_S1.);
#616 = CIRCLE('',#617,1.2);
#617 = AXIS2_PLACEMENT_3D('',#618,#619,#620);
#618 = CARTESIAN_POINT('',(-15.5,-32.13274408949,32.8));
#619 = DIRECTION('',(-1.,-1.724081178506E-14,-6.366429710896E-29));
#620 = DIRECTION('',(1.665334536938E-14,-0.965925826289,0.258819045103)
  );
#621 = PCURVE('',#486,#622);
#622 = DEFINITIONAL_REPRESENTATION('',(#623),#626);
#623 = B_SPLINE_CURVE_WITH_KNOTS('',1,(#624,#625),.UNSPECIFIED.,.F.,.F.,
  (2,2),(0.,1.308996938996),.PIECEWISE_BEZIER_KNOTS.);
#624 = CARTESIAN_POINT('',(1.466912578156E-14,2.971631156313E-14));
#625 = CARTESIAN_POINT('',(1.,6.450805664697E-15));
#626 = ( GEOMETRIC_REPRESENTATION_CONTEXT(2) 
PARAMETRIC_REPRESENTATION_CONTEXT() REPRESENTATION_CONTEXT('2D SPACE',''
  ) );
#627 = PCURVE('',#628,#633);
#628 = CYLINDRICAL_SURFACE('',#629,1.2);
#629 = AXIS2_PLACEMENT_3D('',#630,#631,#632);
#630 = CARTESIAN_POINT('',(0.,-32.13274408949,32.8));
#631 = DIRECTION('',(1.,0.,0.));
#632 = DIRECTION('',(0.,-0.608761429009,0.793353340291));
#633 = DEFINITIONAL_REPRESENTATION('',(#634),#638);
#634 = LINE('',#635,#636);
#635 = CARTESIAN_POINT('',(0.654498469498,-15.5));
#636 = VECTOR('',#637,1.);
#637 = DIRECTION('',(-1.,-1.4927403305E-14));
#638 = ( GEOMETRIC_REPRESENTATION_CONTEXT(2) 
PARAMETRIC_REPRESENTATION_CONTEXT() REPRESENTATION_CONTEXT('2D SPACE',''
  ) );
#639 = ADVANCED_FACE('',(#640),#655,.F.);
#640 = FACE_BOUND('',#641,.F.);
#641 = EDGE_LOOP('',(#642,#698,#726,#777));
#642 = ORIENTED_EDGE('',*,*,#643,.F.);
#643 = EDGE_CURVE('',#644,#646,#648,.T.);
#644 = VERTEX_POINT('',#645);
#645 = CARTESIAN_POINT('',(15.8,-31.82216123536,34.));
#646 = VERTEX_POINT('',#647);
#647 = CARTESIAN_POINT('',(15.5,-32.13274408949,34.));
#648 = SURFACE_CURVE('',#649,(#654,#687),.PCURVE_S1.);
#649 = ELLIPSE('',#650,0.310582854123,0.3);
#650 = AXIS2_PLACEMENT_3D('',#651,#652,#653);
#651 = CARTESIAN_POINT('',(15.5,-31.82216123536,34.));
#652 = DIRECTION('',(0.,0.,-1.));
#653 = DIRECTION('',(1.284637558636E-15,-1.,0.));
#654 = PCURVE('',#655,#681);
#655 = B_SPLINE_SURFACE_WITH_KNOTS('',3,3,(
    (#656,#657,#658,#659,#660)
    ,(#661,#662,#663,#664,#665)
    ,(#666,#667,#668,#669,#670)
    ,(#671,#672,#673,#674,#675)
    ,(#676,#677,#678,#679,#680
    )),.UNSPECIFIED.,.F.,.F.,.F.,(4,1,4),(4,1,4),(0.,0.571428571429,1.),
  (-1.570796326795,-0.897597901026,1.613292832658E-14),.UNSPECIFIED.);
#656 = CARTESIAN_POINT('',(15.8,-31.82216123536,34.));
#657 = CARTESIAN_POINT('',(15.8,-31.89185586485,34.));
#658 = CARTESIAN_POINT('',(15.745163816225,-32.054750983,34.));
#659 = CARTESIAN_POINT('',(15.589759790103,-32.13274408949,34.));
#660 = CARTESIAN_POINT('',(15.5,-32.13274408949,34.));
#661 = CARTESIAN_POINT('',(16.15903916041,-31.82216123536,34.));
#662 = CARTESIAN_POINT('',(16.145476267103,-31.970015959,33.999452961461
    ));
#663 = CARTESIAN_POINT('',(16.000339478304,-32.29202371479,
    33.99941139954));
#664 = CARTESIAN_POINT('',(15.682631462965,-32.43194338983,34.));
#665 = CARTESIAN_POINT('',(15.5,-32.43194338983,34.));
#666 = CARTESIAN_POINT('',(16.780477433296,-31.82216123536,
    33.698509566259));
#667 = CARTESIAN_POINT('',(16.745324712978,-32.10427199203,
    33.722289398414));
#668 = CARTESIAN_POINT('',(16.445479553868,-32.70348286336,
    33.773282929867));
#669 = CARTESIAN_POINT('',(15.843703645561,-32.95276994216,
    33.794590343186));
#670 = CARTESIAN_POINT('',(15.5,-32.95276994216,33.794590343186));
#671 = CARTESIAN_POINT('',(17.,-31.82216123536,33.069279370308));
#672 = CARTESIAN_POINT('',(16.984212841446,-32.15217116114,
    33.129160534025));
#673 = CARTESIAN_POINT('',(16.679776346209,-32.89585065968,
    33.26507941062));
#674 = CARTESIAN_POINT('',(15.93094743052,-33.23377622313,
    33.327336102679));
#675 = CARTESIAN_POINT('',(15.5,-33.23377622313,33.327336102679));
#676 = CARTESIAN_POINT('',(17.,-31.82216123536,32.8));
#677 = CARTESIAN_POINT('',(17.,-32.15195976312,32.869694629489));
#678 = CARTESIAN_POINT('',(16.725819081124,-32.92278773849,
    33.032589747634));
#679 = CARTESIAN_POINT('',(15.948798950513,-33.29185508103,
    33.110582854123));
#680 = CARTESIAN_POINT('',(15.5,-33.29185508103,33.110582854123));
#681 = DEFINITIONAL_REPRESENTATION('',(#682),#686);
#682 = LINE('',#683,#684);
#683 = CARTESIAN_POINT('',(-6.790105365209E-14,-6.28318530718));
#684 = VECTOR('',#685,1.);
#685 = DIRECTION('',(1.40509697454E-14,1.));
#686 = ( GEOMETRIC_REPRESENTATION_CONTEXT(2) 
PARAMETRIC_REPRESENTATION_CONTEXT() REPRESENTATION_CONTEXT('2D SPACE',''
  ) );
#687 = PCURVE('',#598,#688);
#688 = DEFINITIONAL_REPRESENTATION('',(#689),#697);
#689 = ( BOUNDED_CURVE() B_SPLINE_CURVE(2,(#690,#691,#692,#693,#694,#695
,#696),.UNSPECIFIED.,.T.,.F.) B_SPLINE_CURVE_WITH_KNOTS((1,2,2,2,2,1),(
    -2.094395102393,0.,2.094395102393,4.188790204786,6.28318530718,
8.377580409573),.UNSPECIFIED.) CURVE() GEOMETRIC_REPRESENTATION_ITEM() 
RATIONAL_B_SPLINE_CURVE((1.,0.5,1.,0.5,1.,0.5,1.)) REPRESENTATION_ITEM(
  '') );
#690 = CARTESIAN_POINT('',(15.5,-32.13274408949));
#691 = CARTESIAN_POINT('',(14.980384757729,-32.13274408949));
#692 = CARTESIAN_POINT('',(15.240192378865,-31.6668698083));
#693 = CARTESIAN_POINT('',(15.5,-31.20099552712));
#694 = CARTESIAN_POINT('',(15.759807621135,-31.6668698083));
#695 = CARTESIAN_POINT('',(16.019615242271,-32.13274408949));
#696 = CARTESIAN_POINT('',(15.5,-32.13274408949));
#697 = ( GEOMETRIC_REPRESENTATION_CONTEXT(2) 
PARAMETRIC_REPRESENTATION_CONTEXT() REPRESENTATION_CONTEXT('2D SPACE',''
  ) );
#698 = ORIENTED_EDGE('',*,*,#699,.F.);
#699 = EDGE_CURVE('',#700,#644,#702,.T.);
#700 = VERTEX_POINT('',#701);
#701 = CARTESIAN_POINT('',(17.,-31.82216123536,32.8));
#702 = SURFACE_CURVE('',#703,(#708,#714),.PCURVE_S1.);
#703 = CIRCLE('',#704,1.2);
#704 = AXIS2_PLACEMENT_3D('',#705,#706,#707);
#705 = CARTESIAN_POINT('',(15.8,-31.82216123536,32.8));
#706 = DIRECTION('',(1.110223024625E-14,-1.,2.054325274013E-29));
#707 = DIRECTION('',(1.,1.110223024625E-14,-3.700743415417E-15));
#708 = PCURVE('',#655,#709);
#709 = DEFINITIONAL_REPRESENTATION('',(#710),#713);
#710 = B_SPLINE_CURVE_WITH_KNOTS('',1,(#711,#712),.UNSPECIFIED.,.F.,.F.,
  (2,2),(0.,1.570796326795),.PIECEWISE_BEZIER_KNOTS.);
#711 = CARTESIAN_POINT('',(1.,-1.570796326795));
#712 = CARTESIAN_POINT('',(-2.629805232442E-15,-1.570796326795));
#713 = ( GEOMETRIC_REPRESENTATION_CONTEXT(2) 
PARAMETRIC_REPRESENTATION_CONTEXT() REPRESENTATION_CONTEXT('2D SPACE',''
  ) );
#714 = PCURVE('',#715,#720);
#715 = CYLINDRICAL_SURFACE('',#716,1.2);
#716 = AXIS2_PLACEMENT_3D('',#717,#718,#719);
#717 = CARTESIAN_POINT('',(15.8,-15.58133613045,32.8));
#718 = DIRECTION('',(0.,-1.,0.));
#719 = DIRECTION('',(0.707106781187,0.,0.707106781187));
#720 = DEFINITIONAL_REPRESENTATION('',(#721),#725);
#721 = LINE('',#722,#723);
#722 = CARTESIAN_POINT('',(-0.785398163397,16.240825104917));
#723 = VECTOR('',#724,1.);
#724 = DIRECTION('',(1.,9.046911093941E-15));
#725 = ( GEOMETRIC_REPRESENTATION_CONTEXT(2) 
PARAMETRIC_REPRESENTATION_CONTEXT() REPRESENTATION_CONTEXT('2D SPACE',''
  ) );
#726 = ORIENTED_EDGE('',*,*,#727,.F.);
#727 = EDGE_CURVE('',#728,#700,#730,.T.);
#728 = VERTEX_POINT('',#729);
#729 = CARTESIAN_POINT('',(15.5,-33.29185508103,33.110582854123));
#730 = SURFACE_CURVE('',#731,(#736,#743),.PCURVE_S1.);
#731 = ELLIPSE('',#732,1.502152358875,1.5);
#732 = AXIS2_PLACEMENT_3D('',#733,#734,#735);
#733 = CARTESIAN_POINT('',(15.5,-31.82216123536,32.8));
#734 = DIRECTION('',(0.,0.206758557005,0.978391996648));
#735 = DIRECTION('',(0.,-0.978391996648,0.206758557005));
#736 = PCURVE('',#655,#737);
#737 = DEFINITIONAL_REPRESENTATION('',(#738),#742);
#738 = LINE('',#739,#740);
#739 = CARTESIAN_POINT('',(1.,1.672874692568E-14));
#740 = VECTOR('',#741,1.);
#741 = DIRECTION('',(4.240739575285E-15,-1.));
#742 = ( GEOMETRIC_REPRESENTATION_CONTEXT(2) 
PARAMETRIC_REPRESENTATION_CONTEXT() REPRESENTATION_CONTEXT('2D SPACE',''
  ) );
#743 = PCURVE('',#744,#749);
#744 = CYLINDRICAL_SURFACE('',#745,1.5);
#745 = AXIS2_PLACEMENT_3D('',#746,#747,#748);
#746 = CARTESIAN_POINT('',(15.5,-33.66631579323,25.917521493033));
#747 = DIRECTION('',(0.,-0.258819045103,-0.965925826289));
#748 = DIRECTION('',(0.707106781187,-0.683012701892,0.183012701892));
#749 = DEFINITIONAL_REPRESENTATION('',(#750),#776);
#750 = B_SPLINE_CURVE_WITH_KNOTS('',3,(#751,#752,#753,#754,#755,#756,
    #757,#758,#759,#760,#761,#762,#763,#764,#765,#766,#767,#768,#769,
    #770,#771,#772,#773,#774,#775),.UNSPECIFIED.,.F.,.F.,(4,1,1,1,1,1,1,
    1,1,1,1,1,1,1,1,1,1,1,1,1,1,1,4),(0.,7.139983303613E-02,
    0.142799666072,0.214199499108,0.285599332145,0.356999165181,
    0.428398998217,0.499798831253,0.571198664289,0.642598497325,
    0.713998330361,0.785398163397,0.856797996434,0.92819782947,
    0.999597662506,1.070997495542,1.142397328578,1.213797161614,
    1.28519699465,1.356596827687,1.427996660723,1.499396493759,
    1.570796326795),.QUASI_UNIFORM_KNOTS.);
#751 = CARTESIAN_POINT('',(7.068583470577,-7.044881302718));
#752 = CARTESIAN_POINT('',(7.044783526232,-7.044881129364));
#753 = CARTESIAN_POINT('',(6.997183637541,-7.045018040001));
#754 = CARTESIAN_POINT('',(6.925783804505,-7.04563184916));
#755 = CARTESIAN_POINT('',(6.854383971469,-7.046651585241));
#756 = CARTESIAN_POINT('',(6.782984138432,-7.048071888039));
#757 = CARTESIAN_POINT('',(6.711584305396,-7.049885563925));
#758 = CARTESIAN_POINT('',(6.64018447236,-7.052083359055));
#759 = CARTESIAN_POINT('',(6.568784639324,-7.054654077123));
#760 = CARTESIAN_POINT('',(6.497384806288,-7.057584617494));
#761 = CARTESIAN_POINT('',(6.425984973252,-7.060860047032));
#762 = CARTESIAN_POINT('',(6.354585140216,-7.064463674839));
#763 = CARTESIAN_POINT('',(6.28318530718,-7.068377137668));
#764 = CARTESIAN_POINT('',(6.211785474143,-7.072580493407));
#765 = CARTESIAN_POINT('',(6.140385641107,-7.07705232272));
#766 = CARTESIAN_POINT('',(6.068985808071,-7.081769838187));
#767 = CARTESIAN_POINT('',(5.997585975035,-7.086709000437));
#768 = CARTESIAN_POINT('',(5.926186141999,-7.091844640612));
#769 = CARTESIAN_POINT('',(5.854786308963,-7.097150588738));
#770 = CARTESIAN_POINT('',(5.783386475927,-7.102599806647));
#771 = CARTESIAN_POINT('',(5.711986642891,-7.108164527401));
#772 = CARTESIAN_POINT('',(5.640586809854,-7.113816390619));
#773 = CARTESIAN_POINT('',(5.569186976818,-7.119526610035));
#774 = CARTESIAN_POINT('',(5.521587088127,-7.123352892798));
#775 = CARTESIAN_POINT('',(5.497787143782,-7.125266060448));
#776 = ( GEOMETRIC_REPRESENTATION_CONTEXT(2) 
PARAMETRIC_REPRESENTATION_CONTEXT() REPRESENTATION_CONTEXT('2D SPACE',''
  ) );
#777 = ORIENTED_EDGE('',*,*,#778,.F.);
#778 = EDGE_CURVE('',#646,#728,#779,.T.);
#779 = SURFACE_CURVE('',#780,(#785,#791),.PCURVE_S1.);
#780 = CIRCLE('',#781,1.2);
#781 = AXIS2_PLACEMENT_3D('',#782,#783,#784);
#782 = CARTESIAN_POINT('',(15.5,-32.13274408949,32.8));
#783 = DIRECTION('',(1.,-1.724081178506E-14,-6.380382069E-29));
#784 = DIRECTION('',(-1.181481442135E-43,-3.700743415417E-15,1.));
#785 = PCURVE('',#655,#786);
#786 = DEFINITIONAL_REPRESENTATION('',(#787),#790);
#787 = B_SPLINE_CURVE_WITH_KNOTS('',1,(#788,#789),.UNSPECIFIED.,.F.,.F.,
  (2,2),(0.,1.308996938996),.PIECEWISE_BEZIER_KNOTS.);
#788 = CARTESIAN_POINT('',(6.816717249555E-15,1.999687461805E-14));
#789 = CARTESIAN_POINT('',(1.,2.857112585501E-14));
#790 = ( GEOMETRIC_REPRESENTATION_CONTEXT(2) 
PARAMETRIC_REPRESENTATION_CONTEXT() REPRESENTATION_CONTEXT('2D SPACE',''
  ) );
#791 = PCURVE('',#628,#792);
#792 = DEFINITIONAL_REPRESENTATION('',(#793),#797);
#793 = LINE('',#794,#795);
#794 = CARTESIAN_POINT('',(-0.654498469498,15.5));
#795 = VECTOR('',#796,1.);
#796 = DIRECTION('',(1.,-1.4927403305E-14));
#797 = ( GEOMETRIC_REPRESENTATION_CONTEXT(2) 
PARAMETRIC_REPRESENTATION_CONTEXT() REPRESENTATION_CONTEXT('2D SPACE',''
  ) );
#798 = ADVANCED_FACE('',(#799),#813,.T.);
#799 = FACE_BOUND('',#800,.T.);
#800 = EDGE_LOOP('',(#801,#831,#899,#927));
#801 = ORIENTED_EDGE('',*,*,#802,.T.);
#802 = EDGE_CURVE('',#803,#805,#807,.T.);
#803 = VERTEX_POINT('',#804);
#804 = CARTESIAN_POINT('',(-16.79903810567,-37.71297208611,
    13.712972086113));
#805 = VERTEX_POINT('',#806);
#806 = CARTESIAN_POINT('',(16.799038105677,-37.71297208611,
    13.712972086113));
#807 = SURFACE_CURVE('',#808,(#812,#824),.PCURVE_S1.);
#808 = LINE('',#809,#810);
#809 = CARTESIAN_POINT('',(0.,-37.71297208611,13.712972086113));
#810 = VECTOR('',#811,1.);
#811 = DIRECTION('',(1.,0.,0.));
#812 = PCURVE('',#813,#818);
#813 = CYLINDRICAL_SURFACE('',#814,1.5);
#814 = AXIS2_PLACEMENT_3D('',#815,#816,#817);
#815 = CARTESIAN_POINT('',(0.,-36.65231191433,14.773632257893));
#816 = DIRECTION('',(1.,0.,0.));
#817 = DIRECTION('',(0.,-0.965925826289,-0.258819045103));
#818 = DEFINITIONAL_REPRESENTATION('',(#819),#823);
#819 = LINE('',#820,#821);
#820 = CARTESIAN_POINT('',(0.523598775598,0.));
#821 = VECTOR('',#822,1.);
#822 = DIRECTION('',(0.,1.));
#823 = ( GEOMETRIC_REPRESENTATION_CONTEXT(2) 
PARAMETRIC_REPRESENTATION_CONTEXT() REPRESENTATION_CONTEXT('2D SPACE',''
  ) );
#824 = PCURVE('',#386,#825);
#825 = DEFINITIONAL_REPRESENTATION('',(#826),#830);
#826 = LINE('',#827,#828);
#827 = CARTESIAN_POINT('',(0.866025403784,0.));
#828 = VECTOR('',#829,1.);
#829 = DIRECTION('',(0.,1.));
#830 = ( GEOMETRIC_REPRESENTATION_CONTEXT(2) 
PARAMETRIC_REPRESENTATION_CONTEXT() REPRESENTATION_CONTEXT('2D SPACE',''
  ) );
#831 = ORIENTED_EDGE('',*,*,#832,.T.);
#832 = EDGE_CURVE('',#805,#833,#835,.T.);
#833 = VERTEX_POINT('',#834);
#834 = CARTESIAN_POINT('',(15.5,-38.10120065376,15.161860825547));
#835 = SURFACE_CURVE('',#836,(#841,#870),.PCURVE_S1.);
#836 = ELLIPSE('',#837,2.12132034356,1.5);
#837 = AXIS2_PLACEMENT_3D('',#838,#839,#840);
#838 = CARTESIAN_POINT('',(15.5,-36.65231191433,14.773632257893));
#839 = DIRECTION('',(-0.707106781187,-0.183012701892,-0.683012701892));
#840 = DIRECTION('',(-0.707106781187,0.183012701892,0.683012701892));
#841 = PCURVE('',#813,#842);
#842 = DEFINITIONAL_REPRESENTATION('',(#843),#869);
#843 = B_SPLINE_CURVE_WITH_KNOTS('',3,(#844,#845,#846,#847,#848,#849,
    #850,#851,#852,#853,#854,#855,#856,#857,#858,#859,#860,#861,#862,
    #863,#864,#865,#866,#867,#868),.UNSPECIFIED.,.F.,.F.,(4,1,1,1,1,1,1,
    1,1,1,1,1,1,1,1,1,1,1,1,1,1,1,4),(3.665191429188,3.712791317879,
    3.76039120657,3.80799109526,3.855590983951,3.903190872642,
    3.950790761333,3.998390650023,4.045990538714,4.093590427405,
    4.141190316096,4.188790204786,4.236390093477,4.283989982168,
    4.331589870859,4.379189759549,4.42678964824,4.474389536931,
    4.521989425622,4.569589314312,4.617189203003,4.664789091694,
    4.712388980385),.QUASI_UNIFORM_KNOTS.);
#844 = CARTESIAN_POINT('',(0.523598775598,16.799038105677));
#845 = CARTESIAN_POINT('',(0.507732146035,16.787138669874));
#846 = CARTESIAN_POINT('',(0.475998886908,16.762356657876));
#847 = CARTESIAN_POINT('',(0.428398998217,16.722325488104));
#848 = CARTESIAN_POINT('',(0.380799109526,16.679524958161));
#849 = CARTESIAN_POINT('',(0.333199220835,16.634052531938));
#850 = CARTESIAN_POINT('',(0.285599332145,16.586011083276));
#851 = CARTESIAN_POINT('',(0.237999443454,16.535509477904));
#852 = CARTESIAN_POINT('',(0.190399554763,16.482662108448));
#853 = CARTESIAN_POINT('',(0.142799666072,16.427588693811));
#854 = CARTESIAN_POINT('',(9.519977738152E-02,16.370413992291));
#855 = CARTESIAN_POINT('',(4.759988869076E-02,16.311267523164));
#856 = CARTESIAN_POINT('',(1.227677499058E-14,16.250283272154));
#857 = CARTESIAN_POINT('',(-4.759988869075E-02,16.18759938822));
#858 = CARTESIAN_POINT('',(-9.51997773815E-02,16.123357870514));
#859 = CARTESIAN_POINT('',(-0.142799666072,16.057704246741));
#860 = CARTESIAN_POINT('',(-0.190399554763,15.990787243463));
#861 = CARTESIAN_POINT('',(-0.237999443454,15.922758449263));
#862 = CARTESIAN_POINT('',(-0.285599332145,15.853771971058));
#863 = CARTESIAN_POINT('',(-0.333199220835,15.783984086089));
#864 = CARTESIAN_POINT('',(-0.380799109526,15.713552883829));
#865 = CARTESIAN_POINT('',(-0.428398998217,15.642637923056));
#866 = CARTESIAN_POINT('',(-0.475998886908,15.571399813687));
#867 = CARTESIAN_POINT('',(-0.507732146035,15.52379998097));
#868 = CARTESIAN_POINT('',(-0.523598775598,15.5));
#869 = ( GEOMETRIC_REPRESENTATION_CONTEXT(2) 
PARAMETRIC_REPRESENTATION_CONTEXT() REPRESENTATION_CONTEXT('2D SPACE',''
  ) );
#870 = PCURVE('',#744,#871);
#871 = DEFINITIONAL_REPRESENTATION('',(#872),#898);
#872 = B_SPLINE_CURVE_WITH_KNOTS('',3,(#873,#874,#875,#876,#877,#878,
    #879,#880,#881,#882,#883,#884,#885,#886,#887,#888,#889,#890,#891,
    #892,#893,#894,#895,#896,#897),.UNSPECIFIED.,.F.,.F.,(4,1,1,1,1,1,1,
    1,1,1,1,1,1,1,1,1,1,1,1,1,1,1,4),(3.665191429188,3.712791317879,
    3.76039120657,3.80799109526,3.855590983951,3.903190872642,
    3.950790761333,3.998390650023,4.045990538714,4.093590427405,
    4.141190316096,4.188790204786,4.236390093477,4.283989982168,
    4.331589870859,4.379189759549,4.42678964824,4.474389536931,
    4.521989425622,4.569589314312,4.617189203003,4.664789091694,
    4.712388980385),.QUASI_UNIFORM_KNOTS.);
#873 = CARTESIAN_POINT('',(6.02138591938,12.836041187945));
#874 = CARTESIAN_POINT('',(6.037252548944,12.824141752142));
#875 = CARTESIAN_POINT('',(6.068985808071,12.799359740144));
#876 = CARTESIAN_POINT('',(6.116585696762,12.759328570372));
#877 = CARTESIAN_POINT('',(6.164185585453,12.716528040429));
#878 = CARTESIAN_POINT('',(6.211785474143,12.671055614206));
#879 = CARTESIAN_POINT('',(6.259385362834,12.623014165544));
#880 = CARTESIAN_POINT('',(6.306985251525,12.572512560172));
#881 = CARTESIAN_POINT('',(6.354585140216,12.519665190716));
#882 = CARTESIAN_POINT('',(6.402185028906,12.46459177608));
#883 = CARTESIAN_POINT('',(6.449784917597,12.40741707456));
#884 = CARTESIAN_POINT('',(6.497384806288,12.348270605432));
#885 = CARTESIAN_POINT('',(6.544984694979,12.287286354423));
#886 = CARTESIAN_POINT('',(6.592584583669,12.224602470488));
#887 = CARTESIAN_POINT('',(6.64018447236,12.160360952782));
#888 = CARTESIAN_POINT('',(6.687784361051,12.09470732901));
#889 = CARTESIAN_POINT('',(6.735384249742,12.027790325731));
#890 = CARTESIAN_POINT('',(6.782984138432,11.959761531531));
#891 = CARTESIAN_POINT('',(6.830584027123,11.890775053327));
#892 = CARTESIAN_POINT('',(6.878183915814,11.820987168358));
#893 = CARTESIAN_POINT('',(6.925783804505,11.750555966097));
#894 = CARTESIAN_POINT('',(6.973383693196,11.679641005324));
#895 = CARTESIAN_POINT('',(7.020983581886,11.608402895955));
#896 = CARTESIAN_POINT('',(7.052716841013,11.560803063238));
#897 = CARTESIAN_POINT('',(7.068583470577,11.537003082268));
#898 = ( GEOMETRIC_REPRESENTATION_CONTEXT(2) 
PARAMETRIC_REPRESENTATION_CONTEXT() REPRESENTATION_CONTEXT('2D SPACE',''
  ) );
#899 = ORIENTED_EDGE('',*,*,#900,.T.);
#900 = EDGE_CURVE('',#833,#901,#903,.T.);
#901 = VERTEX_POINT('',#902);
#902 = CARTESIAN_POINT('',(-15.5,-38.10120065376,15.161860825547));
#903 = SURFACE_CURVE('',#904,(#908,#915),.PCURVE_S1.);
#904 = LINE('',#905,#906);
#905 = CARTESIAN_POINT('',(0.,-38.10120065376,15.161860825547));
#906 = VECTOR('',#907,1.);
#907 = DIRECTION('',(-1.,0.,0.));
#908 = PCURVE('',#813,#909);
#909 = DEFINITIONAL_REPRESENTATION('',(#910),#914);
#910 = LINE('',#911,#912);
#911 = CARTESIAN_POINT('',(-0.523598775598,0.));
#912 = VECTOR('',#913,1.);
#913 = DIRECTION('',(0.,-1.));
#914 = ( GEOMETRIC_REPRESENTATION_CONTEXT(2) 
PARAMETRIC_REPRESENTATION_CONTEXT() REPRESENTATION_CONTEXT('2D SPACE',''
  ) );
#915 = PCURVE('',#916,#921);
#916 = PLANE('',#917);
#917 = AXIS2_PLACEMENT_3D('',#918,#919,#920);
#918 = CARTESIAN_POINT('',(0.,-33.05353647506,34.));
#919 = DIRECTION('',(0.,-0.965925826289,0.258819045103));
#920 = DIRECTION('',(0.,-0.258819045103,-0.965925826289));
#921 = DEFINITIONAL_REPRESENTATION('',(#922),#926);
#922 = LINE('',#923,#924);
#923 = CARTESIAN_POINT('',(19.502676770561,0.));
#924 = VECTOR('',#925,1.);
#925 = DIRECTION('',(-0.,-1.));
#926 = ( GEOMETRIC_REPRESENTATION_CONTEXT(2) 
PARAMETRIC_REPRESENTATION_CONTEXT() REPRESENTATION_CONTEXT('2D SPACE',''
  ) );
#927 = ORIENTED_EDGE('',*,*,#928,.T.);
#928 = EDGE_CURVE('',#901,#803,#929,.T.);
#929 = SURFACE_CURVE('',#930,(#935,#964),.PCURVE_S1.);
#930 = ELLIPSE('',#931,2.12132034356,1.5);
#931 = AXIS2_PLACEMENT_3D('',#932,#933,#934);
#932 = CARTESIAN_POINT('',(-15.5,-36.65231191433,14.773632257893));
#933 = DIRECTION('',(0.707106781187,-0.183012701892,-0.683012701892));
#934 = DIRECTION('',(-0.707106781187,-0.183012701892,-0.683012701892));
#935 = PCURVE('',#813,#936);
#936 = DEFINITIONAL_REPRESENTATION('',(#937),#963);
#937 = B_SPLINE_CURVE_WITH_KNOTS('',3,(#938,#939,#940,#941,#942,#943,
    #944,#945,#946,#947,#948,#949,#950,#951,#952,#953,#954,#955,#956,
    #957,#958,#959,#960,#961,#962),.UNSPECIFIED.,.F.,.F.,(4,1,1,1,1,1,1,
    1,1,1,1,1,1,1,1,1,1,1,1,1,1,1,4),(4.712388980385,4.759988869075,
    4.807588757766,4.855188646457,4.902788535148,4.950388423838,
    4.997988312529,5.04558820122,5.093188089911,5.140787978601,
    5.188387867292,5.235987755983,5.283587644674,5.331187533365,
    5.378787422055,5.426387310746,5.473987199437,5.521587088128,
    5.569186976818,5.616786865509,5.6643867542,5.711986642891,
    5.759586531581),.QUASI_UNIFORM_KNOTS.);
#938 = CARTESIAN_POINT('',(-0.523598775598,-15.5));
#939 = CARTESIAN_POINT('',(-0.507732146035,-15.52379998097));
#940 = CARTESIAN_POINT('',(-0.475998886908,-15.57139981368));
#941 = CARTESIAN_POINT('',(-0.428398998217,-15.64263792305));
#942 = CARTESIAN_POINT('',(-0.380799109526,-15.71355288382));
#943 = CARTESIAN_POINT('',(-0.333199220835,-15.78398408608));
#944 = CARTESIAN_POINT('',(-0.285599332145,-15.85377197105));
#945 = CARTESIAN_POINT('',(-0.237999443454,-15.92275844926));
#946 = CARTESIAN_POINT('',(-0.190399554763,-15.99078724346));
#947 = CARTESIAN_POINT('',(-0.142799666072,-16.05770424674));
#948 = CARTESIAN_POINT('',(-9.51997773815E-02,-16.12335787051));
#949 = CARTESIAN_POINT('',(-4.759988869075E-02,-16.18759938822));
#950 = CARTESIAN_POINT('',(1.073542239819E-14,-16.25028327215));
#951 = CARTESIAN_POINT('',(4.759988869076E-02,-16.31126752316));
#952 = CARTESIAN_POINT('',(9.519977738152E-02,-16.37041399229));
#953 = CARTESIAN_POINT('',(0.142799666072,-16.42758869381));
#954 = CARTESIAN_POINT('',(0.190399554763,-16.48266210844));
#955 = CARTESIAN_POINT('',(0.237999443454,-16.5355094779));
#956 = CARTESIAN_POINT('',(0.285599332145,-16.58601108327));
#957 = CARTESIAN_POINT('',(0.333199220835,-16.63405253193));
#958 = CARTESIAN_POINT('',(0.380799109526,-16.67952495816));
#959 = CARTESIAN_POINT('',(0.428398998217,-16.7223254881));
#960 = CARTESIAN_POINT('',(0.475998886908,-16.76235665787));
#961 = CARTESIAN_POINT('',(0.507732146035,-16.78713866987));
#962 = CARTESIAN_POINT('',(0.523598775598,-16.79903810567));
#963 = ( GEOMETRIC_REPRESENTATION_CONTEXT(2) 
PARAMETRIC_REPRESENTATION_CONTEXT() REPRESENTATION_CONTEXT('2D SPACE',''
  ) );
#964 = PCURVE('',#519,#965);
#965 = DEFINITIONAL_REPRESENTATION('',(#966),#992);
#966 = B_SPLINE_CURVE_WITH_KNOTS('',3,(#967,#968,#969,#970,#971,#972,
    #973,#974,#975,#976,#977,#978,#979,#980,#981,#982,#983,#984,#985,
    #986,#987,#988,#989,#990,#991),.UNSPECIFIED.,.F.,.F.,(4,1,1,1,1,1,1,
    1,1,1,1,1,1,1,1,1,1,1,1,1,1,1,4),(4.712388980385,4.759988869075,
    4.807588757766,4.855188646457,4.902788535148,4.950388423838,
    4.997988312529,5.04558820122,5.093188089911,5.140787978601,
    5.188387867292,5.235987755983,5.283587644674,5.331187533365,
    5.378787422055,5.426387310746,5.473987199437,5.521587088128,
    5.569186976818,5.616786865509,5.6643867542,5.711986642891,
    5.759586531581),.QUASI_UNIFORM_KNOTS.);
#967 = CARTESIAN_POINT('',(7.068583470577,-11.53700308226));
#968 = CARTESIAN_POINT('',(7.052716841013,-11.56080306323));
#969 = CARTESIAN_POINT('',(7.020983581886,-11.60840289595));
#970 = CARTESIAN_POINT('',(6.973383693196,-11.67964100532));
#971 = CARTESIAN_POINT('',(6.925783804505,-11.75055596609));
#972 = CARTESIAN_POINT('',(6.878183915814,-11.82098716835));
#973 = CARTESIAN_POINT('',(6.830584027123,-11.89077505332));
#974 = CARTESIAN_POINT('',(6.782984138432,-11.95976153153));
#975 = CARTESIAN_POINT('',(6.735384249742,-12.02779032573));
#976 = CARTESIAN_POINT('',(6.687784361051,-12.09470732901));
#977 = CARTESIAN_POINT('',(6.64018447236,-12.16036095278));
#978 = CARTESIAN_POINT('',(6.592584583669,-12.22460247048));
#979 = CARTESIAN_POINT('',(6.544984694979,-12.28728635442));
#980 = CARTESIAN_POINT('',(6.497384806288,-12.34827060543));
#981 = CARTESIAN_POINT('',(6.449784917597,-12.40741707456));
#982 = CARTESIAN_POINT('',(6.402185028906,-12.46459177608));
#983 = CARTESIAN_POINT('',(6.354585140216,-12.51966519071));
#984 = CARTESIAN_POINT('',(6.306985251525,-12.57251256017));
#985 = CARTESIAN_POINT('',(6.259385362834,-12.62301416554));
#986 = CARTESIAN_POINT('',(6.211785474143,-12.6710556142));
#987 = CARTESIAN_POINT('',(6.164185585453,-12.71652804042));
#988 = CARTESIAN_POINT('',(6.116585696762,-12.75932857037));
#989 = CARTESIAN_POINT('',(6.068985808071,-12.79935974014));
#990 = CARTESIAN_POINT('',(6.037252548944,-12.82414175214));
#991 = CARTESIAN_POINT('',(6.02138591938,-12.83604118794));
#992 = ( GEOMETRIC_REPRESENTATION_CONTEXT(2) 
PARAMETRIC_REPRESENTATION_CONTEXT() REPRESENTATION_CONTEXT('2D SPACE',''
  ) );
#993 = ADVANCED_FACE('',(#994),#744,.T.);
#994 = FACE_BOUND('',#995,.T.);
#995 = EDGE_LOOP('',(#996,#1019,#1020,#1041,#1042));
#996 = ORIENTED_EDGE('',*,*,#997,.T.);
#997 = EDGE_CURVE('',#998,#700,#1000,.T.);
#998 = VERTEX_POINT('',#999);
#999 = CARTESIAN_POINT('',(17.,-37.10059965041,13.100599650418));
#1000 = SURFACE_CURVE('',#1001,(#1005,#1012),.PCURVE_S1.);
#1001 = LINE('',#1002,#1003);
#1002 = CARTESIAN_POINT('',(17.,-33.66631579323,25.917521493033));
#1003 = VECTOR('',#1004,1.);
#1004 = DIRECTION('',(0.,0.258819045103,0.965925826289));
#1005 = PCURVE('',#744,#1006);
#1006 = DEFINITIONAL_REPRESENTATION('',(#1007),#1011);
#1007 = LINE('',#1008,#1009);
#1008 = CARTESIAN_POINT('',(5.497787143782,-1.7763568394E-15));
#1009 = VECTOR('',#1010,1.);
#1010 = DIRECTION('',(0.,-1.));
#1011 = ( GEOMETRIC_REPRESENTATION_CONTEXT(2) 
PARAMETRIC_REPRESENTATION_CONTEXT() REPRESENTATION_CONTEXT('2D SPACE',''
  ) );
#1012 = PCURVE('',#335,#1013);
#1013 = DEFINITIONAL_REPRESENTATION('',(#1014),#1018);
#1014 = LINE('',#1015,#1016);
#1015 = CARTESIAN_POINT('',(-8.917521493033,-2.503643532331));
#1016 = VECTOR('',#1017,1.);
#1017 = DIRECTION('',(-0.965925826289,0.258819045103));
#1018 = ( GEOMETRIC_REPRESENTATION_CONTEXT(2) 
PARAMETRIC_REPRESENTATION_CONTEXT() REPRESENTATION_CONTEXT('2D SPACE',''
  ) );
#1019 = ORIENTED_EDGE('',*,*,#727,.F.);
#1020 = ORIENTED_EDGE('',*,*,#1021,.T.);
#1021 = EDGE_CURVE('',#728,#833,#1022,.T.);
#1022 = SURFACE_CURVE('',#1023,(#1027,#1034),.PCURVE_S1.);
#1023 = LINE('',#1024,#1025);
#1024 = CARTESIAN_POINT('',(15.5,-35.11520453267,26.305750060686));
#1025 = VECTOR('',#1026,1.);
#1026 = DIRECTION('',(0.,-0.258819045103,-0.965925826289));
#1027 = PCURVE('',#744,#1028);
#1028 = DEFINITIONAL_REPRESENTATION('',(#1029),#1033);
#1029 = LINE('',#1030,#1031);
#1030 = CARTESIAN_POINT('',(7.068583470577,-1.33226762955E-14));
#1031 = VECTOR('',#1032,1.);
#1032 = DIRECTION('',(1.91192325019E-16,1.));
#1033 = ( GEOMETRIC_REPRESENTATION_CONTEXT(2) 
PARAMETRIC_REPRESENTATION_CONTEXT() REPRESENTATION_CONTEXT('2D SPACE',''
  ) );
#1034 = PCURVE('',#916,#1035);
#1035 = DEFINITIONAL_REPRESENTATION('',(#1036),#1040);
#1036 = LINE('',#1037,#1038);
#1037 = CARTESIAN_POINT('',(7.965673688293,15.5));
#1038 = VECTOR('',#1039,1.);
#1039 = DIRECTION('',(1.,0.));
#1040 = ( GEOMETRIC_REPRESENTATION_CONTEXT(2) 
PARAMETRIC_REPRESENTATION_CONTEXT() REPRESENTATION_CONTEXT('2D SPACE',''
  ) );
#1041 = ORIENTED_EDGE('',*,*,#832,.F.);
#1042 = ORIENTED_EDGE('',*,*,#1043,.T.);
#1043 = EDGE_CURVE('',#805,#998,#1044,.T.);
#1044 = SURFACE_CURVE('',#1045,(#1050,#1056),.PCURVE_S1.);
#1045 = ELLIPSE('',#1046,1.732050807569,1.5);
#1046 = AXIS2_PLACEMENT_3D('',#1047,#1048,#1049);
#1047 = CARTESIAN_POINT('',(15.5,-37.10059965041,13.100599650418));
#1048 = DIRECTION('',(-9.263312146554E-33,0.707106781187,0.707106781187)
  );
#1049 = DIRECTION('',(4.006172263299E-16,-0.707106781187,0.707106781187)
  );
#1050 = PCURVE('',#744,#1051);
#1051 = DEFINITIONAL_REPRESENTATION('',(#1052),#1055);
#1052 = B_SPLINE_CURVE_WITH_KNOTS('',1,(#1053,#1054),.UNSPECIFIED.,.F.,
  .F.,(2,2),(1.047197551197,1.570796326795),.PIECEWISE_BEZIER_KNOTS.);
#1053 = CARTESIAN_POINT('',(6.02138591938,12.836041187945));
#1054 = CARTESIAN_POINT('',(5.497787143782,13.269053889837));
#1055 = ( GEOMETRIC_REPRESENTATION_CONTEXT(2) 
PARAMETRIC_REPRESENTATION_CONTEXT() REPRESENTATION_CONTEXT('2D SPACE',''
  ) );
#1056 = PCURVE('',#386,#1057);
#1057 = DEFINITIONAL_REPRESENTATION('',(#1058),#1066);
#1058 = ( BOUNDED_CURVE() B_SPLINE_CURVE(2,(#1059,#1060,#1061,#1062,
#1063,#1064,#1065),.UNSPECIFIED.,.T.,.F.) B_SPLINE_CURVE_WITH_KNOTS((1,2
    ,2,2,2,1),(-2.094395102393,0.,2.094395102393,4.188790204786,
6.28318530718,8.377580409573),.UNSPECIFIED.) CURVE() 
GEOMETRIC_REPRESENTATION_ITEM() RATIONAL_B_SPLINE_CURVE((1.,0.5,1.,0.5,
1.,0.5,1.)) REPRESENTATION_ITEM('') );
#1059 = CARTESIAN_POINT('',(1.110223024625E-14,15.5));
#1060 = CARTESIAN_POINT('',(1.221245327088E-14,18.098076211353));
#1061 = CARTESIAN_POINT('',(2.598076211353,16.799038105677));
#1062 = CARTESIAN_POINT('',(5.196152422707,15.5));
#1063 = CARTESIAN_POINT('',(2.598076211353,14.200961894323));
#1064 = CARTESIAN_POINT('',(1.265654248073E-14,12.901923788647));
#1065 = CARTESIAN_POINT('',(1.110223024625E-14,15.5));
#1066 = ( GEOMETRIC_REPRESENTATION_CONTEXT(2) 
PARAMETRIC_REPRESENTATION_CONTEXT() REPRESENTATION_CONTEXT('2D SPACE',''
  ) );
#1067 = ADVANCED_FACE('',(#1068),#519,.T.);
#1068 = FACE_BOUND('',#1069,.T.);
#1069 = EDGE_LOOP('',(#1070,#1091,#1092,#1115,#1140));
#1070 = ORIENTED_EDGE('',*,*,#1071,.T.);
#1071 = EDGE_CURVE('',#901,#477,#1072,.T.);
#1072 = SURFACE_CURVE('',#1073,(#1077,#1084),.PCURVE_S1.);
#1073 = LINE('',#1074,#1075);
#1074 = CARTESIAN_POINT('',(-15.5,-35.11520453267,26.305750060686));
#1075 = VECTOR('',#1076,1.);
#1076 = DIRECTION('',(0.,0.258819045103,0.965925826289));
#1077 = PCURVE('',#519,#1078);
#1078 = DEFINITIONAL_REPRESENTATION('',(#1079),#1083);
#1079 = LINE('',#1080,#1081);
#1080 = CARTESIAN_POINT('',(7.068583470577,1.7763568394E-14));
#1081 = VECTOR('',#1082,1.);
#1082 = DIRECTION('',(-1.792428047053E-16,1.));
#1083 = ( GEOMETRIC_REPRESENTATION_CONTEXT(2) 
PARAMETRIC_REPRESENTATION_CONTEXT() REPRESENTATION_CONTEXT('2D SPACE',''
  ) );
#1084 = PCURVE('',#916,#1085);
#1085 = DEFINITIONAL_REPRESENTATION('',(#1086),#1090);
#1086 = LINE('',#1087,#1088);
#1087 = CARTESIAN_POINT('',(7.965673688293,-15.5));
#1088 = VECTOR('',#1089,1.);
#1089 = DIRECTION('',(-1.,0.));
#1090 = ( GEOMETRIC_REPRESENTATION_CONTEXT(2) 
PARAMETRIC_REPRESENTATION_CONTEXT() REPRESENTATION_CONTEXT('2D SPACE',''
  ) );
#1091 = ORIENTED_EDGE('',*,*,#474,.F.);
#1092 = ORIENTED_EDGE('',*,*,#1093,.T.);
#1093 = EDGE_CURVE('',#475,#1094,#1096,.T.);
#1094 = VERTEX_POINT('',#1095);
#1095 = CARTESIAN_POINT('',(-17.,-37.10059965041,13.100599650418));
#1096 = SURFACE_CURVE('',#1097,(#1101,#1108),.PCURVE_S1.);
#1097 = LINE('',#1098,#1099);
#1098 = CARTESIAN_POINT('',(-17.,-33.66631579323,25.917521493033));
#1099 = VECTOR('',#1100,1.);
#1100 = DIRECTION('',(0.,-0.258819045103,-0.965925826289));
#1101 = PCURVE('',#519,#1102);
#1102 = DEFINITIONAL_REPRESENTATION('',(#1103),#1107);
#1103 = LINE('',#1104,#1105);
#1104 = CARTESIAN_POINT('',(5.497787143782,8.881784197001E-16));
#1105 = VECTOR('',#1106,1.);
#1106 = DIRECTION('',(0.,-1.));
#1107 = ( GEOMETRIC_REPRESENTATION_CONTEXT(2) 
PARAMETRIC_REPRESENTATION_CONTEXT() REPRESENTATION_CONTEXT('2D SPACE',''
  ) );
#1108 = PCURVE('',#414,#1109);
#1109 = DEFINITIONAL_REPRESENTATION('',(#1110),#1114);
#1110 = LINE('',#1111,#1112);
#1111 = CARTESIAN_POINT('',(8.917521493033,-2.503643532331));
#1112 = VECTOR('',#1113,1.);
#1113 = DIRECTION('',(-0.965925826289,-0.258819045103));
#1114 = ( GEOMETRIC_REPRESENTATION_CONTEXT(2) 
PARAMETRIC_REPRESENTATION_CONTEXT() REPRESENTATION_CONTEXT('2D SPACE',''
  ) );
#1115 = ORIENTED_EDGE('',*,*,#1116,.T.);
#1116 = EDGE_CURVE('',#1094,#803,#1117,.T.);
#1117 = SURFACE_CURVE('',#1118,(#1123,#1129),.PCURVE_S1.);
#1118 = ELLIPSE('',#1119,1.732050807569,1.5);
#1119 = AXIS2_PLACEMENT_3D('',#1120,#1121,#1122);
#1120 = CARTESIAN_POINT('',(-15.5,-37.10059965041,13.100599650418));
#1121 = DIRECTION('',(9.263312146554E-33,0.707106781187,0.707106781187)
  );
#1122 = DIRECTION('',(-4.006172263299E-16,-0.707106781187,0.707106781187
    ));
#1123 = PCURVE('',#519,#1124);
#1124 = DEFINITIONAL_REPRESENTATION('',(#1125),#1128);
#1125 = B_SPLINE_CURVE_WITH_KNOTS('',1,(#1126,#1127),.UNSPECIFIED.,.F.,
  .F.,(2,2),(4.712388980385,5.235987755983),.PIECEWISE_BEZIER_KNOTS.);
#1126 = CARTESIAN_POINT('',(5.497787143782,-13.26905388983));
#1127 = CARTESIAN_POINT('',(6.02138591938,-12.83604118794));
#1128 = ( GEOMETRIC_REPRESENTATION_CONTEXT(2) 
PARAMETRIC_REPRESENTATION_CONTEXT() REPRESENTATION_CONTEXT('2D SPACE',''
  ) );
#1129 = PCURVE('',#386,#1130);
#1130 = DEFINITIONAL_REPRESENTATION('',(#1131),#1139);
#1131 = ( BOUNDED_CURVE() B_SPLINE_CURVE(2,(#1132,#1133,#1134,#1135,
#1136,#1137,#1138),.UNSPECIFIED.,.T.,.F.) B_SPLINE_CURVE_WITH_KNOTS((1,2
    ,2,2,2,1),(-2.094395102393,0.,2.094395102393,4.188790204786,
6.28318530718,8.377580409573),.UNSPECIFIED.) CURVE() 
GEOMETRIC_REPRESENTATION_ITEM() RATIONAL_B_SPLINE_CURVE((1.,0.5,1.,0.5,
1.,0.5,1.)) REPRESENTATION_ITEM('') );
#1132 = CARTESIAN_POINT('',(1.110223024625E-14,-15.5));
#1133 = CARTESIAN_POINT('',(9.992007221626E-15,-12.90192378864));
#1134 = CARTESIAN_POINT('',(2.598076211353,-14.20096189432));
#1135 = CARTESIAN_POINT('',(5.196152422707,-15.5));
#1136 = CARTESIAN_POINT('',(2.598076211353,-16.79903810567));
#1137 = CARTESIAN_POINT('',(1.487698852998E-14,-18.09807621135));
#1138 = CARTESIAN_POINT('',(1.110223024625E-14,-15.5));
#1139 = ( GEOMETRIC_REPRESENTATION_CONTEXT(2) 
PARAMETRIC_REPRESENTATION_CONTEXT() REPRESENTATION_CONTEXT('2D SPACE',''
  ) );
#1140 = ORIENTED_EDGE('',*,*,#928,.F.);
#1141 = ADVANCED_FACE('',(#1142),#628,.T.);
#1142 = FACE_BOUND('',#1143,.T.);
#1143 = EDGE_LOOP('',(#1144,#1145,#1166,#1167));
#1144 = ORIENTED_EDGE('',*,*,#778,.F.);
#1145 = ORIENTED_EDGE('',*,*,#1146,.T.);
#1146 = EDGE_CURVE('',#646,#582,#1147,.T.);
#1147 = SURFACE_CURVE('',#1148,(#1152,#1159),.PCURVE_S1.);
#1148 = LINE('',#1149,#1150);
#1149 = CARTESIAN_POINT('',(0.,-32.13274408949,34.));
#1150 = VECTOR('',#1151,1.);
#1151 = DIRECTION('',(-1.,0.,0.));
#1152 = PCURVE('',#628,#1153);
#1153 = DEFINITIONAL_REPRESENTATION('',(#1154),#1158);
#1154 = LINE('',#1155,#1156);
#1155 = CARTESIAN_POINT('',(-0.654498469498,0.));
#1156 = VECTOR('',#1157,1.);
#1157 = DIRECTION('',(0.,-1.));
#1158 = ( GEOMETRIC_REPRESENTATION_CONTEXT(2) 
PARAMETRIC_REPRESENTATION_CONTEXT() REPRESENTATION_CONTEXT('2D SPACE',''
  ) );
#1159 = PCURVE('',#598,#1160);
#1160 = DEFINITIONAL_REPRESENTATION('',(#1161),#1165);
#1161 = LINE('',#1162,#1163);
#1162 = CARTESIAN_POINT('',(0.,-32.13274408949));
#1163 = VECTOR('',#1164,1.);
#1164 = DIRECTION('',(-1.,0.));
#1165 = ( GEOMETRIC_REPRESENTATION_CONTEXT(2) 
PARAMETRIC_REPRESENTATION_CONTEXT() REPRESENTATION_CONTEXT('2D SPACE',''
  ) );
#1166 = ORIENTED_EDGE('',*,*,#614,.F.);
#1167 = ORIENTED_EDGE('',*,*,#1168,.T.);
#1168 = EDGE_CURVE('',#477,#728,#1169,.T.);
#1169 = SURFACE_CURVE('',#1170,(#1174,#1181),.PCURVE_S1.);
#1170 = LINE('',#1171,#1172);
#1171 = CARTESIAN_POINT('',(0.,-33.29185508103,33.110582854123));
#1172 = VECTOR('',#1173,1.);
#1173 = DIRECTION('',(1.,0.,0.));
#1174 = PCURVE('',#628,#1175);
#1175 = DEFINITIONAL_REPRESENTATION('',(#1176),#1180);
#1176 = LINE('',#1177,#1178);
#1177 = CARTESIAN_POINT('',(0.654498469498,0.));
#1178 = VECTOR('',#1179,1.);
#1179 = DIRECTION('',(0.,1.));
#1180 = ( GEOMETRIC_REPRESENTATION_CONTEXT(2) 
PARAMETRIC_REPRESENTATION_CONTEXT() REPRESENTATION_CONTEXT('2D SPACE',''
  ) );
#1181 = PCURVE('',#916,#1182);
#1182 = DEFINITIONAL_REPRESENTATION('',(#1183),#1187);
#1183 = LINE('',#1184,#1185);
#1184 = CARTESIAN_POINT('',(0.920792385575,0.));
#1185 = VECTOR('',#1186,1.);
#1186 = DIRECTION('',(0.,1.));
#1187 = ( GEOMETRIC_REPRESENTATION_CONTEXT(2) 
PARAMETRIC_REPRESENTATION_CONTEXT() REPRESENTATION_CONTEXT('2D SPACE',''
  ) );
#1188 = ADVANCED_FACE('',(#1189,#1266),#598,.T.);
#1189 = FACE_BOUND('',#1190,.T.);
#1190 = EDGE_LOOP('',(#1191,#1192,#1215,#1243,#1264,#1265));
#1191 = ORIENTED_EDGE('',*,*,#643,.F.);
#1192 = ORIENTED_EDGE('',*,*,#1193,.F.);
#1193 = EDGE_CURVE('',#1194,#644,#1196,.T.);
#1194 = VERTEX_POINT('',#1195);
#1195 = CARTESIAN_POINT('',(15.8,-26.4386081328,34.));
#1196 = SURFACE_CURVE('',#1197,(#1201,#1208),.PCURVE_S1.);
#1197 = LINE('',#1198,#1199);
#1198 = CARTESIAN_POINT('',(15.8,-15.58133613045,34.));
#1199 = VECTOR('',#1200,1.);
#1200 = DIRECTION('',(0.,-1.,0.));
#1201 = PCURVE('',#598,#1202);
#1202 = DEFINITIONAL_REPRESENTATION('',(#1203),#1207);
#1203 = LINE('',#1204,#1205);
#1204 = CARTESIAN_POINT('',(15.8,-15.58133613045));
#1205 = VECTOR('',#1206,1.);
#1206 = DIRECTION('',(0.,-1.));
#1207 = ( GEOMETRIC_REPRESENTATION_CONTEXT(2) 
PARAMETRIC_REPRESENTATION_CONTEXT() REPRESENTATION_CONTEXT('2D SPACE',''
  ) );
#1208 = PCURVE('',#715,#1209);
#1209 = DEFINITIONAL_REPRESENTATION('',(#1210),#1214);
#1210 = LINE('',#1211,#1212);
#1211 = CARTESIAN_POINT('',(0.785398163397,0.));
#1212 = VECTOR('',#1213,1.);
#1213 = DIRECTION('',(0.,1.));
#1214 = ( GEOMETRIC_REPRESENTATION_CONTEXT(2) 
PARAMETRIC_REPRESENTATION_CONTEXT() REPRESENTATION_CONTEXT('2D SPACE',''
  ) );
#1215 = ORIENTED_EDGE('',*,*,#1216,.F.);
#1216 = EDGE_CURVE('',#1217,#1194,#1219,.T.);
#1217 = VERTEX_POINT('',#1218);
#1218 = CARTESIAN_POINT('',(-15.8,-26.4386081328,34.));
#1219 = SURFACE_CURVE('',#1220,(#1225,#1236),.PCURVE_S1.);
#1220 = CIRCLE('',#1221,30.8);
#1221 = AXIS2_PLACEMENT_3D('',#1222,#1223,#1224);
#1222 = CARTESIAN_POINT('',(0.,0.,34.));
#1223 = DIRECTION('',(0.,0.,-1.));
#1224 = DIRECTION('',(-1.836970198721E-16,1.,0.));
#1225 = PCURVE('',#598,#1226);
#1226 = DEFINITIONAL_REPRESENTATION('',(#1227),#1235);
#1227 = ( BOUNDED_CURVE() B_SPLINE_CURVE(2,(#1228,#1229,#1230,#1231,
#1232,#1233,#1234),.UNSPECIFIED.,.T.,.F.) B_SPLINE_CURVE_WITH_KNOTS((1,2
    ,2,2,2,1),(-2.094395102393,0.,2.094395102393,4.188790204786,
6.28318530718,8.377580409573),.UNSPECIFIED.) CURVE() 
GEOMETRIC_REPRESENTATION_ITEM() RATIONAL_B_SPLINE_CURVE((1.,0.5,1.,0.5,
1.,0.5,1.)) REPRESENTATION_ITEM('') );
#1228 = CARTESIAN_POINT('',(-5.657868212061E-15,30.8));
#1229 = CARTESIAN_POINT('',(53.347164873121,30.8));
#1230 = CARTESIAN_POINT('',(26.673582436561,-15.4));
#1231 = CARTESIAN_POINT('',(1.885956070687E-14,-61.6));
#1232 = CARTESIAN_POINT('',(-26.67358243656,-15.4));
#1233 = CARTESIAN_POINT('',(-53.34716487312,30.8));
#1234 = CARTESIAN_POINT('',(-5.657868212061E-15,30.8));
#1235 = ( GEOMETRIC_REPRESENTATION_CONTEXT(2) 
PARAMETRIC_REPRESENTATION_CONTEXT() REPRESENTATION_CONTEXT('2D SPACE',''
  ) );
#1236 = PCURVE('',#307,#1237);
#1237 = DEFINITIONAL_REPRESENTATION('',(#1238),#1242);
#1238 = LINE('',#1239,#1240);
#1239 = CARTESIAN_POINT('',(6.28318530718,1.570796326795));
#1240 = VECTOR('',#1241,1.);
#1241 = DIRECTION('',(-1.,-2.132639556914E-16));
#1242 = ( GEOMETRIC_REPRESENTATION_CONTEXT(2) 
PARAMETRIC_REPRESENTATION_CONTEXT() REPRESENTATION_CONTEXT('2D SPACE',''
  ) );
#1243 = ORIENTED_EDGE('',*,*,#1244,.F.);
#1244 = EDGE_CURVE('',#554,#1217,#1245,.T.);
#1245 = SURFACE_CURVE('',#1246,(#1250,#1257),.PCURVE_S1.);
#1246 = LINE('',#1247,#1248);
#1247 = CARTESIAN_POINT('',(-15.8,-15.58133613045,34.));
#1248 = VECTOR('',#1249,1.);
#1249 = DIRECTION('',(0.,1.,0.));
#1250 = PCURVE('',#598,#1251);
#1251 = DEFINITIONAL_REPRESENTATION('',(#1252),#1256);
#1252 = LINE('',#1253,#1254);
#1253 = CARTESIAN_POINT('',(-15.8,-15.58133613045));
#1254 = VECTOR('',#1255,1.);
#1255 = DIRECTION('',(0.,1.));
#1256 = ( GEOMETRIC_REPRESENTATION_CONTEXT(2) 
PARAMETRIC_REPRESENTATION_CONTEXT() REPRESENTATION_CONTEXT('2D SPACE',''
  ) );
#1257 = PCURVE('',#569,#1258);
#1258 = DEFINITIONAL_REPRESENTATION('',(#1259),#1263);
#1259 = LINE('',#1260,#1261);
#1260 = CARTESIAN_POINT('',(0.785398163397,0.));
#1261 = VECTOR('',#1262,1.);
#1262 = DIRECTION('',(0.,1.));
#1263 = ( GEOMETRIC_REPRESENTATION_CONTEXT(2) 
PARAMETRIC_REPRESENTATION_CONTEXT() REPRESENTATION_CONTEXT('2D SPACE',''
  ) );
#1264 = ORIENTED_EDGE('',*,*,#581,.F.);
#1265 = ORIENTED_EDGE('',*,*,#1146,.F.);
#1266 = FACE_BOUND('',#1267,.T.);
#1267 = EDGE_LOOP('',(#1268,#1303,#1331,#1359));
#1268 = ORIENTED_EDGE('',*,*,#1269,.T.);
#1269 = EDGE_CURVE('',#1270,#1272,#1274,.T.);
#1270 = VERTEX_POINT('',#1271);
#1271 = CARTESIAN_POINT('',(1.5,29.962476533157,34.));
#1272 = VERTEX_POINT('',#1273);
#1273 = CARTESIAN_POINT('',(-1.5,29.962476533157,34.));
#1274 = SURFACE_CURVE('',#1275,(#1280,#1291),.PCURVE_S1.);
#1275 = CIRCLE('',#1276,30.);
#1276 = AXIS2_PLACEMENT_3D('',#1277,#1278,#1279);
#1277 = CARTESIAN_POINT('',(0.,0.,34.));
#1278 = DIRECTION('',(0.,0.,-1.));
#1279 = DIRECTION('',(1.,0.,0.));
#1280 = PCURVE('',#598,#1281);
#1281 = DEFINITIONAL_REPRESENTATION('',(#1282),#1290);
#1282 = ( BOUNDED_CURVE() B_SPLINE_CURVE(2,(#1283,#1284,#1285,#1286,
#1287,#1288,#1289),.UNSPECIFIED.,.T.,.F.) B_SPLINE_CURVE_WITH_KNOTS((1,2
    ,2,2,2,1),(-2.094395102393,0.,2.094395102393,4.188790204786,
6.28318530718,8.377580409573),.UNSPECIFIED.) CURVE() 
GEOMETRIC_REPRESENTATION_ITEM() RATIONAL_B_SPLINE_CURVE((1.,0.5,1.,0.5,
1.,0.5,1.)) REPRESENTATION_ITEM('') );
#1283 = CARTESIAN_POINT('',(30.,0.));
#1284 = CARTESIAN_POINT('',(30.,-51.96152422706));
#1285 = CARTESIAN_POINT('',(-15.,-25.98076211353));
#1286 = CARTESIAN_POINT('',(-60.,-7.347880794884E-15));
#1287 = CARTESIAN_POINT('',(-15.,25.980762113533));
#1288 = CARTESIAN_POINT('',(30.,51.961524227066));
#1289 = CARTESIAN_POINT('',(30.,0.));
#1290 = ( GEOMETRIC_REPRESENTATION_CONTEXT(2) 
PARAMETRIC_REPRESENTATION_CONTEXT() REPRESENTATION_CONTEXT('2D SPACE',''
  ) );
#1291 = PCURVE('',#1292,#1297);
#1292 = CYLINDRICAL_SURFACE('',#1293,30.);
#1293 = AXIS2_PLACEMENT_3D('',#1294,#1295,#1296);
#1294 = CARTESIAN_POINT('',(0.,0.,1.7));
#1295 = DIRECTION('',(0.,0.,1.));
#1296 = DIRECTION('',(-1.836970198721E-16,-1.,0.));
#1297 = DEFINITIONAL_REPRESENTATION('',(#1298),#1302);
#1298 = LINE('',#1299,#1300);
#1299 = CARTESIAN_POINT('',(14.137166941154,32.3));
#1300 = VECTOR('',#1301,1.);
#1301 = DIRECTION('',(-1.,0.));
#1302 = ( GEOMETRIC_REPRESENTATION_CONTEXT(2) 
PARAMETRIC_REPRESENTATION_CONTEXT() REPRESENTATION_CONTEXT('2D SPACE',''
  ) );
#1303 = ORIENTED_EDGE('',*,*,#1304,.T.);
#1304 = EDGE_CURVE('',#1272,#1305,#1307,.T.);
#1305 = VERTEX_POINT('',#1306);
#1306 = CARTESIAN_POINT('',(-1.5,28.9,34.));
#1307 = SURFACE_CURVE('',#1308,(#1312,#1319),.PCURVE_S1.);
#1308 = LINE('',#1309,#1310);
#1309 = CARTESIAN_POINT('',(-1.5,30.3,34.));
#1310 = VECTOR('',#1311,1.);
#1311 = DIRECTION('',(0.,-1.,0.));
#1312 = PCURVE('',#598,#1313);
#1313 = DEFINITIONAL_REPRESENTATION('',(#1314),#1318);
#1314 = LINE('',#1315,#1316);
#1315 = CARTESIAN_POINT('',(-1.5,30.3));
#1316 = VECTOR('',#1317,1.);
#1317 = DIRECTION('',(0.,-1.));
#1318 = ( GEOMETRIC_REPRESENTATION_CONTEXT(2) 
PARAMETRIC_REPRESENTATION_CONTEXT() REPRESENTATION_CONTEXT('2D SPACE',''
  ) );
#1319 = PCURVE('',#1320,#1325);
#1320 = PLANE('',#1321);
#1321 = AXIS2_PLACEMENT_3D('',#1322,#1323,#1324);
#1322 = CARTESIAN_POINT('',(-1.5,28.9,34.));
#1323 = DIRECTION('',(-1.,0.,0.));
#1324 = DIRECTION('',(0.,1.,0.));
#1325 = DEFINITIONAL_REPRESENTATION('',(#1326),#1330);
#1326 = LINE('',#1327,#1328);
#1327 = CARTESIAN_POINT('',(1.4,0.));
#1328 = VECTOR('',#1329,1.);
#1329 = DIRECTION('',(-1.,0.));
#1330 = ( GEOMETRIC_REPRESENTATION_CONTEXT(2) 
PARAMETRIC_REPRESENTATION_CONTEXT() REPRESENTATION_CONTEXT('2D SPACE',''
  ) );
#1331 = ORIENTED_EDGE('',*,*,#1332,.T.);
#1332 = EDGE_CURVE('',#1305,#1333,#1335,.T.);
#1333 = VERTEX_POINT('',#1334);
#1334 = CARTESIAN_POINT('',(1.5,28.9,34.));
#1335 = SURFACE_CURVE('',#1336,(#1340,#1347),.PCURVE_S1.);
#1336 = LINE('',#1337,#1338);
#1337 = CARTESIAN_POINT('',(-1.5,28.9,34.));
#1338 = VECTOR('',#1339,1.);
#1339 = DIRECTION('',(1.,0.,0.));
#1340 = PCURVE('',#598,#1341);
#1341 = DEFINITIONAL_REPRESENTATION('',(#1342),#1346);
#1342 = LINE('',#1343,#1344);
#1343 = CARTESIAN_POINT('',(-1.5,28.9));
#1344 = VECTOR('',#1345,1.);
#1345 = DIRECTION('',(1.,0.));
#1346 = ( GEOMETRIC_REPRESENTATION_CONTEXT(2) 
PARAMETRIC_REPRESENTATION_CONTEXT() REPRESENTATION_CONTEXT('2D SPACE',''
  ) );
#1347 = PCURVE('',#1348,#1353);
#1348 = PLANE('',#1349);
#1349 = AXIS2_PLACEMENT_3D('',#1350,#1351,#1352);
#1350 = CARTESIAN_POINT('',(1.5,28.9,34.));
#1351 = DIRECTION('',(0.,-1.,0.));
#1352 = DIRECTION('',(-1.,0.,0.));
#1353 = DEFINITIONAL_REPRESENTATION('',(#1354),#1358);
#1354 = LINE('',#1355,#1356);
#1355 = CARTESIAN_POINT('',(3.,0.));
#1356 = VECTOR('',#1357,1.);
#1357 = DIRECTION('',(-1.,-0.));
#1358 = ( GEOMETRIC_REPRESENTATION_CONTEXT(2) 
PARAMETRIC_REPRESENTATION_CONTEXT() REPRESENTATION_CONTEXT('2D SPACE',''
  ) );
#1359 = ORIENTED_EDGE('',*,*,#1360,.T.);
#1360 = EDGE_CURVE('',#1333,#1270,#1361,.T.);
#1361 = SURFACE_CURVE('',#1362,(#1366,#1373),.PCURVE_S1.);
#1362 = LINE('',#1363,#1364);
#1363 = CARTESIAN_POINT('',(1.5,28.9,34.));
#1364 = VECTOR('',#1365,1.);
#1365 = DIRECTION('',(0.,1.,0.));
#1366 = PCURVE('',#598,#1367);
#1367 = DEFINITIONAL_REPRESENTATION('',(#1368),#1372);
#1368 = LINE('',#1369,#1370);
#1369 = CARTESIAN_POINT('',(1.5,28.9));
#1370 = VECTOR('',#1371,1.);
#1371 = DIRECTION('',(0.,1.));
#1372 = ( GEOMETRIC_REPRESENTATION_CONTEXT(2) 
PARAMETRIC_REPRESENTATION_CONTEXT() REPRESENTATION_CONTEXT('2D SPACE',''
  ) );
#1373 = PCURVE('',#1374,#1379);
#1374 = PLANE('',#1375);
#1375 = AXIS2_PLACEMENT_3D('',#1376,#1377,#1378);
#1376 = CARTESIAN_POINT('',(1.5,30.3,34.));
#1377 = DIRECTION('',(1.,0.,0.));
#1378 = DIRECTION('',(0.,-1.,0.));
#1379 = DEFINITIONAL_REPRESENTATION('',(#1380),#1384);
#1380 = LINE('',#1381,#1382);
#1381 = CARTESIAN_POINT('',(1.4,0.));
#1382 = VECTOR('',#1383,1.);
#1383 = DIRECTION('',(-1.,0.));
#1384 = ( GEOMETRIC_REPRESENTATION_CONTEXT(2) 
PARAMETRIC_REPRESENTATION_CONTEXT() REPRESENTATION_CONTEXT('2D SPACE',''
  ) );
#1385 = ADVANCED_FACE('',(#1386),#715,.T.);
#1386 = FACE_BOUND('',#1387,.T.);
#1387 = EDGE_LOOP('',(#1388,#1389,#1410,#1530));
#1388 = ORIENTED_EDGE('',*,*,#699,.F.);
#1389 = ORIENTED_EDGE('',*,*,#1390,.T.);
#1390 = EDGE_CURVE('',#700,#289,#1391,.T.);
#1391 = SURFACE_CURVE('',#1392,(#1396,#1403),.PCURVE_S1.);
#1392 = LINE('',#1393,#1394);
#1393 = CARTESIAN_POINT('',(17.,-15.58133613045,32.8));
#1394 = VECTOR('',#1395,1.);
#1395 = DIRECTION('',(0.,1.,0.));
#1396 = PCURVE('',#715,#1397);
#1397 = DEFINITIONAL_REPRESENTATION('',(#1398),#1402);
#1398 = LINE('',#1399,#1400);
#1399 = CARTESIAN_POINT('',(-0.785398163397,0.));
#1400 = VECTOR('',#1401,1.);
#1401 = DIRECTION('',(0.,-1.));
#1402 = ( GEOMETRIC_REPRESENTATION_CONTEXT(2) 
PARAMETRIC_REPRESENTATION_CONTEXT() REPRESENTATION_CONTEXT('2D SPACE',''
  ) );
#1403 = PCURVE('',#335,#1404);
#1404 = DEFINITIONAL_REPRESENTATION('',(#1405),#1409);
#1405 = LINE('',#1406,#1407);
#1406 = CARTESIAN_POINT('',(-15.8,15.581336130452));
#1407 = VECTOR('',#1408,1.);
#1408 = DIRECTION('',(0.,1.));
#1409 = ( GEOMETRIC_REPRESENTATION_CONTEXT(2) 
PARAMETRIC_REPRESENTATION_CONTEXT() REPRESENTATION_CONTEXT('2D SPACE',''
  ) );
#1410 = ORIENTED_EDGE('',*,*,#1411,.F.);
#1411 = EDGE_CURVE('',#1194,#289,#1412,.T.);
#1412 = SURFACE_CURVE('',#1413,(#1428,#1479),.PCURVE_S1.);
#1413 = B_SPLINE_CURVE_WITH_KNOTS('',3,(#1414,#1415,#1416,#1417,#1418,
    #1419,#1420,#1421,#1422,#1423,#1424,#1425,#1426,#1427),
  .UNSPECIFIED.,.F.,.F.,(4,2,2,2,2,2,4),(-0.406306022145,-0.405742762586
    ,-0.371955015447,-0.338673249923,-0.288517441267,-0.24437669247,
    -0.202871381293),.UNSPECIFIED.);
#1414 = CARTESIAN_POINT('',(15.8,-26.4386081328,34.));
#1415 = CARTESIAN_POINT('',(15.801633014039,-26.43953462675,34.));
#1416 = CARTESIAN_POINT('',(15.803266048934,-26.44046108384,
    33.999996666581));
#1417 = CARTESIAN_POINT('',(15.90285913602,-26.49695949212,
    33.999590066574));
#1418 = CARTESIAN_POINT('',(16.000837293503,-26.55236398989,
    33.987194580637));
#1419 = CARTESIAN_POINT('',(16.190922954799,-26.659529565,
    33.938707824323));
#1420 = CARTESIAN_POINT('',(16.282999848525,-26.71127852873,
    33.902996645242));
#1421 = CARTESIAN_POINT('',(16.50234575889,-26.83422879642,
    33.784465493029));
#1422 = CARTESIAN_POINT('',(16.622960482356,-26.90152289388,
    33.68737445245));
#1423 = CARTESIAN_POINT('',(16.811674501079,-27.00652978824,
    33.460032955765));
#1424 = CARTESIAN_POINT('',(16.882846848426,-27.04600002872,
    33.336855113862));
#1425 = CARTESIAN_POINT('',(16.976296698862,-27.09777722568,
    33.073295782343));
#1426 = CARTESIAN_POINT('',(17.,-27.11088342345,32.937743491517));
#1427 = CARTESIAN_POINT('',(17.,-27.11088342345,32.8));
#1428 = PCURVE('',#715,#1429);
#1429 = DEFINITIONAL_REPRESENTATION('',(#1430),#1478);
#1430 = B_SPLINE_CURVE_WITH_KNOTS('',3,(#1431,#1432,#1433,#1434,#1435,
    #1436,#1437,#1438,#1439,#1440,#1441,#1442,#1443,#1444,#1445,#1446,
    #1447,#1448,#1449,#1450,#1451,#1452,#1453,#1454,#1455,#1456,#1457,
    #1458,#1459,#1460,#1461,#1462,#1463,#1464,#1465,#1466,#1467,#1468,
    #1469,#1470,#1471,#1472,#1473,#1474,#1475,#1476,#1477),
  .UNSPECIFIED.,.F.,.F.,(4,1,1,1,1,1,1,1,1,1,1,1,1,1,1,1,1,1,1,1,1,1,1,1
    ,1,1,1,1,1,1,1,1,1,1,1,1,1,1,1,1,1,1,1,1,4),(-0.406306022145,
    -0.40168250758,-0.397058993015,-0.39243547845,-0.387811963886,
    -0.383188449321,-0.378564934756,-0.373941420191,-0.369317905626,
    -0.364694391062,-0.360070876497,-0.355447361932,-0.350823847367,
    -0.346200332802,-0.341576818237,-0.336953303673,-0.332329789108,
    -0.327706274543,-0.323082759978,-0.318459245413,-0.313835730849,
    -0.309212216284,-0.304588701719,-0.299965187154,-0.295341672589,
    -0.290718158024,-0.28609464346,-0.281471128895,-0.27684761433,
    -0.272224099765,-0.2676005852,-0.262977070636,-0.258353556071,
    -0.253730041506,-0.249106526941,-0.244483012376,-0.239859497811,
    -0.235235983247,-0.230612468682,-0.225988954117,-0.221365439552,
    -0.216741924987,-0.212118410423,-0.207494895858,-0.202871381293),
  .QUASI_UNIFORM_KNOTS.);
#1431 = CARTESIAN_POINT('',(0.785398163397,10.857272002352));
#1432 = CARTESIAN_POINT('',(0.774227594481,10.864877182255));
#1433 = CARTESIAN_POINT('',(0.751884750737,10.880082057261));
#1434 = CARTESIAN_POINT('',(0.718356258884,10.902853688044));
#1435 = CARTESIAN_POINT('',(0.684804498216,10.925570403077));
#1436 = CARTESIAN_POINT('',(0.651220195432,10.948212991774));
#1437 = CARTESIAN_POINT('',(0.617593887868,10.970762226621));
#1438 = CARTESIAN_POINT('',(0.583915743539,10.993198924377));
#1439 = CARTESIAN_POINT('',(0.550175856402,11.015503741638));
#1440 = CARTESIAN_POINT('',(0.516362876754,11.037657931375));
#1441 = CARTESIAN_POINT('',(0.482478721658,11.059634145581));
#1442 = CARTESIAN_POINT('',(0.448513526305,11.081412761997));
#1443 = CARTESIAN_POINT('',(0.414458478495,11.102973021679));
#1444 = CARTESIAN_POINT('',(0.38030387836,11.124294360552));
#1445 = CARTESIAN_POINT('',(0.346038676443,11.145356571742));
#1446 = CARTESIAN_POINT('',(0.311653841737,11.166137824705));
#1447 = CARTESIAN_POINT('',(0.277128968844,11.18662242637));
#1448 = CARTESIAN_POINT('',(0.242498971435,11.206761754379));
#1449 = CARTESIAN_POINT('',(0.207757913907,11.226532653659));
#1450 = CARTESIAN_POINT('',(0.172897685556,11.245912556336));
#1451 = CARTESIAN_POINT('',(0.137909653827,11.264878736608));
#1452 = CARTESIAN_POINT('',(0.102784085363,11.283408513191));
#1453 = CARTESIAN_POINT('',(6.751020970086E-02,11.301479184652));
#1454 = CARTESIAN_POINT('',(3.207599590684E-02,11.319068085637));
#1455 = CARTESIAN_POINT('',(-3.531507460773E-03,11.336152426627));
#1456 = CARTESIAN_POINT('',(-3.932773381585E-02,11.352709878684));
#1457 = CARTESIAN_POINT('',(-7.532504520013E-02,11.368716394707));
#1458 = CARTESIAN_POINT('',(-0.111553655786,11.384154339671));
#1459 = CARTESIAN_POINT('',(-0.147880021881,11.398937744704));
#1460 = CARTESIAN_POINT('',(-0.184328528545,11.413052637205));
#1461 = CARTESIAN_POINT('',(-0.220904683677,11.426475652958));
#1462 = CARTESIAN_POINT('',(-0.257620317827,11.439185931234));
#1463 = CARTESIAN_POINT('',(-0.294487251788,11.451161988982));
#1464 = CARTESIAN_POINT('',(-0.33151813392,11.462382328945));
#1465 = CARTESIAN_POINT('',(-0.36873006205,11.472826133012));
#1466 = CARTESIAN_POINT('',(-0.406129819499,11.482469880701));
#1467 = CARTESIAN_POINT('',(-0.443769782326,11.491300181856));
#1468 = CARTESIAN_POINT('',(-0.481539428902,11.499265827395));
#1469 = CARTESIAN_POINT('',(-0.519299204,11.506322651944));
#1470 = CARTESIAN_POINT('',(-0.557102020386,11.51247068538));
#1471 = CARTESIAN_POINT('',(-0.59494964869,11.517698137119));
#1472 = CARTESIAN_POINT('',(-0.632858063118,11.521996383858));
#1473 = CARTESIAN_POINT('',(-0.670840081866,11.525355953623));
#1474 = CARTESIAN_POINT('',(-0.708910199341,11.527767601847));
#1475 = CARTESIAN_POINT('',(-0.747083322255,11.529222023008));
#1476 = CARTESIAN_POINT('',(-0.772611544683,11.529547293));
#1477 = CARTESIAN_POINT('',(-0.785398163397,11.529547293));
#1478 = ( GEOMETRIC_REPRESENTATION_CONTEXT(2) 
PARAMETRIC_REPRESENTATION_CONTEXT() REPRESENTATION_CONTEXT('2D SPACE',''
  ) );
#1479 = PCURVE('',#307,#1480);
#1480 = DEFINITIONAL_REPRESENTATION('',(#1481),#1529);
#1481 = B_SPLINE_CURVE_WITH_KNOTS('',3,(#1482,#1483,#1484,#1485,#1486,
    #1487,#1488,#1489,#1490,#1491,#1492,#1493,#1494,#1495,#1496,#1497,
    #1498,#1499,#1500,#1501,#1502,#1503,#1504,#1505,#1506,#1507,#1508,
    #1509,#1510,#1511,#1512,#1513,#1514,#1515,#1516,#1517,#1518,#1519,
    #1520,#1521,#1522,#1523,#1524,#1525,#1526,#1527,#1528),
  .UNSPECIFIED.,.F.,.F.,(4,1,1,1,1,1,1,1,1,1,1,1,1,1,1,1,1,1,1,1,1,1,1,1
    ,1,1,1,1,1,1,1,1,1,1,1,1,1,1,1,1,1,1,1,1,4),(-0.406306022145,
    -0.40168250758,-0.397058993015,-0.39243547845,-0.387811963886,
    -0.383188449321,-0.378564934756,-0.373941420191,-0.369317905626,
    -0.364694391062,-0.360070876497,-0.355447361932,-0.350823847367,
    -0.346200332802,-0.341576818237,-0.336953303673,-0.332329789108,
    -0.327706274543,-0.323082759978,-0.318459245413,-0.313835730849,
    -0.309212216284,-0.304588701719,-0.299965187154,-0.295341672589,
    -0.290718158024,-0.28609464346,-0.281471128895,-0.27684761433,
    -0.272224099765,-0.2676005852,-0.262977070636,-0.258353556071,
    -0.253730041506,-0.249106526941,-0.244483012376,-0.239859497811,
    -0.235235983247,-0.230612468682,-0.225988954117,-0.221365439552,
    -0.216741924987,-0.212118410423,-0.207494895858,-0.202871381293),
  .QUASI_UNIFORM_KNOTS.);
#1482 = CARTESIAN_POINT('',(-2.602931707391,1.570796326795));
#1483 = CARTESIAN_POINT('',(-2.602684785963,1.559625754001));
#1484 = CARTESIAN_POINT('',(-2.602191440481,1.537282962493));
#1485 = CARTESIAN_POINT('',(-2.601453536552,1.503754628901));
#1486 = CARTESIAN_POINT('',(-2.600718371795,1.470202988173));
#1487 = CARTESIAN_POINT('',(-2.599986561623,1.436618712346));
#1488 = CARTESIAN_POINT('',(-2.599258716286,1.402992326774));
#1489 = CARTESIAN_POINT('',(-2.598535437976,1.369314037709));
#1490 = CARTESIAN_POINT('',(-2.597817328714,1.335574009245));
#1491 = CARTESIAN_POINT('',(-2.597104962362,1.301761045363));
#1492 = CARTESIAN_POINT('',(-2.596399199445,1.267877021013));
#1493 = CARTESIAN_POINT('',(-2.595700655244,1.233911938395));
#1494 = CARTESIAN_POINT('',(-2.595009973257,1.199856932196));
#1495 = CARTESIAN_POINT('',(-2.594327785372,1.165702284362));
#1496 = CARTESIAN_POINT('',(-2.593654706252,1.131436970021));
#1497 = CARTESIAN_POINT('',(-2.592991396869,1.097052016675));
#1498 = CARTESIAN_POINT('',(-2.592338317282,1.062527112393));
#1499 = CARTESIAN_POINT('',(-2.59169697001,1.027897300824));
#1500 = CARTESIAN_POINT('',(-2.591068064011,0.993156483918));
#1501 = CARTESIAN_POINT('',(-2.590452281958,0.958296468138));
#1502 = CARTESIAN_POINT('',(-2.589850307574,0.923308563956));
#1503 = CARTESIAN_POINT('',(-2.589262818659,0.888183015407));
#1504 = CARTESIAN_POINT('',(-2.588690489756,0.852909055132));
#1505 = CARTESIAN_POINT('',(-2.588133990673,0.81747467689));
#1506 = CARTESIAN_POINT('',(-2.587593992018,0.781866969204));
#1507 = CARTESIAN_POINT('',(-2.587071146926,0.746070551022));
#1508 = CARTESIAN_POINT('',(-2.586566161086,0.710073110426));
#1509 = CARTESIAN_POINT('',(-2.586079533457,0.673844510435));
#1510 = CARTESIAN_POINT('',(-2.585613943841,0.637518093128));
#1511 = CARTESIAN_POINT('',(-2.585169773787,0.601069528774));
#1512 = CARTESIAN_POINT('',(-2.584747705136,0.564493325626));
#1513 = CARTESIAN_POINT('',(-2.584348340849,0.527777669995));
#1514 = CARTESIAN_POINT('',(-2.583972305316,0.490910746545));
#1515 = CARTESIAN_POINT('',(-2.583620225424,0.453879903313));
#1516 = CARTESIAN_POINT('',(-2.583292709194,0.41666803125));
#1517 = CARTESIAN_POINT('',(-2.582990453466,0.379268324174));
#1518 = CARTESIAN_POINT('',(-2.582713837932,0.341628396163));
#1519 = CARTESIAN_POINT('',(-2.582464444797,0.303858693773));
#1520 = CARTESIAN_POINT('',(-2.582243615241,0.266098821236));
#1521 = CARTESIAN_POINT('',(-2.582051298058,0.228295943159));
#1522 = CARTESIAN_POINT('',(-2.581887824494,0.190448307313));
#1523 = CARTESIAN_POINT('',(-2.581753433735,0.152539934755));
#1524 = CARTESIAN_POINT('',(-2.581648400329,0.114557983072));
#1525 = CARTESIAN_POINT('',(-2.581573000713,7.648792866529E-02));
#1526 = CARTESIAN_POINT('',(-2.581527521425,3.83148387507E-02));
#1527 = CARTESIAN_POINT('',(-2.581517348172,1.278662123866E-02));
#1528 = CARTESIAN_POINT('',(-2.581517347363,0.));
#1529 = ( GEOMETRIC_REPRESENTATION_CONTEXT(2) 
PARAMETRIC_REPRESENTATION_CONTEXT() REPRESENTATION_CONTEXT('2D SPACE',''
  ) );
#1530 = ORIENTED_EDGE('',*,*,#1193,.T.);
#1531 = ADVANCED_FACE('',(#1532),#335,.T.);
#1532 = FACE_BOUND('',#1533,.T.);
#1533 = EDGE_LOOP('',(#1534,#1535,#1556,#1557));
#1534 = ORIENTED_EDGE('',*,*,#997,.F.);
#1535 = ORIENTED_EDGE('',*,*,#1536,.T.);
#1536 = EDGE_CURVE('',#998,#320,#1537,.T.);
#1537 = SURFACE_CURVE('',#1538,(#1542,#1549),.PCURVE_S1.);
#1538 = LINE('',#1539,#1540);
#1539 = CARTESIAN_POINT('',(17.,-24.,0.));
#1540 = VECTOR('',#1541,1.);
#1541 = DIRECTION('',(0.,0.707106781187,-0.707106781187));
#1542 = PCURVE('',#335,#1543);
#1543 = DEFINITIONAL_REPRESENTATION('',(#1544),#1548);
#1544 = LINE('',#1545,#1546);
#1545 = CARTESIAN_POINT('',(17.,7.162672260905));
#1546 = VECTOR('',#1547,1.);
#1547 = DIRECTION('',(0.707106781187,0.707106781187));
#1548 = ( GEOMETRIC_REPRESENTATION_CONTEXT(2) 
PARAMETRIC_REPRESENTATION_CONTEXT() REPRESENTATION_CONTEXT('2D SPACE',''
  ) );
#1549 = PCURVE('',#386,#1550);
#1550 = DEFINITIONAL_REPRESENTATION('',(#1551),#1555);
#1551 = LINE('',#1552,#1553);
#1552 = CARTESIAN_POINT('',(20.25909650841,17.));
#1553 = VECTOR('',#1554,1.);
#1554 = DIRECTION('',(1.,0.));
#1555 = ( GEOMETRIC_REPRESENTATION_CONTEXT(2) 
PARAMETRIC_REPRESENTATION_CONTEXT() REPRESENTATION_CONTEXT('2D SPACE',''
  ) );
#1556 = ORIENTED_EDGE('',*,*,#319,.F.);
#1557 = ORIENTED_EDGE('',*,*,#1390,.F.);
#1558 = ADVANCED_FACE('',(#1559),#386,.T.);
#1559 = FACE_BOUND('',#1560,.T.);
#1560 = EDGE_LOOP('',(#1561,#1562,#1563,#1564,#1585,#1586));
#1561 = ORIENTED_EDGE('',*,*,#1043,.F.);
#1562 = ORIENTED_EDGE('',*,*,#802,.F.);
#1563 = ORIENTED_EDGE('',*,*,#1116,.F.);
#1564 = ORIENTED_EDGE('',*,*,#1565,.F.);
#1565 = EDGE_CURVE('',#348,#1094,#1566,.T.);
#1566 = SURFACE_CURVE('',#1567,(#1571,#1578),.PCURVE_S1.);
#1567 = LINE('',#1568,#1569);
#1568 = CARTESIAN_POINT('',(-17.,-24.,0.));
#1569 = VECTOR('',#1570,1.);
#1570 = DIRECTION('',(0.,-0.707106781187,0.707106781187));
#1571 = PCURVE('',#386,#1572);
#1572 = DEFINITIONAL_REPRESENTATION('',(#1573),#1577);
#1573 = LINE('',#1574,#1575);
#1574 = CARTESIAN_POINT('',(20.25909650841,-17.));
#1575 = VECTOR('',#1576,1.);
#1576 = DIRECTION('',(-1.,0.));
#1577 = ( GEOMETRIC_REPRESENTATION_CONTEXT(2) 
PARAMETRIC_REPRESENTATION_CONTEXT() REPRESENTATION_CONTEXT('2D SPACE',''
  ) );
#1578 = PCURVE('',#414,#1579);
#1579 = DEFINITIONAL_REPRESENTATION('',(#1580),#1584);
#1580 = LINE('',#1581,#1582);
#1581 = CARTESIAN_POINT('',(-17.,7.162672260905));
#1582 = VECTOR('',#1583,1.);
#1583 = DIRECTION('',(0.707106781187,-0.707106781187));
#1584 = ( GEOMETRIC_REPRESENTATION_CONTEXT(2) 
PARAMETRIC_REPRESENTATION_CONTEXT() REPRESENTATION_CONTEXT('2D SPACE',''
  ) );
#1585 = ORIENTED_EDGE('',*,*,#347,.F.);
#1586 = ORIENTED_EDGE('',*,*,#1536,.F.);
#1587 = ADVANCED_FACE('',(#1588),#569,.T.);
#1588 = FACE_BOUND('',#1589,.T.);
#1589 = EDGE_LOOP('',(#1590,#1591,#1592,#1712));
#1590 = ORIENTED_EDGE('',*,*,#553,.F.);
#1591 = ORIENTED_EDGE('',*,*,#1244,.T.);
#1592 = ORIENTED_EDGE('',*,*,#1593,.T.);
#1593 = EDGE_CURVE('',#1217,#399,#1594,.T.);
#1594 = SURFACE_CURVE('',#1595,(#1610,#1661),.PCURVE_S1.);
#1595 = B_SPLINE_CURVE_WITH_KNOTS('',3,(#1596,#1597,#1598,#1599,#1600,
    #1601,#1602,#1603,#1604,#1605,#1606,#1607,#1608,#1609),
  .UNSPECIFIED.,.F.,.F.,(4,2,2,2,2,2,4),(-5.632595589154E-04,0.,
    3.378774713904E-02,6.706951266284E-02,0.117225321319,0.161366070116,
    0.202871381293),.UNSPECIFIED.);
#1596 = CARTESIAN_POINT('',(-15.8,-26.4386081328,34.));
#1597 = CARTESIAN_POINT('',(-15.80163301403,-26.43953462675,34.));
#1598 = CARTESIAN_POINT('',(-15.80326604893,-26.44046108384,
    33.999996666581));
#1599 = CARTESIAN_POINT('',(-15.90285913602,-26.49695949212,
    33.999590066574));
#1600 = CARTESIAN_POINT('',(-16.0008372935,-26.55236398989,
    33.987194580637));
#1601 = CARTESIAN_POINT('',(-16.19092295479,-26.659529565,
    33.938707824323));
#1602 = CARTESIAN_POINT('',(-16.28299984852,-26.71127852873,
    33.902996645242));
#1603 = CARTESIAN_POINT('',(-16.50234575889,-26.83422879642,
    33.784465493029));
#1604 = CARTESIAN_POINT('',(-16.62296048235,-26.90152289388,
    33.68737445245));
#1605 = CARTESIAN_POINT('',(-16.81167450107,-27.00652978824,
    33.460032955765));
#1606 = CARTESIAN_POINT('',(-16.88284684842,-27.04600002872,
    33.336855113862));
#1607 = CARTESIAN_POINT('',(-16.97629669886,-27.09777722568,
    33.073295782343));
#1608 = CARTESIAN_POINT('',(-17.,-27.11088342345,32.937743491517));
#1609 = CARTESIAN_POINT('',(-17.,-27.11088342345,32.8));
#1610 = PCURVE('',#569,#1611);
#1611 = DEFINITIONAL_REPRESENTATION('',(#1612),#1660);
#1612 = B_SPLINE_CURVE_WITH_KNOTS('',3,(#1613,#1614,#1615,#1616,#1617,
    #1618,#1619,#1620,#1621,#1622,#1623,#1624,#1625,#1626,#1627,#1628,
    #1629,#1630,#1631,#1632,#1633,#1634,#1635,#1636,#1637,#1638,#1639,
    #1640,#1641,#1642,#1643,#1644,#1645,#1646,#1647,#1648,#1649,#1650,
    #1651,#1652,#1653,#1654,#1655,#1656,#1657,#1658,#1659),
  .UNSPECIFIED.,.F.,.F.,(4,1,1,1,1,1,1,1,1,1,1,1,1,1,1,1,1,1,1,1,1,1,1,1
    ,1,1,1,1,1,1,1,1,1,1,1,1,1,1,1,1,1,1,1,1,4),(-5.632595589154E-04,
    4.06025500591E-03,8.683769570735E-03,1.330728413556E-02,
    1.793079870039E-02,2.255431326521E-02,2.717782783004E-02,
    3.180134239486E-02,3.642485695969E-02,4.104837152451E-02,
    4.567188608934E-02,5.029540065416E-02,5.491891521899E-02,
    5.954242978381E-02,6.416594434864E-02,6.878945891346E-02,
    7.341297347829E-02,7.803648804311E-02,8.266000260794E-02,
    8.728351717276E-02,9.190703173759E-02,9.653054630241E-02,
    0.101154060867,0.105777575432,0.110401089997,0.115024604562,
    0.119648119127,0.124271633691,0.128895148256,0.133518662821,
    0.138142177386,0.142765691951,0.147389206515,0.15201272108,
    0.156636235645,0.16125975021,0.165883264775,0.17050677934,
    0.175130293904,0.179753808469,0.184377323034,0.189000837599,
    0.193624352164,0.198247866729,0.202871381293),.UNSPECIFIED.);
#1613 = CARTESIAN_POINT('',(0.785398163397,-10.85727200235));
#1614 = CARTESIAN_POINT('',(0.774227594481,-10.86487718225));
#1615 = CARTESIAN_POINT('',(0.751884750737,-10.88008205726));
#1616 = CARTESIAN_POINT('',(0.718356258883,-10.90285368804));
#1617 = CARTESIAN_POINT('',(0.684804498216,-10.92557040307));
#1618 = CARTESIAN_POINT('',(0.651220195431,-10.94821299177));
#1619 = CARTESIAN_POINT('',(0.617593887868,-10.97076222662));
#1620 = CARTESIAN_POINT('',(0.583915743539,-10.99319892437));
#1621 = CARTESIAN_POINT('',(0.550175856401,-11.01550374163));
#1622 = CARTESIAN_POINT('',(0.516362876754,-11.03765793137));
#1623 = CARTESIAN_POINT('',(0.482478721657,-11.05963414558));
#1624 = CARTESIAN_POINT('',(0.448513526305,-11.08141276199));
#1625 = CARTESIAN_POINT('',(0.414458478495,-11.10297302167));
#1626 = CARTESIAN_POINT('',(0.38030387836,-11.12429436055));
#1627 = CARTESIAN_POINT('',(0.346038676443,-11.14535657174));
#1628 = CARTESIAN_POINT('',(0.311653841736,-11.1661378247));
#1629 = CARTESIAN_POINT('',(0.277128968844,-11.18662242637));
#1630 = CARTESIAN_POINT('',(0.242498971435,-11.20676175437));
#1631 = CARTESIAN_POINT('',(0.207757913906,-11.22653265365));
#1632 = CARTESIAN_POINT('',(0.172897685556,-11.24591255633));
#1633 = CARTESIAN_POINT('',(0.137909653827,-11.2648787366));
#1634 = CARTESIAN_POINT('',(0.102784085363,-11.28340851319));
#1635 = CARTESIAN_POINT('',(6.751020970076E-02,-11.30147918465));
#1636 = CARTESIAN_POINT('',(3.207599590672E-02,-11.31906808563));
#1637 = CARTESIAN_POINT('',(-3.531507460868E-03,-11.33615242662));
#1638 = CARTESIAN_POINT('',(-3.932773381595E-02,-11.35270987868));
#1639 = CARTESIAN_POINT('',(-7.532504520023E-02,-11.3687163947));
#1640 = CARTESIAN_POINT('',(-0.111553655786,-11.38415433967));
#1641 = CARTESIAN_POINT('',(-0.147880021881,-11.3989377447));
#1642 = CARTESIAN_POINT('',(-0.184328528545,-11.4130526372));
#1643 = CARTESIAN_POINT('',(-0.220904683677,-11.42647565295));
#1644 = CARTESIAN_POINT('',(-0.257620317827,-11.43918593123));
#1645 = CARTESIAN_POINT('',(-0.294487251788,-11.45116198898));
#1646 = CARTESIAN_POINT('',(-0.33151813392,-11.46238232894));
#1647 = CARTESIAN_POINT('',(-0.36873006205,-11.47282613301));
#1648 = CARTESIAN_POINT('',(-0.406129819499,-11.4824698807));
#1649 = CARTESIAN_POINT('',(-0.443769782327,-11.49130018185));
#1650 = CARTESIAN_POINT('',(-0.481539428902,-11.49926582739));
#1651 = CARTESIAN_POINT('',(-0.519299204,-11.50632265194));
#1652 = CARTESIAN_POINT('',(-0.557102020386,-11.51247068538));
#1653 = CARTESIAN_POINT('',(-0.59494964869,-11.51769813711));
#1654 = CARTESIAN_POINT('',(-0.632858063118,-11.52199638385));
#1655 = CARTESIAN_POINT('',(-0.670840081866,-11.52535595362));
#1656 = CARTESIAN_POINT('',(-0.708910199341,-11.52776760184));
#1657 = CARTESIAN_POINT('',(-0.747083322255,-11.529222023));
#1658 = CARTESIAN_POINT('',(-0.772611544683,-11.529547293));
#1659 = CARTESIAN_POINT('',(-0.785398163397,-11.529547293));
#1660 = ( GEOMETRIC_REPRESENTATION_CONTEXT(2) 
PARAMETRIC_REPRESENTATION_CONTEXT() REPRESENTATION_CONTEXT('2D SPACE',''
  ) );
#1661 = PCURVE('',#307,#1662);
#1662 = DEFINITIONAL_REPRESENTATION('',(#1663),#1711);
#1663 = B_SPLINE_CURVE_WITH_KNOTS('',3,(#1664,#1665,#1666,#1667,#1668,
    #1669,#1670,#1671,#1672,#1673,#1674,#1675,#1676,#1677,#1678,#1679,
    #1680,#1681,#1682,#1683,#1684,#1685,#1686,#1687,#1688,#1689,#1690,
    #1691,#1692,#1693,#1694,#1695,#1696,#1697,#1698,#1699,#1700,#1701,
    #1702,#1703,#1704,#1705,#1706,#1707,#1708,#1709,#1710),
  .UNSPECIFIED.,.F.,.F.,(4,1,1,1,1,1,1,1,1,1,1,1,1,1,1,1,1,1,1,1,1,1,1,1
    ,1,1,1,1,1,1,1,1,1,1,1,1,1,1,1,1,1,1,1,1,4),(-5.632595589154E-04,
    4.06025500591E-03,8.683769570735E-03,1.330728413556E-02,
    1.793079870039E-02,2.255431326521E-02,2.717782783004E-02,
    3.180134239486E-02,3.642485695969E-02,4.104837152451E-02,
    4.567188608934E-02,5.029540065416E-02,5.491891521899E-02,
    5.954242978381E-02,6.416594434864E-02,6.878945891346E-02,
    7.341297347829E-02,7.803648804311E-02,8.266000260794E-02,
    8.728351717276E-02,9.190703173759E-02,9.653054630241E-02,
    0.101154060867,0.105777575432,0.110401089997,0.115024604562,
    0.119648119127,0.124271633691,0.128895148256,0.133518662821,
    0.138142177386,0.142765691951,0.147389206515,0.15201272108,
    0.156636235645,0.16125975021,0.165883264775,0.17050677934,
    0.175130293904,0.179753808469,0.184377323034,0.189000837599,
    0.193624352164,0.198247866729,0.202871381293),.UNSPECIFIED.);
#1664 = CARTESIAN_POINT('',(2.602931707391,1.570796326795));
#1665 = CARTESIAN_POINT('',(2.602684785963,1.559625754001));
#1666 = CARTESIAN_POINT('',(2.602191440481,1.537282962493));
#1667 = CARTESIAN_POINT('',(2.601453536552,1.503754628901));
#1668 = CARTESIAN_POINT('',(2.600718371795,1.470202988173));
#1669 = CARTESIAN_POINT('',(2.599986561623,1.436618712346));
#1670 = CARTESIAN_POINT('',(2.599258716286,1.402992326774));
#1671 = CARTESIAN_POINT('',(2.598535437976,1.369314037709));
#1672 = CARTESIAN_POINT('',(2.597817328714,1.335574009245));
#1673 = CARTESIAN_POINT('',(2.597104962362,1.301761045363));
#1674 = CARTESIAN_POINT('',(2.596399199445,1.267877021013));
#1675 = CARTESIAN_POINT('',(2.595700655244,1.233911938395));
#1676 = CARTESIAN_POINT('',(2.595009973256,1.199856932196));
#1677 = CARTESIAN_POINT('',(2.594327785372,1.165702284362));
#1678 = CARTESIAN_POINT('',(2.593654706252,1.131436970021));
#1679 = CARTESIAN_POINT('',(2.592991396869,1.097052016674));
#1680 = CARTESIAN_POINT('',(2.592338317282,1.062527112393));
#1681 = CARTESIAN_POINT('',(2.59169697001,1.027897300824));
#1682 = CARTESIAN_POINT('',(2.591068064011,0.993156483918));
#1683 = CARTESIAN_POINT('',(2.590452281958,0.958296468138));
#1684 = CARTESIAN_POINT('',(2.589850307574,0.923308563956));
#1685 = CARTESIAN_POINT('',(2.589262818659,0.888183015407));
#1686 = CARTESIAN_POINT('',(2.588690489756,0.852909055132));
#1687 = CARTESIAN_POINT('',(2.588133990673,0.81747467689));
#1688 = CARTESIAN_POINT('',(2.587593992018,0.781866969204));
#1689 = CARTESIAN_POINT('',(2.587071146926,0.746070551022));
#1690 = CARTESIAN_POINT('',(2.586566161086,0.710073110426));
#1691 = CARTESIAN_POINT('',(2.586079533457,0.673844510435));
#1692 = CARTESIAN_POINT('',(2.585613943841,0.637518093128));
#1693 = CARTESIAN_POINT('',(2.585169773787,0.601069528774));
#1694 = CARTESIAN_POINT('',(2.584747705136,0.564493325626));
#1695 = CARTESIAN_POINT('',(2.584348340849,0.527777669995));
#1696 = CARTESIAN_POINT('',(2.583972305316,0.490910746545));
#1697 = CARTESIAN_POINT('',(2.583620225424,0.453879903313));
#1698 = CARTESIAN_POINT('',(2.583292709194,0.41666803125));
#1699 = CARTESIAN_POINT('',(2.582990453466,0.379268324173));
#1700 = CARTESIAN_POINT('',(2.582713837932,0.341628396163));
#1701 = CARTESIAN_POINT('',(2.582464444797,0.303858693773));
#1702 = CARTESIAN_POINT('',(2.582243615241,0.266098821236));
#1703 = CARTESIAN_POINT('',(2.582051298058,0.228295943159));
#1704 = CARTESIAN_POINT('',(2.581887824494,0.190448307313));
#1705 = CARTESIAN_POINT('',(2.581753433735,0.152539934755));
#1706 = CARTESIAN_POINT('',(2.581648400329,0.114557983072));
#1707 = CARTESIAN_POINT('',(2.581573000713,7.648792866528E-02));
#1708 = CARTESIAN_POINT('',(2.581527521425,3.831483875071E-02));
#1709 = CARTESIAN_POINT('',(2.581517348172,1.278662123866E-02));
#1710 = CARTESIAN_POINT('',(2.581517347363,0.));
#1711 = ( GEOMETRIC_REPRESENTATION_CONTEXT(2) 
PARAMETRIC_REPRESENTATION_CONTEXT() REPRESENTATION_CONTEXT('2D SPACE',''
  ) );
#1712 = ORIENTED_EDGE('',*,*,#1713,.T.);
#1713 = EDGE_CURVE('',#399,#475,#1714,.T.);
#1714 = SURFACE_CURVE('',#1715,(#1719,#1726),.PCURVE_S1.);
#1715 = LINE('',#1716,#1717);
#1716 = CARTESIAN_POINT('',(-17.,-15.58133613045,32.8));
#1717 = VECTOR('',#1718,1.);
#1718 = DIRECTION('',(0.,-1.,0.));
#1719 = PCURVE('',#569,#1720);
#1720 = DEFINITIONAL_REPRESENTATION('',(#1721),#1725);
#1721 = LINE('',#1722,#1723);
#1722 = CARTESIAN_POINT('',(-0.785398163397,0.));
#1723 = VECTOR('',#1724,1.);
#1724 = DIRECTION('',(0.,-1.));
#1725 = ( GEOMETRIC_REPRESENTATION_CONTEXT(2) 
PARAMETRIC_REPRESENTATION_CONTEXT() REPRESENTATION_CONTEXT('2D SPACE',''
  ) );
#1726 = PCURVE('',#414,#1727);
#1727 = DEFINITIONAL_REPRESENTATION('',(#1728),#1732);
#1728 = LINE('',#1729,#1730);
#1729 = CARTESIAN_POINT('',(15.8,15.581336130452));
#1730 = VECTOR('',#1731,1.);
#1731 = DIRECTION('',(0.,-1.));
#1732 = ( GEOMETRIC_REPRESENTATION_CONTEXT(2) 
PARAMETRIC_REPRESENTATION_CONTEXT() REPRESENTATION_CONTEXT('2D SPACE',''
  ) );
#1733 = ADVANCED_FACE('',(#1734),#307,.T.);
#1734 = FACE_BOUND('',#1735,.T.);
#1735 = EDGE_LOOP('',(#1736,#1737,#1738,#1739,#1740));
#1736 = ORIENTED_EDGE('',*,*,#1216,.T.);
#1737 = ORIENTED_EDGE('',*,*,#1411,.T.);
#1738 = ORIENTED_EDGE('',*,*,#288,.T.);
#1739 = ORIENTED_EDGE('',*,*,#426,.T.);
#1740 = ORIENTED_EDGE('',*,*,#1593,.F.);
#1741 = ADVANCED_FACE('',(#1742),#916,.T.);
#1742 = FACE_BOUND('',#1743,.T.);
#1743 = EDGE_LOOP('',(#1744,#1745,#1746,#1747));
#1744 = ORIENTED_EDGE('',*,*,#1021,.F.);
#1745 = ORIENTED_EDGE('',*,*,#1168,.F.);
#1746 = ORIENTED_EDGE('',*,*,#1071,.F.);
#1747 = ORIENTED_EDGE('',*,*,#900,.F.);
#1748 = ADVANCED_FACE('',(#1749),#414,.T.);
#1749 = FACE_BOUND('',#1750,.T.);
#1750 = EDGE_LOOP('',(#1751,#1752,#1753,#1754));
#1751 = ORIENTED_EDGE('',*,*,#1093,.F.);
#1752 = ORIENTED_EDGE('',*,*,#1713,.F.);
#1753 = ORIENTED_EDGE('',*,*,#398,.F.);
#1754 = ORIENTED_EDGE('',*,*,#1565,.T.);
#1755 = ADVANCED_FACE('',(#1756),#1771,.T.);
#1756 = FACE_BOUND('',#1757,.T.);
#1757 = EDGE_LOOP('',(#1758,#1798,#1821,#1844));
#1758 = ORIENTED_EDGE('',*,*,#1759,.F.);
#1759 = EDGE_CURVE('',#1760,#1762,#1764,.T.);
#1760 = VERTEX_POINT('',#1761);
#1761 = CARTESIAN_POINT('',(1.5,29.962476533157,30.8));
#1762 = VERTEX_POINT('',#1763);
#1763 = CARTESIAN_POINT('',(-1.5,29.962476533157,30.8));
#1764 = SURFACE_CURVE('',#1765,(#1770,#1786),.PCURVE_S1.);
#1765 = CIRCLE('',#1766,30.);
#1766 = AXIS2_PLACEMENT_3D('',#1767,#1768,#1769);
#1767 = CARTESIAN_POINT('',(0.,0.,30.8));
#1768 = DIRECTION('',(0.,0.,1.));
#1769 = DIRECTION('',(1.,0.,-0.));
#1770 = PCURVE('',#1771,#1776);
#1771 = PLANE('',#1772);
#1772 = AXIS2_PLACEMENT_3D('',#1773,#1774,#1775);
#1773 = CARTESIAN_POINT('',(1.665334536938E-15,29.6,30.8));
#1774 = DIRECTION('',(0.,0.,-1.));
#1775 = DIRECTION('',(-1.,0.,0.));
#1776 = DEFINITIONAL_REPRESENTATION('',(#1777),#1785);
#1777 = ( BOUNDED_CURVE() B_SPLINE_CURVE(2,(#1778,#1779,#1780,#1781,
#1782,#1783,#1784),.UNSPECIFIED.,.T.,.F.) B_SPLINE_CURVE_WITH_KNOTS((1,2
    ,2,2,2,1),(-2.094395102393,0.,2.094395102393,4.188790204786,
6.28318530718,8.377580409573),.UNSPECIFIED.) CURVE() 
GEOMETRIC_REPRESENTATION_ITEM() RATIONAL_B_SPLINE_CURVE((1.,0.5,1.,0.5,
1.,0.5,1.)) REPRESENTATION_ITEM('') );
#1778 = CARTESIAN_POINT('',(-30.,-29.6));
#1779 = CARTESIAN_POINT('',(-30.,22.361524227066));
#1780 = CARTESIAN_POINT('',(15.,-3.619237886467));
#1781 = CARTESIAN_POINT('',(60.,-29.6));
#1782 = CARTESIAN_POINT('',(15.,-55.58076211353));
#1783 = CARTESIAN_POINT('',(-30.,-81.56152422706));
#1784 = CARTESIAN_POINT('',(-30.,-29.6));
#1785 = ( GEOMETRIC_REPRESENTATION_CONTEXT(2) 
PARAMETRIC_REPRESENTATION_CONTEXT() REPRESENTATION_CONTEXT('2D SPACE',''
  ) );
#1786 = PCURVE('',#1787,#1792);
#1787 = CYLINDRICAL_SURFACE('',#1788,30.);
#1788 = AXIS2_PLACEMENT_3D('',#1789,#1790,#1791);
#1789 = CARTESIAN_POINT('',(0.,0.,1.7));
#1790 = DIRECTION('',(0.,0.,1.));
#1791 = DIRECTION('',(1.,0.,-0.));
#1792 = DEFINITIONAL_REPRESENTATION('',(#1793),#1797);
#1793 = LINE('',#1794,#1795);
#1794 = CARTESIAN_POINT('',(6.28318530718,29.1));
#1795 = VECTOR('',#1796,1.);
#1796 = DIRECTION('',(1.,0.));
#1797 = ( GEOMETRIC_REPRESENTATION_CONTEXT(2) 
PARAMETRIC_REPRESENTATION_CONTEXT() REPRESENTATION_CONTEXT('2D SPACE',''
  ) );
#1798 = ORIENTED_EDGE('',*,*,#1799,.T.);
#1799 = EDGE_CURVE('',#1760,#1800,#1802,.T.);
#1800 = VERTEX_POINT('',#1801);
#1801 = CARTESIAN_POINT('',(1.5,28.9,30.8));
#1802 = SURFACE_CURVE('',#1803,(#1807,#1814),.PCURVE_S1.);
#1803 = LINE('',#1804,#1805);
#1804 = CARTESIAN_POINT('',(1.5,28.9,30.8));
#1805 = VECTOR('',#1806,1.);
#1806 = DIRECTION('',(0.,-1.,0.));
#1807 = PCURVE('',#1771,#1808);
#1808 = DEFINITIONAL_REPRESENTATION('',(#1809),#1813);
#1809 = LINE('',#1810,#1811);
#1810 = CARTESIAN_POINT('',(-1.5,-0.7));
#1811 = VECTOR('',#1812,1.);
#1812 = DIRECTION('',(0.,-1.));
#1813 = ( GEOMETRIC_REPRESENTATION_CONTEXT(2) 
PARAMETRIC_REPRESENTATION_CONTEXT() REPRESENTATION_CONTEXT('2D SPACE',''
  ) );
#1814 = PCURVE('',#1374,#1815);
#1815 = DEFINITIONAL_REPRESENTATION('',(#1816),#1820);
#1816 = LINE('',#1817,#1818);
#1817 = CARTESIAN_POINT('',(1.4,3.2));
#1818 = VECTOR('',#1819,1.);
#1819 = DIRECTION('',(1.,0.));
#1820 = ( GEOMETRIC_REPRESENTATION_CONTEXT(2) 
PARAMETRIC_REPRESENTATION_CONTEXT() REPRESENTATION_CONTEXT('2D SPACE',''
  ) );
#1821 = ORIENTED_EDGE('',*,*,#1822,.T.);
#1822 = EDGE_CURVE('',#1800,#1823,#1825,.T.);
#1823 = VERTEX_POINT('',#1824);
#1824 = CARTESIAN_POINT('',(-1.5,28.9,30.8));
#1825 = SURFACE_CURVE('',#1826,(#1830,#1837),.PCURVE_S1.);
#1826 = LINE('',#1827,#1828);
#1827 = CARTESIAN_POINT('',(-1.5,28.9,30.8));
#1828 = VECTOR('',#1829,1.);
#1829 = DIRECTION('',(-1.,0.,0.));
#1830 = PCURVE('',#1771,#1831);
#1831 = DEFINITIONAL_REPRESENTATION('',(#1832),#1836);
#1832 = LINE('',#1833,#1834);
#1833 = CARTESIAN_POINT('',(1.5,-0.7));
#1834 = VECTOR('',#1835,1.);
#1835 = DIRECTION('',(1.,0.));
#1836 = ( GEOMETRIC_REPRESENTATION_CONTEXT(2) 
PARAMETRIC_REPRESENTATION_CONTEXT() REPRESENTATION_CONTEXT('2D SPACE',''
  ) );
#1837 = PCURVE('',#1348,#1838);
#1838 = DEFINITIONAL_REPRESENTATION('',(#1839),#1843);
#1839 = LINE('',#1840,#1841);
#1840 = CARTESIAN_POINT('',(3.,3.2));
#1841 = VECTOR('',#1842,1.);
#1842 = DIRECTION('',(1.,0.));
#1843 = ( GEOMETRIC_REPRESENTATION_CONTEXT(2) 
PARAMETRIC_REPRESENTATION_CONTEXT() REPRESENTATION_CONTEXT('2D SPACE',''
  ) );
#1844 = ORIENTED_EDGE('',*,*,#1845,.T.);
#1845 = EDGE_CURVE('',#1823,#1762,#1846,.T.);
#1846 = SURFACE_CURVE('',#1847,(#1851,#1858),.PCURVE_S1.);
#1847 = LINE('',#1848,#1849);
#1848 = CARTESIAN_POINT('',(-1.5,30.3,30.8));
#1849 = VECTOR('',#1850,1.);
#1850 = DIRECTION('',(0.,1.,0.));
#1851 = PCURVE('',#1771,#1852);
#1852 = DEFINITIONAL_REPRESENTATION('',(#1853),#1857);
#1853 = LINE('',#1854,#1855);
#1854 = CARTESIAN_POINT('',(1.5,0.7));
#1855 = VECTOR('',#1856,1.);
#1856 = DIRECTION('',(0.,1.));
#1857 = ( GEOMETRIC_REPRESENTATION_CONTEXT(2) 
PARAMETRIC_REPRESENTATION_CONTEXT() REPRESENTATION_CONTEXT('2D SPACE',''
  ) );
#1858 = PCURVE('',#1320,#1859);
#1859 = DEFINITIONAL_REPRESENTATION('',(#1860),#1864);
#1860 = LINE('',#1861,#1862);
#1861 = CARTESIAN_POINT('',(1.4,3.2));
#1862 = VECTOR('',#1863,1.);
#1863 = DIRECTION('',(1.,0.));
#1864 = ( GEOMETRIC_REPRESENTATION_CONTEXT(2) 
PARAMETRIC_REPRESENTATION_CONTEXT() REPRESENTATION_CONTEXT('2D SPACE',''
  ) );
#1865 = ADVANCED_FACE('',(#1866),#1374,.T.);
#1866 = FACE_BOUND('',#1867,.T.);
#1867 = EDGE_LOOP('',(#1868,#1891,#1918,#1946,#1973,#1994,#1995,#2016));
#1868 = ORIENTED_EDGE('',*,*,#1869,.F.);
#1869 = EDGE_CURVE('',#1870,#1760,#1872,.T.);
#1870 = VERTEX_POINT('',#1871);
#1871 = CARTESIAN_POINT('',(1.5,29.962476533157,31.833333333333));
#1872 = SURFACE_CURVE('',#1873,(#1877,#1884),.PCURVE_S1.);
#1873 = LINE('',#1874,#1875);
#1874 = CARTESIAN_POINT('',(1.5,29.962476533157,1.7));
#1875 = VECTOR('',#1876,1.);
#1876 = DIRECTION('',(0.,0.,-1.));
#1877 = PCURVE('',#1374,#1878);
#1878 = DEFINITIONAL_REPRESENTATION('',(#1879),#1883);
#1879 = LINE('',#1880,#1881);
#1880 = CARTESIAN_POINT('',(0.337523466843,32.3));
#1881 = VECTOR('',#1882,1.);
#1882 = DIRECTION('',(0.,1.));
#1883 = ( GEOMETRIC_REPRESENTATION_CONTEXT(2) 
PARAMETRIC_REPRESENTATION_CONTEXT() REPRESENTATION_CONTEXT('2D SPACE',''
  ) );
#1884 = PCURVE('',#1787,#1885);
#1885 = DEFINITIONAL_REPRESENTATION('',(#1886),#1890);
#1886 = LINE('',#1887,#1888);
#1887 = CARTESIAN_POINT('',(7.803960777169,0.));
#1888 = VECTOR('',#1889,1.);
#1889 = DIRECTION('',(0.,-1.));
#1890 = ( GEOMETRIC_REPRESENTATION_CONTEXT(2) 
PARAMETRIC_REPRESENTATION_CONTEXT() REPRESENTATION_CONTEXT('2D SPACE',''
  ) );
#1891 = ORIENTED_EDGE('',*,*,#1892,.F.);
#1892 = EDGE_CURVE('',#1893,#1870,#1895,.T.);
#1893 = VERTEX_POINT('',#1894);
#1894 = CARTESIAN_POINT('',(1.5,30.3,32.282807989996));
#1895 = SURFACE_CURVE('',#1896,(#1900,#1907),.PCURVE_S1.);
#1896 = LINE('',#1897,#1898);
#1897 = CARTESIAN_POINT('',(1.5,30.212784478306,32.166666666667));
#1898 = VECTOR('',#1899,1.);
#1899 = DIRECTION('',(-3.329192191856E-16,-0.600472689229,
    -0.799645264783));
#1900 = PCURVE('',#1374,#1901);
#1901 = DEFINITIONAL_REPRESENTATION('',(#1902),#1906);
#1902 = LINE('',#1903,#1904);
#1903 = CARTESIAN_POINT('',(8.72155216935E-02,1.833333333333));
#1904 = VECTOR('',#1905,1.);
#1905 = DIRECTION('',(0.600472689229,0.799645264783));
#1906 = ( GEOMETRIC_REPRESENTATION_CONTEXT(2) 
PARAMETRIC_REPRESENTATION_CONTEXT() REPRESENTATION_CONTEXT('2D SPACE',''
  ) );
#1907 = PCURVE('',#1908,#1913);
#1908 = CONICAL_SURFACE('',#1909,30.2,0.643501108793);
#1909 = AXIS2_PLACEMENT_3D('',#1910,#1911,#1912);
#1910 = CARTESIAN_POINT('',(0.,0.,32.1));
#1911 = DIRECTION('',(0.,0.,1.));
#1912 = DIRECTION('',(1.,0.,-0.));
#1913 = DEFINITIONAL_REPRESENTATION('',(#1914),#1917);
#1914 = B_SPLINE_CURVE_WITH_KNOTS('',1,(#1915,#1916),.UNSPECIFIED.,.F.,
  .F.,(2,2),(-0.1452423981,0.416851506554),.PIECEWISE_BEZIER_KNOTS.);
#1915 = CARTESIAN_POINT('',(1.521331755865,0.182807991679));
#1916 = CARTESIAN_POINT('',(1.520775469989,-0.266666666667));
#1917 = ( GEOMETRIC_REPRESENTATION_CONTEXT(2) 
PARAMETRIC_REPRESENTATION_CONTEXT() REPRESENTATION_CONTEXT('2D SPACE',''
  ) );
#1918 = ORIENTED_EDGE('',*,*,#1919,.F.);
#1919 = EDGE_CURVE('',#1920,#1893,#1922,.T.);
#1920 = VERTEX_POINT('',#1921);
#1921 = CARTESIAN_POINT('',(1.5,30.3,32.717192010004));
#1922 = SURFACE_CURVE('',#1923,(#1927,#1934),.PCURVE_S1.);
#1923 = LINE('',#1924,#1925);
#1924 = CARTESIAN_POINT('',(1.5,30.3,34.));
#1925 = VECTOR('',#1926,1.);
#1926 = DIRECTION('',(0.,0.,-1.));
#1927 = PCURVE('',#1374,#1928);
#1928 = DEFINITIONAL_REPRESENTATION('',(#1929),#1933);
#1929 = LINE('',#1930,#1931);
#1930 = CARTESIAN_POINT('',(0.,0.));
#1931 = VECTOR('',#1932,1.);
#1932 = DIRECTION('',(0.,1.));
#1933 = ( GEOMETRIC_REPRESENTATION_CONTEXT(2) 
PARAMETRIC_REPRESENTATION_CONTEXT() REPRESENTATION_CONTEXT('2D SPACE',''
  ) );
#1934 = PCURVE('',#1935,#1940);
#1935 = PLANE('',#1936);
#1936 = AXIS2_PLACEMENT_3D('',#1937,#1938,#1939);
#1937 = CARTESIAN_POINT('',(-1.5,30.3,34.));
#1938 = DIRECTION('',(0.,1.,0.));
#1939 = DIRECTION('',(1.,0.,0.));
#1940 = DEFINITIONAL_REPRESENTATION('',(#1941),#1945);
#1941 = LINE('',#1942,#1943);
#1942 = CARTESIAN_POINT('',(3.,0.));
#1943 = VECTOR('',#1944,1.);
#1944 = DIRECTION('',(0.,1.));
#1945 = ( GEOMETRIC_REPRESENTATION_CONTEXT(2) 
PARAMETRIC_REPRESENTATION_CONTEXT() REPRESENTATION_CONTEXT('2D SPACE',''
  ) );
#1946 = ORIENTED_EDGE('',*,*,#1947,.F.);
#1947 = EDGE_CURVE('',#1948,#1920,#1950,.T.);
#1948 = VERTEX_POINT('',#1949);
#1949 = CARTESIAN_POINT('',(1.5,29.962476533157,33.166666666667));
#1950 = SURFACE_CURVE('',#1951,(#1955,#1962),.PCURVE_S1.);
#1951 = LINE('',#1952,#1953);
#1952 = CARTESIAN_POINT('',(1.5,30.212784478306,32.833333333333));
#1953 = VECTOR('',#1954,1.);
#1954 = DIRECTION('',(0.,0.600472689229,-0.799645264783));
#1955 = PCURVE('',#1374,#1956);
#1956 = DEFINITIONAL_REPRESENTATION('',(#1957),#1961);
#1957 = LINE('',#1958,#1959);
#1958 = CARTESIAN_POINT('',(8.72155216935E-02,1.166666666667));
#1959 = VECTOR('',#1960,1.);
#1960 = DIRECTION('',(-0.600472689229,0.799645264783));
#1961 = ( GEOMETRIC_REPRESENTATION_CONTEXT(2) 
PARAMETRIC_REPRESENTATION_CONTEXT() REPRESENTATION_CONTEXT('2D SPACE',''
  ) );
#1962 = PCURVE('',#1963,#1968);
#1963 = CONICAL_SURFACE('',#1964,30.2,0.643501108793);
#1964 = AXIS2_PLACEMENT_3D('',#1965,#1966,#1967);
#1965 = CARTESIAN_POINT('',(0.,0.,32.9));
#1966 = DIRECTION('',(0.,0.,-1.));
#1967 = DIRECTION('',(1.,0.,0.));
#1968 = DEFINITIONAL_REPRESENTATION('',(#1969),#1972);
#1969 = B_SPLINE_CURVE_WITH_KNOTS('',1,(#1970,#1971),.UNSPECIFIED.,.F.,
  .F.,(2,2),(-0.416851506554,0.1452423981),.PIECEWISE_BEZIER_KNOTS.);
#1970 = CARTESIAN_POINT('',(-1.520775469989,-0.266666666667));
#1971 = CARTESIAN_POINT('',(-1.521331755865,0.182807991679));
#1972 = ( GEOMETRIC_REPRESENTATION_CONTEXT(2) 
PARAMETRIC_REPRESENTATION_CONTEXT() REPRESENTATION_CONTEXT('2D SPACE',''
  ) );
#1973 = ORIENTED_EDGE('',*,*,#1974,.F.);
#1974 = EDGE_CURVE('',#1270,#1948,#1975,.T.);
#1975 = SURFACE_CURVE('',#1976,(#1980,#1987),.PCURVE_S1.);
#1976 = LINE('',#1977,#1978);
#1977 = CARTESIAN_POINT('',(1.5,29.962476533157,1.7));
#1978 = VECTOR('',#1979,1.);
#1979 = DIRECTION('',(0.,0.,-1.));
#1980 = PCURVE('',#1374,#1981);
#1981 = DEFINITIONAL_REPRESENTATION('',(#1982),#1986);
#1982 = LINE('',#1983,#1984);
#1983 = CARTESIAN_POINT('',(0.337523466843,32.3));
#1984 = VECTOR('',#1985,1.);
#1985 = DIRECTION('',(0.,1.));
#1986 = ( GEOMETRIC_REPRESENTATION_CONTEXT(2) 
PARAMETRIC_REPRESENTATION_CONTEXT() REPRESENTATION_CONTEXT('2D SPACE',''
  ) );
#1987 = PCURVE('',#1292,#1988);
#1988 = DEFINITIONAL_REPRESENTATION('',(#1989),#1993);
#1989 = LINE('',#1990,#1991);
#1990 = CARTESIAN_POINT('',(9.374757103964,0.));
#1991 = VECTOR('',#1992,1.);
#1992 = DIRECTION('',(0.,-1.));
#1993 = ( GEOMETRIC_REPRESENTATION_CONTEXT(2) 
PARAMETRIC_REPRESENTATION_CONTEXT() REPRESENTATION_CONTEXT('2D SPACE',''
  ) );
#1994 = ORIENTED_EDGE('',*,*,#1360,.F.);
#1995 = ORIENTED_EDGE('',*,*,#1996,.T.);
#1996 = EDGE_CURVE('',#1333,#1800,#1997,.T.);
#1997 = SURFACE_CURVE('',#1998,(#2002,#2009),.PCURVE_S1.);
#1998 = LINE('',#1999,#2000);
#1999 = CARTESIAN_POINT('',(1.5,28.9,34.));
#2000 = VECTOR('',#2001,1.);
#2001 = DIRECTION('',(0.,0.,-1.));
#2002 = PCURVE('',#1374,#2003);
#2003 = DEFINITIONAL_REPRESENTATION('',(#2004),#2008);
#2004 = LINE('',#2005,#2006);
#2005 = CARTESIAN_POINT('',(1.4,0.));
#2006 = VECTOR('',#2007,1.);
#2007 = DIRECTION('',(0.,1.));
#2008 = ( GEOMETRIC_REPRESENTATION_CONTEXT(2) 
PARAMETRIC_REPRESENTATION_CONTEXT() REPRESENTATION_CONTEXT('2D SPACE',''
  ) );
#2009 = PCURVE('',#1348,#2010);
#2010 = DEFINITIONAL_REPRESENTATION('',(#2011),#2015);
#2011 = LINE('',#2012,#2013);
#2012 = CARTESIAN_POINT('',(0.,-0.));
#2013 = VECTOR('',#2014,1.);
#2014 = DIRECTION('',(0.,1.));
#2015 = ( GEOMETRIC_REPRESENTATION_CONTEXT(2) 
PARAMETRIC_REPRESENTATION_CONTEXT() REPRESENTATION_CONTEXT('2D SPACE',''
  ) );
#2016 = ORIENTED_EDGE('',*,*,#1799,.F.);
#2017 = ADVANCED_FACE('',(#2018),#1935,.T.);
#2018 = FACE_BOUND('',#2019,.T.);
#2019 = EDGE_LOOP('',(#2020,#2065,#2088,#2131));
#2020 = ORIENTED_EDGE('',*,*,#2021,.F.);
#2021 = EDGE_CURVE('',#2022,#1893,#2024,.T.);
#2022 = VERTEX_POINT('',#2023);
#2023 = CARTESIAN_POINT('',(-1.5,30.3,32.282807989996));
#2024 = SURFACE_CURVE('',#2025,(#2029,#2036),.PCURVE_S1.);
#2025 = ( BOUNDED_CURVE() B_SPLINE_CURVE(2,(#2026,#2027,#2028),
.UNSPECIFIED.,.F.,.F.) B_SPLINE_CURVE_WITH_KNOTS((3,3),(0.198887964721,
0.500572144538),.PIECEWISE_BEZIER_KNOTS.) CURVE() 
GEOMETRIC_REPRESENTATION_ITEM() RATIONAL_B_SPLINE_CURVE((1.002686375031,
1.003914285035,1.002686375031)) REPRESENTATION_ITEM('') );
#2026 = CARTESIAN_POINT('',(-1.5,30.3,32.282807989996));
#2027 = CARTESIAN_POINT('',(5.828670879282E-15,30.3,32.183919190229));
#2028 = CARTESIAN_POINT('',(1.5,30.3,32.282807989996));
#2029 = PCURVE('',#1935,#2030);
#2030 = DEFINITIONAL_REPRESENTATION('',(#2031),#2035);
#2031 = ( BOUNDED_CURVE() B_SPLINE_CURVE(2,(#2032,#2033,#2034),
.UNSPECIFIED.,.F.,.F.) B_SPLINE_CURVE_WITH_KNOTS((3,3),(0.198887964721,
0.500572144538),.PIECEWISE_BEZIER_KNOTS.) CURVE() 
GEOMETRIC_REPRESENTATION_ITEM() RATIONAL_B_SPLINE_CURVE((1.002686375031,
1.003914285035,1.002686375031)) REPRESENTATION_ITEM('') );
#2032 = CARTESIAN_POINT('',(0.,1.717192010004));
#2033 = CARTESIAN_POINT('',(1.5,1.816080809771));
#2034 = CARTESIAN_POINT('',(3.,1.717192010004));
#2035 = ( GEOMETRIC_REPRESENTATION_CONTEXT(2) 
PARAMETRIC_REPRESENTATION_CONTEXT() REPRESENTATION_CONTEXT('2D SPACE',''
  ) );
#2036 = PCURVE('',#1908,#2037);
#2037 = DEFINITIONAL_REPRESENTATION('',(#2038),#2064);
#2038 = B_SPLINE_CURVE_WITH_KNOTS('',3,(#2039,#2040,#2041,#2042,#2043,
    #2044,#2045,#2046,#2047,#2048,#2049,#2050,#2051,#2052,#2053,#2054,
    #2055,#2056,#2057,#2058,#2059,#2060,#2061,#2062,#2063),
  .UNSPECIFIED.,.F.,.F.,(4,1,1,1,1,1,1,1,1,1,1,1,1,1,1,1,1,1,1,1,1,1,4),
  (0.198887964721,0.212600881986,0.22631379925,0.240026716514,
    0.253739633779,0.267452551043,0.281165468308,0.294878385572,
    0.308591302836,0.322304220101,0.336017137365,0.349730054629,
    0.363442971894,0.377155889158,0.390868806423,0.404581723687,
    0.418294640951,0.432007558216,0.44572047548,0.459433392744,
    0.473146310009,0.486859227273,0.500572144538),
  .QUASI_UNIFORM_KNOTS.);
#2039 = CARTESIAN_POINT('',(1.620260895396,0.182807989996));
#2040 = CARTESIAN_POINT('',(1.618762580251,0.179807694129));
#2041 = CARTESIAN_POINT('',(1.615765783349,0.174080509174));
#2042 = CARTESIAN_POINT('',(1.611270133534,0.166309484702));
#2043 = CARTESIAN_POINT('',(1.606774074617,0.15935772624));
#2044 = CARTESIAN_POINT('',(1.602277651994,0.153224815376));
#2045 = CARTESIAN_POINT('',(1.59778091108,0.147910378544));
#2046 = CARTESIAN_POINT('',(1.593283897308,0.143414093297));
#2047 = CARTESIAN_POINT('',(1.588786656129,0.139735686564));
#2048 = CARTESIAN_POINT('',(1.584289233009,0.136874935062));
#2049 = CARTESIAN_POINT('',(1.579791673423,0.134831665142));
#2050 = CARTESIAN_POINT('',(1.575294022855,0.13360575279));
#2051 = CARTESIAN_POINT('',(1.570796326795,0.133197123605));
#2052 = CARTESIAN_POINT('',(1.566298630735,0.13360575279));
#2053 = CARTESIAN_POINT('',(1.561800980167,0.134831665142));
#2054 = CARTESIAN_POINT('',(1.557303420581,0.136874935062));
#2055 = CARTESIAN_POINT('',(1.552805997461,0.139735686564));
#2056 = CARTESIAN_POINT('',(1.548308756282,0.143414093297));
#2057 = CARTESIAN_POINT('',(1.54381174251,0.147910378544));
#2058 = CARTESIAN_POINT('',(1.539315001596,0.153224815376));
#2059 = CARTESIAN_POINT('',(1.534818578973,0.15935772624));
#2060 = CARTESIAN_POINT('',(1.530322520056,0.166309484702));
#2061 = CARTESIAN_POINT('',(1.525826870241,0.174080509174));
#2062 = CARTESIAN_POINT('',(1.522830073339,0.179807694129));
#2063 = CARTESIAN_POINT('',(1.521331758193,0.182807989996));
#2064 = ( GEOMETRIC_REPRESENTATION_CONTEXT(2) 
PARAMETRIC_REPRESENTATION_CONTEXT() REPRESENTATION_CONTEXT('2D SPACE',''
  ) );
#2065 = ORIENTED_EDGE('',*,*,#2066,.F.);
#2066 = EDGE_CURVE('',#2067,#2022,#2069,.T.);
#2067 = VERTEX_POINT('',#2068);
#2068 = CARTESIAN_POINT('',(-1.5,30.3,32.717192010004));
#2069 = SURFACE_CURVE('',#2070,(#2074,#2081),.PCURVE_S1.);
#2070 = LINE('',#2071,#2072);
#2071 = CARTESIAN_POINT('',(-1.5,30.3,34.));
#2072 = VECTOR('',#2073,1.);
#2073 = DIRECTION('',(0.,0.,-1.));
#2074 = PCURVE('',#1935,#2075);
#2075 = DEFINITIONAL_REPRESENTATION('',(#2076),#2080);
#2076 = LINE('',#2077,#2078);
#2077 = CARTESIAN_POINT('',(0.,0.));
#2078 = VECTOR('',#2079,1.);
#2079 = DIRECTION('',(0.,1.));
#2080 = ( GEOMETRIC_REPRESENTATION_CONTEXT(2) 
PARAMETRIC_REPRESENTATION_CONTEXT() REPRESENTATION_CONTEXT('2D SPACE',''
  ) );
#2081 = PCURVE('',#1320,#2082);
#2082 = DEFINITIONAL_REPRESENTATION('',(#2083),#2087);
#2083 = LINE('',#2084,#2085);
#2084 = CARTESIAN_POINT('',(1.4,0.));
#2085 = VECTOR('',#2086,1.);
#2086 = DIRECTION('',(0.,1.));
#2087 = ( GEOMETRIC_REPRESENTATION_CONTEXT(2) 
PARAMETRIC_REPRESENTATION_CONTEXT() REPRESENTATION_CONTEXT('2D SPACE',''
  ) );
#2088 = ORIENTED_EDGE('',*,*,#2089,.F.);
#2089 = EDGE_CURVE('',#1920,#2067,#2090,.T.);
#2090 = SURFACE_CURVE('',#2091,(#2095,#2102),.PCURVE_S1.);
#2091 = ( BOUNDED_CURVE() B_SPLINE_CURVE(2,(#2092,#2093,#2094),
.UNSPECIFIED.,.F.,.F.) B_SPLINE_CURVE_WITH_KNOTS((3,3),(0.198887964721,
0.500572144538),.PIECEWISE_BEZIER_KNOTS.) CURVE() 
GEOMETRIC_REPRESENTATION_ITEM() RATIONAL_B_SPLINE_CURVE((1.002686375031,
1.003914285035,1.002686375031)) REPRESENTATION_ITEM('') );
#2092 = CARTESIAN_POINT('',(1.5,30.3,32.717192010004));
#2093 = CARTESIAN_POINT('',(-2.22044604925E-15,30.3,32.816080809771));
#2094 = CARTESIAN_POINT('',(-1.5,30.3,32.717192010004));
#2095 = PCURVE('',#1935,#2096);
#2096 = DEFINITIONAL_REPRESENTATION('',(#2097),#2101);
#2097 = ( BOUNDED_CURVE() B_SPLINE_CURVE(2,(#2098,#2099,#2100),
.UNSPECIFIED.,.F.,.F.) B_SPLINE_CURVE_WITH_KNOTS((3,3),(0.198887964721,
0.500572144538),.PIECEWISE_BEZIER_KNOTS.) CURVE() 
GEOMETRIC_REPRESENTATION_ITEM() RATIONAL_B_SPLINE_CURVE((1.002686375031,
1.003914285035,1.002686375031)) REPRESENTATION_ITEM('') );
#2098 = CARTESIAN_POINT('',(3.,1.282807989996));
#2099 = CARTESIAN_POINT('',(1.5,1.183919190229));
#2100 = CARTESIAN_POINT('',(0.,1.282807989996));
#2101 = ( GEOMETRIC_REPRESENTATION_CONTEXT(2) 
PARAMETRIC_REPRESENTATION_CONTEXT() REPRESENTATION_CONTEXT('2D SPACE',''
  ) );
#2102 = PCURVE('',#1963,#2103);
#2103 = DEFINITIONAL_REPRESENTATION('',(#2104),#2130);
#2104 = B_SPLINE_CURVE_WITH_KNOTS('',3,(#2105,#2106,#2107,#2108,#2109,
    #2110,#2111,#2112,#2113,#2114,#2115,#2116,#2117,#2118,#2119,#2120,
    #2121,#2122,#2123,#2124,#2125,#2126,#2127,#2128,#2129),
  .UNSPECIFIED.,.F.,.F.,(4,1,1,1,1,1,1,1,1,1,1,1,1,1,1,1,1,1,1,1,1,1,4),
  (0.198887964721,0.212600881986,0.22631379925,0.240026716514,
    0.253739633779,0.267452551043,0.281165468308,0.294878385572,
    0.308591302836,0.322304220101,0.336017137365,0.349730054629,
    0.363442971894,0.377155889158,0.390868806423,0.404581723687,
    0.418294640951,0.432007558216,0.44572047548,0.459433392744,
    0.473146310009,0.486859227273,0.500572144538),
  .QUASI_UNIFORM_KNOTS.);
#2105 = CARTESIAN_POINT('',(-1.521331758193,0.182807989996));
#2106 = CARTESIAN_POINT('',(-1.522830073339,0.179807694129));
#2107 = CARTESIAN_POINT('',(-1.525826870241,0.174080509174));
#2108 = CARTESIAN_POINT('',(-1.530322520056,0.166309484702));
#2109 = CARTESIAN_POINT('',(-1.534818578973,0.15935772624));
#2110 = CARTESIAN_POINT('',(-1.539315001596,0.153224815376));
#2111 = CARTESIAN_POINT('',(-1.54381174251,0.147910378544));
#2112 = CARTESIAN_POINT('',(-1.548308756282,0.143414093297));
#2113 = CARTESIAN_POINT('',(-1.552805997461,0.139735686564));
#2114 = CARTESIAN_POINT('',(-1.557303420581,0.136874935062));
#2115 = CARTESIAN_POINT('',(-1.561800980167,0.134831665142));
#2116 = CARTESIAN_POINT('',(-1.566298630735,0.13360575279));
#2117 = CARTESIAN_POINT('',(-1.570796326795,0.133197123605));
#2118 = CARTESIAN_POINT('',(-1.575294022855,0.13360575279));
#2119 = CARTESIAN_POINT('',(-1.579791673423,0.134831665142));
#2120 = CARTESIAN_POINT('',(-1.584289233009,0.136874935062));
#2121 = CARTESIAN_POINT('',(-1.588786656129,0.139735686564));
#2122 = CARTESIAN_POINT('',(-1.593283897308,0.143414093297));
#2123 = CARTESIAN_POINT('',(-1.59778091108,0.147910378544));
#2124 = CARTESIAN_POINT('',(-1.602277651994,0.153224815376));
#2125 = CARTESIAN_POINT('',(-1.606774074617,0.15935772624));
#2126 = CARTESIAN_POINT('',(-1.611270133534,0.166309484702));
#2127 = CARTESIAN_POINT('',(-1.615765783349,0.174080509174));
#2128 = CARTESIAN_POINT('',(-1.618762580251,0.179807694129));
#2129 = CARTESIAN_POINT('',(-1.620260895396,0.182807989996));
#2130 = ( GEOMETRIC_REPRESENTATION_CONTEXT(2) 
PARAMETRIC_REPRESENTATION_CONTEXT() REPRESENTATION_CONTEXT('2D SPACE',''
  ) );
#2131 = ORIENTED_EDGE('',*,*,#1919,.T.);
#2132 = ADVANCED_FACE('',(#2133),#1320,.T.);
#2133 = FACE_BOUND('',#2134,.T.);
#2134 = EDGE_LOOP('',(#2135,#2158,#2159,#2180,#2181,#2204,#2224,#2225));
#2135 = ORIENTED_EDGE('',*,*,#2136,.F.);
#2136 = EDGE_CURVE('',#1762,#2137,#2139,.T.);
#2137 = VERTEX_POINT('',#2138);
#2138 = CARTESIAN_POINT('',(-1.5,29.962476533157,31.833333333333));
#2139 = SURFACE_CURVE('',#2140,(#2144,#2151),.PCURVE_S1.);
#2140 = LINE('',#2141,#2142);
#2141 = CARTESIAN_POINT('',(-1.5,29.962476533157,1.7));
#2142 = VECTOR('',#2143,1.);
#2143 = DIRECTION('',(0.,0.,1.));
#2144 = PCURVE('',#1320,#2145);
#2145 = DEFINITIONAL_REPRESENTATION('',(#2146),#2150);
#2146 = LINE('',#2147,#2148);
#2147 = CARTESIAN_POINT('',(1.062476533157,32.3));
#2148 = VECTOR('',#2149,1.);
#2149 = DIRECTION('',(0.,-1.));
#2150 = ( GEOMETRIC_REPRESENTATION_CONTEXT(2) 
PARAMETRIC_REPRESENTATION_CONTEXT() REPRESENTATION_CONTEXT('2D SPACE',''
  ) );
#2151 = PCURVE('',#1787,#2152);
#2152 = DEFINITIONAL_REPRESENTATION('',(#2153),#2157);
#2153 = LINE('',#2154,#2155);
#2154 = CARTESIAN_POINT('',(7.90400249078,0.));
#2155 = VECTOR('',#2156,1.);
#2156 = DIRECTION('',(0.,1.));
#2157 = ( GEOMETRIC_REPRESENTATION_CONTEXT(2) 
PARAMETRIC_REPRESENTATION_CONTEXT() REPRESENTATION_CONTEXT('2D SPACE',''
  ) );
#2158 = ORIENTED_EDGE('',*,*,#1845,.F.);
#2159 = ORIENTED_EDGE('',*,*,#2160,.F.);
#2160 = EDGE_CURVE('',#1305,#1823,#2161,.T.);
#2161 = SURFACE_CURVE('',#2162,(#2166,#2173),.PCURVE_S1.);
#2162 = LINE('',#2163,#2164);
#2163 = CARTESIAN_POINT('',(-1.5,28.9,34.));
#2164 = VECTOR('',#2165,1.);
#2165 = DIRECTION('',(0.,0.,-1.));
#2166 = PCURVE('',#1320,#2167);
#2167 = DEFINITIONAL_REPRESENTATION('',(#2168),#2172);
#2168 = LINE('',#2169,#2170);
#2169 = CARTESIAN_POINT('',(0.,0.));
#2170 = VECTOR('',#2171,1.);
#2171 = DIRECTION('',(0.,1.));
#2172 = ( GEOMETRIC_REPRESENTATION_CONTEXT(2) 
PARAMETRIC_REPRESENTATION_CONTEXT() REPRESENTATION_CONTEXT('2D SPACE',''
  ) );
#2173 = PCURVE('',#1348,#2174);
#2174 = DEFINITIONAL_REPRESENTATION('',(#2175),#2179);
#2175 = LINE('',#2176,#2177);
#2176 = CARTESIAN_POINT('',(3.,0.));
#2177 = VECTOR('',#2178,1.);
#2178 = DIRECTION('',(0.,1.));
#2179 = ( GEOMETRIC_REPRESENTATION_CONTEXT(2) 
PARAMETRIC_REPRESENTATION_CONTEXT() REPRESENTATION_CONTEXT('2D SPACE',''
  ) );
#2180 = ORIENTED_EDGE('',*,*,#1304,.F.);
#2181 = ORIENTED_EDGE('',*,*,#2182,.F.);
#2182 = EDGE_CURVE('',#2183,#1272,#2185,.T.);
#2183 = VERTEX_POINT('',#2184);
#2184 = CARTESIAN_POINT('',(-1.5,29.962476533157,33.166666666667));
#2185 = SURFACE_CURVE('',#2186,(#2190,#2197),.PCURVE_S1.);
#2186 = LINE('',#2187,#2188);
#2187 = CARTESIAN_POINT('',(-1.5,29.962476533157,1.7));
#2188 = VECTOR('',#2189,1.);
#2189 = DIRECTION('',(0.,0.,1.));
#2190 = PCURVE('',#1320,#2191);
#2191 = DEFINITIONAL_REPRESENTATION('',(#2192),#2196);
#2192 = LINE('',#2193,#2194);
#2193 = CARTESIAN_POINT('',(1.062476533157,32.3));
#2194 = VECTOR('',#2195,1.);
#2195 = DIRECTION('',(0.,-1.));
#2196 = ( GEOMETRIC_REPRESENTATION_CONTEXT(2) 
PARAMETRIC_REPRESENTATION_CONTEXT() REPRESENTATION_CONTEXT('2D SPACE',''
  ) );
#2197 = PCURVE('',#1292,#2198);
#2198 = DEFINITIONAL_REPRESENTATION('',(#2199),#2203);
#2199 = LINE('',#2200,#2201);
#2200 = CARTESIAN_POINT('',(3.191613510396,0.));
#2201 = VECTOR('',#2202,1.);
#2202 = DIRECTION('',(0.,1.));
#2203 = ( GEOMETRIC_REPRESENTATION_CONTEXT(2) 
PARAMETRIC_REPRESENTATION_CONTEXT() REPRESENTATION_CONTEXT('2D SPACE',''
  ) );
#2204 = ORIENTED_EDGE('',*,*,#2205,.F.);
#2205 = EDGE_CURVE('',#2067,#2183,#2206,.T.);
#2206 = SURFACE_CURVE('',#2207,(#2211,#2218),.PCURVE_S1.);
#2207 = LINE('',#2208,#2209);
#2208 = CARTESIAN_POINT('',(-1.5,30.212784478306,32.833333333333));
#2209 = VECTOR('',#2210,1.);
#2210 = DIRECTION('',(0.,-0.600472689229,0.799645264783));
#2211 = PCURVE('',#1320,#2212);
#2212 = DEFINITIONAL_REPRESENTATION('',(#2213),#2217);
#2213 = LINE('',#2214,#2215);
#2214 = CARTESIAN_POINT('',(1.312784478307,1.166666666667));
#2215 = VECTOR('',#2216,1.);
#2216 = DIRECTION('',(-0.600472689229,-0.799645264783));
#2217 = ( GEOMETRIC_REPRESENTATION_CONTEXT(2) 
PARAMETRIC_REPRESENTATION_CONTEXT() REPRESENTATION_CONTEXT('2D SPACE',''
  ) );
#2218 = PCURVE('',#1963,#2219);
#2219 = DEFINITIONAL_REPRESENTATION('',(#2220),#2223);
#2220 = B_SPLINE_CURVE_WITH_KNOTS('',1,(#2221,#2222),.UNSPECIFIED.,.F.,
  .F.,(2,2),(-0.1452423981,0.416851506554),.PIECEWISE_BEZIER_KNOTS.);
#2221 = CARTESIAN_POINT('',(-1.620260897724,0.182807991679));
#2222 = CARTESIAN_POINT('',(-1.620817183601,-0.266666666667));
#2223 = ( GEOMETRIC_REPRESENTATION_CONTEXT(2) 
PARAMETRIC_REPRESENTATION_CONTEXT() REPRESENTATION_CONTEXT('2D SPACE',''
  ) );
#2224 = ORIENTED_EDGE('',*,*,#2066,.T.);
#2225 = ORIENTED_EDGE('',*,*,#2226,.F.);
#2226 = EDGE_CURVE('',#2137,#2022,#2227,.T.);
#2227 = SURFACE_CURVE('',#2228,(#2232,#2239),.PCURVE_S1.);
#2228 = LINE('',#2229,#2230);
#2229 = CARTESIAN_POINT('',(-1.5,30.212784478306,32.166666666667));
#2230 = VECTOR('',#2231,1.);
#2231 = DIRECTION('',(0.,0.600472689229,0.799645264783));
#2232 = PCURVE('',#1320,#2233);
#2233 = DEFINITIONAL_REPRESENTATION('',(#2234),#2238);
#2234 = LINE('',#2235,#2236);
#2235 = CARTESIAN_POINT('',(1.312784478307,1.833333333333));
#2236 = VECTOR('',#2237,1.);
#2237 = DIRECTION('',(0.600472689229,-0.799645264783));
#2238 = ( GEOMETRIC_REPRESENTATION_CONTEXT(2) 
PARAMETRIC_REPRESENTATION_CONTEXT() REPRESENTATION_CONTEXT('2D SPACE',''
  ) );
#2239 = PCURVE('',#1908,#2240);
#2240 = DEFINITIONAL_REPRESENTATION('',(#2241),#2244);
#2241 = B_SPLINE_CURVE_WITH_KNOTS('',1,(#2242,#2243),.UNSPECIFIED.,.F.,
  .F.,(2,2),(-0.416851506554,0.1452423981),.PIECEWISE_BEZIER_KNOTS.);
#2242 = CARTESIAN_POINT('',(1.620817183601,-0.266666666667));
#2243 = CARTESIAN_POINT('',(1.620260897724,0.182807991679));
#2244 = ( GEOMETRIC_REPRESENTATION_CONTEXT(2) 
PARAMETRIC_REPRESENTATION_CONTEXT() REPRESENTATION_CONTEXT('2D SPACE',''
  ) );
#2245 = ADVANCED_FACE('',(#2246),#1348,.T.);
#2246 = FACE_BOUND('',#2247,.T.);
#2247 = EDGE_LOOP('',(#2248,#2249,#2250,#2251));
#2248 = ORIENTED_EDGE('',*,*,#1332,.F.);
#2249 = ORIENTED_EDGE('',*,*,#2160,.T.);
#2250 = ORIENTED_EDGE('',*,*,#1822,.F.);
#2251 = ORIENTED_EDGE('',*,*,#1996,.F.);
#2252 = ADVANCED_FACE('',(#2253),#1908,.F.);
#2253 = FACE_BOUND('',#2254,.F.);
#2254 = EDGE_LOOP('',(#2255,#2279,#2302,#2324,#2325,#2347,#2348,#2349));
#2255 = ORIENTED_EDGE('',*,*,#2256,.T.);
#2256 = EDGE_CURVE('',#2137,#2257,#2259,.T.);
#2257 = VERTEX_POINT('',#2258);
#2258 = CARTESIAN_POINT('',(-30.,-3.673940397442E-15,31.833333333333));
#2259 = SURFACE_CURVE('',#2260,(#2265,#2272),.PCURVE_S1.);
#2260 = CIRCLE('',#2261,30.);
#2261 = AXIS2_PLACEMENT_3D('',#2262,#2263,#2264);
#2262 = CARTESIAN_POINT('',(0.,0.,31.833333333333));
#2263 = DIRECTION('',(0.,0.,1.));
#2264 = DIRECTION('',(1.,0.,-0.));
#2265 = PCURVE('',#1908,#2266);
#2266 = DEFINITIONAL_REPRESENTATION('',(#2267),#2271);
#2267 = LINE('',#2268,#2269);
#2268 = CARTESIAN_POINT('',(0.,-0.266666666667));
#2269 = VECTOR('',#2270,1.);
#2270 = DIRECTION('',(1.,0.));
#2271 = ( GEOMETRIC_REPRESENTATION_CONTEXT(2) 
PARAMETRIC_REPRESENTATION_CONTEXT() REPRESENTATION_CONTEXT('2D SPACE',''
  ) );
#2272 = PCURVE('',#1787,#2273);
#2273 = DEFINITIONAL_REPRESENTATION('',(#2274),#2278);
#2274 = LINE('',#2275,#2276);
#2275 = CARTESIAN_POINT('',(6.28318530718,30.133333333333));
#2276 = VECTOR('',#2277,1.);
#2277 = DIRECTION('',(1.,0.));
#2278 = ( GEOMETRIC_REPRESENTATION_CONTEXT(2) 
PARAMETRIC_REPRESENTATION_CONTEXT() REPRESENTATION_CONTEXT('2D SPACE',''
  ) );
#2279 = ORIENTED_EDGE('',*,*,#2280,.T.);
#2280 = EDGE_CURVE('',#2257,#2281,#2283,.T.);
#2281 = VERTEX_POINT('',#2282);
#2282 = CARTESIAN_POINT('',(-30.5,-3.735172737399E-15,32.5));
#2283 = SEAM_CURVE('',#2284,(#2288,#2295),.PCURVE_S1.);
#2284 = LINE('',#2285,#2286);
#2285 = CARTESIAN_POINT('',(-30.2,-3.698433333425E-15,32.1));
#2286 = VECTOR('',#2287,1.);
#2287 = DIRECTION('',(-0.6,-7.347880794884E-17,0.8));
#2288 = PCURVE('',#1908,#2289);
#2289 = DEFINITIONAL_REPRESENTATION('',(#2290),#2294);
#2290 = LINE('',#2291,#2292);
#2291 = CARTESIAN_POINT('',(3.14159265359,5.773159728051E-16));
#2292 = VECTOR('',#2293,1.);
#2293 = DIRECTION('',(0.,1.));
#2294 = ( GEOMETRIC_REPRESENTATION_CONTEXT(2) 
PARAMETRIC_REPRESENTATION_CONTEXT() REPRESENTATION_CONTEXT('2D SPACE',''
  ) );
#2295 = PCURVE('',#1908,#2296);
#2296 = DEFINITIONAL_REPRESENTATION('',(#2297),#2301);
#2297 = LINE('',#2298,#2299);
#2298 = CARTESIAN_POINT('',(-3.14159265359,5.773159728051E-16));
#2299 = VECTOR('',#2300,1.);
#2300 = DIRECTION('',(0.,1.));
#2301 = ( GEOMETRIC_REPRESENTATION_CONTEXT(2) 
PARAMETRIC_REPRESENTATION_CONTEXT() REPRESENTATION_CONTEXT('2D SPACE',''
  ) );
#2302 = ORIENTED_EDGE('',*,*,#2303,.F.);
#2303 = EDGE_CURVE('',#2281,#2281,#2304,.T.);
#2304 = SURFACE_CURVE('',#2305,(#2310,#2317),.PCURVE_S1.);
#2305 = CIRCLE('',#2306,30.5);
#2306 = AXIS2_PLACEMENT_3D('',#2307,#2308,#2309);
#2307 = CARTESIAN_POINT('',(0.,0.,32.5));
#2308 = DIRECTION('',(0.,0.,1.));
#2309 = DIRECTION('',(1.,0.,-0.));
#2310 = PCURVE('',#1908,#2311);
#2311 = DEFINITIONAL_REPRESENTATION('',(#2312),#2316);
#2312 = LINE('',#2313,#2314);
#2313 = CARTESIAN_POINT('',(-6.28318530718,0.4));
#2314 = VECTOR('',#2315,1.);
#2315 = DIRECTION('',(1.,0.));
#2316 = ( GEOMETRIC_REPRESENTATION_CONTEXT(2) 
PARAMETRIC_REPRESENTATION_CONTEXT() REPRESENTATION_CONTEXT('2D SPACE',''
  ) );
#2317 = PCURVE('',#1963,#2318);
#2318 = DEFINITIONAL_REPRESENTATION('',(#2319),#2323);
#2319 = LINE('',#2320,#2321);
#2320 = CARTESIAN_POINT('',(6.28318530718,0.4));
#2321 = VECTOR('',#2322,1.);
#2322 = DIRECTION('',(-1.,0.));
#2323 = ( GEOMETRIC_REPRESENTATION_CONTEXT(2) 
PARAMETRIC_REPRESENTATION_CONTEXT() REPRESENTATION_CONTEXT('2D SPACE',''
  ) );
#2324 = ORIENTED_EDGE('',*,*,#2280,.F.);
#2325 = ORIENTED_EDGE('',*,*,#2326,.T.);
#2326 = EDGE_CURVE('',#2257,#1870,#2327,.T.);
#2327 = SURFACE_CURVE('',#2328,(#2333,#2340),.PCURVE_S1.);
#2328 = CIRCLE('',#2329,30.);
#2329 = AXIS2_PLACEMENT_3D('',#2330,#2331,#2332);
#2330 = CARTESIAN_POINT('',(0.,0.,31.833333333333));
#2331 = DIRECTION('',(0.,0.,1.));
#2332 = DIRECTION('',(1.,0.,-0.));
#2333 = PCURVE('',#1908,#2334);
#2334 = DEFINITIONAL_REPRESENTATION('',(#2335),#2339);
#2335 = LINE('',#2336,#2337);
#2336 = CARTESIAN_POINT('',(-6.28318530718,-0.266666666667));
#2337 = VECTOR('',#2338,1.);
#2338 = DIRECTION('',(1.,3.619488965052E-16));
#2339 = ( GEOMETRIC_REPRESENTATION_CONTEXT(2) 
PARAMETRIC_REPRESENTATION_CONTEXT() REPRESENTATION_CONTEXT('2D SPACE',''
  ) );
#2340 = PCURVE('',#1787,#2341);
#2341 = DEFINITIONAL_REPRESENTATION('',(#2342),#2346);
#2342 = LINE('',#2343,#2344);
#2343 = CARTESIAN_POINT('',(0.,30.133333333333));
#2344 = VECTOR('',#2345,1.);
#2345 = DIRECTION('',(1.,0.));
#2346 = ( GEOMETRIC_REPRESENTATION_CONTEXT(2) 
PARAMETRIC_REPRESENTATION_CONTEXT() REPRESENTATION_CONTEXT('2D SPACE',''
  ) );
#2347 = ORIENTED_EDGE('',*,*,#1892,.F.);
#2348 = ORIENTED_EDGE('',*,*,#2021,.F.);
#2349 = ORIENTED_EDGE('',*,*,#2226,.F.);
#2350 = ADVANCED_FACE('',(#2351),#1292,.F.);
#2351 = FACE_BOUND('',#2352,.F.);
#2352 = EDGE_LOOP('',(#2353,#2377,#2399,#2400,#2401));
#2353 = ORIENTED_EDGE('',*,*,#2354,.F.);
#2354 = EDGE_CURVE('',#2355,#2183,#2357,.T.);
#2355 = VERTEX_POINT('',#2356);
#2356 = CARTESIAN_POINT('',(-30.,-3.673940397442E-15,33.166666666667));
#2357 = SURFACE_CURVE('',#2358,(#2363,#2370),.PCURVE_S1.);
#2358 = CIRCLE('',#2359,30.);
#2359 = AXIS2_PLACEMENT_3D('',#2360,#2361,#2362);
#2360 = CARTESIAN_POINT('',(0.,0.,33.166666666667));
#2361 = DIRECTION('',(0.,0.,-1.));
#2362 = DIRECTION('',(1.,0.,0.));
#2363 = PCURVE('',#1292,#2364);
#2364 = DEFINITIONAL_REPRESENTATION('',(#2365),#2369);
#2365 = LINE('',#2366,#2367);
#2366 = CARTESIAN_POINT('',(7.853981633974,31.466666666667));
#2367 = VECTOR('',#2368,1.);
#2368 = DIRECTION('',(-1.,0.));
#2369 = ( GEOMETRIC_REPRESENTATION_CONTEXT(2) 
PARAMETRIC_REPRESENTATION_CONTEXT() REPRESENTATION_CONTEXT('2D SPACE',''
  ) );
#2370 = PCURVE('',#1963,#2371);
#2371 = DEFINITIONAL_REPRESENTATION('',(#2372),#2376);
#2372 = LINE('',#2373,#2374);
#2373 = CARTESIAN_POINT('',(-6.28318530718,-0.266666666667));
#2374 = VECTOR('',#2375,1.);
#2375 = DIRECTION('',(1.,1.138858399937E-15));
#2376 = ( GEOMETRIC_REPRESENTATION_CONTEXT(2) 
PARAMETRIC_REPRESENTATION_CONTEXT() REPRESENTATION_CONTEXT('2D SPACE',''
  ) );
#2377 = ORIENTED_EDGE('',*,*,#2378,.F.);
#2378 = EDGE_CURVE('',#1948,#2355,#2379,.T.);
#2379 = SURFACE_CURVE('',#2380,(#2385,#2392),.PCURVE_S1.);
#2380 = CIRCLE('',#2381,30.);
#2381 = AXIS2_PLACEMENT_3D('',#2382,#2383,#2384);
#2382 = CARTESIAN_POINT('',(0.,0.,33.166666666667));
#2383 = DIRECTION('',(0.,0.,-1.));
#2384 = DIRECTION('',(1.,0.,0.));
#2385 = PCURVE('',#1292,#2386);
#2386 = DEFINITIONAL_REPRESENTATION('',(#2387),#2391);
#2387 = LINE('',#2388,#2389);
#2388 = CARTESIAN_POINT('',(14.137166941154,31.466666666667));
#2389 = VECTOR('',#2390,1.);
#2390 = DIRECTION('',(-1.,0.));
#2391 = ( GEOMETRIC_REPRESENTATION_CONTEXT(2) 
PARAMETRIC_REPRESENTATION_CONTEXT() REPRESENTATION_CONTEXT('2D SPACE',''
  ) );
#2392 = PCURVE('',#1963,#2393);
#2393 = DEFINITIONAL_REPRESENTATION('',(#2394),#2398);
#2394 = LINE('',#2395,#2396);
#2395 = CARTESIAN_POINT('',(-6.28318530718,-0.266666666667));
#2396 = VECTOR('',#2397,1.);
#2397 = DIRECTION('',(1.,0.));
#2398 = ( GEOMETRIC_REPRESENTATION_CONTEXT(2) 
PARAMETRIC_REPRESENTATION_CONTEXT() REPRESENTATION_CONTEXT('2D SPACE',''
  ) );
#2399 = ORIENTED_EDGE('',*,*,#1974,.F.);
#2400 = ORIENTED_EDGE('',*,*,#1269,.T.);
#2401 = ORIENTED_EDGE('',*,*,#2182,.F.);
#2402 = ADVANCED_FACE('',(#2403),#1963,.F.);
#2403 = FACE_BOUND('',#2404,.F.);
#2404 = EDGE_LOOP('',(#2405,#2426,#2427,#2428,#2429,#2430,#2431,#2432));
#2405 = ORIENTED_EDGE('',*,*,#2406,.T.);
#2406 = EDGE_CURVE('',#2281,#2355,#2407,.T.);
#2407 = SEAM_CURVE('',#2408,(#2412,#2419),.PCURVE_S1.);
#2408 = LINE('',#2409,#2410);
#2409 = CARTESIAN_POINT('',(-30.2,-3.698433333425E-15,32.9));
#2410 = VECTOR('',#2411,1.);
#2411 = DIRECTION('',(0.6,7.347880794884E-17,0.8));
#2412 = PCURVE('',#1963,#2413);
#2413 = DEFINITIONAL_REPRESENTATION('',(#2414),#2418);
#2414 = LINE('',#2415,#2416);
#2415 = CARTESIAN_POINT('',(-3.14159265359,-1.731947918415E-15));
#2416 = VECTOR('',#2417,1.);
#2417 = DIRECTION('',(0.,-1.));
#2418 = ( GEOMETRIC_REPRESENTATION_CONTEXT(2) 
PARAMETRIC_REPRESENTATION_CONTEXT() REPRESENTATION_CONTEXT('2D SPACE',''
  ) );
#2419 = PCURVE('',#1963,#2420);
#2420 = DEFINITIONAL_REPRESENTATION('',(#2421),#2425);
#2421 = LINE('',#2422,#2423);
#2422 = CARTESIAN_POINT('',(3.14159265359,-1.731947918415E-15));
#2423 = VECTOR('',#2424,1.);
#2424 = DIRECTION('',(0.,-1.));
#2425 = ( GEOMETRIC_REPRESENTATION_CONTEXT(2) 
PARAMETRIC_REPRESENTATION_CONTEXT() REPRESENTATION_CONTEXT('2D SPACE',''
  ) );
#2426 = ORIENTED_EDGE('',*,*,#2354,.T.);
#2427 = ORIENTED_EDGE('',*,*,#2205,.F.);
#2428 = ORIENTED_EDGE('',*,*,#2089,.F.);
#2429 = ORIENTED_EDGE('',*,*,#1947,.F.);
#2430 = ORIENTED_EDGE('',*,*,#2378,.T.);
#2431 = ORIENTED_EDGE('',*,*,#2406,.F.);
#2432 = ORIENTED_EDGE('',*,*,#2303,.T.);
#2433 = ADVANCED_FACE('',(#2434),#2447,.T.);
#2434 = FACE_BOUND('',#2435,.T.);
#2435 = EDGE_LOOP('',(#2436,#2470,#2493,#2519));
#2436 = ORIENTED_EDGE('',*,*,#2437,.F.);
#2437 = EDGE_CURVE('',#2438,#2438,#2440,.T.);
#2438 = VERTEX_POINT('',#2439);
#2439 = CARTESIAN_POINT('',(8.7,-20.97,5.5));
#2440 = SURFACE_CURVE('',#2441,(#2446,#2458),.PCURVE_S1.);
#2441 = CIRCLE('',#2442,0.75);
#2442 = AXIS2_PLACEMENT_3D('',#2443,#2444,#2445);
#2443 = CARTESIAN_POINT('',(9.45,-20.97,5.5));
#2444 = DIRECTION('',(0.,0.,1.));
#2445 = DIRECTION('',(1.,0.,-0.));
#2446 = PCURVE('',#2447,#2452);
#2447 = CYLINDRICAL_SURFACE('',#2448,0.75);
#2448 = AXIS2_PLACEMENT_3D('',#2449,#2450,#2451);
#2449 = CARTESIAN_POINT('',(9.45,-20.97,1.7));
#2450 = DIRECTION('',(0.,0.,1.));
#2451 = DIRECTION('',(1.,0.,-0.));
#2452 = DEFINITIONAL_REPRESENTATION('',(#2453),#2457);
#2453 = LINE('',#2454,#2455);
#2454 = CARTESIAN_POINT('',(-6.28318530718,3.8));
#2455 = VECTOR('',#2456,1.);
#2456 = DIRECTION('',(1.,0.));
#2457 = ( GEOMETRIC_REPRESENTATION_CONTEXT(2) 
PARAMETRIC_REPRESENTATION_CONTEXT() REPRESENTATION_CONTEXT('2D SPACE',''
  ) );
#2458 = PCURVE('',#2459,#2464);
#2459 = PLANE('',#2460);
#2460 = AXIS2_PLACEMENT_3D('',#2461,#2462,#2463);
#2461 = CARTESIAN_POINT('',(9.45,-20.97,5.5));
#2462 = DIRECTION('',(0.,0.,1.));
#2463 = DIRECTION('',(1.,0.,-0.));
#2464 = DEFINITIONAL_REPRESENTATION('',(#2465),#2469);
#2465 = CIRCLE('',#2466,0.75);
#2466 = AXIS2_PLACEMENT_2D('',#2467,#2468);
#2467 = CARTESIAN_POINT('',(0.,0.));
#2468 = DIRECTION('',(1.,0.));
#2469 = ( GEOMETRIC_REPRESENTATION_CONTEXT(2) 
PARAMETRIC_REPRESENTATION_CONTEXT() REPRESENTATION_CONTEXT('2D SPACE',''
  ) );
#2470 = ORIENTED_EDGE('',*,*,#2471,.T.);
#2471 = EDGE_CURVE('',#2438,#2472,#2474,.T.);
#2472 = VERTEX_POINT('',#2473);
#2473 = CARTESIAN_POINT('',(8.7,-20.97,1.7));
#2474 = SEAM_CURVE('',#2475,(#2479,#2486),.PCURVE_S1.);
#2475 = LINE('',#2476,#2477);
#2476 = CARTESIAN_POINT('',(8.7,-20.97,1.7));
#2477 = VECTOR('',#2478,1.);
#2478 = DIRECTION('',(0.,0.,-1.));
#2479 = PCURVE('',#2447,#2480);
#2480 = DEFINITIONAL_REPRESENTATION('',(#2481),#2485);
#2481 = LINE('',#2482,#2483);
#2482 = CARTESIAN_POINT('',(-3.14159265359,0.));
#2483 = VECTOR('',#2484,1.);
#2484 = DIRECTION('',(0.,-1.));
#2485 = ( GEOMETRIC_REPRESENTATION_CONTEXT(2) 
PARAMETRIC_REPRESENTATION_CONTEXT() REPRESENTATION_CONTEXT('2D SPACE',''
  ) );
#2486 = PCURVE('',#2447,#2487);
#2487 = DEFINITIONAL_REPRESENTATION('',(#2488),#2492);
#2488 = LINE('',#2489,#2490);
#2489 = CARTESIAN_POINT('',(3.14159265359,0.));
#2490 = VECTOR('',#2491,1.);
#2491 = DIRECTION('',(0.,-1.));
#2492 = ( GEOMETRIC_REPRESENTATION_CONTEXT(2) 
PARAMETRIC_REPRESENTATION_CONTEXT() REPRESENTATION_CONTEXT('2D SPACE',''
  ) );
#2493 = ORIENTED_EDGE('',*,*,#2494,.F.);
#2494 = EDGE_CURVE('',#2472,#2472,#2495,.T.);
#2495 = SURFACE_CURVE('',#2496,(#2501,#2508),.PCURVE_S1.);
#2496 = CIRCLE('',#2497,0.75);
#2497 = AXIS2_PLACEMENT_3D('',#2498,#2499,#2500);
#2498 = CARTESIAN_POINT('',(9.45,-20.97,1.7));
#2499 = DIRECTION('',(0.,0.,-1.));
#2500 = DIRECTION('',(1.,0.,0.));
#2501 = PCURVE('',#2447,#2502);
#2502 = DEFINITIONAL_REPRESENTATION('',(#2503),#2507);
#2503 = LINE('',#2504,#2505);
#2504 = CARTESIAN_POINT('',(6.28318530718,0.));
#2505 = VECTOR('',#2506,1.);
#2506 = DIRECTION('',(-1.,0.));
#2507 = ( GEOMETRIC_REPRESENTATION_CONTEXT(2) 
PARAMETRIC_REPRESENTATION_CONTEXT() REPRESENTATION_CONTEXT('2D SPACE',''
  ) );
#2508 = PCURVE('',#212,#2509);
#2509 = DEFINITIONAL_REPRESENTATION('',(#2510),#2518);
#2510 = ( BOUNDED_CURVE() B_SPLINE_CURVE(2,(#2511,#2512,#2513,#2514,
#2515,#2516,#2517),.UNSPECIFIED.,.T.,.F.) B_SPLINE_CURVE_WITH_KNOTS((1,2
    ,2,2,2,1),(-2.094395102393,0.,2.094395102393,4.188790204786,
6.28318530718,8.377580409573),.UNSPECIFIED.) CURVE() 
GEOMETRIC_REPRESENTATION_ITEM() RATIONAL_B_SPLINE_CURVE((1.,0.5,1.,0.5,
1.,0.5,1.)) REPRESENTATION_ITEM('') );
#2511 = CARTESIAN_POINT('',(10.2,-20.97));
#2512 = CARTESIAN_POINT('',(10.2,-22.26903810567));
#2513 = CARTESIAN_POINT('',(9.075,-21.61951905283));
#2514 = CARTESIAN_POINT('',(7.95,-20.97));
#2515 = CARTESIAN_POINT('',(9.075,-20.32048094716));
#2516 = CARTESIAN_POINT('',(10.2,-19.67096189432));
#2517 = CARTESIAN_POINT('',(10.2,-20.97));
#2518 = ( GEOMETRIC_REPRESENTATION_CONTEXT(2) 
PARAMETRIC_REPRESENTATION_CONTEXT() REPRESENTATION_CONTEXT('2D SPACE',''
  ) );
#2519 = ORIENTED_EDGE('',*,*,#2471,.F.);
#2520 = ADVANCED_FACE('',(#2521),#2459,.T.);
#2521 = FACE_BOUND('',#2522,.T.);
#2522 = EDGE_LOOP('',(#2523));
#2523 = ORIENTED_EDGE('',*,*,#2437,.T.);
#2524 = ADVANCED_FACE('',(#2525),#2538,.T.);
#2525 = FACE_BOUND('',#2526,.T.);
#2526 = EDGE_LOOP('',(#2527,#2561,#2584,#2610));
#2527 = ORIENTED_EDGE('',*,*,#2528,.F.);
#2528 = EDGE_CURVE('',#2529,#2529,#2531,.T.);
#2529 = VERTEX_POINT('',#2530);
#2530 = CARTESIAN_POINT('',(-10.2,-20.97,5.5));
#2531 = SURFACE_CURVE('',#2532,(#2537,#2549),.PCURVE_S1.);
#2532 = CIRCLE('',#2533,0.75);
#2533 = AXIS2_PLACEMENT_3D('',#2534,#2535,#2536);
#2534 = CARTESIAN_POINT('',(-9.45,-20.97,5.5));
#2535 = DIRECTION('',(0.,0.,1.));
#2536 = DIRECTION('',(1.,0.,-0.));
#2537 = PCURVE('',#2538,#2543);
#2538 = CYLINDRICAL_SURFACE('',#2539,0.75);
#2539 = AXIS2_PLACEMENT_3D('',#2540,#2541,#2542);
#2540 = CARTESIAN_POINT('',(-9.45,-20.97,1.7));
#2541 = DIRECTION('',(0.,0.,1.));
#2542 = DIRECTION('',(1.,0.,-0.));
#2543 = DEFINITIONAL_REPRESENTATION('',(#2544),#2548);
#2544 = LINE('',#2545,#2546);
#2545 = CARTESIAN_POINT('',(-6.28318530718,3.8));
#2546 = VECTOR('',#2547,1.);
#2547 = DIRECTION('',(1.,0.));
#2548 = ( GEOMETRIC_REPRESENTATION_CONTEXT(2) 
PARAMETRIC_REPRESENTATION_CONTEXT() REPRESENTATION_CONTEXT('2D SPACE',''
  ) );
#2549 = PCURVE('',#2550,#2555);
#2550 = PLANE('',#2551);
#2551 = AXIS2_PLACEMENT_3D('',#2552,#2553,#2554);
#2552 = CARTESIAN_POINT('',(-9.45,-20.97,5.5));
#2553 = DIRECTION('',(0.,0.,1.));
#2554 = DIRECTION('',(1.,0.,-0.));
#2555 = DEFINITIONAL_REPRESENTATION('',(#2556),#2560);
#2556 = CIRCLE('',#2557,0.75);
#2557 = AXIS2_PLACEMENT_2D('',#2558,#2559);
#2558 = CARTESIAN_POINT('',(0.,0.));
#2559 = DIRECTION('',(1.,0.));
#2560 = ( GEOMETRIC_REPRESENTATION_CONTEXT(2) 
PARAMETRIC_REPRESENTATION_CONTEXT() REPRESENTATION_CONTEXT('2D SPACE',''
  ) );
#2561 = ORIENTED_EDGE('',*,*,#2562,.T.);
#2562 = EDGE_CURVE('',#2529,#2563,#2565,.T.);
#2563 = VERTEX_POINT('',#2564);
#2564 = CARTESIAN_POINT('',(-10.2,-20.97,1.7));
#2565 = SEAM_CURVE('',#2566,(#2570,#2577),.PCURVE_S1.);
#2566 = LINE('',#2567,#2568);
#2567 = CARTESIAN_POINT('',(-10.2,-20.97,1.7));
#2568 = VECTOR('',#2569,1.);
#2569 = DIRECTION('',(0.,0.,-1.));
#2570 = PCURVE('',#2538,#2571);
#2571 = DEFINITIONAL_REPRESENTATION('',(#2572),#2576);
#2572 = LINE('',#2573,#2574);
#2573 = CARTESIAN_POINT('',(-3.14159265359,0.));
#2574 = VECTOR('',#2575,1.);
#2575 = DIRECTION('',(0.,-1.));
#2576 = ( GEOMETRIC_REPRESENTATION_CONTEXT(2) 
PARAMETRIC_REPRESENTATION_CONTEXT() REPRESENTATION_CONTEXT('2D SPACE',''
  ) );
#2577 = PCURVE('',#2538,#2578);
#2578 = DEFINITIONAL_REPRESENTATION('',(#2579),#2583);
#2579 = LINE('',#2580,#2581);
#2580 = CARTESIAN_POINT('',(3.14159265359,0.));
#2581 = VECTOR('',#2582,1.);
#2582 = DIRECTION('',(0.,-1.));
#2583 = ( GEOMETRIC_REPRESENTATION_CONTEXT(2) 
PARAMETRIC_REPRESENTATION_CONTEXT() REPRESENTATION_CONTEXT('2D SPACE',''
  ) );
#2584 = ORIENTED_EDGE('',*,*,#2585,.F.);
#2585 = EDGE_CURVE('',#2563,#2563,#2586,.T.);
#2586 = SURFACE_CURVE('',#2587,(#2592,#2599),.PCURVE_S1.);
#2587 = CIRCLE('',#2588,0.75);
#2588 = AXIS2_PLACEMENT_3D('',#2589,#2590,#2591);
#2589 = CARTESIAN_POINT('',(-9.45,-20.97,1.7));
#2590 = DIRECTION('',(0.,0.,-1.));
#2591 = DIRECTION('',(1.,0.,0.));
#2592 = PCURVE('',#2538,#2593);
#2593 = DEFINITIONAL_REPRESENTATION('',(#2594),#2598);
#2594 = LINE('',#2595,#2596);
#2595 = CARTESIAN_POINT('',(6.28318530718,0.));
#2596 = VECTOR('',#2597,1.);
#2597 = DIRECTION('',(-1.,0.));
#2598 = ( GEOMETRIC_REPRESENTATION_CONTEXT(2) 
PARAMETRIC_REPRESENTATION_CONTEXT() REPRESENTATION_CONTEXT('2D SPACE',''
  ) );
#2599 = PCURVE('',#212,#2600);
#2600 = DEFINITIONAL_REPRESENTATION('',(#2601),#2609);
#2601 = ( BOUNDED_CURVE() B_SPLINE_CURVE(2,(#2602,#2603,#2604,#2605,
#2606,#2607,#2608),.UNSPECIFIED.,.T.,.F.) B_SPLINE_CURVE_WITH_KNOTS((1,2
    ,2,2,2,1),(-2.094395102393,0.,2.094395102393,4.188790204786,
6.28318530718,8.377580409573),.UNSPECIFIED.) CURVE() 
GEOMETRIC_REPRESENTATION_ITEM() RATIONAL_B_SPLINE_CURVE((1.,0.5,1.,0.5,
1.,0.5,1.)) REPRESENTATION_ITEM('') );
#2602 = CARTESIAN_POINT('',(-8.7,-20.97));
#2603 = CARTESIAN_POINT('',(-8.7,-22.26903810567));
#2604 = CARTESIAN_POINT('',(-9.825,-21.61951905283));
#2605 = CARTESIAN_POINT('',(-10.95,-20.97));
#2606 = CARTESIAN_POINT('',(-9.825,-20.32048094716));
#2607 = CARTESIAN_POINT('',(-8.7,-19.67096189432));
#2608 = CARTESIAN_POINT('',(-8.7,-20.97));
#2609 = ( GEOMETRIC_REPRESENTATION_CONTEXT(2) 
PARAMETRIC_REPRESENTATION_CONTEXT() REPRESENTATION_CONTEXT('2D SPACE',''
  ) );
#2610 = ORIENTED_EDGE('',*,*,#2562,.F.);
#2611 = ADVANCED_FACE('',(#2612),#2550,.T.);
#2612 = FACE_BOUND('',#2613,.T.);
#2613 = EDGE_LOOP('',(#2614));
#2614 = ORIENTED_EDGE('',*,*,#2528,.T.);
#2615 = ADVANCED_FACE('',(#2616),#2630,.F.);
#2616 = FACE_BOUND('',#2617,.T.);
#2617 = EDGE_LOOP('',(#2618,#2653,#2676,#2704,#2732,#2760));
#2618 = ORIENTED_EDGE('',*,*,#2619,.F.);
#2619 = EDGE_CURVE('',#2620,#2622,#2624,.T.);
#2620 = VERTEX_POINT('',#2621);
#2621 = CARTESIAN_POINT('',(13.,-12.44989959798,1.7));
#2622 = VERTEX_POINT('',#2623);
#2623 = CARTESIAN_POINT('',(13.,-12.44989959798,3.5));
#2624 = SURFACE_CURVE('',#2625,(#2629,#2641),.PCURVE_S1.);
#2625 = LINE('',#2626,#2627);
#2626 = CARTESIAN_POINT('',(13.,-12.44989959798,1.7));
#2627 = VECTOR('',#2628,1.);
#2628 = DIRECTION('',(0.,0.,1.));
#2629 = PCURVE('',#2630,#2635);
#2630 = PLANE('',#2631);
#2631 = AXIS2_PLACEMENT_3D('',#2632,#2633,#2634);
#2632 = CARTESIAN_POINT('',(13.,-21.,1.7));
#2633 = DIRECTION('',(1.,0.,0.));
#2634 = DIRECTION('',(-0.,1.,0.));
#2635 = DEFINITIONAL_REPRESENTATION('',(#2636),#2640);
#2636 = LINE('',#2637,#2638);
#2637 = CARTESIAN_POINT('',(8.550100402011,0.));
#2638 = VECTOR('',#2639,1.);
#2639 = DIRECTION('',(0.,1.));
#2640 = ( GEOMETRIC_REPRESENTATION_CONTEXT(2) 
PARAMETRIC_REPRESENTATION_CONTEXT() REPRESENTATION_CONTEXT('2D SPACE',''
  ) );
#2641 = PCURVE('',#2642,#2647);
#2642 = CYLINDRICAL_SURFACE('',#2643,18.);
#2643 = AXIS2_PLACEMENT_3D('',#2644,#2645,#2646);
#2644 = CARTESIAN_POINT('',(0.,0.,1.7));
#2645 = DIRECTION('',(0.,0.,1.));
#2646 = DIRECTION('',(6.123233995737E-17,1.,-0.));
#2647 = DEFINITIONAL_REPRESENTATION('',(#2648),#2652);
#2648 = LINE('',#2649,#2650);
#2649 = CARTESIAN_POINT('',(3.948602483987,0.));
#2650 = VECTOR('',#2651,1.);
#2651 = DIRECTION('',(0.,1.));
#2652 = ( GEOMETRIC_REPRESENTATION_CONTEXT(2) 
PARAMETRIC_REPRESENTATION_CONTEXT() REPRESENTATION_CONTEXT('2D SPACE',''
  ) );
#2653 = ORIENTED_EDGE('',*,*,#2654,.F.);
#2654 = EDGE_CURVE('',#2655,#2620,#2657,.T.);
#2655 = VERTEX_POINT('',#2656);
#2656 = CARTESIAN_POINT('',(13.,-15.85086748414,1.7));
#2657 = SURFACE_CURVE('',#2658,(#2662,#2669),.PCURVE_S1.);
#2658 = LINE('',#2659,#2660);
#2659 = CARTESIAN_POINT('',(13.,-21.,1.7));
#2660 = VECTOR('',#2661,1.);
#2661 = DIRECTION('',(0.,1.,0.));
#2662 = PCURVE('',#2630,#2663);
#2663 = DEFINITIONAL_REPRESENTATION('',(#2664),#2668);
#2664 = LINE('',#2665,#2666);
#2665 = CARTESIAN_POINT('',(0.,0.));
#2666 = VECTOR('',#2667,1.);
#2667 = DIRECTION('',(1.,0.));
#2668 = ( GEOMETRIC_REPRESENTATION_CONTEXT(2) 
PARAMETRIC_REPRESENTATION_CONTEXT() REPRESENTATION_CONTEXT('2D SPACE',''
  ) );
#2669 = PCURVE('',#212,#2670);
#2670 = DEFINITIONAL_REPRESENTATION('',(#2671),#2675);
#2671 = LINE('',#2672,#2673);
#2672 = CARTESIAN_POINT('',(13.,-21.));
#2673 = VECTOR('',#2674,1.);
#2674 = DIRECTION('',(0.,1.));
#2675 = ( GEOMETRIC_REPRESENTATION_CONTEXT(2) 
PARAMETRIC_REPRESENTATION_CONTEXT() REPRESENTATION_CONTEXT('2D SPACE',''
  ) );
#2676 = ORIENTED_EDGE('',*,*,#2677,.F.);
#2677 = EDGE_CURVE('',#2678,#2655,#2680,.T.);
#2678 = VERTEX_POINT('',#2679);
#2679 = CARTESIAN_POINT('',(13.,-15.85086748414,8.));
#2680 = SURFACE_CURVE('',#2681,(#2685,#2692),.PCURVE_S1.);
#2681 = LINE('',#2682,#2683);
#2682 = CARTESIAN_POINT('',(13.,-15.85086748414,1.7));
#2683 = VECTOR('',#2684,1.);
#2684 = DIRECTION('',(0.,0.,-1.));
#2685 = PCURVE('',#2630,#2686);
#2686 = DEFINITIONAL_REPRESENTATION('',(#2687),#2691);
#2687 = LINE('',#2688,#2689);
#2688 = CARTESIAN_POINT('',(5.149132515853,0.));
#2689 = VECTOR('',#2690,1.);
#2690 = DIRECTION('',(0.,-1.));
#2691 = ( GEOMETRIC_REPRESENTATION_CONTEXT(2) 
PARAMETRIC_REPRESENTATION_CONTEXT() REPRESENTATION_CONTEXT('2D SPACE',''
  ) );
#2692 = PCURVE('',#2693,#2698);
#2693 = CYLINDRICAL_SURFACE('',#2694,20.5);
#2694 = AXIS2_PLACEMENT_3D('',#2695,#2696,#2697);
#2695 = CARTESIAN_POINT('',(0.,0.,1.7));
#2696 = DIRECTION('',(0.,0.,1.));
#2697 = DIRECTION('',(6.123233995737E-17,1.,-0.));
#2698 = DEFINITIONAL_REPRESENTATION('',(#2699),#2703);
#2699 = LINE('',#2700,#2701);
#2700 = CARTESIAN_POINT('',(3.828496632587,0.));
#2701 = VECTOR('',#2702,1.);
#2702 = DIRECTION('',(0.,-1.));
#2703 = ( GEOMETRIC_REPRESENTATION_CONTEXT(2) 
PARAMETRIC_REPRESENTATION_CONTEXT() REPRESENTATION_CONTEXT('2D SPACE',''
  ) );
#2704 = ORIENTED_EDGE('',*,*,#2705,.F.);
#2705 = EDGE_CURVE('',#2706,#2678,#2708,.T.);
#2706 = VERTEX_POINT('',#2707);
#2707 = CARTESIAN_POINT('',(13.,-14.53444185374,8.));
#2708 = SURFACE_CURVE('',#2709,(#2713,#2720),.PCURVE_S1.);
#2709 = LINE('',#2710,#2711);
#2710 = CARTESIAN_POINT('',(13.,-10.5,8.));
#2711 = VECTOR('',#2712,1.);
#2712 = DIRECTION('',(0.,-1.,0.));
#2713 = PCURVE('',#2630,#2714);
#2714 = DEFINITIONAL_REPRESENTATION('',(#2715),#2719);
#2715 = LINE('',#2716,#2717);
#2716 = CARTESIAN_POINT('',(10.5,6.3));
#2717 = VECTOR('',#2718,1.);
#2718 = DIRECTION('',(-1.,0.));
#2719 = ( GEOMETRIC_REPRESENTATION_CONTEXT(2) 
PARAMETRIC_REPRESENTATION_CONTEXT() REPRESENTATION_CONTEXT('2D SPACE',''
  ) );
#2720 = PCURVE('',#2721,#2726);
#2721 = PLANE('',#2722);
#2722 = AXIS2_PLACEMENT_3D('',#2723,#2724,#2725);
#2723 = CARTESIAN_POINT('',(0.,0.,8.));
#2724 = DIRECTION('',(0.,0.,1.));
#2725 = DIRECTION('',(1.,0.,-0.));
#2726 = DEFINITIONAL_REPRESENTATION('',(#2727),#2731);
#2727 = LINE('',#2728,#2729);
#2728 = CARTESIAN_POINT('',(13.,-10.5));
#2729 = VECTOR('',#2730,1.);
#2730 = DIRECTION('',(0.,-1.));
#2731 = ( GEOMETRIC_REPRESENTATION_CONTEXT(2) 
PARAMETRIC_REPRESENTATION_CONTEXT() REPRESENTATION_CONTEXT('2D SPACE',''
  ) );
#2732 = ORIENTED_EDGE('',*,*,#2733,.F.);
#2733 = EDGE_CURVE('',#2734,#2706,#2736,.T.);
#2734 = VERTEX_POINT('',#2735);
#2735 = CARTESIAN_POINT('',(13.,-14.53444185374,3.5));
#2736 = SURFACE_CURVE('',#2737,(#2741,#2748),.PCURVE_S1.);
#2737 = LINE('',#2738,#2739);
#2738 = CARTESIAN_POINT('',(13.,-14.53444185374,3.5));
#2739 = VECTOR('',#2740,1.);
#2740 = DIRECTION('',(0.,0.,1.));
#2741 = PCURVE('',#2630,#2742);
#2742 = DEFINITIONAL_REPRESENTATION('',(#2743),#2747);
#2743 = LINE('',#2744,#2745);
#2744 = CARTESIAN_POINT('',(6.465558146251,1.8));
#2745 = VECTOR('',#2746,1.);
#2746 = DIRECTION('',(0.,1.));
#2747 = ( GEOMETRIC_REPRESENTATION_CONTEXT(2) 
PARAMETRIC_REPRESENTATION_CONTEXT() REPRESENTATION_CONTEXT('2D SPACE',''
  ) );
#2748 = PCURVE('',#2749,#2754);
#2749 = CYLINDRICAL_SURFACE('',#2750,19.5);
#2750 = AXIS2_PLACEMENT_3D('',#2751,#2752,#2753);
#2751 = CARTESIAN_POINT('',(0.,0.,3.5));
#2752 = DIRECTION('',(0.,0.,1.));
#2753 = DIRECTION('',(6.123233995737E-17,1.,-0.));
#2754 = DEFINITIONAL_REPRESENTATION('',(#2755),#2759);
#2755 = LINE('',#2756,#2757);
#2756 = CARTESIAN_POINT('',(3.871320309817,0.));
#2757 = VECTOR('',#2758,1.);
#2758 = DIRECTION('',(0.,1.));
#2759 = ( GEOMETRIC_REPRESENTATION_CONTEXT(2) 
PARAMETRIC_REPRESENTATION_CONTEXT() REPRESENTATION_CONTEXT('2D SPACE',''
  ) );
#2760 = ORIENTED_EDGE('',*,*,#2761,.F.);
#2761 = EDGE_CURVE('',#2622,#2734,#2762,.T.);
#2762 = SURFACE_CURVE('',#2763,(#2767,#2774),.PCURVE_S1.);
#2763 = LINE('',#2764,#2765);
#2764 = CARTESIAN_POINT('',(13.,-10.5,3.5));
#2765 = VECTOR('',#2766,1.);
#2766 = DIRECTION('',(0.,-1.,0.));
#2767 = PCURVE('',#2630,#2768);
#2768 = DEFINITIONAL_REPRESENTATION('',(#2769),#2773);
#2769 = LINE('',#2770,#2771);
#2770 = CARTESIAN_POINT('',(10.5,1.8));
#2771 = VECTOR('',#2772,1.);
#2772 = DIRECTION('',(-1.,0.));
#2773 = ( GEOMETRIC_REPRESENTATION_CONTEXT(2) 
PARAMETRIC_REPRESENTATION_CONTEXT() REPRESENTATION_CONTEXT('2D SPACE',''
  ) );
#2774 = PCURVE('',#2775,#2780);
#2775 = PLANE('',#2776);
#2776 = AXIS2_PLACEMENT_3D('',#2777,#2778,#2779);
#2777 = CARTESIAN_POINT('',(0.,0.,3.5));
#2778 = DIRECTION('',(0.,0.,1.));
#2779 = DIRECTION('',(1.,0.,-0.));
#2780 = DEFINITIONAL_REPRESENTATION('',(#2781),#2785);
#2781 = LINE('',#2782,#2783);
#2782 = CARTESIAN_POINT('',(13.,-10.5));
#2783 = VECTOR('',#2784,1.);
#2784 = DIRECTION('',(0.,-1.));
#2785 = ( GEOMETRIC_REPRESENTATION_CONTEXT(2) 
PARAMETRIC_REPRESENTATION_CONTEXT() REPRESENTATION_CONTEXT('2D SPACE',''
  ) );
#2786 = ADVANCED_FACE('',(#2787),#2801,.F.);
#2787 = FACE_BOUND('',#2788,.T.);
#2788 = EDGE_LOOP('',(#2789,#2819,#2842,#2865,#2888,#2911));
#2789 = ORIENTED_EDGE('',*,*,#2790,.F.);
#2790 = EDGE_CURVE('',#2791,#2793,#2795,.T.);
#2791 = VERTEX_POINT('',#2792);
#2792 = CARTESIAN_POINT('',(-13.,-12.44989959798,3.5));
#2793 = VERTEX_POINT('',#2794);
#2794 = CARTESIAN_POINT('',(-13.,-12.44989959798,1.7));
#2795 = SURFACE_CURVE('',#2796,(#2800,#2812),.PCURVE_S1.);
#2796 = LINE('',#2797,#2798);
#2797 = CARTESIAN_POINT('',(-13.,-12.44989959798,1.7));
#2798 = VECTOR('',#2799,1.);
#2799 = DIRECTION('',(0.,0.,-1.));
#2800 = PCURVE('',#2801,#2806);
#2801 = PLANE('',#2802);
#2802 = AXIS2_PLACEMENT_3D('',#2803,#2804,#2805);
#2803 = CARTESIAN_POINT('',(-13.,-10.,1.7));
#2804 = DIRECTION('',(-1.,0.,0.));
#2805 = DIRECTION('',(0.,-1.,0.));
#2806 = DEFINITIONAL_REPRESENTATION('',(#2807),#2811);
#2807 = LINE('',#2808,#2809);
#2808 = CARTESIAN_POINT('',(2.449899597989,0.));
#2809 = VECTOR('',#2810,1.);
#2810 = DIRECTION('',(0.,-1.));
#2811 = ( GEOMETRIC_REPRESENTATION_CONTEXT(2) 
PARAMETRIC_REPRESENTATION_CONTEXT() REPRESENTATION_CONTEXT('2D SPACE',''
  ) );
#2812 = PCURVE('',#2642,#2813);
#2813 = DEFINITIONAL_REPRESENTATION('',(#2814),#2818);
#2814 = LINE('',#2815,#2816);
#2815 = CARTESIAN_POINT('',(8.617768130372,0.));
#2816 = VECTOR('',#2817,1.);
#2817 = DIRECTION('',(0.,-1.));
#2818 = ( GEOMETRIC_REPRESENTATION_CONTEXT(2) 
PARAMETRIC_REPRESENTATION_CONTEXT() REPRESENTATION_CONTEXT('2D SPACE',''
  ) );
#2819 = ORIENTED_EDGE('',*,*,#2820,.F.);
#2820 = EDGE_CURVE('',#2821,#2791,#2823,.T.);
#2821 = VERTEX_POINT('',#2822);
#2822 = CARTESIAN_POINT('',(-13.,-14.53444185374,3.5));
#2823 = SURFACE_CURVE('',#2824,(#2828,#2835),.PCURVE_S1.);
#2824 = LINE('',#2825,#2826);
#2825 = CARTESIAN_POINT('',(-13.,-5.,3.5));
#2826 = VECTOR('',#2827,1.);
#2827 = DIRECTION('',(0.,1.,0.));
#2828 = PCURVE('',#2801,#2829);
#2829 = DEFINITIONAL_REPRESENTATION('',(#2830),#2834);
#2830 = LINE('',#2831,#2832);
#2831 = CARTESIAN_POINT('',(-5.,1.8));
#2832 = VECTOR('',#2833,1.);
#2833 = DIRECTION('',(-1.,0.));
#2834 = ( GEOMETRIC_REPRESENTATION_CONTEXT(2) 
PARAMETRIC_REPRESENTATION_CONTEXT() REPRESENTATION_CONTEXT('2D SPACE',''
  ) );
#2835 = PCURVE('',#2775,#2836);
#2836 = DEFINITIONAL_REPRESENTATION('',(#2837),#2841);
#2837 = LINE('',#2838,#2839);
#2838 = CARTESIAN_POINT('',(-13.,-5.));
#2839 = VECTOR('',#2840,1.);
#2840 = DIRECTION('',(0.,1.));
#2841 = ( GEOMETRIC_REPRESENTATION_CONTEXT(2) 
PARAMETRIC_REPRESENTATION_CONTEXT() REPRESENTATION_CONTEXT('2D SPACE',''
  ) );
#2842 = ORIENTED_EDGE('',*,*,#2843,.F.);
#2843 = EDGE_CURVE('',#2844,#2821,#2846,.T.);
#2844 = VERTEX_POINT('',#2845);
#2845 = CARTESIAN_POINT('',(-13.,-14.53444185374,8.));
#2846 = SURFACE_CURVE('',#2847,(#2851,#2858),.PCURVE_S1.);
#2847 = LINE('',#2848,#2849);
#2848 = CARTESIAN_POINT('',(-13.,-14.53444185374,3.5));
#2849 = VECTOR('',#2850,1.);
#2850 = DIRECTION('',(0.,0.,-1.));
#2851 = PCURVE('',#2801,#2852);
#2852 = DEFINITIONAL_REPRESENTATION('',(#2853),#2857);
#2853 = LINE('',#2854,#2855);
#2854 = CARTESIAN_POINT('',(4.534441853749,1.8));
#2855 = VECTOR('',#2856,1.);
#2856 = DIRECTION('',(0.,-1.));
#2857 = ( GEOMETRIC_REPRESENTATION_CONTEXT(2) 
PARAMETRIC_REPRESENTATION_CONTEXT() REPRESENTATION_CONTEXT('2D SPACE',''
  ) );
#2858 = PCURVE('',#2749,#2859);
#2859 = DEFINITIONAL_REPRESENTATION('',(#2860),#2864);
#2860 = LINE('',#2861,#2862);
#2861 = CARTESIAN_POINT('',(8.695050304542,0.));
#2862 = VECTOR('',#2863,1.);
#2863 = DIRECTION('',(0.,-1.));
#2864 = ( GEOMETRIC_REPRESENTATION_CONTEXT(2) 
PARAMETRIC_REPRESENTATION_CONTEXT() REPRESENTATION_CONTEXT('2D SPACE',''
  ) );
#2865 = ORIENTED_EDGE('',*,*,#2866,.F.);
#2866 = EDGE_CURVE('',#2867,#2844,#2869,.T.);
#2867 = VERTEX_POINT('',#2868);
#2868 = CARTESIAN_POINT('',(-13.,-15.85086748414,8.));
#2869 = SURFACE_CURVE('',#2870,(#2874,#2881),.PCURVE_S1.);
#2870 = LINE('',#2871,#2872);
#2871 = CARTESIAN_POINT('',(-13.,-5.,8.));
#2872 = VECTOR('',#2873,1.);
#2873 = DIRECTION('',(0.,1.,0.));
#2874 = PCURVE('',#2801,#2875);
#2875 = DEFINITIONAL_REPRESENTATION('',(#2876),#2880);
#2876 = LINE('',#2877,#2878);
#2877 = CARTESIAN_POINT('',(-5.,6.3));
#2878 = VECTOR('',#2879,1.);
#2879 = DIRECTION('',(-1.,0.));
#2880 = ( GEOMETRIC_REPRESENTATION_CONTEXT(2) 
PARAMETRIC_REPRESENTATION_CONTEXT() REPRESENTATION_CONTEXT('2D SPACE',''
  ) );
#2881 = PCURVE('',#2721,#2882);
#2882 = DEFINITIONAL_REPRESENTATION('',(#2883),#2887);
#2883 = LINE('',#2884,#2885);
#2884 = CARTESIAN_POINT('',(-13.,-5.));
#2885 = VECTOR('',#2886,1.);
#2886 = DIRECTION('',(0.,1.));
#2887 = ( GEOMETRIC_REPRESENTATION_CONTEXT(2) 
PARAMETRIC_REPRESENTATION_CONTEXT() REPRESENTATION_CONTEXT('2D SPACE',''
  ) );
#2888 = ORIENTED_EDGE('',*,*,#2889,.F.);
#2889 = EDGE_CURVE('',#2890,#2867,#2892,.T.);
#2890 = VERTEX_POINT('',#2891);
#2891 = CARTESIAN_POINT('',(-13.,-15.85086748414,1.7));
#2892 = SURFACE_CURVE('',#2893,(#2897,#2904),.PCURVE_S1.);
#2893 = LINE('',#2894,#2895);
#2894 = CARTESIAN_POINT('',(-13.,-15.85086748414,1.7));
#2895 = VECTOR('',#2896,1.);
#2896 = DIRECTION('',(0.,0.,1.));
#2897 = PCURVE('',#2801,#2898);
#2898 = DEFINITIONAL_REPRESENTATION('',(#2899),#2903);
#2899 = LINE('',#2900,#2901);
#2900 = CARTESIAN_POINT('',(5.850867484147,0.));
#2901 = VECTOR('',#2902,1.);
#2902 = DIRECTION('',(0.,1.));
#2903 = ( GEOMETRIC_REPRESENTATION_CONTEXT(2) 
PARAMETRIC_REPRESENTATION_CONTEXT() REPRESENTATION_CONTEXT('2D SPACE',''
  ) );
#2904 = PCURVE('',#2693,#2905);
#2905 = DEFINITIONAL_REPRESENTATION('',(#2906),#2910);
#2906 = LINE('',#2907,#2908);
#2907 = CARTESIAN_POINT('',(8.737873981773,0.));
#2908 = VECTOR('',#2909,1.);
#2909 = DIRECTION('',(0.,1.));
#2910 = ( GEOMETRIC_REPRESENTATION_CONTEXT(2) 
PARAMETRIC_REPRESENTATION_CONTEXT() REPRESENTATION_CONTEXT('2D SPACE',''
  ) );
#2911 = ORIENTED_EDGE('',*,*,#2912,.F.);
#2912 = EDGE_CURVE('',#2793,#2890,#2913,.T.);
#2913 = SURFACE_CURVE('',#2914,(#2918,#2925),.PCURVE_S1.);
#2914 = LINE('',#2915,#2916);
#2915 = CARTESIAN_POINT('',(-13.,-10.,1.7));
#2916 = VECTOR('',#2917,1.);
#2917 = DIRECTION('',(0.,-1.,0.));
#2918 = PCURVE('',#2801,#2919);
#2919 = DEFINITIONAL_REPRESENTATION('',(#2920),#2924);
#2920 = LINE('',#2921,#2922);
#2921 = CARTESIAN_POINT('',(0.,0.));
#2922 = VECTOR('',#2923,1.);
#2923 = DIRECTION('',(1.,0.));
#2924 = ( GEOMETRIC_REPRESENTATION_CONTEXT(2) 
PARAMETRIC_REPRESENTATION_CONTEXT() REPRESENTATION_CONTEXT('2D SPACE',''
  ) );
#2925 = PCURVE('',#212,#2926);
#2926 = DEFINITIONAL_REPRESENTATION('',(#2927),#2931);
#2927 = LINE('',#2928,#2929);
#2928 = CARTESIAN_POINT('',(-13.,-10.));
#2929 = VECTOR('',#2930,1.);
#2930 = DIRECTION('',(0.,-1.));
#2931 = ( GEOMETRIC_REPRESENTATION_CONTEXT(2) 
PARAMETRIC_REPRESENTATION_CONTEXT() REPRESENTATION_CONTEXT('2D SPACE',''
  ) );
#2932 = ADVANCED_FACE('',(#2933,#2959,#2962,#2965,#3017),#212,.T.);
#2933 = FACE_BOUND('',#2934,.T.);
#2934 = EDGE_LOOP('',(#2935));
#2935 = ORIENTED_EDGE('',*,*,#2936,.T.);
#2936 = EDGE_CURVE('',#2937,#2937,#2939,.T.);
#2937 = VERTEX_POINT('',#2938);
#2938 = CARTESIAN_POINT('',(-30.,-3.673940397442E-15,1.7));
#2939 = SURFACE_CURVE('',#2940,(#2945,#2952),.PCURVE_S1.);
#2940 = CIRCLE('',#2941,30.);
#2941 = AXIS2_PLACEMENT_3D('',#2942,#2943,#2944);
#2942 = CARTESIAN_POINT('',(0.,0.,1.7));
#2943 = DIRECTION('',(0.,0.,1.));
#2944 = DIRECTION('',(1.,0.,-0.));
#2945 = PCURVE('',#212,#2946);
#2946 = DEFINITIONAL_REPRESENTATION('',(#2947),#2951);
#2947 = CIRCLE('',#2948,30.);
#2948 = AXIS2_PLACEMENT_2D('',#2949,#2950);
#2949 = CARTESIAN_POINT('',(0.,0.));
#2950 = DIRECTION('',(1.,0.));
#2951 = ( GEOMETRIC_REPRESENTATION_CONTEXT(2) 
PARAMETRIC_REPRESENTATION_CONTEXT() REPRESENTATION_CONTEXT('2D SPACE',''
  ) );
#2952 = PCURVE('',#1787,#2953);
#2953 = DEFINITIONAL_REPRESENTATION('',(#2954),#2958);
#2954 = LINE('',#2955,#2956);
#2955 = CARTESIAN_POINT('',(0.,0.));
#2956 = VECTOR('',#2957,1.);
#2957 = DIRECTION('',(1.,0.));
#2958 = ( GEOMETRIC_REPRESENTATION_CONTEXT(2) 
PARAMETRIC_REPRESENTATION_CONTEXT() REPRESENTATION_CONTEXT('2D SPACE',''
  ) );
#2959 = FACE_BOUND('',#2960,.T.);
#2960 = EDGE_LOOP('',(#2961));
#2961 = ORIENTED_EDGE('',*,*,#2494,.T.);
#2962 = FACE_BOUND('',#2963,.T.);
#2963 = EDGE_LOOP('',(#2964));
#2964 = ORIENTED_EDGE('',*,*,#2585,.T.);
#2965 = FACE_BOUND('',#2966,.T.);
#2966 = EDGE_LOOP('',(#2967,#2989,#2990,#3016));
#2967 = ORIENTED_EDGE('',*,*,#2968,.T.);
#2968 = EDGE_CURVE('',#2620,#2793,#2969,.T.);
#2969 = SURFACE_CURVE('',#2970,(#2975,#2982),.PCURVE_S1.);
#2970 = CIRCLE('',#2971,18.);
#2971 = AXIS2_PLACEMENT_3D('',#2972,#2973,#2974);
#2972 = CARTESIAN_POINT('',(0.,0.,1.7));
#2973 = DIRECTION('',(0.,0.,1.));
#2974 = DIRECTION('',(1.,0.,-0.));
#2975 = PCURVE('',#212,#2976);
#2976 = DEFINITIONAL_REPRESENTATION('',(#2977),#2981);
#2977 = CIRCLE('',#2978,18.);
#2978 = AXIS2_PLACEMENT_2D('',#2979,#2980);
#2979 = CARTESIAN_POINT('',(0.,0.));
#2980 = DIRECTION('',(1.,0.));
#2981 = ( GEOMETRIC_REPRESENTATION_CONTEXT(2) 
PARAMETRIC_REPRESENTATION_CONTEXT() REPRESENTATION_CONTEXT('2D SPACE',''
  ) );
#2982 = PCURVE('',#2642,#2983);
#2983 = DEFINITIONAL_REPRESENTATION('',(#2984),#2988);
#2984 = LINE('',#2985,#2986);
#2985 = CARTESIAN_POINT('',(-1.570796326795,0.));
#2986 = VECTOR('',#2987,1.);
#2987 = DIRECTION('',(1.,0.));
#2988 = ( GEOMETRIC_REPRESENTATION_CONTEXT(2) 
PARAMETRIC_REPRESENTATION_CONTEXT() REPRESENTATION_CONTEXT('2D SPACE',''
  ) );
#2989 = ORIENTED_EDGE('',*,*,#2912,.T.);
#2990 = ORIENTED_EDGE('',*,*,#2991,.T.);
#2991 = EDGE_CURVE('',#2890,#2655,#2992,.T.);
#2992 = SURFACE_CURVE('',#2993,(#2998,#3009),.PCURVE_S1.);
#2993 = CIRCLE('',#2994,20.5);
#2994 = AXIS2_PLACEMENT_3D('',#2995,#2996,#2997);
#2995 = CARTESIAN_POINT('',(0.,0.,1.7));
#2996 = DIRECTION('',(0.,0.,-1.));
#2997 = DIRECTION('',(1.,0.,0.));
#2998 = PCURVE('',#212,#2999);
#2999 = DEFINITIONAL_REPRESENTATION('',(#3000),#3008);
#3000 = ( BOUNDED_CURVE() B_SPLINE_CURVE(2,(#3001,#3002,#3003,#3004,
#3005,#3006,#3007),.UNSPECIFIED.,.T.,.F.) B_SPLINE_CURVE_WITH_KNOTS((1,2
    ,2,2,2,1),(-2.094395102393,0.,2.094395102393,4.188790204786,
6.28318530718,8.377580409573),.UNSPECIFIED.) CURVE() 
GEOMETRIC_REPRESENTATION_ITEM() RATIONAL_B_SPLINE_CURVE((1.,0.5,1.,0.5,
1.,0.5,1.)) REPRESENTATION_ITEM('') );
#3001 = CARTESIAN_POINT('',(20.5,0.));
#3002 = CARTESIAN_POINT('',(20.5,-35.50704155516));
#3003 = CARTESIAN_POINT('',(-10.25,-17.75352077758));
#3004 = CARTESIAN_POINT('',(-41.,-5.021051876504E-15));
#3005 = CARTESIAN_POINT('',(-10.25,17.753520777581));
#3006 = CARTESIAN_POINT('',(20.5,35.507041555162));
#3007 = CARTESIAN_POINT('',(20.5,0.));
#3008 = ( GEOMETRIC_REPRESENTATION_CONTEXT(2) 
PARAMETRIC_REPRESENTATION_CONTEXT() REPRESENTATION_CONTEXT('2D SPACE',''
  ) );
#3009 = PCURVE('',#2693,#3010);
#3010 = DEFINITIONAL_REPRESENTATION('',(#3011),#3015);
#3011 = LINE('',#3012,#3013);
#3012 = CARTESIAN_POINT('',(10.995574287564,0.));
#3013 = VECTOR('',#3014,1.);
#3014 = DIRECTION('',(-1.,0.));
#3015 = ( GEOMETRIC_REPRESENTATION_CONTEXT(2) 
PARAMETRIC_REPRESENTATION_CONTEXT() REPRESENTATION_CONTEXT('2D SPACE',''
  ) );
#3016 = ORIENTED_EDGE('',*,*,#2654,.T.);
#3017 = FACE_BOUND('',#3018,.T.);
#3018 = EDGE_LOOP('',(#3019));
#3019 = ORIENTED_EDGE('',*,*,#197,.T.);
#3020 = ADVANCED_FACE('',(#3021),#2775,.T.);
#3021 = FACE_BOUND('',#3022,.T.);
#3022 = EDGE_LOOP('',(#3023,#3024,#3046,#3047));
#3023 = ORIENTED_EDGE('',*,*,#2761,.T.);
#3024 = ORIENTED_EDGE('',*,*,#3025,.T.);
#3025 = EDGE_CURVE('',#2734,#2821,#3026,.T.);
#3026 = SURFACE_CURVE('',#3027,(#3032,#3039),.PCURVE_S1.);
#3027 = CIRCLE('',#3028,19.5);
#3028 = AXIS2_PLACEMENT_3D('',#3029,#3030,#3031);
#3029 = CARTESIAN_POINT('',(0.,0.,3.5));
#3030 = DIRECTION('',(0.,0.,1.));
#3031 = DIRECTION('',(1.,0.,-0.));
#3032 = PCURVE('',#2775,#3033);
#3033 = DEFINITIONAL_REPRESENTATION('',(#3034),#3038);
#3034 = CIRCLE('',#3035,19.5);
#3035 = AXIS2_PLACEMENT_2D('',#3036,#3037);
#3036 = CARTESIAN_POINT('',(0.,0.));
#3037 = DIRECTION('',(1.,0.));
#3038 = ( GEOMETRIC_REPRESENTATION_CONTEXT(2) 
PARAMETRIC_REPRESENTATION_CONTEXT() REPRESENTATION_CONTEXT('2D SPACE',''
  ) );
#3039 = PCURVE('',#2749,#3040);
#3040 = DEFINITIONAL_REPRESENTATION('',(#3041),#3045);
#3041 = LINE('',#3042,#3043);
#3042 = CARTESIAN_POINT('',(-1.570796326795,0.));
#3043 = VECTOR('',#3044,1.);
#3044 = DIRECTION('',(1.,0.));
#3045 = ( GEOMETRIC_REPRESENTATION_CONTEXT(2) 
PARAMETRIC_REPRESENTATION_CONTEXT() REPRESENTATION_CONTEXT('2D SPACE',''
  ) );
#3046 = ORIENTED_EDGE('',*,*,#2820,.T.);
#3047 = ORIENTED_EDGE('',*,*,#3048,.F.);
#3048 = EDGE_CURVE('',#2622,#2791,#3049,.T.);
#3049 = SURFACE_CURVE('',#3050,(#3055,#3062),.PCURVE_S1.);
#3050 = CIRCLE('',#3051,18.);
#3051 = AXIS2_PLACEMENT_3D('',#3052,#3053,#3054);
#3052 = CARTESIAN_POINT('',(0.,0.,3.5));
#3053 = DIRECTION('',(0.,0.,1.));
#3054 = DIRECTION('',(1.,0.,-0.));
#3055 = PCURVE('',#2775,#3056);
#3056 = DEFINITIONAL_REPRESENTATION('',(#3057),#3061);
#3057 = CIRCLE('',#3058,18.);
#3058 = AXIS2_PLACEMENT_2D('',#3059,#3060);
#3059 = CARTESIAN_POINT('',(0.,0.));
#3060 = DIRECTION('',(1.,0.));
#3061 = ( GEOMETRIC_REPRESENTATION_CONTEXT(2) 
PARAMETRIC_REPRESENTATION_CONTEXT() REPRESENTATION_CONTEXT('2D SPACE',''
  ) );
#3062 = PCURVE('',#2642,#3063);
#3063 = DEFINITIONAL_REPRESENTATION('',(#3064),#3068);
#3064 = LINE('',#3065,#3066);
#3065 = CARTESIAN_POINT('',(-1.570796326795,1.8));
#3066 = VECTOR('',#3067,1.);
#3067 = DIRECTION('',(1.,0.));
#3068 = ( GEOMETRIC_REPRESENTATION_CONTEXT(2) 
PARAMETRIC_REPRESENTATION_CONTEXT() REPRESENTATION_CONTEXT('2D SPACE',''
  ) );
#3069 = ADVANCED_FACE('',(#3070),#2749,.F.);
#3070 = FACE_BOUND('',#3071,.F.);
#3071 = EDGE_LOOP('',(#3072,#3073,#3074,#3100));
#3072 = ORIENTED_EDGE('',*,*,#3025,.T.);
#3073 = ORIENTED_EDGE('',*,*,#2843,.F.);
#3074 = ORIENTED_EDGE('',*,*,#3075,.T.);
#3075 = EDGE_CURVE('',#2844,#2706,#3076,.T.);
#3076 = SURFACE_CURVE('',#3077,(#3082,#3089),.PCURVE_S1.);
#3077 = CIRCLE('',#3078,19.5);
#3078 = AXIS2_PLACEMENT_3D('',#3079,#3080,#3081);
#3079 = CARTESIAN_POINT('',(0.,0.,8.));
#3080 = DIRECTION('',(0.,0.,-1.));
#3081 = DIRECTION('',(1.,0.,0.));
#3082 = PCURVE('',#2749,#3083);
#3083 = DEFINITIONAL_REPRESENTATION('',(#3084),#3088);
#3084 = LINE('',#3085,#3086);
#3085 = CARTESIAN_POINT('',(10.995574287564,4.5));
#3086 = VECTOR('',#3087,1.);
#3087 = DIRECTION('',(-1.,0.));
#3088 = ( GEOMETRIC_REPRESENTATION_CONTEXT(2) 
PARAMETRIC_REPRESENTATION_CONTEXT() REPRESENTATION_CONTEXT('2D SPACE',''
  ) );
#3089 = PCURVE('',#2721,#3090);
#3090 = DEFINITIONAL_REPRESENTATION('',(#3091),#3099);
#3091 = ( BOUNDED_CURVE() B_SPLINE_CURVE(2,(#3092,#3093,#3094,#3095,
#3096,#3097,#3098),.UNSPECIFIED.,.T.,.F.) B_SPLINE_CURVE_WITH_KNOTS((1,2
    ,2,2,2,1),(-2.094395102393,0.,2.094395102393,4.188790204786,
6.28318530718,8.377580409573),.UNSPECIFIED.) CURVE() 
GEOMETRIC_REPRESENTATION_ITEM() RATIONAL_B_SPLINE_CURVE((1.,0.5,1.,0.5,
1.,0.5,1.)) REPRESENTATION_ITEM('') );
#3092 = CARTESIAN_POINT('',(19.5,0.));
#3093 = CARTESIAN_POINT('',(19.5,-33.77499074759));
#3094 = CARTESIAN_POINT('',(-9.75,-16.88749537379));
#3095 = CARTESIAN_POINT('',(-39.,-4.776122516675E-15));
#3096 = CARTESIAN_POINT('',(-9.75,16.887495373797));
#3097 = CARTESIAN_POINT('',(19.5,33.774990747593));
#3098 = CARTESIAN_POINT('',(19.5,0.));
#3099 = ( GEOMETRIC_REPRESENTATION_CONTEXT(2) 
PARAMETRIC_REPRESENTATION_CONTEXT() REPRESENTATION_CONTEXT('2D SPACE',''
  ) );
#3100 = ORIENTED_EDGE('',*,*,#2733,.F.);
#3101 = ADVANCED_FACE('',(#3102),#2721,.T.);
#3102 = FACE_BOUND('',#3103,.T.);
#3103 = EDGE_LOOP('',(#3104,#3105,#3127,#3128));
#3104 = ORIENTED_EDGE('',*,*,#2705,.T.);
#3105 = ORIENTED_EDGE('',*,*,#3106,.T.);
#3106 = EDGE_CURVE('',#2678,#2867,#3107,.T.);
#3107 = SURFACE_CURVE('',#3108,(#3113,#3120),.PCURVE_S1.);
#3108 = CIRCLE('',#3109,20.5);
#3109 = AXIS2_PLACEMENT_3D('',#3110,#3111,#3112);
#3110 = CARTESIAN_POINT('',(0.,0.,8.));
#3111 = DIRECTION('',(0.,0.,1.));
#3112 = DIRECTION('',(1.,0.,-0.));
#3113 = PCURVE('',#2721,#3114);
#3114 = DEFINITIONAL_REPRESENTATION('',(#3115),#3119);
#3115 = CIRCLE('',#3116,20.5);
#3116 = AXIS2_PLACEMENT_2D('',#3117,#3118);
#3117 = CARTESIAN_POINT('',(0.,0.));
#3118 = DIRECTION('',(1.,0.));
#3119 = ( GEOMETRIC_REPRESENTATION_CONTEXT(2) 
PARAMETRIC_REPRESENTATION_CONTEXT() REPRESENTATION_CONTEXT('2D SPACE',''
  ) );
#3120 = PCURVE('',#2693,#3121);
#3121 = DEFINITIONAL_REPRESENTATION('',(#3122),#3126);
#3122 = LINE('',#3123,#3124);
#3123 = CARTESIAN_POINT('',(-1.570796326795,6.3));
#3124 = VECTOR('',#3125,1.);
#3125 = DIRECTION('',(1.,0.));
#3126 = ( GEOMETRIC_REPRESENTATION_CONTEXT(2) 
PARAMETRIC_REPRESENTATION_CONTEXT() REPRESENTATION_CONTEXT('2D SPACE',''
  ) );
#3127 = ORIENTED_EDGE('',*,*,#2866,.T.);
#3128 = ORIENTED_EDGE('',*,*,#3075,.T.);
#3129 = ADVANCED_FACE('',(#3130),#2693,.T.);
#3130 = FACE_BOUND('',#3131,.T.);
#3131 = EDGE_LOOP('',(#3132,#3133,#3134,#3135));
#3132 = ORIENTED_EDGE('',*,*,#2677,.T.);
#3133 = ORIENTED_EDGE('',*,*,#2991,.F.);
#3134 = ORIENTED_EDGE('',*,*,#2889,.T.);
#3135 = ORIENTED_EDGE('',*,*,#3106,.F.);
#3136 = ADVANCED_FACE('',(#3137),#2642,.F.);
#3137 = FACE_BOUND('',#3138,.F.);
#3138 = EDGE_LOOP('',(#3139,#3140,#3141,#3142));
#3139 = ORIENTED_EDGE('',*,*,#2968,.T.);
#3140 = ORIENTED_EDGE('',*,*,#2790,.F.);
#3141 = ORIENTED_EDGE('',*,*,#3048,.F.);
#3142 = ORIENTED_EDGE('',*,*,#2619,.F.);
#3143 = ADVANCED_FACE('',(#3144),#1787,.F.);
#3144 = FACE_BOUND('',#3145,.F.);
#3145 = EDGE_LOOP('',(#3146,#3167,#3168,#3169,#3170,#3171,#3172,#3173));
#3146 = ORIENTED_EDGE('',*,*,#3147,.T.);
#3147 = EDGE_CURVE('',#2937,#2257,#3148,.T.);
#3148 = SEAM_CURVE('',#3149,(#3153,#3160),.PCURVE_S1.);
#3149 = LINE('',#3150,#3151);
#3150 = CARTESIAN_POINT('',(-30.,-3.673940397442E-15,1.7));
#3151 = VECTOR('',#3152,1.);
#3152 = DIRECTION('',(0.,0.,1.));
#3153 = PCURVE('',#1787,#3154);
#3154 = DEFINITIONAL_REPRESENTATION('',(#3155),#3159);
#3155 = LINE('',#3156,#3157);
#3156 = CARTESIAN_POINT('',(9.424777960769,0.));
#3157 = VECTOR('',#3158,1.);
#3158 = DIRECTION('',(0.,1.));
#3159 = ( GEOMETRIC_REPRESENTATION_CONTEXT(2) 
PARAMETRIC_REPRESENTATION_CONTEXT() REPRESENTATION_CONTEXT('2D SPACE',''
  ) );
#3160 = PCURVE('',#1787,#3161);
#3161 = DEFINITIONAL_REPRESENTATION('',(#3162),#3166);
#3162 = LINE('',#3163,#3164);
#3163 = CARTESIAN_POINT('',(3.14159265359,0.));
#3164 = VECTOR('',#3165,1.);
#3165 = DIRECTION('',(0.,1.));
#3166 = ( GEOMETRIC_REPRESENTATION_CONTEXT(2) 
PARAMETRIC_REPRESENTATION_CONTEXT() REPRESENTATION_CONTEXT('2D SPACE',''
  ) );
#3167 = ORIENTED_EDGE('',*,*,#2256,.F.);
#3168 = ORIENTED_EDGE('',*,*,#2136,.F.);
#3169 = ORIENTED_EDGE('',*,*,#1759,.F.);
#3170 = ORIENTED_EDGE('',*,*,#1869,.F.);
#3171 = ORIENTED_EDGE('',*,*,#2326,.F.);
#3172 = ORIENTED_EDGE('',*,*,#3147,.F.);
#3173 = ORIENTED_EDGE('',*,*,#2936,.T.);
#3174 = ( GEOMETRIC_REPRESENTATION_CONTEXT(3) 
GLOBAL_UNCERTAINTY_ASSIGNED_CONTEXT((#3178)) 
GLOBAL_UNIT_ASSIGNED_CONTEXT((#3175,#3176,#3177)) REPRESENTATION_CONTEXT
('Context #1','3D Context with UNIT and UNCERTAINTY') );
#3175 = ( LENGTH_UNIT() NAMED_UNIT(*) SI_UNIT(.MILLI.,.METRE.) );
#3176 = ( NAMED_UNIT(*) PLANE_ANGLE_UNIT() SI_UNIT($,.RADIAN.) );
#3177 = ( NAMED_UNIT(*) SI_UNIT($,.STERADIAN.) SOLID_ANGLE_UNIT() );
#3178 = UNCERTAINTY_MEASURE_WITH_UNIT(LENGTH_MEASURE(5.E-04),#3175,
  'distance_accuracy_value','confusion accuracy');
#3179 = CONTEXT_DEPENDENT_SHAPE_REPRESENTATION(#3180,#3182);
#3180 = ( REPRESENTATION_RELATIONSHIP('','',#40,#10) 
REPRESENTATION_RELATIONSHIP_WITH_TRANSFORMATION(#3181) 
SHAPE_REPRESENTATION_RELATIONSHIP() );
#3181 = ITEM_DEFINED_TRANSFORMATION('','',#11,#15);
#3182 = PRODUCT_DEFINITION_SHAPE('Placement','Placement of an item',
  #3183);
#3183 = NEXT_ASSEMBLY_USAGE_OCCURRENCE('1','Gehaeuse','',#5,#35,$);
#3184 = PRODUCT_RELATED_PRODUCT_CATEGORY('part',$,(#37));
#3185 = SHAPE_DEFINITION_REPRESENTATION(#3186,#3192);
#3186 = PRODUCT_DEFINITION_SHAPE('','',#3187);
#3187 = PRODUCT_DEFINITION('design','',#3188,#3191);
#3188 = PRODUCT_DEFINITION_FORMATION('','',#3189);
#3189 = PRODUCT('Deckel','Deckel','',(#3190));
#3190 = PRODUCT_CONTEXT('',#2,'mechanical');
#3191 = PRODUCT_DEFINITION_CONTEXT('part definition',#2,'design');
#3192 = ADVANCED_BREP_SHAPE_REPRESENTATION('',(#11,#3193),#14018);
#3193 = MANIFOLD_SOLID_BREP('',#3194);
#3194 = CLOSED_SHELL('',(#3195,#3287,#3342,#3470,#3546,#3600,#3649,#3681
    ,#3804,#3875,#3925,#3974,#4002,#4122,#4227,#4274,#4403,#4452,#4523,
    #4572,#4623,#4630,#4745,#4821,#4897,#4973,#5049,#5125,#5201,#5277,
    #5348,#5395,#5408,#5523,#5599,#5675,#5751,#5827,#5903,#5979,#6055,
    #6126,#6173,#6186,#6278,#6282,#6374,#6378,#6470,#6474,#6556,#6563,
    #6645,#6652,#6734,#6741,#6860,#6935,#6985,#7033,#7147,#7251,#7297,
    #7537,#7587,#7787,#7906,#7981,#8031,#8079,#8193,#8297,#8343,#8583,
    #8633,#8833,#8952,#9066,#9141,#9191,#9239,#9314,#9389,#9629,#9679,
    #9729,#9929,#10048,#10162,#10237,#10287,#10335,#10410,#10485,#10725,
    #10775,#10825,#11025,#11101,#11172,#11221,#11270,#11319,#11346,
    #11374,#11463,#11539,#11610,#11659,#11708,#11757,#11784,#11812,
    #11901,#11977,#12026,#12075,#12124,#12195,#12222,#12250,#12300,
    #12389,#12465,#12514,#12563,#12612,#12683,#12710,#12738,#12788,
    #12877,#12956,#13057,#13131,#13232,#13311,#13407,#13481,#13577,
    #13850,#13857,#13864,#13871,#13878,#13906,#13934,#13962,#13969,
    #13976,#13983,#14011));
#3195 = ADVANCED_FACE('',(#3196),#3209,.T.);
#3196 = FACE_BOUND('',#3197,.T.);
#3197 = EDGE_LOOP('',(#3198,#3236,#3259,#3286));
#3198 = ORIENTED_EDGE('',*,*,#3199,.T.);
#3199 = EDGE_CURVE('',#3200,#3200,#3202,.T.);
#3200 = VERTEX_POINT('',#3201);
#3201 = CARTESIAN_POINT('',(-31.2,3.82089801334E-15,36.));
#3202 = SURFACE_CURVE('',#3203,(#3208,#3220),.PCURVE_S1.);
#3203 = CIRCLE('',#3204,31.2);
#3204 = AXIS2_PLACEMENT_3D('',#3205,#3206,#3207);
#3205 = CARTESIAN_POINT('',(0.,0.,36.));
#3206 = DIRECTION('',(0.,0.,-1.));
#3207 = DIRECTION('',(1.,0.,0.));
#3208 = PCURVE('',#3209,#3214);
#3209 = CONICAL_SURFACE('',#3210,31.6,0.785398163397);
#3210 = AXIS2_PLACEMENT_3D('',#3211,#3212,#3213);
#3211 = CARTESIAN_POINT('',(0.,0.,35.6));
#3212 = DIRECTION('',(0.,0.,-1.));
#3213 = DIRECTION('',(1.,0.,0.));
#3214 = DEFINITIONAL_REPRESENTATION('',(#3215),#3219);
#3215 = LINE('',#3216,#3217);
#3216 = CARTESIAN_POINT('',(-6.28318530718,-0.4));
#3217 = VECTOR('',#3218,1.);
#3218 = DIRECTION('',(1.,0.));
#3219 = ( GEOMETRIC_REPRESENTATION_CONTEXT(2) 
PARAMETRIC_REPRESENTATION_CONTEXT() REPRESENTATION_CONTEXT('2D SPACE',''
  ) );
#3220 = PCURVE('',#3221,#3226);
#3221 = PLANE('',#3222);
#3222 = AXIS2_PLACEMENT_3D('',#3223,#3224,#3225);
#3223 = CARTESIAN_POINT('',(0.,0.,36.));
#3224 = DIRECTION('',(0.,0.,1.));
#3225 = DIRECTION('',(1.,0.,-0.));
#3226 = DEFINITIONAL_REPRESENTATION('',(#3227),#3235);
#3227 = ( BOUNDED_CURVE() B_SPLINE_CURVE(2,(#3228,#3229,#3230,#3231,
#3232,#3233,#3234),.UNSPECIFIED.,.T.,.F.) B_SPLINE_CURVE_WITH_KNOTS((1,2
    ,2,2,2,1),(-2.094395102393,0.,2.094395102393,4.188790204786,
6.28318530718,8.377580409573),.UNSPECIFIED.) CURVE() 
GEOMETRIC_REPRESENTATION_ITEM() RATIONAL_B_SPLINE_CURVE((1.,0.5,1.,0.5,
1.,0.5,1.)) REPRESENTATION_ITEM('') );
#3228 = CARTESIAN_POINT('',(31.2,0.));
#3229 = CARTESIAN_POINT('',(31.2,-54.03998519614));
#3230 = CARTESIAN_POINT('',(-15.6,-27.01999259807));
#3231 = CARTESIAN_POINT('',(-62.4,-7.641796026679E-15));
#3232 = CARTESIAN_POINT('',(-15.6,27.019992598074));
#3233 = CARTESIAN_POINT('',(31.2,54.039985196149));
#3234 = CARTESIAN_POINT('',(31.2,0.));
#3235 = ( GEOMETRIC_REPRESENTATION_CONTEXT(2) 
PARAMETRIC_REPRESENTATION_CONTEXT() REPRESENTATION_CONTEXT('2D SPACE',''
  ) );
#3236 = ORIENTED_EDGE('',*,*,#3237,.T.);
#3237 = EDGE_CURVE('',#3200,#3238,#3240,.T.);
#3238 = VERTEX_POINT('',#3239);
#3239 = CARTESIAN_POINT('',(-32.,-3.918869757272E-15,35.2));
#3240 = SEAM_CURVE('',#3241,(#3245,#3252),.PCURVE_S1.);
#3241 = LINE('',#3242,#3243);
#3242 = CARTESIAN_POINT('',(-31.6,-3.869883885306E-15,35.6));
#3243 = VECTOR('',#3244,1.);
#3244 = DIRECTION('',(-0.707106781187,-8.659560562355E-17,
    -0.707106781187));
#3245 = PCURVE('',#3209,#3246);
#3246 = DEFINITIONAL_REPRESENTATION('',(#3247),#3251);
#3247 = LINE('',#3248,#3249);
#3248 = CARTESIAN_POINT('',(3.14159265359,0.));
#3249 = VECTOR('',#3250,1.);
#3250 = DIRECTION('',(0.,1.));
#3251 = ( GEOMETRIC_REPRESENTATION_CONTEXT(2) 
PARAMETRIC_REPRESENTATION_CONTEXT() REPRESENTATION_CONTEXT('2D SPACE',''
  ) );
#3252 = PCURVE('',#3209,#3253);
#3253 = DEFINITIONAL_REPRESENTATION('',(#3254),#3258);
#3254 = LINE('',#3255,#3256);
#3255 = CARTESIAN_POINT('',(-3.14159265359,0.));
#3256 = VECTOR('',#3257,1.);
#3257 = DIRECTION('',(0.,1.));
#3258 = ( GEOMETRIC_REPRESENTATION_CONTEXT(2) 
PARAMETRIC_REPRESENTATION_CONTEXT() REPRESENTATION_CONTEXT('2D SPACE',''
  ) );
#3259 = ORIENTED_EDGE('',*,*,#3260,.T.);
#3260 = EDGE_CURVE('',#3238,#3238,#3261,.T.);
#3261 = SURFACE_CURVE('',#3262,(#3267,#3274),.PCURVE_S1.);
#3262 = CIRCLE('',#3263,32.);
#3263 = AXIS2_PLACEMENT_3D('',#3264,#3265,#3266);
#3264 = CARTESIAN_POINT('',(0.,0.,35.2));
#3265 = DIRECTION('',(0.,0.,1.));
#3266 = DIRECTION('',(1.,0.,-0.));
#3267 = PCURVE('',#3209,#3268);
#3268 = DEFINITIONAL_REPRESENTATION('',(#3269),#3273);
#3269 = LINE('',#3270,#3271);
#3270 = CARTESIAN_POINT('',(6.28318530718,0.4));
#3271 = VECTOR('',#3272,1.);
#3272 = DIRECTION('',(-1.,0.));
#3273 = ( GEOMETRIC_REPRESENTATION_CONTEXT(2) 
PARAMETRIC_REPRESENTATION_CONTEXT() REPRESENTATION_CONTEXT('2D SPACE',''
  ) );
#3274 = PCURVE('',#3275,#3280);
#3275 = CYLINDRICAL_SURFACE('',#3276,32.);
#3276 = AXIS2_PLACEMENT_3D('',#3277,#3278,#3279);
#3277 = CARTESIAN_POINT('',(0.,0.,34.));
#3278 = DIRECTION('',(0.,0.,1.));
#3279 = DIRECTION('',(1.,0.,-0.));
#3280 = DEFINITIONAL_REPRESENTATION('',(#3281),#3285);
#3281 = LINE('',#3282,#3283);
#3282 = CARTESIAN_POINT('',(-6.28318530718,1.2));
#3283 = VECTOR('',#3284,1.);
#3284 = DIRECTION('',(1.,0.));
#3285 = ( GEOMETRIC_REPRESENTATION_CONTEXT(2) 
PARAMETRIC_REPRESENTATION_CONTEXT() REPRESENTATION_CONTEXT('2D SPACE',''
  ) );
#3286 = ORIENTED_EDGE('',*,*,#3237,.F.);
#3287 = ADVANCED_FACE('',(#3288),#3275,.T.);
#3288 = FACE_BOUND('',#3289,.T.);
#3289 = EDGE_LOOP('',(#3290,#3291,#3314,#3341));
#3290 = ORIENTED_EDGE('',*,*,#3260,.F.);
#3291 = ORIENTED_EDGE('',*,*,#3292,.T.);
#3292 = EDGE_CURVE('',#3238,#3293,#3295,.T.);
#3293 = VERTEX_POINT('',#3294);
#3294 = CARTESIAN_POINT('',(-32.,-3.918869757272E-15,34.));
#3295 = SEAM_CURVE('',#3296,(#3300,#3307),.PCURVE_S1.);
#3296 = LINE('',#3297,#3298);
#3297 = CARTESIAN_POINT('',(-32.,-3.918869757272E-15,34.));
#3298 = VECTOR('',#3299,1.);
#3299 = DIRECTION('',(0.,0.,-1.));
#3300 = PCURVE('',#3275,#3301);
#3301 = DEFINITIONAL_REPRESENTATION('',(#3302),#3306);
#3302 = LINE('',#3303,#3304);
#3303 = CARTESIAN_POINT('',(-3.14159265359,0.));
#3304 = VECTOR('',#3305,1.);
#3305 = DIRECTION('',(0.,-1.));
#3306 = ( GEOMETRIC_REPRESENTATION_CONTEXT(2) 
PARAMETRIC_REPRESENTATION_CONTEXT() REPRESENTATION_CONTEXT('2D SPACE',''
  ) );
#3307 = PCURVE('',#3275,#3308);
#3308 = DEFINITIONAL_REPRESENTATION('',(#3309),#3313);
#3309 = LINE('',#3310,#3311);
#3310 = CARTESIAN_POINT('',(3.14159265359,0.));
#3311 = VECTOR('',#3312,1.);
#3312 = DIRECTION('',(0.,-1.));
#3313 = ( GEOMETRIC_REPRESENTATION_CONTEXT(2) 
PARAMETRIC_REPRESENTATION_CONTEXT() REPRESENTATION_CONTEXT('2D SPACE',''
  ) );
#3314 = ORIENTED_EDGE('',*,*,#3315,.T.);
#3315 = EDGE_CURVE('',#3293,#3293,#3316,.T.);
#3316 = SURFACE_CURVE('',#3317,(#3322,#3329),.PCURVE_S1.);
#3317 = CIRCLE('',#3318,32.);
#3318 = AXIS2_PLACEMENT_3D('',#3319,#3320,#3321);
#3319 = CARTESIAN_POINT('',(0.,0.,34.));
#3320 = DIRECTION('',(0.,0.,1.));
#3321 = DIRECTION('',(1.,0.,-0.));
#3322 = PCURVE('',#3275,#3323);
#3323 = DEFINITIONAL_REPRESENTATION('',(#3324),#3328);
#3324 = LINE('',#3325,#3326);
#3325 = CARTESIAN_POINT('',(-6.28318530718,0.));
#3326 = VECTOR('',#3327,1.);
#3327 = DIRECTION('',(1.,0.));
#3328 = ( GEOMETRIC_REPRESENTATION_CONTEXT(2) 
PARAMETRIC_REPRESENTATION_CONTEXT() REPRESENTATION_CONTEXT('2D SPACE',''
  ) );
#3329 = PCURVE('',#3330,#3335);
#3330 = PLANE('',#3331);
#3331 = AXIS2_PLACEMENT_3D('',#3332,#3333,#3334);
#3332 = CARTESIAN_POINT('',(0.,0.,34.));
#3333 = DIRECTION('',(0.,0.,1.));
#3334 = DIRECTION('',(1.,0.,-0.));
#3335 = DEFINITIONAL_REPRESENTATION('',(#3336),#3340);
#3336 = CIRCLE('',#3337,32.);
#3337 = AXIS2_PLACEMENT_2D('',#3338,#3339);
#3338 = CARTESIAN_POINT('',(0.,0.));
#3339 = DIRECTION('',(1.,0.));
#3340 = ( GEOMETRIC_REPRESENTATION_CONTEXT(2) 
PARAMETRIC_REPRESENTATION_CONTEXT() REPRESENTATION_CONTEXT('2D SPACE',''
  ) );
#3341 = ORIENTED_EDGE('',*,*,#3292,.F.);
#3342 = ADVANCED_FACE('',(#3343,#3346),#3221,.T.);
#3343 = FACE_BOUND('',#3344,.T.);
#3344 = EDGE_LOOP('',(#3345));
#3345 = ORIENTED_EDGE('',*,*,#3199,.F.);
#3346 = FACE_BOUND('',#3347,.T.);
#3347 = EDGE_LOOP('',(#3348,#3378,#3411,#3439));
#3348 = ORIENTED_EDGE('',*,*,#3349,.T.);
#3349 = EDGE_CURVE('',#3350,#3352,#3354,.T.);
#3350 = VERTEX_POINT('',#3351);
#3351 = CARTESIAN_POINT('',(-2.8,-6.67,36.));
#3352 = VERTEX_POINT('',#3353);
#3353 = CARTESIAN_POINT('',(2.8,-6.67,36.));
#3354 = SURFACE_CURVE('',#3355,(#3359,#3366),.PCURVE_S1.);
#3355 = LINE('',#3356,#3357);
#3356 = CARTESIAN_POINT('',(-1.4,-6.67,36.));
#3357 = VECTOR('',#3358,1.);
#3358 = DIRECTION('',(1.,0.,0.));
#3359 = PCURVE('',#3221,#3360);
#3360 = DEFINITIONAL_REPRESENTATION('',(#3361),#3365);
#3361 = LINE('',#3362,#3363);
#3362 = CARTESIAN_POINT('',(-1.4,-6.67));
#3363 = VECTOR('',#3364,1.);
#3364 = DIRECTION('',(1.,0.));
#3365 = ( GEOMETRIC_REPRESENTATION_CONTEXT(2) 
PARAMETRIC_REPRESENTATION_CONTEXT() REPRESENTATION_CONTEXT('2D SPACE',''
  ) );
#3366 = PCURVE('',#3367,#3372);
#3367 = PLANE('',#3368);
#3368 = AXIS2_PLACEMENT_3D('',#3369,#3370,#3371);
#3369 = CARTESIAN_POINT('',(-2.8,-6.67,36.));
#3370 = DIRECTION('',(0.,1.,0.));
#3371 = DIRECTION('',(1.,0.,0.));
#3372 = DEFINITIONAL_REPRESENTATION('',(#3373),#3377);
#3373 = LINE('',#3374,#3375);
#3374 = CARTESIAN_POINT('',(1.4,0.));
#3375 = VECTOR('',#3376,1.);
#3376 = DIRECTION('',(1.,0.));
#3377 = ( GEOMETRIC_REPRESENTATION_CONTEXT(2) 
PARAMETRIC_REPRESENTATION_CONTEXT() REPRESENTATION_CONTEXT('2D SPACE',''
  ) );
#3378 = ORIENTED_EDGE('',*,*,#3379,.T.);
#3379 = EDGE_CURVE('',#3352,#3380,#3382,.T.);
#3380 = VERTEX_POINT('',#3381);
#3381 = CARTESIAN_POINT('',(2.8,-13.67,36.));
#3382 = SURFACE_CURVE('',#3383,(#3388,#3399),.PCURVE_S1.);
#3383 = CIRCLE('',#3384,3.5);
#3384 = AXIS2_PLACEMENT_3D('',#3385,#3386,#3387);
#3385 = CARTESIAN_POINT('',(2.8,-10.17,36.));
#3386 = DIRECTION('',(0.,0.,-1.));
#3387 = DIRECTION('',(1.,0.,0.));
#3388 = PCURVE('',#3221,#3389);
#3389 = DEFINITIONAL_REPRESENTATION('',(#3390),#3398);
#3390 = ( BOUNDED_CURVE() B_SPLINE_CURVE(2,(#3391,#3392,#3393,#3394,
#3395,#3396,#3397),.UNSPECIFIED.,.T.,.F.) B_SPLINE_CURVE_WITH_KNOTS((1,2
    ,2,2,2,1),(-2.094395102393,0.,2.094395102393,4.188790204786,
6.28318530718,8.377580409573),.UNSPECIFIED.) CURVE() 
GEOMETRIC_REPRESENTATION_ITEM() RATIONAL_B_SPLINE_CURVE((1.,0.5,1.,0.5,
1.,0.5,1.)) REPRESENTATION_ITEM('') );
#3391 = CARTESIAN_POINT('',(6.3,-10.17));
#3392 = CARTESIAN_POINT('',(6.3,-16.23217782649));
#3393 = CARTESIAN_POINT('',(1.05,-13.20108891324));
#3394 = CARTESIAN_POINT('',(-4.2,-10.17));
#3395 = CARTESIAN_POINT('',(1.05,-7.138911086754));
#3396 = CARTESIAN_POINT('',(6.3,-4.107822173509));
#3397 = CARTESIAN_POINT('',(6.3,-10.17));
#3398 = ( GEOMETRIC_REPRESENTATION_CONTEXT(2) 
PARAMETRIC_REPRESENTATION_CONTEXT() REPRESENTATION_CONTEXT('2D SPACE',''
  ) );
#3399 = PCURVE('',#3400,#3405);
#3400 = CYLINDRICAL_SURFACE('',#3401,3.5);
#3401 = AXIS2_PLACEMENT_3D('',#3402,#3403,#3404);
#3402 = CARTESIAN_POINT('',(2.8,-10.17,36.));
#3403 = DIRECTION('',(0.,0.,-1.));
#3404 = DIRECTION('',(1.,0.,0.));
#3405 = DEFINITIONAL_REPRESENTATION('',(#3406),#3410);
#3406 = LINE('',#3407,#3408);
#3407 = CARTESIAN_POINT('',(-6.28318530718,0.));
#3408 = VECTOR('',#3409,1.);
#3409 = DIRECTION('',(1.,0.));
#3410 = ( GEOMETRIC_REPRESENTATION_CONTEXT(2) 
PARAMETRIC_REPRESENTATION_CONTEXT() REPRESENTATION_CONTEXT('2D SPACE',''
  ) );
#3411 = ORIENTED_EDGE('',*,*,#3412,.T.);
#3412 = EDGE_CURVE('',#3380,#3413,#3415,.T.);
#3413 = VERTEX_POINT('',#3414);
#3414 = CARTESIAN_POINT('',(-2.8,-13.67,36.));
#3415 = SURFACE_CURVE('',#3416,(#3420,#3427),.PCURVE_S1.);
#3416 = LINE('',#3417,#3418);
#3417 = CARTESIAN_POINT('',(1.4,-13.67,36.));
#3418 = VECTOR('',#3419,1.);
#3419 = DIRECTION('',(-1.,0.,0.));
#3420 = PCURVE('',#3221,#3421);
#3421 = DEFINITIONAL_REPRESENTATION('',(#3422),#3426);
#3422 = LINE('',#3423,#3424);
#3423 = CARTESIAN_POINT('',(1.4,-13.67));
#3424 = VECTOR('',#3425,1.);
#3425 = DIRECTION('',(-1.,0.));
#3426 = ( GEOMETRIC_REPRESENTATION_CONTEXT(2) 
PARAMETRIC_REPRESENTATION_CONTEXT() REPRESENTATION_CONTEXT('2D SPACE',''
  ) );
#3427 = PCURVE('',#3428,#3433);
#3428 = PLANE('',#3429);
#3429 = AXIS2_PLACEMENT_3D('',#3430,#3431,#3432);
#3430 = CARTESIAN_POINT('',(2.8,-13.67,36.));
#3431 = DIRECTION('',(0.,-1.,0.));
#3432 = DIRECTION('',(-1.,0.,0.));
#3433 = DEFINITIONAL_REPRESENTATION('',(#3434),#3438);
#3434 = LINE('',#3435,#3436);
#3435 = CARTESIAN_POINT('',(1.4,0.));
#3436 = VECTOR('',#3437,1.);
#3437 = DIRECTION('',(1.,0.));
#3438 = ( GEOMETRIC_REPRESENTATION_CONTEXT(2) 
PARAMETRIC_REPRESENTATION_CONTEXT() REPRESENTATION_CONTEXT('2D SPACE',''
  ) );
#3439 = ORIENTED_EDGE('',*,*,#3440,.T.);
#3440 = EDGE_CURVE('',#3413,#3350,#3441,.T.);
#3441 = SURFACE_CURVE('',#3442,(#3447,#3458),.PCURVE_S1.);
#3442 = CIRCLE('',#3443,3.5);
#3443 = AXIS2_PLACEMENT_3D('',#3444,#3445,#3446);
#3444 = CARTESIAN_POINT('',(-2.8,-10.17,36.));
#3445 = DIRECTION('',(0.,0.,-1.));
#3446 = DIRECTION('',(1.,0.,0.));
#3447 = PCURVE('',#3221,#3448);
#3448 = DEFINITIONAL_REPRESENTATION('',(#3449),#3457);
#3449 = ( BOUNDED_CURVE() B_SPLINE_CURVE(2,(#3450,#3451,#3452,#3453,
#3454,#3455,#3456),.UNSPECIFIED.,.T.,.F.) B_SPLINE_CURVE_WITH_KNOTS((1,2
    ,2,2,2,1),(-2.094395102393,0.,2.094395102393,4.188790204786,
6.28318530718,8.377580409573),.UNSPECIFIED.) CURVE() 
GEOMETRIC_REPRESENTATION_ITEM() RATIONAL_B_SPLINE_CURVE((1.,0.5,1.,0.5,
1.,0.5,1.)) REPRESENTATION_ITEM('') );
#3450 = CARTESIAN_POINT('',(0.7,-10.17));
#3451 = CARTESIAN_POINT('',(0.7,-16.23217782649));
#3452 = CARTESIAN_POINT('',(-4.55,-13.20108891324));
#3453 = CARTESIAN_POINT('',(-9.8,-10.17));
#3454 = CARTESIAN_POINT('',(-4.55,-7.138911086754));
#3455 = CARTESIAN_POINT('',(0.7,-4.107822173509));
#3456 = CARTESIAN_POINT('',(0.7,-10.17));
#3457 = ( GEOMETRIC_REPRESENTATION_CONTEXT(2) 
PARAMETRIC_REPRESENTATION_CONTEXT() REPRESENTATION_CONTEXT('2D SPACE',''
  ) );
#3458 = PCURVE('',#3459,#3464);
#3459 = CYLINDRICAL_SURFACE('',#3460,3.5);
#3460 = AXIS2_PLACEMENT_3D('',#3461,#3462,#3463);
#3461 = CARTESIAN_POINT('',(-2.8,-10.17,36.));
#3462 = DIRECTION('',(0.,0.,-1.));
#3463 = DIRECTION('',(-1.,-1.224646799147E-16,-0.));
#3464 = DEFINITIONAL_REPRESENTATION('',(#3465),#3469);
#3465 = LINE('',#3466,#3467);
#3466 = CARTESIAN_POINT('',(-3.14159265359,0.));
#3467 = VECTOR('',#3468,1.);
#3468 = DIRECTION('',(1.,0.));
#3469 = ( GEOMETRIC_REPRESENTATION_CONTEXT(2) 
PARAMETRIC_REPRESENTATION_CONTEXT() REPRESENTATION_CONTEXT('2D SPACE',''
  ) );
#3470 = ADVANCED_FACE('',(#3471),#3367,.F.);
#3471 = FACE_BOUND('',#3472,.T.);
#3472 = EDGE_LOOP('',(#3473,#3474,#3497,#3525));
#3473 = ORIENTED_EDGE('',*,*,#3349,.F.);
#3474 = ORIENTED_EDGE('',*,*,#3475,.T.);
#3475 = EDGE_CURVE('',#3350,#3476,#3478,.T.);
#3476 = VERTEX_POINT('',#3477);
#3477 = CARTESIAN_POINT('',(-2.8,-6.67,35.));
#3478 = SURFACE_CURVE('',#3479,(#3483,#3490),.PCURVE_S1.);
#3479 = LINE('',#3480,#3481);
#3480 = CARTESIAN_POINT('',(-2.8,-6.67,36.));
#3481 = VECTOR('',#3482,1.);
#3482 = DIRECTION('',(0.,0.,-1.));
#3483 = PCURVE('',#3367,#3484);
#3484 = DEFINITIONAL_REPRESENTATION('',(#3485),#3489);
#3485 = LINE('',#3486,#3487);
#3486 = CARTESIAN_POINT('',(0.,0.));
#3487 = VECTOR('',#3488,1.);
#3488 = DIRECTION('',(0.,1.));
#3489 = ( GEOMETRIC_REPRESENTATION_CONTEXT(2) 
PARAMETRIC_REPRESENTATION_CONTEXT() REPRESENTATION_CONTEXT('2D SPACE',''
  ) );
#3490 = PCURVE('',#3459,#3491);
#3491 = DEFINITIONAL_REPRESENTATION('',(#3492),#3496);
#3492 = LINE('',#3493,#3494);
#3493 = CARTESIAN_POINT('',(1.570796326795,0.));
#3494 = VECTOR('',#3495,1.);
#3495 = DIRECTION('',(0.,1.));
#3496 = ( GEOMETRIC_REPRESENTATION_CONTEXT(2) 
PARAMETRIC_REPRESENTATION_CONTEXT() REPRESENTATION_CONTEXT('2D SPACE',''
  ) );
#3497 = ORIENTED_EDGE('',*,*,#3498,.T.);
#3498 = EDGE_CURVE('',#3476,#3499,#3501,.T.);
#3499 = VERTEX_POINT('',#3500);
#3500 = CARTESIAN_POINT('',(2.8,-6.67,35.));
#3501 = SURFACE_CURVE('',#3502,(#3506,#3513),.PCURVE_S1.);
#3502 = LINE('',#3503,#3504);
#3503 = CARTESIAN_POINT('',(2.8,-6.67,35.));
#3504 = VECTOR('',#3505,1.);
#3505 = DIRECTION('',(1.,0.,0.));
#3506 = PCURVE('',#3367,#3507);
#3507 = DEFINITIONAL_REPRESENTATION('',(#3508),#3512);
#3508 = LINE('',#3509,#3510);
#3509 = CARTESIAN_POINT('',(5.6,1.));
#3510 = VECTOR('',#3511,1.);
#3511 = DIRECTION('',(1.,0.));
#3512 = ( GEOMETRIC_REPRESENTATION_CONTEXT(2) 
PARAMETRIC_REPRESENTATION_CONTEXT() REPRESENTATION_CONTEXT('2D SPACE',''
  ) );
#3513 = PCURVE('',#3514,#3519);
#3514 = PLANE('',#3515);
#3515 = AXIS2_PLACEMENT_3D('',#3516,#3517,#3518);
#3516 = CARTESIAN_POINT('',(0.,-10.17,35.));
#3517 = DIRECTION('',(0.,0.,1.));
#3518 = DIRECTION('',(1.,0.,-0.));
#3519 = DEFINITIONAL_REPRESENTATION('',(#3520),#3524);
#3520 = LINE('',#3521,#3522);
#3521 = CARTESIAN_POINT('',(2.8,3.5));
#3522 = VECTOR('',#3523,1.);
#3523 = DIRECTION('',(1.,0.));
#3524 = ( GEOMETRIC_REPRESENTATION_CONTEXT(2) 
PARAMETRIC_REPRESENTATION_CONTEXT() REPRESENTATION_CONTEXT('2D SPACE',''
  ) );
#3525 = ORIENTED_EDGE('',*,*,#3526,.F.);
#3526 = EDGE_CURVE('',#3352,#3499,#3527,.T.);
#3527 = SURFACE_CURVE('',#3528,(#3532,#3539),.PCURVE_S1.);
#3528 = LINE('',#3529,#3530);
#3529 = CARTESIAN_POINT('',(2.8,-6.67,36.));
#3530 = VECTOR('',#3531,1.);
#3531 = DIRECTION('',(0.,0.,-1.));
#3532 = PCURVE('',#3367,#3533);
#3533 = DEFINITIONAL_REPRESENTATION('',(#3534),#3538);
#3534 = LINE('',#3535,#3536);
#3535 = CARTESIAN_POINT('',(5.6,0.));
#3536 = VECTOR('',#3537,1.);
#3537 = DIRECTION('',(0.,1.));
#3538 = ( GEOMETRIC_REPRESENTATION_CONTEXT(2) 
PARAMETRIC_REPRESENTATION_CONTEXT() REPRESENTATION_CONTEXT('2D SPACE',''
  ) );
#3539 = PCURVE('',#3400,#3540);
#3540 = DEFINITIONAL_REPRESENTATION('',(#3541),#3545);
#3541 = LINE('',#3542,#3543);
#3542 = CARTESIAN_POINT('',(-1.570796326795,0.));
#3543 = VECTOR('',#3544,1.);
#3544 = DIRECTION('',(0.,1.));
#3545 = ( GEOMETRIC_REPRESENTATION_CONTEXT(2) 
PARAMETRIC_REPRESENTATION_CONTEXT() REPRESENTATION_CONTEXT('2D SPACE',''
  ) );
#3546 = ADVANCED_FACE('',(#3547),#3459,.F.);
#3547 = FACE_BOUND('',#3548,.F.);
#3548 = EDGE_LOOP('',(#3549,#3550,#3578,#3599));
#3549 = ORIENTED_EDGE('',*,*,#3475,.T.);
#3550 = ORIENTED_EDGE('',*,*,#3551,.F.);
#3551 = EDGE_CURVE('',#3552,#3476,#3554,.T.);
#3552 = VERTEX_POINT('',#3553);
#3553 = CARTESIAN_POINT('',(-2.8,-13.67,35.));
#3554 = SURFACE_CURVE('',#3555,(#3560,#3567),.PCURVE_S1.);
#3555 = CIRCLE('',#3556,3.5);
#3556 = AXIS2_PLACEMENT_3D('',#3557,#3558,#3559);
#3557 = CARTESIAN_POINT('',(-2.8,-10.17,35.));
#3558 = DIRECTION('',(0.,0.,-1.));
#3559 = DIRECTION('',(1.,0.,0.));
#3560 = PCURVE('',#3459,#3561);
#3561 = DEFINITIONAL_REPRESENTATION('',(#3562),#3566);
#3562 = LINE('',#3563,#3564);
#3563 = CARTESIAN_POINT('',(-3.14159265359,1.));
#3564 = VECTOR('',#3565,1.);
#3565 = DIRECTION('',(1.,0.));
#3566 = ( GEOMETRIC_REPRESENTATION_CONTEXT(2) 
PARAMETRIC_REPRESENTATION_CONTEXT() REPRESENTATION_CONTEXT('2D SPACE',''
  ) );
#3567 = PCURVE('',#3514,#3568);
#3568 = DEFINITIONAL_REPRESENTATION('',(#3569),#3577);
#3569 = ( BOUNDED_CURVE() B_SPLINE_CURVE(2,(#3570,#3571,#3572,#3573,
#3574,#3575,#3576),.UNSPECIFIED.,.T.,.F.) B_SPLINE_CURVE_WITH_KNOTS((1,2
    ,2,2,2,1),(-2.094395102393,0.,2.094395102393,4.188790204786,
6.28318530718,8.377580409573),.UNSPECIFIED.) CURVE() 
GEOMETRIC_REPRESENTATION_ITEM() RATIONAL_B_SPLINE_CURVE((1.,0.5,1.,0.5,
1.,0.5,1.)) REPRESENTATION_ITEM('') );
#3570 = CARTESIAN_POINT('',(0.7,0.));
#3571 = CARTESIAN_POINT('',(0.7,-6.062177826491));
#3572 = CARTESIAN_POINT('',(-4.55,-3.031088913246));
#3573 = CARTESIAN_POINT('',(-9.8,-8.572527594031E-16));
#3574 = CARTESIAN_POINT('',(-4.55,3.031088913246));
#3575 = CARTESIAN_POINT('',(0.7,6.062177826491));
#3576 = CARTESIAN_POINT('',(0.7,0.));
#3577 = ( GEOMETRIC_REPRESENTATION_CONTEXT(2) 
PARAMETRIC_REPRESENTATION_CONTEXT() REPRESENTATION_CONTEXT('2D SPACE',''
  ) );
#3578 = ORIENTED_EDGE('',*,*,#3579,.F.);
#3579 = EDGE_CURVE('',#3413,#3552,#3580,.T.);
#3580 = SURFACE_CURVE('',#3581,(#3585,#3592),.PCURVE_S1.);
#3581 = LINE('',#3582,#3583);
#3582 = CARTESIAN_POINT('',(-2.8,-13.67,36.));
#3583 = VECTOR('',#3584,1.);
#3584 = DIRECTION('',(0.,0.,-1.));
#3585 = PCURVE('',#3459,#3586);
#3586 = DEFINITIONAL_REPRESENTATION('',(#3587),#3591);
#3587 = LINE('',#3588,#3589);
#3588 = CARTESIAN_POINT('',(-1.570796326795,0.));
#3589 = VECTOR('',#3590,1.);
#3590 = DIRECTION('',(0.,1.));
#3591 = ( GEOMETRIC_REPRESENTATION_CONTEXT(2) 
PARAMETRIC_REPRESENTATION_CONTEXT() REPRESENTATION_CONTEXT('2D SPACE',''
  ) );
#3592 = PCURVE('',#3428,#3593);
#3593 = DEFINITIONAL_REPRESENTATION('',(#3594),#3598);
#3594 = LINE('',#3595,#3596);
#3595 = CARTESIAN_POINT('',(5.6,0.));
#3596 = VECTOR('',#3597,1.);
#3597 = DIRECTION('',(0.,1.));
#3598 = ( GEOMETRIC_REPRESENTATION_CONTEXT(2) 
PARAMETRIC_REPRESENTATION_CONTEXT() REPRESENTATION_CONTEXT('2D SPACE',''
  ) );
#3599 = ORIENTED_EDGE('',*,*,#3440,.T.);
#3600 = ADVANCED_FACE('',(#3601),#3428,.F.);
#3601 = FACE_BOUND('',#3602,.T.);
#3602 = EDGE_LOOP('',(#3603,#3604,#3627,#3648));
#3603 = ORIENTED_EDGE('',*,*,#3412,.F.);
#3604 = ORIENTED_EDGE('',*,*,#3605,.T.);
#3605 = EDGE_CURVE('',#3380,#3606,#3608,.T.);
#3606 = VERTEX_POINT('',#3607);
#3607 = CARTESIAN_POINT('',(2.8,-13.67,35.));
#3608 = SURFACE_CURVE('',#3609,(#3613,#3620),.PCURVE_S1.);
#3609 = LINE('',#3610,#3611);
#3610 = CARTESIAN_POINT('',(2.8,-13.67,36.));
#3611 = VECTOR('',#3612,1.);
#3612 = DIRECTION('',(0.,0.,-1.));
#3613 = PCURVE('',#3428,#3614);
#3614 = DEFINITIONAL_REPRESENTATION('',(#3615),#3619);
#3615 = LINE('',#3616,#3617);
#3616 = CARTESIAN_POINT('',(0.,-0.));
#3617 = VECTOR('',#3618,1.);
#3618 = DIRECTION('',(0.,1.));
#3619 = ( GEOMETRIC_REPRESENTATION_CONTEXT(2) 
PARAMETRIC_REPRESENTATION_CONTEXT() REPRESENTATION_CONTEXT('2D SPACE',''
  ) );
#3620 = PCURVE('',#3400,#3621);
#3621 = DEFINITIONAL_REPRESENTATION('',(#3622),#3626);
#3622 = LINE('',#3623,#3624);
#3623 = CARTESIAN_POINT('',(1.570796326795,0.));
#3624 = VECTOR('',#3625,1.);
#3625 = DIRECTION('',(0.,1.));
#3626 = ( GEOMETRIC_REPRESENTATION_CONTEXT(2) 
PARAMETRIC_REPRESENTATION_CONTEXT() REPRESENTATION_CONTEXT('2D SPACE',''
  ) );
#3627 = ORIENTED_EDGE('',*,*,#3628,.T.);
#3628 = EDGE_CURVE('',#3606,#3552,#3629,.T.);
#3629 = SURFACE_CURVE('',#3630,(#3634,#3641),.PCURVE_S1.);
#3630 = LINE('',#3631,#3632);
#3631 = CARTESIAN_POINT('',(-2.8,-13.67,35.));
#3632 = VECTOR('',#3633,1.);
#3633 = DIRECTION('',(-1.,0.,0.));
#3634 = PCURVE('',#3428,#3635);
#3635 = DEFINITIONAL_REPRESENTATION('',(#3636),#3640);
#3636 = LINE('',#3637,#3638);
#3637 = CARTESIAN_POINT('',(5.6,1.));
#3638 = VECTOR('',#3639,1.);
#3639 = DIRECTION('',(1.,0.));
#3640 = ( GEOMETRIC_REPRESENTATION_CONTEXT(2) 
PARAMETRIC_REPRESENTATION_CONTEXT() REPRESENTATION_CONTEXT('2D SPACE',''
  ) );
#3641 = PCURVE('',#3514,#3642);
#3642 = DEFINITIONAL_REPRESENTATION('',(#3643),#3647);
#3643 = LINE('',#3644,#3645);
#3644 = CARTESIAN_POINT('',(-2.8,-3.5));
#3645 = VECTOR('',#3646,1.);
#3646 = DIRECTION('',(-1.,0.));
#3647 = ( GEOMETRIC_REPRESENTATION_CONTEXT(2) 
PARAMETRIC_REPRESENTATION_CONTEXT() REPRESENTATION_CONTEXT('2D SPACE',''
  ) );
#3648 = ORIENTED_EDGE('',*,*,#3579,.F.);
#3649 = ADVANCED_FACE('',(#3650),#3400,.F.);
#3650 = FACE_BOUND('',#3651,.F.);
#3651 = EDGE_LOOP('',(#3652,#3653,#3679,#3680));
#3652 = ORIENTED_EDGE('',*,*,#3605,.T.);
#3653 = ORIENTED_EDGE('',*,*,#3654,.F.);
#3654 = EDGE_CURVE('',#3499,#3606,#3655,.T.);
#3655 = SURFACE_CURVE('',#3656,(#3661,#3668),.PCURVE_S1.);
#3656 = CIRCLE('',#3657,3.5);
#3657 = AXIS2_PLACEMENT_3D('',#3658,#3659,#3660);
#3658 = CARTESIAN_POINT('',(2.8,-10.17,35.));
#3659 = DIRECTION('',(0.,0.,-1.));
#3660 = DIRECTION('',(1.,0.,0.));
#3661 = PCURVE('',#3400,#3662);
#3662 = DEFINITIONAL_REPRESENTATION('',(#3663),#3667);
#3663 = LINE('',#3664,#3665);
#3664 = CARTESIAN_POINT('',(-6.28318530718,1.));
#3665 = VECTOR('',#3666,1.);
#3666 = DIRECTION('',(1.,0.));
#3667 = ( GEOMETRIC_REPRESENTATION_CONTEXT(2) 
PARAMETRIC_REPRESENTATION_CONTEXT() REPRESENTATION_CONTEXT('2D SPACE',''
  ) );
#3668 = PCURVE('',#3514,#3669);
#3669 = DEFINITIONAL_REPRESENTATION('',(#3670),#3678);
#3670 = ( BOUNDED_CURVE() B_SPLINE_CURVE(2,(#3671,#3672,#3673,#3674,
#3675,#3676,#3677),.UNSPECIFIED.,.T.,.F.) B_SPLINE_CURVE_WITH_KNOTS((1,2
    ,2,2,2,1),(-2.094395102393,0.,2.094395102393,4.188790204786,
6.28318530718,8.377580409573),.UNSPECIFIED.) CURVE() 
GEOMETRIC_REPRESENTATION_ITEM() RATIONAL_B_SPLINE_CURVE((1.,0.5,1.,0.5,
1.,0.5,1.)) REPRESENTATION_ITEM('') );
#3671 = CARTESIAN_POINT('',(6.3,0.));
#3672 = CARTESIAN_POINT('',(6.3,-6.062177826491));
#3673 = CARTESIAN_POINT('',(1.05,-3.031088913246));
#3674 = CARTESIAN_POINT('',(-4.2,-8.572527594031E-16));
#3675 = CARTESIAN_POINT('',(1.05,3.031088913246));
#3676 = CARTESIAN_POINT('',(6.3,6.062177826491));
#3677 = CARTESIAN_POINT('',(6.3,0.));
#3678 = ( GEOMETRIC_REPRESENTATION_CONTEXT(2) 
PARAMETRIC_REPRESENTATION_CONTEXT() REPRESENTATION_CONTEXT('2D SPACE',''
  ) );
#3679 = ORIENTED_EDGE('',*,*,#3526,.F.);
#3680 = ORIENTED_EDGE('',*,*,#3379,.T.);
#3681 = ADVANCED_FACE('',(#3682,#3688),#3514,.T.);
#3682 = FACE_BOUND('',#3683,.T.);
#3683 = EDGE_LOOP('',(#3684,#3685,#3686,#3687));
#3684 = ORIENTED_EDGE('',*,*,#3654,.F.);
#3685 = ORIENTED_EDGE('',*,*,#3498,.F.);
#3686 = ORIENTED_EDGE('',*,*,#3551,.F.);
#3687 = ORIENTED_EDGE('',*,*,#3628,.F.);
#3688 = FACE_BOUND('',#3689,.T.);
#3689 = EDGE_LOOP('',(#3690,#3720,#3749,#3777));
#3690 = ORIENTED_EDGE('',*,*,#3691,.F.);
#3691 = EDGE_CURVE('',#3692,#3694,#3696,.T.);
#3692 = VERTEX_POINT('',#3693);
#3693 = CARTESIAN_POINT('',(2.84,-8.24,35.));
#3694 = VERTEX_POINT('',#3695);
#3695 = CARTESIAN_POINT('',(-2.84,-8.24,35.));
#3696 = SURFACE_CURVE('',#3697,(#3701,#3708),.PCURVE_S1.);
#3697 = LINE('',#3698,#3699);
#3698 = CARTESIAN_POINT('',(1.42,-8.24,35.));
#3699 = VECTOR('',#3700,1.);
#3700 = DIRECTION('',(-1.,0.,0.));
#3701 = PCURVE('',#3514,#3702);
#3702 = DEFINITIONAL_REPRESENTATION('',(#3703),#3707);
#3703 = LINE('',#3704,#3705);
#3704 = CARTESIAN_POINT('',(1.42,1.93));
#3705 = VECTOR('',#3706,1.);
#3706 = DIRECTION('',(-1.,0.));
#3707 = ( GEOMETRIC_REPRESENTATION_CONTEXT(2) 
PARAMETRIC_REPRESENTATION_CONTEXT() REPRESENTATION_CONTEXT('2D SPACE',''
  ) );
#3708 = PCURVE('',#3709,#3714);
#3709 = PLANE('',#3710);
#3710 = AXIS2_PLACEMENT_3D('',#3711,#3712,#3713);
#3711 = CARTESIAN_POINT('',(2.84,-8.24,34.));
#3712 = DIRECTION('',(0.,1.,0.));
#3713 = DIRECTION('',(-1.,0.,0.));
#3714 = DEFINITIONAL_REPRESENTATION('',(#3715),#3719);
#3715 = LINE('',#3716,#3717);
#3716 = CARTESIAN_POINT('',(1.42,1.));
#3717 = VECTOR('',#3718,1.);
#3718 = DIRECTION('',(1.,0.));
#3719 = ( GEOMETRIC_REPRESENTATION_CONTEXT(2) 
PARAMETRIC_REPRESENTATION_CONTEXT() REPRESENTATION_CONTEXT('2D SPACE',''
  ) );
#3720 = ORIENTED_EDGE('',*,*,#3721,.F.);
#3721 = EDGE_CURVE('',#3722,#3692,#3724,.T.);
#3722 = VERTEX_POINT('',#3723);
#3723 = CARTESIAN_POINT('',(2.84,-12.1,35.));
#3724 = SURFACE_CURVE('',#3725,(#3730,#3737),.PCURVE_S1.);
#3725 = CIRCLE('',#3726,1.93);
#3726 = AXIS2_PLACEMENT_3D('',#3727,#3728,#3729);
#3727 = CARTESIAN_POINT('',(2.84,-10.17,35.));
#3728 = DIRECTION('',(0.,0.,1.));
#3729 = DIRECTION('',(1.,0.,-0.));
#3730 = PCURVE('',#3514,#3731);
#3731 = DEFINITIONAL_REPRESENTATION('',(#3732),#3736);
#3732 = CIRCLE('',#3733,1.93);
#3733 = AXIS2_PLACEMENT_2D('',#3734,#3735);
#3734 = CARTESIAN_POINT('',(2.84,0.));
#3735 = DIRECTION('',(1.,0.));
#3736 = ( GEOMETRIC_REPRESENTATION_CONTEXT(2) 
PARAMETRIC_REPRESENTATION_CONTEXT() REPRESENTATION_CONTEXT('2D SPACE',''
  ) );
#3737 = PCURVE('',#3738,#3743);
#3738 = CYLINDRICAL_SURFACE('',#3739,1.93);
#3739 = AXIS2_PLACEMENT_3D('',#3740,#3741,#3742);
#3740 = CARTESIAN_POINT('',(2.84,-10.17,34.));
#3741 = DIRECTION('',(0.,0.,1.));
#3742 = DIRECTION('',(1.,0.,-0.));
#3743 = DEFINITIONAL_REPRESENTATION('',(#3744),#3748);
#3744 = LINE('',#3745,#3746);
#3745 = CARTESIAN_POINT('',(0.,1.));
#3746 = VECTOR('',#3747,1.);
#3747 = DIRECTION('',(1.,0.));
#3748 = ( GEOMETRIC_REPRESENTATION_CONTEXT(2) 
PARAMETRIC_REPRESENTATION_CONTEXT() REPRESENTATION_CONTEXT('2D SPACE',''
  ) );
#3749 = ORIENTED_EDGE('',*,*,#3750,.F.);
#3750 = EDGE_CURVE('',#3751,#3722,#3753,.T.);
#3751 = VERTEX_POINT('',#3752);
#3752 = CARTESIAN_POINT('',(-2.84,-12.1,35.));
#3753 = SURFACE_CURVE('',#3754,(#3758,#3765),.PCURVE_S1.);
#3754 = LINE('',#3755,#3756);
#3755 = CARTESIAN_POINT('',(-1.42,-12.1,35.));
#3756 = VECTOR('',#3757,1.);
#3757 = DIRECTION('',(1.,0.,0.));
#3758 = PCURVE('',#3514,#3759);
#3759 = DEFINITIONAL_REPRESENTATION('',(#3760),#3764);
#3760 = LINE('',#3761,#3762);
#3761 = CARTESIAN_POINT('',(-1.42,-1.93));
#3762 = VECTOR('',#3763,1.);
#3763 = DIRECTION('',(1.,0.));
#3764 = ( GEOMETRIC_REPRESENTATION_CONTEXT(2) 
PARAMETRIC_REPRESENTATION_CONTEXT() REPRESENTATION_CONTEXT('2D SPACE',''
  ) );
#3765 = PCURVE('',#3766,#3771);
#3766 = PLANE('',#3767);
#3767 = AXIS2_PLACEMENT_3D('',#3768,#3769,#3770);
#3768 = CARTESIAN_POINT('',(-2.84,-12.1,34.));
#3769 = DIRECTION('',(0.,-1.,0.));
#3770 = DIRECTION('',(1.,0.,0.));
#3771 = DEFINITIONAL_REPRESENTATION('',(#3772),#3776);
#3772 = LINE('',#3773,#3774);
#3773 = CARTESIAN_POINT('',(1.42,1.));
#3774 = VECTOR('',#3775,1.);
#3775 = DIRECTION('',(1.,0.));
#3776 = ( GEOMETRIC_REPRESENTATION_CONTEXT(2) 
PARAMETRIC_REPRESENTATION_CONTEXT() REPRESENTATION_CONTEXT('2D SPACE',''
  ) );
#3777 = ORIENTED_EDGE('',*,*,#3778,.F.);
#3778 = EDGE_CURVE('',#3694,#3751,#3779,.T.);
#3779 = SURFACE_CURVE('',#3780,(#3785,#3792),.PCURVE_S1.);
#3780 = CIRCLE('',#3781,1.93);
#3781 = AXIS2_PLACEMENT_3D('',#3782,#3783,#3784);
#3782 = CARTESIAN_POINT('',(-2.84,-10.17,35.));
#3783 = DIRECTION('',(0.,0.,1.));
#3784 = DIRECTION('',(1.,0.,-0.));
#3785 = PCURVE('',#3514,#3786);
#3786 = DEFINITIONAL_REPRESENTATION('',(#3787),#3791);
#3787 = CIRCLE('',#3788,1.93);
#3788 = AXIS2_PLACEMENT_2D('',#3789,#3790);
#3789 = CARTESIAN_POINT('',(-2.84,0.));
#3790 = DIRECTION('',(1.,0.));
#3791 = ( GEOMETRIC_REPRESENTATION_CONTEXT(2) 
PARAMETRIC_REPRESENTATION_CONTEXT() REPRESENTATION_CONTEXT('2D SPACE',''
  ) );
#3792 = PCURVE('',#3793,#3798);
#3793 = CYLINDRICAL_SURFACE('',#3794,1.93);
#3794 = AXIS2_PLACEMENT_3D('',#3795,#3796,#3797);
#3795 = CARTESIAN_POINT('',(-2.84,-10.17,34.));
#3796 = DIRECTION('',(0.,0.,1.));
#3797 = DIRECTION('',(-1.,1.224646799147E-16,0.));
#3798 = DEFINITIONAL_REPRESENTATION('',(#3799),#3803);
#3799 = LINE('',#3800,#3801);
#3800 = CARTESIAN_POINT('',(3.14159265359,1.));
#3801 = VECTOR('',#3802,1.);
#3802 = DIRECTION('',(1.,0.));
#3803 = ( GEOMETRIC_REPRESENTATION_CONTEXT(2) 
PARAMETRIC_REPRESENTATION_CONTEXT() REPRESENTATION_CONTEXT('2D SPACE',''
  ) );
#3804 = ADVANCED_FACE('',(#3805),#3766,.F.);
#3805 = FACE_BOUND('',#3806,.T.);
#3806 = EDGE_LOOP('',(#3807,#3808,#3831,#3854));
#3807 = ORIENTED_EDGE('',*,*,#3750,.T.);
#3808 = ORIENTED_EDGE('',*,*,#3809,.F.);
#3809 = EDGE_CURVE('',#3810,#3722,#3812,.T.);
#3810 = VERTEX_POINT('',#3811);
#3811 = CARTESIAN_POINT('',(2.84,-12.1,34.));
#3812 = SURFACE_CURVE('',#3813,(#3817,#3824),.PCURVE_S1.);
#3813 = LINE('',#3814,#3815);
#3814 = CARTESIAN_POINT('',(2.84,-12.1,34.));
#3815 = VECTOR('',#3816,1.);
#3816 = DIRECTION('',(0.,0.,1.));
#3817 = PCURVE('',#3766,#3818);
#3818 = DEFINITIONAL_REPRESENTATION('',(#3819),#3823);
#3819 = LINE('',#3820,#3821);
#3820 = CARTESIAN_POINT('',(5.68,0.));
#3821 = VECTOR('',#3822,1.);
#3822 = DIRECTION('',(0.,1.));
#3823 = ( GEOMETRIC_REPRESENTATION_CONTEXT(2) 
PARAMETRIC_REPRESENTATION_CONTEXT() REPRESENTATION_CONTEXT('2D SPACE',''
  ) );
#3824 = PCURVE('',#3738,#3825);
#3825 = DEFINITIONAL_REPRESENTATION('',(#3826),#3830);
#3826 = LINE('',#3827,#3828);
#3827 = CARTESIAN_POINT('',(4.712388980385,0.));
#3828 = VECTOR('',#3829,1.);
#3829 = DIRECTION('',(0.,1.));
#3830 = ( GEOMETRIC_REPRESENTATION_CONTEXT(2) 
PARAMETRIC_REPRESENTATION_CONTEXT() REPRESENTATION_CONTEXT('2D SPACE',''
  ) );
#3831 = ORIENTED_EDGE('',*,*,#3832,.F.);
#3832 = EDGE_CURVE('',#3833,#3810,#3835,.T.);
#3833 = VERTEX_POINT('',#3834);
#3834 = CARTESIAN_POINT('',(-2.84,-12.1,34.));
#3835 = SURFACE_CURVE('',#3836,(#3840,#3847),.PCURVE_S1.);
#3836 = LINE('',#3837,#3838);
#3837 = CARTESIAN_POINT('',(-1.42,-12.1,34.));
#3838 = VECTOR('',#3839,1.);
#3839 = DIRECTION('',(1.,0.,0.));
#3840 = PCURVE('',#3766,#3841);
#3841 = DEFINITIONAL_REPRESENTATION('',(#3842),#3846);
#3842 = LINE('',#3843,#3844);
#3843 = CARTESIAN_POINT('',(1.42,0.));
#3844 = VECTOR('',#3845,1.);
#3845 = DIRECTION('',(1.,0.));
#3846 = ( GEOMETRIC_REPRESENTATION_CONTEXT(2) 
PARAMETRIC_REPRESENTATION_CONTEXT() REPRESENTATION_CONTEXT('2D SPACE',''
  ) );
#3847 = PCURVE('',#3330,#3848);
#3848 = DEFINITIONAL_REPRESENTATION('',(#3849),#3853);
#3849 = LINE('',#3850,#3851);
#3850 = CARTESIAN_POINT('',(-1.42,-12.1));
#3851 = VECTOR('',#3852,1.);
#3852 = DIRECTION('',(1.,0.));
#3853 = ( GEOMETRIC_REPRESENTATION_CONTEXT(2) 
PARAMETRIC_REPRESENTATION_CONTEXT() REPRESENTATION_CONTEXT('2D SPACE',''
  ) );
#3854 = ORIENTED_EDGE('',*,*,#3855,.T.);
#3855 = EDGE_CURVE('',#3833,#3751,#3856,.T.);
#3856 = SURFACE_CURVE('',#3857,(#3861,#3868),.PCURVE_S1.);
#3857 = LINE('',#3858,#3859);
#3858 = CARTESIAN_POINT('',(-2.84,-12.1,34.));
#3859 = VECTOR('',#3860,1.);
#3860 = DIRECTION('',(0.,0.,1.));
#3861 = PCURVE('',#3766,#3862);
#3862 = DEFINITIONAL_REPRESENTATION('',(#3863),#3867);
#3863 = LINE('',#3864,#3865);
#3864 = CARTESIAN_POINT('',(0.,0.));
#3865 = VECTOR('',#3866,1.);
#3866 = DIRECTION('',(0.,1.));
#3867 = ( GEOMETRIC_REPRESENTATION_CONTEXT(2) 
PARAMETRIC_REPRESENTATION_CONTEXT() REPRESENTATION_CONTEXT('2D SPACE',''
  ) );
#3868 = PCURVE('',#3793,#3869);
#3869 = DEFINITIONAL_REPRESENTATION('',(#3870),#3874);
#3870 = LINE('',#3871,#3872);
#3871 = CARTESIAN_POINT('',(7.853981633974,0.));
#3872 = VECTOR('',#3873,1.);
#3873 = DIRECTION('',(0.,1.));
#3874 = ( GEOMETRIC_REPRESENTATION_CONTEXT(2) 
PARAMETRIC_REPRESENTATION_CONTEXT() REPRESENTATION_CONTEXT('2D SPACE',''
  ) );
#3875 = ADVANCED_FACE('',(#3876),#3738,.F.);
#3876 = FACE_BOUND('',#3877,.F.);
#3877 = EDGE_LOOP('',(#3878,#3879,#3903,#3924));
#3878 = ORIENTED_EDGE('',*,*,#3809,.F.);
#3879 = ORIENTED_EDGE('',*,*,#3880,.T.);
#3880 = EDGE_CURVE('',#3810,#3881,#3883,.T.);
#3881 = VERTEX_POINT('',#3882);
#3882 = CARTESIAN_POINT('',(2.84,-8.24,34.));
#3883 = SURFACE_CURVE('',#3884,(#3889,#3896),.PCURVE_S1.);
#3884 = CIRCLE('',#3885,1.93);
#3885 = AXIS2_PLACEMENT_3D('',#3886,#3887,#3888);
#3886 = CARTESIAN_POINT('',(2.84,-10.17,34.));
#3887 = DIRECTION('',(0.,0.,1.));
#3888 = DIRECTION('',(1.,0.,-0.));
#3889 = PCURVE('',#3738,#3890);
#3890 = DEFINITIONAL_REPRESENTATION('',(#3891),#3895);
#3891 = LINE('',#3892,#3893);
#3892 = CARTESIAN_POINT('',(0.,0.));
#3893 = VECTOR('',#3894,1.);
#3894 = DIRECTION('',(1.,0.));
#3895 = ( GEOMETRIC_REPRESENTATION_CONTEXT(2) 
PARAMETRIC_REPRESENTATION_CONTEXT() REPRESENTATION_CONTEXT('2D SPACE',''
  ) );
#3896 = PCURVE('',#3330,#3897);
#3897 = DEFINITIONAL_REPRESENTATION('',(#3898),#3902);
#3898 = CIRCLE('',#3899,1.93);
#3899 = AXIS2_PLACEMENT_2D('',#3900,#3901);
#3900 = CARTESIAN_POINT('',(2.84,-10.17));
#3901 = DIRECTION('',(1.,0.));
#3902 = ( GEOMETRIC_REPRESENTATION_CONTEXT(2) 
PARAMETRIC_REPRESENTATION_CONTEXT() REPRESENTATION_CONTEXT('2D SPACE',''
  ) );
#3903 = ORIENTED_EDGE('',*,*,#3904,.T.);
#3904 = EDGE_CURVE('',#3881,#3692,#3905,.T.);
#3905 = SURFACE_CURVE('',#3906,(#3910,#3917),.PCURVE_S1.);
#3906 = LINE('',#3907,#3908);
#3907 = CARTESIAN_POINT('',(2.84,-8.24,34.));
#3908 = VECTOR('',#3909,1.);
#3909 = DIRECTION('',(0.,0.,1.));
#3910 = PCURVE('',#3738,#3911);
#3911 = DEFINITIONAL_REPRESENTATION('',(#3912),#3916);
#3912 = LINE('',#3913,#3914);
#3913 = CARTESIAN_POINT('',(7.853981633974,0.));
#3914 = VECTOR('',#3915,1.);
#3915 = DIRECTION('',(0.,1.));
#3916 = ( GEOMETRIC_REPRESENTATION_CONTEXT(2) 
PARAMETRIC_REPRESENTATION_CONTEXT() REPRESENTATION_CONTEXT('2D SPACE',''
  ) );
#3917 = PCURVE('',#3709,#3918);
#3918 = DEFINITIONAL_REPRESENTATION('',(#3919),#3923);
#3919 = LINE('',#3920,#3921);
#3920 = CARTESIAN_POINT('',(0.,0.));
#3921 = VECTOR('',#3922,1.);
#3922 = DIRECTION('',(0.,1.));
#3923 = ( GEOMETRIC_REPRESENTATION_CONTEXT(2) 
PARAMETRIC_REPRESENTATION_CONTEXT() REPRESENTATION_CONTEXT('2D SPACE',''
  ) );
#3924 = ORIENTED_EDGE('',*,*,#3721,.F.);
#3925 = ADVANCED_FACE('',(#3926),#3709,.F.);
#3926 = FACE_BOUND('',#3927,.T.);
#3927 = EDGE_LOOP('',(#3928,#3929,#3952,#3973));
#3928 = ORIENTED_EDGE('',*,*,#3691,.T.);
#3929 = ORIENTED_EDGE('',*,*,#3930,.F.);
#3930 = EDGE_CURVE('',#3931,#3694,#3933,.T.);
#3931 = VERTEX_POINT('',#3932);
#3932 = CARTESIAN_POINT('',(-2.84,-8.24,34.));
#3933 = SURFACE_CURVE('',#3934,(#3938,#3945),.PCURVE_S1.);
#3934 = LINE('',#3935,#3936);
#3935 = CARTESIAN_POINT('',(-2.84,-8.24,34.));
#3936 = VECTOR('',#3937,1.);
#3937 = DIRECTION('',(0.,0.,1.));
#3938 = PCURVE('',#3709,#3939);
#3939 = DEFINITIONAL_REPRESENTATION('',(#3940),#3944);
#3940 = LINE('',#3941,#3942);
#3941 = CARTESIAN_POINT('',(5.68,0.));
#3942 = VECTOR('',#3943,1.);
#3943 = DIRECTION('',(0.,1.));
#3944 = ( GEOMETRIC_REPRESENTATION_CONTEXT(2) 
PARAMETRIC_REPRESENTATION_CONTEXT() REPRESENTATION_CONTEXT('2D SPACE',''
  ) );
#3945 = PCURVE('',#3793,#3946);
#3946 = DEFINITIONAL_REPRESENTATION('',(#3947),#3951);
#3947 = LINE('',#3948,#3949);
#3948 = CARTESIAN_POINT('',(4.712388980385,0.));
#3949 = VECTOR('',#3950,1.);
#3950 = DIRECTION('',(0.,1.));
#3951 = ( GEOMETRIC_REPRESENTATION_CONTEXT(2) 
PARAMETRIC_REPRESENTATION_CONTEXT() REPRESENTATION_CONTEXT('2D SPACE',''
  ) );
#3952 = ORIENTED_EDGE('',*,*,#3953,.F.);
#3953 = EDGE_CURVE('',#3881,#3931,#3954,.T.);
#3954 = SURFACE_CURVE('',#3955,(#3959,#3966),.PCURVE_S1.);
#3955 = LINE('',#3956,#3957);
#3956 = CARTESIAN_POINT('',(1.42,-8.24,34.));
#3957 = VECTOR('',#3958,1.);
#3958 = DIRECTION('',(-1.,0.,0.));
#3959 = PCURVE('',#3709,#3960);
#3960 = DEFINITIONAL_REPRESENTATION('',(#3961),#3965);
#3961 = LINE('',#3962,#3963);
#3962 = CARTESIAN_POINT('',(1.42,0.));
#3963 = VECTOR('',#3964,1.);
#3964 = DIRECTION('',(1.,0.));
#3965 = ( GEOMETRIC_REPRESENTATION_CONTEXT(2) 
PARAMETRIC_REPRESENTATION_CONTEXT() REPRESENTATION_CONTEXT('2D SPACE',''
  ) );
#3966 = PCURVE('',#3330,#3967);
#3967 = DEFINITIONAL_REPRESENTATION('',(#3968),#3972);
#3968 = LINE('',#3969,#3970);
#3969 = CARTESIAN_POINT('',(1.42,-8.24));
#3970 = VECTOR('',#3971,1.);
#3971 = DIRECTION('',(-1.,0.));
#3972 = ( GEOMETRIC_REPRESENTATION_CONTEXT(2) 
PARAMETRIC_REPRESENTATION_CONTEXT() REPRESENTATION_CONTEXT('2D SPACE',''
  ) );
#3973 = ORIENTED_EDGE('',*,*,#3904,.T.);
#3974 = ADVANCED_FACE('',(#3975),#3793,.F.);
#3975 = FACE_BOUND('',#3976,.F.);
#3976 = EDGE_LOOP('',(#3977,#3978,#4000,#4001));
#3977 = ORIENTED_EDGE('',*,*,#3930,.F.);
#3978 = ORIENTED_EDGE('',*,*,#3979,.T.);
#3979 = EDGE_CURVE('',#3931,#3833,#3980,.T.);
#3980 = SURFACE_CURVE('',#3981,(#3986,#3993),.PCURVE_S1.);
#3981 = CIRCLE('',#3982,1.93);
#3982 = AXIS2_PLACEMENT_3D('',#3983,#3984,#3985);
#3983 = CARTESIAN_POINT('',(-2.84,-10.17,34.));
#3984 = DIRECTION('',(0.,0.,1.));
#3985 = DIRECTION('',(1.,0.,-0.));
#3986 = PCURVE('',#3793,#3987);
#3987 = DEFINITIONAL_REPRESENTATION('',(#3988),#3992);
#3988 = LINE('',#3989,#3990);
#3989 = CARTESIAN_POINT('',(3.14159265359,0.));
#3990 = VECTOR('',#3991,1.);
#3991 = DIRECTION('',(1.,0.));
#3992 = ( GEOMETRIC_REPRESENTATION_CONTEXT(2) 
PARAMETRIC_REPRESENTATION_CONTEXT() REPRESENTATION_CONTEXT('2D SPACE',''
  ) );
#3993 = PCURVE('',#3330,#3994);
#3994 = DEFINITIONAL_REPRESENTATION('',(#3995),#3999);
#3995 = CIRCLE('',#3996,1.93);
#3996 = AXIS2_PLACEMENT_2D('',#3997,#3998);
#3997 = CARTESIAN_POINT('',(-2.84,-10.17));
#3998 = DIRECTION('',(1.,0.));
#3999 = ( GEOMETRIC_REPRESENTATION_CONTEXT(2) 
PARAMETRIC_REPRESENTATION_CONTEXT() REPRESENTATION_CONTEXT('2D SPACE',''
  ) );
#4000 = ORIENTED_EDGE('',*,*,#3855,.T.);
#4001 = ORIENTED_EDGE('',*,*,#3778,.F.);
#4002 = ADVANCED_FACE('',(#4003),#4017,.T.);
#4003 = FACE_BOUND('',#4004,.T.);
#4004 = EDGE_LOOP('',(#4005,#4040,#4068,#4096));
#4005 = ORIENTED_EDGE('',*,*,#4006,.F.);
#4006 = EDGE_CURVE('',#4007,#4009,#4011,.T.);
#4007 = VERTEX_POINT('',#4008);
#4008 = CARTESIAN_POINT('',(-3.5,-13.15,9.688888888889));
#4009 = VERTEX_POINT('',#4010);
#4010 = CARTESIAN_POINT('',(3.5,-13.15,9.688888888889));
#4011 = SURFACE_CURVE('',#4012,(#4016,#4028),.PCURVE_S1.);
#4012 = LINE('',#4013,#4014);
#4013 = CARTESIAN_POINT('',(-1.75,-13.15,9.688888888889));
#4014 = VECTOR('',#4015,1.);
#4015 = DIRECTION('',(1.,0.,0.));
#4016 = PCURVE('',#4017,#4022);
#4017 = PLANE('',#4018);
#4018 = AXIS2_PLACEMENT_3D('',#4019,#4020,#4021);
#4019 = CARTESIAN_POINT('',(0.,-13.25,9.6));
#4020 = DIRECTION('',(0.,0.66436383883,-0.747409318684));
#4021 = DIRECTION('',(0.,0.747409318684,0.66436383883));
#4022 = DEFINITIONAL_REPRESENTATION('',(#4023),#4027);
#4023 = LINE('',#4024,#4025);
#4024 = CARTESIAN_POINT('',(0.13379549532,-1.75));
#4025 = VECTOR('',#4026,1.);
#4026 = DIRECTION('',(0.,1.));
#4027 = ( GEOMETRIC_REPRESENTATION_CONTEXT(2) 
PARAMETRIC_REPRESENTATION_CONTEXT() REPRESENTATION_CONTEXT('2D SPACE',''
  ) );
#4028 = PCURVE('',#4029,#4034);
#4029 = PLANE('',#4030);
#4030 = AXIS2_PLACEMENT_3D('',#4031,#4032,#4033);
#4031 = CARTESIAN_POINT('',(-3.5,-13.15,34.5));
#4032 = DIRECTION('',(0.,1.,0.));
#4033 = DIRECTION('',(1.,0.,0.));
#4034 = DEFINITIONAL_REPRESENTATION('',(#4035),#4039);
#4035 = LINE('',#4036,#4037);
#4036 = CARTESIAN_POINT('',(1.75,24.811111111111));
#4037 = VECTOR('',#4038,1.);
#4038 = DIRECTION('',(1.,0.));
#4039 = ( GEOMETRIC_REPRESENTATION_CONTEXT(2) 
PARAMETRIC_REPRESENTATION_CONTEXT() REPRESENTATION_CONTEXT('2D SPACE',''
  ) );
#4040 = ORIENTED_EDGE('',*,*,#4041,.F.);
#4041 = EDGE_CURVE('',#4042,#4007,#4044,.T.);
#4042 = VERTEX_POINT('',#4043);
#4043 = CARTESIAN_POINT('',(-3.5,-12.35,10.4));
#4044 = SURFACE_CURVE('',#4045,(#4049,#4056),.PCURVE_S1.);
#4045 = LINE('',#4046,#4047);
#4046 = CARTESIAN_POINT('',(-3.5,-12.35,10.4));
#4047 = VECTOR('',#4048,1.);
#4048 = DIRECTION('',(0.,-0.747409318684,-0.66436383883));
#4049 = PCURVE('',#4017,#4050);
#4050 = DEFINITIONAL_REPRESENTATION('',(#4051),#4055);
#4051 = LINE('',#4052,#4053);
#4052 = CARTESIAN_POINT('',(1.204159457879,-3.5));
#4053 = VECTOR('',#4054,1.);
#4054 = DIRECTION('',(-1.,0.));
#4055 = ( GEOMETRIC_REPRESENTATION_CONTEXT(2) 
PARAMETRIC_REPRESENTATION_CONTEXT() REPRESENTATION_CONTEXT('2D SPACE',''
  ) );
#4056 = PCURVE('',#4057,#4062);
#4057 = PLANE('',#4058);
#4058 = AXIS2_PLACEMENT_3D('',#4059,#4060,#4061);
#4059 = CARTESIAN_POINT('',(-3.5,-14.55,34.5));
#4060 = DIRECTION('',(-1.,0.,0.));
#4061 = DIRECTION('',(0.,1.,0.));
#4062 = DEFINITIONAL_REPRESENTATION('',(#4063),#4067);
#4063 = LINE('',#4064,#4065);
#4064 = CARTESIAN_POINT('',(2.2,24.1));
#4065 = VECTOR('',#4066,1.);
#4066 = DIRECTION('',(-0.747409318684,0.66436383883));
#4067 = ( GEOMETRIC_REPRESENTATION_CONTEXT(2) 
PARAMETRIC_REPRESENTATION_CONTEXT() REPRESENTATION_CONTEXT('2D SPACE',''
  ) );
#4068 = ORIENTED_EDGE('',*,*,#4069,.T.);
#4069 = EDGE_CURVE('',#4042,#4070,#4072,.T.);
#4070 = VERTEX_POINT('',#4071);
#4071 = CARTESIAN_POINT('',(3.5,-12.35,10.4));
#4072 = SURFACE_CURVE('',#4073,(#4077,#4084),.PCURVE_S1.);
#4073 = LINE('',#4074,#4075);
#4074 = CARTESIAN_POINT('',(0.,-12.35,10.4));
#4075 = VECTOR('',#4076,1.);
#4076 = DIRECTION('',(1.,0.,0.));
#4077 = PCURVE('',#4017,#4078);
#4078 = DEFINITIONAL_REPRESENTATION('',(#4079),#4083);
#4079 = LINE('',#4080,#4081);
#4080 = CARTESIAN_POINT('',(1.204159457879,0.));
#4081 = VECTOR('',#4082,1.);
#4082 = DIRECTION('',(0.,1.));
#4083 = ( GEOMETRIC_REPRESENTATION_CONTEXT(2) 
PARAMETRIC_REPRESENTATION_CONTEXT() REPRESENTATION_CONTEXT('2D SPACE',''
  ) );
#4084 = PCURVE('',#4085,#4090);
#4085 = PLANE('',#4086);
#4086 = AXIS2_PLACEMENT_3D('',#4087,#4088,#4089);
#4087 = CARTESIAN_POINT('',(0.,-12.35,10.4));
#4088 = DIRECTION('',(0.,1.,0.));
#4089 = DIRECTION('',(0.,-0.,1.));
#4090 = DEFINITIONAL_REPRESENTATION('',(#4091),#4095);
#4091 = LINE('',#4092,#4093);
#4092 = CARTESIAN_POINT('',(0.,0.));
#4093 = VECTOR('',#4094,1.);
#4094 = DIRECTION('',(0.,1.));
#4095 = ( GEOMETRIC_REPRESENTATION_CONTEXT(2) 
PARAMETRIC_REPRESENTATION_CONTEXT() REPRESENTATION_CONTEXT('2D SPACE',''
  ) );
#4096 = ORIENTED_EDGE('',*,*,#4097,.F.);
#4097 = EDGE_CURVE('',#4009,#4070,#4098,.T.);
#4098 = SURFACE_CURVE('',#4099,(#4103,#4110),.PCURVE_S1.);
#4099 = LINE('',#4100,#4101);
#4100 = CARTESIAN_POINT('',(3.5,-12.35,10.4));
#4101 = VECTOR('',#4102,1.);
#4102 = DIRECTION('',(0.,0.747409318684,0.66436383883));
#4103 = PCURVE('',#4017,#4104);
#4104 = DEFINITIONAL_REPRESENTATION('',(#4105),#4109);
#4105 = LINE('',#4106,#4107);
#4106 = CARTESIAN_POINT('',(1.204159457879,3.5));
#4107 = VECTOR('',#4108,1.);
#4108 = DIRECTION('',(1.,0.));
#4109 = ( GEOMETRIC_REPRESENTATION_CONTEXT(2) 
PARAMETRIC_REPRESENTATION_CONTEXT() REPRESENTATION_CONTEXT('2D SPACE',''
  ) );
#4110 = PCURVE('',#4111,#4116);
#4111 = PLANE('',#4112);
#4112 = AXIS2_PLACEMENT_3D('',#4113,#4114,#4115);
#4113 = CARTESIAN_POINT('',(3.5,-13.15,34.5));
#4114 = DIRECTION('',(1.,0.,0.));
#4115 = DIRECTION('',(0.,-1.,0.));
#4116 = DEFINITIONAL_REPRESENTATION('',(#4117),#4121);
#4117 = LINE('',#4118,#4119);
#4118 = CARTESIAN_POINT('',(-0.8,24.1));
#4119 = VECTOR('',#4120,1.);
#4120 = DIRECTION('',(-0.747409318684,-0.66436383883));
#4121 = ( GEOMETRIC_REPRESENTATION_CONTEXT(2) 
PARAMETRIC_REPRESENTATION_CONTEXT() REPRESENTATION_CONTEXT('2D SPACE',''
  ) );
#4122 = ADVANCED_FACE('',(#4123),#4137,.T.);
#4123 = FACE_BOUND('',#4124,.T.);
#4124 = EDGE_LOOP('',(#4125,#4160,#4183,#4206));
#4125 = ORIENTED_EDGE('',*,*,#4126,.F.);
#4126 = EDGE_CURVE('',#4127,#4129,#4131,.T.);
#4127 = VERTEX_POINT('',#4128);
#4128 = CARTESIAN_POINT('',(3.5,-13.15,11.2));
#4129 = VERTEX_POINT('',#4130);
#4130 = CARTESIAN_POINT('',(-3.5,-13.15,11.2));
#4131 = SURFACE_CURVE('',#4132,(#4136,#4148),.PCURVE_S1.);
#4132 = LINE('',#4133,#4134);
#4133 = CARTESIAN_POINT('',(-1.75,-13.15,11.2));
#4134 = VECTOR('',#4135,1.);
#4135 = DIRECTION('',(-1.,0.,0.));
#4136 = PCURVE('',#4137,#4142);
#4137 = PLANE('',#4138);
#4138 = AXIS2_PLACEMENT_3D('',#4139,#4140,#4141);
#4139 = CARTESIAN_POINT('',(0.,-12.35,11.2));
#4140 = DIRECTION('',(0.,0.,1.));
#4141 = DIRECTION('',(0.,-1.,0.));
#4142 = DEFINITIONAL_REPRESENTATION('',(#4143),#4147);
#4143 = LINE('',#4144,#4145);
#4144 = CARTESIAN_POINT('',(0.8,-1.75));
#4145 = VECTOR('',#4146,1.);
#4146 = DIRECTION('',(0.,-1.));
#4147 = ( GEOMETRIC_REPRESENTATION_CONTEXT(2) 
PARAMETRIC_REPRESENTATION_CONTEXT() REPRESENTATION_CONTEXT('2D SPACE',''
  ) );
#4148 = PCURVE('',#4149,#4154);
#4149 = PLANE('',#4150);
#4150 = AXIS2_PLACEMENT_3D('',#4151,#4152,#4153);
#4151 = CARTESIAN_POINT('',(-3.5,-13.15,34.5));
#4152 = DIRECTION('',(0.,1.,0.));
#4153 = DIRECTION('',(1.,0.,0.));
#4154 = DEFINITIONAL_REPRESENTATION('',(#4155),#4159);
#4155 = LINE('',#4156,#4157);
#4156 = CARTESIAN_POINT('',(1.75,23.3));
#4157 = VECTOR('',#4158,1.);
#4158 = DIRECTION('',(-1.,0.));
#4159 = ( GEOMETRIC_REPRESENTATION_CONTEXT(2) 
PARAMETRIC_REPRESENTATION_CONTEXT() REPRESENTATION_CONTEXT('2D SPACE',''
  ) );
#4160 = ORIENTED_EDGE('',*,*,#4161,.F.);
#4161 = EDGE_CURVE('',#4162,#4127,#4164,.T.);
#4162 = VERTEX_POINT('',#4163);
#4163 = CARTESIAN_POINT('',(3.5,-12.35,11.2));
#4164 = SURFACE_CURVE('',#4165,(#4169,#4176),.PCURVE_S1.);
#4165 = LINE('',#4166,#4167);
#4166 = CARTESIAN_POINT('',(3.5,-13.25,11.2));
#4167 = VECTOR('',#4168,1.);
#4168 = DIRECTION('',(0.,-1.,0.));
#4169 = PCURVE('',#4137,#4170);
#4170 = DEFINITIONAL_REPRESENTATION('',(#4171),#4175);
#4171 = LINE('',#4172,#4173);
#4172 = CARTESIAN_POINT('',(0.9,3.5));
#4173 = VECTOR('',#4174,1.);
#4174 = DIRECTION('',(1.,0.));
#4175 = ( GEOMETRIC_REPRESENTATION_CONTEXT(2) 
PARAMETRIC_REPRESENTATION_CONTEXT() REPRESENTATION_CONTEXT('2D SPACE',''
  ) );
#4176 = PCURVE('',#4111,#4177);
#4177 = DEFINITIONAL_REPRESENTATION('',(#4178),#4182);
#4178 = LINE('',#4179,#4180);
#4179 = CARTESIAN_POINT('',(1.E-01,23.3));
#4180 = VECTOR('',#4181,1.);
#4181 = DIRECTION('',(1.,0.));
#4182 = ( GEOMETRIC_REPRESENTATION_CONTEXT(2) 
PARAMETRIC_REPRESENTATION_CONTEXT() REPRESENTATION_CONTEXT('2D SPACE',''
  ) );
#4183 = ORIENTED_EDGE('',*,*,#4184,.F.);
#4184 = EDGE_CURVE('',#4185,#4162,#4187,.T.);
#4185 = VERTEX_POINT('',#4186);
#4186 = CARTESIAN_POINT('',(-3.5,-12.35,11.2));
#4187 = SURFACE_CURVE('',#4188,(#4192,#4199),.PCURVE_S1.);
#4188 = LINE('',#4189,#4190);
#4189 = CARTESIAN_POINT('',(0.,-12.35,11.2));
#4190 = VECTOR('',#4191,1.);
#4191 = DIRECTION('',(1.,0.,0.));
#4192 = PCURVE('',#4137,#4193);
#4193 = DEFINITIONAL_REPRESENTATION('',(#4194),#4198);
#4194 = LINE('',#4195,#4196);
#4195 = CARTESIAN_POINT('',(0.,0.));
#4196 = VECTOR('',#4197,1.);
#4197 = DIRECTION('',(0.,1.));
#4198 = ( GEOMETRIC_REPRESENTATION_CONTEXT(2) 
PARAMETRIC_REPRESENTATION_CONTEXT() REPRESENTATION_CONTEXT('2D SPACE',''
  ) );
#4199 = PCURVE('',#4085,#4200);
#4200 = DEFINITIONAL_REPRESENTATION('',(#4201),#4205);
#4201 = LINE('',#4202,#4203);
#4202 = CARTESIAN_POINT('',(0.8,0.));
#4203 = VECTOR('',#4204,1.);
#4204 = DIRECTION('',(0.,1.));
#4205 = ( GEOMETRIC_REPRESENTATION_CONTEXT(2) 
PARAMETRIC_REPRESENTATION_CONTEXT() REPRESENTATION_CONTEXT('2D SPACE',''
  ) );
#4206 = ORIENTED_EDGE('',*,*,#4207,.F.);
#4207 = EDGE_CURVE('',#4129,#4185,#4208,.T.);
#4208 = SURFACE_CURVE('',#4209,(#4213,#4220),.PCURVE_S1.);
#4209 = LINE('',#4210,#4211);
#4210 = CARTESIAN_POINT('',(-3.5,-13.25,11.2));
#4211 = VECTOR('',#4212,1.);
#4212 = DIRECTION('',(0.,1.,0.));
#4213 = PCURVE('',#4137,#4214);
#4214 = DEFINITIONAL_REPRESENTATION('',(#4215),#4219);
#4215 = LINE('',#4216,#4217);
#4216 = CARTESIAN_POINT('',(0.9,-3.5));
#4217 = VECTOR('',#4218,1.);
#4218 = DIRECTION('',(-1.,0.));
#4219 = ( GEOMETRIC_REPRESENTATION_CONTEXT(2) 
PARAMETRIC_REPRESENTATION_CONTEXT() REPRESENTATION_CONTEXT('2D SPACE',''
  ) );
#4220 = PCURVE('',#4057,#4221);
#4221 = DEFINITIONAL_REPRESENTATION('',(#4222),#4226);
#4222 = LINE('',#4223,#4224);
#4223 = CARTESIAN_POINT('',(1.3,23.3));
#4224 = VECTOR('',#4225,1.);
#4225 = DIRECTION('',(1.,0.));
#4226 = ( GEOMETRIC_REPRESENTATION_CONTEXT(2) 
PARAMETRIC_REPRESENTATION_CONTEXT() REPRESENTATION_CONTEXT('2D SPACE',''
  ) );
#4227 = ADVANCED_FACE('',(#4228),#4085,.T.);
#4228 = FACE_BOUND('',#4229,.T.);
#4229 = EDGE_LOOP('',(#4230,#4231,#4252,#4253));
#4230 = ORIENTED_EDGE('',*,*,#4184,.T.);
#4231 = ORIENTED_EDGE('',*,*,#4232,.F.);
#4232 = EDGE_CURVE('',#4070,#4162,#4233,.T.);
#4233 = SURFACE_CURVE('',#4234,(#4238,#4245),.PCURVE_S1.);
#4234 = LINE('',#4235,#4236);
#4235 = CARTESIAN_POINT('',(3.5,-12.35,11.2));
#4236 = VECTOR('',#4237,1.);
#4237 = DIRECTION('',(0.,0.,1.));
#4238 = PCURVE('',#4085,#4239);
#4239 = DEFINITIONAL_REPRESENTATION('',(#4240),#4244);
#4240 = LINE('',#4241,#4242);
#4241 = CARTESIAN_POINT('',(0.8,3.5));
#4242 = VECTOR('',#4243,1.);
#4243 = DIRECTION('',(1.,0.));
#4244 = ( GEOMETRIC_REPRESENTATION_CONTEXT(2) 
PARAMETRIC_REPRESENTATION_CONTEXT() REPRESENTATION_CONTEXT('2D SPACE',''
  ) );
#4245 = PCURVE('',#4111,#4246);
#4246 = DEFINITIONAL_REPRESENTATION('',(#4247),#4251);
#4247 = LINE('',#4248,#4249);
#4248 = CARTESIAN_POINT('',(-0.8,23.3));
#4249 = VECTOR('',#4250,1.);
#4250 = DIRECTION('',(0.,-1.));
#4251 = ( GEOMETRIC_REPRESENTATION_CONTEXT(2) 
PARAMETRIC_REPRESENTATION_CONTEXT() REPRESENTATION_CONTEXT('2D SPACE',''
  ) );
#4252 = ORIENTED_EDGE('',*,*,#4069,.F.);
#4253 = ORIENTED_EDGE('',*,*,#4254,.F.);
#4254 = EDGE_CURVE('',#4185,#4042,#4255,.T.);
#4255 = SURFACE_CURVE('',#4256,(#4260,#4267),.PCURVE_S1.);
#4256 = LINE('',#4257,#4258);
#4257 = CARTESIAN_POINT('',(-3.5,-12.35,11.2));
#4258 = VECTOR('',#4259,1.);
#4259 = DIRECTION('',(0.,0.,-1.));
#4260 = PCURVE('',#4085,#4261);
#4261 = DEFINITIONAL_REPRESENTATION('',(#4262),#4266);
#4262 = LINE('',#4263,#4264);
#4263 = CARTESIAN_POINT('',(0.8,-3.5));
#4264 = VECTOR('',#4265,1.);
#4265 = DIRECTION('',(-1.,0.));
#4266 = ( GEOMETRIC_REPRESENTATION_CONTEXT(2) 
PARAMETRIC_REPRESENTATION_CONTEXT() REPRESENTATION_CONTEXT('2D SPACE',''
  ) );
#4267 = PCURVE('',#4057,#4268);
#4268 = DEFINITIONAL_REPRESENTATION('',(#4269),#4273);
#4269 = LINE('',#4270,#4271);
#4270 = CARTESIAN_POINT('',(2.2,23.3));
#4271 = VECTOR('',#4272,1.);
#4272 = DIRECTION('',(0.,1.));
#4273 = ( GEOMETRIC_REPRESENTATION_CONTEXT(2) 
PARAMETRIC_REPRESENTATION_CONTEXT() REPRESENTATION_CONTEXT('2D SPACE',''
  ) );
#4274 = ADVANCED_FACE('',(#4275),#4111,.T.);
#4275 = FACE_BOUND('',#4276,.T.);
#4276 = EDGE_LOOP('',(#4277,#4300,#4323,#4351,#4379,#4400,#4401,#4402));
#4277 = ORIENTED_EDGE('',*,*,#4278,.F.);
#4278 = EDGE_CURVE('',#4279,#4127,#4281,.T.);
#4279 = VERTEX_POINT('',#4280);
#4280 = CARTESIAN_POINT('',(3.5,-13.15,34.));
#4281 = SURFACE_CURVE('',#4282,(#4286,#4293),.PCURVE_S1.);
#4282 = LINE('',#4283,#4284);
#4283 = CARTESIAN_POINT('',(3.5,-13.15,34.5));
#4284 = VECTOR('',#4285,1.);
#4285 = DIRECTION('',(0.,0.,-1.));
#4286 = PCURVE('',#4111,#4287);
#4287 = DEFINITIONAL_REPRESENTATION('',(#4288),#4292);
#4288 = LINE('',#4289,#4290);
#4289 = CARTESIAN_POINT('',(0.,0.));
#4290 = VECTOR('',#4291,1.);
#4291 = DIRECTION('',(0.,1.));
#4292 = ( GEOMETRIC_REPRESENTATION_CONTEXT(2) 
PARAMETRIC_REPRESENTATION_CONTEXT() REPRESENTATION_CONTEXT('2D SPACE',''
  ) );
#4293 = PCURVE('',#4149,#4294);
#4294 = DEFINITIONAL_REPRESENTATION('',(#4295),#4299);
#4295 = LINE('',#4296,#4297);
#4296 = CARTESIAN_POINT('',(7.,0.));
#4297 = VECTOR('',#4298,1.);
#4298 = DIRECTION('',(0.,1.));
#4299 = ( GEOMETRIC_REPRESENTATION_CONTEXT(2) 
PARAMETRIC_REPRESENTATION_CONTEXT() REPRESENTATION_CONTEXT('2D SPACE',''
  ) );
#4300 = ORIENTED_EDGE('',*,*,#4301,.F.);
#4301 = EDGE_CURVE('',#4302,#4279,#4304,.T.);
#4302 = VERTEX_POINT('',#4303);
#4303 = CARTESIAN_POINT('',(3.5,-14.55,34.));
#4304 = SURFACE_CURVE('',#4305,(#4309,#4316),.PCURVE_S1.);
#4305 = LINE('',#4306,#4307);
#4306 = CARTESIAN_POINT('',(3.5,-6.575,34.));
#4307 = VECTOR('',#4308,1.);
#4308 = DIRECTION('',(0.,1.,0.));
#4309 = PCURVE('',#4111,#4310);
#4310 = DEFINITIONAL_REPRESENTATION('',(#4311),#4315);
#4311 = LINE('',#4312,#4313);
#4312 = CARTESIAN_POINT('',(-6.575,0.5));
#4313 = VECTOR('',#4314,1.);
#4314 = DIRECTION('',(-1.,0.));
#4315 = ( GEOMETRIC_REPRESENTATION_CONTEXT(2) 
PARAMETRIC_REPRESENTATION_CONTEXT() REPRESENTATION_CONTEXT('2D SPACE',''
  ) );
#4316 = PCURVE('',#3330,#4317);
#4317 = DEFINITIONAL_REPRESENTATION('',(#4318),#4322);
#4318 = LINE('',#4319,#4320);
#4319 = CARTESIAN_POINT('',(3.5,-6.575));
#4320 = VECTOR('',#4321,1.);
#4321 = DIRECTION('',(0.,1.));
#4322 = ( GEOMETRIC_REPRESENTATION_CONTEXT(2) 
PARAMETRIC_REPRESENTATION_CONTEXT() REPRESENTATION_CONTEXT('2D SPACE',''
  ) );
#4323 = ORIENTED_EDGE('',*,*,#4324,.T.);
#4324 = EDGE_CURVE('',#4302,#4325,#4327,.T.);
#4325 = VERTEX_POINT('',#4326);
#4326 = CARTESIAN_POINT('',(3.5,-14.55,9.3));
#4327 = SURFACE_CURVE('',#4328,(#4332,#4339),.PCURVE_S1.);
#4328 = LINE('',#4329,#4330);
#4329 = CARTESIAN_POINT('',(3.5,-14.55,34.5));
#4330 = VECTOR('',#4331,1.);
#4331 = DIRECTION('',(0.,0.,-1.));
#4332 = PCURVE('',#4111,#4333);
#4333 = DEFINITIONAL_REPRESENTATION('',(#4334),#4338);
#4334 = LINE('',#4335,#4336);
#4335 = CARTESIAN_POINT('',(1.4,0.));
#4336 = VECTOR('',#4337,1.);
#4337 = DIRECTION('',(0.,1.));
#4338 = ( GEOMETRIC_REPRESENTATION_CONTEXT(2) 
PARAMETRIC_REPRESENTATION_CONTEXT() REPRESENTATION_CONTEXT('2D SPACE',''
  ) );
#4339 = PCURVE('',#4340,#4345);
#4340 = PLANE('',#4341);
#4341 = AXIS2_PLACEMENT_3D('',#4342,#4343,#4344);
#4342 = CARTESIAN_POINT('',(3.5,-14.55,34.5));
#4343 = DIRECTION('',(0.,-1.,0.));
#4344 = DIRECTION('',(-1.,0.,0.));
#4345 = DEFINITIONAL_REPRESENTATION('',(#4346),#4350);
#4346 = LINE('',#4347,#4348);
#4347 = CARTESIAN_POINT('',(0.,-0.));
#4348 = VECTOR('',#4349,1.);
#4349 = DIRECTION('',(0.,1.));
#4350 = ( GEOMETRIC_REPRESENTATION_CONTEXT(2) 
PARAMETRIC_REPRESENTATION_CONTEXT() REPRESENTATION_CONTEXT('2D SPACE',''
  ) );
#4351 = ORIENTED_EDGE('',*,*,#4352,.F.);
#4352 = EDGE_CURVE('',#4353,#4325,#4355,.T.);
#4353 = VERTEX_POINT('',#4354);
#4354 = CARTESIAN_POINT('',(3.5,-13.15,9.3));
#4355 = SURFACE_CURVE('',#4356,(#4360,#4367),.PCURVE_S1.);
#4356 = LINE('',#4357,#4358);
#4357 = CARTESIAN_POINT('',(3.5,-14.55,9.3));
#4358 = VECTOR('',#4359,1.);
#4359 = DIRECTION('',(0.,-1.,0.));
#4360 = PCURVE('',#4111,#4361);
#4361 = DEFINITIONAL_REPRESENTATION('',(#4362),#4366);
#4362 = LINE('',#4363,#4364);
#4363 = CARTESIAN_POINT('',(1.4,25.2));
#4364 = VECTOR('',#4365,1.);
#4365 = DIRECTION('',(1.,0.));
#4366 = ( GEOMETRIC_REPRESENTATION_CONTEXT(2) 
PARAMETRIC_REPRESENTATION_CONTEXT() REPRESENTATION_CONTEXT('2D SPACE',''
  ) );
#4367 = PCURVE('',#4368,#4373);
#4368 = PLANE('',#4369);
#4369 = AXIS2_PLACEMENT_3D('',#4370,#4371,#4372);
#4370 = CARTESIAN_POINT('',(0.,-13.85,9.3));
#4371 = DIRECTION('',(0.,0.,-1.));
#4372 = DIRECTION('',(-1.,0.,0.));
#4373 = DEFINITIONAL_REPRESENTATION('',(#4374),#4378);
#4374 = LINE('',#4375,#4376);
#4375 = CARTESIAN_POINT('',(-3.5,-0.7));
#4376 = VECTOR('',#4377,1.);
#4377 = DIRECTION('',(0.,-1.));
#4378 = ( GEOMETRIC_REPRESENTATION_CONTEXT(2) 
PARAMETRIC_REPRESENTATION_CONTEXT() REPRESENTATION_CONTEXT('2D SPACE',''
  ) );
#4379 = ORIENTED_EDGE('',*,*,#4380,.F.);
#4380 = EDGE_CURVE('',#4009,#4353,#4381,.T.);
#4381 = SURFACE_CURVE('',#4382,(#4386,#4393),.PCURVE_S1.);
#4382 = LINE('',#4383,#4384);
#4383 = CARTESIAN_POINT('',(3.5,-13.15,34.5));
#4384 = VECTOR('',#4385,1.);
#4385 = DIRECTION('',(0.,0.,-1.));
#4386 = PCURVE('',#4111,#4387);
#4387 = DEFINITIONAL_REPRESENTATION('',(#4388),#4392);
#4388 = LINE('',#4389,#4390);
#4389 = CARTESIAN_POINT('',(0.,0.));
#4390 = VECTOR('',#4391,1.);
#4391 = DIRECTION('',(0.,1.));
#4392 = ( GEOMETRIC_REPRESENTATION_CONTEXT(2) 
PARAMETRIC_REPRESENTATION_CONTEXT() REPRESENTATION_CONTEXT('2D SPACE',''
  ) );
#4393 = PCURVE('',#4029,#4394);
#4394 = DEFINITIONAL_REPRESENTATION('',(#4395),#4399);
#4395 = LINE('',#4396,#4397);
#4396 = CARTESIAN_POINT('',(7.,0.));
#4397 = VECTOR('',#4398,1.);
#4398 = DIRECTION('',(0.,1.));
#4399 = ( GEOMETRIC_REPRESENTATION_CONTEXT(2) 
PARAMETRIC_REPRESENTATION_CONTEXT() REPRESENTATION_CONTEXT('2D SPACE',''
  ) );
#4400 = ORIENTED_EDGE('',*,*,#4097,.T.);
#4401 = ORIENTED_EDGE('',*,*,#4232,.T.);
#4402 = ORIENTED_EDGE('',*,*,#4161,.T.);
#4403 = ADVANCED_FACE('',(#4404),#4149,.T.);
#4404 = FACE_BOUND('',#4405,.T.);
#4405 = EDGE_LOOP('',(#4406,#4407,#4430,#4451));
#4406 = ORIENTED_EDGE('',*,*,#4126,.T.);
#4407 = ORIENTED_EDGE('',*,*,#4408,.F.);
#4408 = EDGE_CURVE('',#4409,#4129,#4411,.T.);
#4409 = VERTEX_POINT('',#4410);
#4410 = CARTESIAN_POINT('',(-3.5,-13.15,34.));
#4411 = SURFACE_CURVE('',#4412,(#4416,#4423),.PCURVE_S1.);
#4412 = LINE('',#4413,#4414);
#4413 = CARTESIAN_POINT('',(-3.5,-13.15,34.5));
#4414 = VECTOR('',#4415,1.);
#4415 = DIRECTION('',(0.,0.,-1.));
#4416 = PCURVE('',#4149,#4417);
#4417 = DEFINITIONAL_REPRESENTATION('',(#4418),#4422);
#4418 = LINE('',#4419,#4420);
#4419 = CARTESIAN_POINT('',(0.,0.));
#4420 = VECTOR('',#4421,1.);
#4421 = DIRECTION('',(0.,1.));
#4422 = ( GEOMETRIC_REPRESENTATION_CONTEXT(2) 
PARAMETRIC_REPRESENTATION_CONTEXT() REPRESENTATION_CONTEXT('2D SPACE',''
  ) );
#4423 = PCURVE('',#4057,#4424);
#4424 = DEFINITIONAL_REPRESENTATION('',(#4425),#4429);
#4425 = LINE('',#4426,#4427);
#4426 = CARTESIAN_POINT('',(1.4,0.));
#4427 = VECTOR('',#4428,1.);
#4428 = DIRECTION('',(0.,1.));
#4429 = ( GEOMETRIC_REPRESENTATION_CONTEXT(2) 
PARAMETRIC_REPRESENTATION_CONTEXT() REPRESENTATION_CONTEXT('2D SPACE',''
  ) );
#4430 = ORIENTED_EDGE('',*,*,#4431,.F.);
#4431 = EDGE_CURVE('',#4279,#4409,#4432,.T.);
#4432 = SURFACE_CURVE('',#4433,(#4437,#4444),.PCURVE_S1.);
#4433 = LINE('',#4434,#4435);
#4434 = CARTESIAN_POINT('',(-1.75,-13.15,34.));
#4435 = VECTOR('',#4436,1.);
#4436 = DIRECTION('',(-1.,0.,0.));
#4437 = PCURVE('',#4149,#4438);
#4438 = DEFINITIONAL_REPRESENTATION('',(#4439),#4443);
#4439 = LINE('',#4440,#4441);
#4440 = CARTESIAN_POINT('',(1.75,0.5));
#4441 = VECTOR('',#4442,1.);
#4442 = DIRECTION('',(-1.,0.));
#4443 = ( GEOMETRIC_REPRESENTATION_CONTEXT(2) 
PARAMETRIC_REPRESENTATION_CONTEXT() REPRESENTATION_CONTEXT('2D SPACE',''
  ) );
#4444 = PCURVE('',#3330,#4445);
#4445 = DEFINITIONAL_REPRESENTATION('',(#4446),#4450);
#4446 = LINE('',#4447,#4448);
#4447 = CARTESIAN_POINT('',(-1.75,-13.15));
#4448 = VECTOR('',#4449,1.);
#4449 = DIRECTION('',(-1.,0.));
#4450 = ( GEOMETRIC_REPRESENTATION_CONTEXT(2) 
PARAMETRIC_REPRESENTATION_CONTEXT() REPRESENTATION_CONTEXT('2D SPACE',''
  ) );
#4451 = ORIENTED_EDGE('',*,*,#4278,.T.);
#4452 = ADVANCED_FACE('',(#4453),#4340,.T.);
#4453 = FACE_BOUND('',#4454,.T.);
#4454 = EDGE_LOOP('',(#4455,#4478,#4501,#4522));
#4455 = ORIENTED_EDGE('',*,*,#4456,.F.);
#4456 = EDGE_CURVE('',#4457,#4302,#4459,.T.);
#4457 = VERTEX_POINT('',#4458);
#4458 = CARTESIAN_POINT('',(-3.5,-14.55,34.));
#4459 = SURFACE_CURVE('',#4460,(#4464,#4471),.PCURVE_S1.);
#4460 = LINE('',#4461,#4462);
#4461 = CARTESIAN_POINT('',(1.75,-14.55,34.));
#4462 = VECTOR('',#4463,1.);
#4463 = DIRECTION('',(1.,0.,0.));
#4464 = PCURVE('',#4340,#4465);
#4465 = DEFINITIONAL_REPRESENTATION('',(#4466),#4470);
#4466 = LINE('',#4467,#4468);
#4467 = CARTESIAN_POINT('',(1.75,0.5));
#4468 = VECTOR('',#4469,1.);
#4469 = DIRECTION('',(-1.,-0.));
#4470 = ( GEOMETRIC_REPRESENTATION_CONTEXT(2) 
PARAMETRIC_REPRESENTATION_CONTEXT() REPRESENTATION_CONTEXT('2D SPACE',''
  ) );
#4471 = PCURVE('',#3330,#4472);
#4472 = DEFINITIONAL_REPRESENTATION('',(#4473),#4477);
#4473 = LINE('',#4474,#4475);
#4474 = CARTESIAN_POINT('',(1.75,-14.55));
#4475 = VECTOR('',#4476,1.);
#4476 = DIRECTION('',(1.,0.));
#4477 = ( GEOMETRIC_REPRESENTATION_CONTEXT(2) 
PARAMETRIC_REPRESENTATION_CONTEXT() REPRESENTATION_CONTEXT('2D SPACE',''
  ) );
#4478 = ORIENTED_EDGE('',*,*,#4479,.T.);
#4479 = EDGE_CURVE('',#4457,#4480,#4482,.T.);
#4480 = VERTEX_POINT('',#4481);
#4481 = CARTESIAN_POINT('',(-3.5,-14.55,9.3));
#4482 = SURFACE_CURVE('',#4483,(#4487,#4494),.PCURVE_S1.);
#4483 = LINE('',#4484,#4485);
#4484 = CARTESIAN_POINT('',(-3.5,-14.55,34.5));
#4485 = VECTOR('',#4486,1.);
#4486 = DIRECTION('',(0.,0.,-1.));
#4487 = PCURVE('',#4340,#4488);
#4488 = DEFINITIONAL_REPRESENTATION('',(#4489),#4493);
#4489 = LINE('',#4490,#4491);
#4490 = CARTESIAN_POINT('',(7.,0.));
#4491 = VECTOR('',#4492,1.);
#4492 = DIRECTION('',(0.,1.));
#4493 = ( GEOMETRIC_REPRESENTATION_CONTEXT(2) 
PARAMETRIC_REPRESENTATION_CONTEXT() REPRESENTATION_CONTEXT('2D SPACE',''
  ) );
#4494 = PCURVE('',#4057,#4495);
#4495 = DEFINITIONAL_REPRESENTATION('',(#4496),#4500);
#4496 = LINE('',#4497,#4498);
#4497 = CARTESIAN_POINT('',(0.,0.));
#4498 = VECTOR('',#4499,1.);
#4499 = DIRECTION('',(0.,1.));
#4500 = ( GEOMETRIC_REPRESENTATION_CONTEXT(2) 
PARAMETRIC_REPRESENTATION_CONTEXT() REPRESENTATION_CONTEXT('2D SPACE',''
  ) );
#4501 = ORIENTED_EDGE('',*,*,#4502,.F.);
#4502 = EDGE_CURVE('',#4325,#4480,#4503,.T.);
#4503 = SURFACE_CURVE('',#4504,(#4508,#4515),.PCURVE_S1.);
#4504 = LINE('',#4505,#4506);
#4505 = CARTESIAN_POINT('',(-3.5,-14.55,9.3));
#4506 = VECTOR('',#4507,1.);
#4507 = DIRECTION('',(-1.,0.,0.));
#4508 = PCURVE('',#4340,#4509);
#4509 = DEFINITIONAL_REPRESENTATION('',(#4510),#4514);
#4510 = LINE('',#4511,#4512);
#4511 = CARTESIAN_POINT('',(7.,25.2));
#4512 = VECTOR('',#4513,1.);
#4513 = DIRECTION('',(1.,0.));
#4514 = ( GEOMETRIC_REPRESENTATION_CONTEXT(2) 
PARAMETRIC_REPRESENTATION_CONTEXT() REPRESENTATION_CONTEXT('2D SPACE',''
  ) );
#4515 = PCURVE('',#4368,#4516);
#4516 = DEFINITIONAL_REPRESENTATION('',(#4517),#4521);
#4517 = LINE('',#4518,#4519);
#4518 = CARTESIAN_POINT('',(3.5,-0.7));
#4519 = VECTOR('',#4520,1.);
#4520 = DIRECTION('',(1.,0.));
#4521 = ( GEOMETRIC_REPRESENTATION_CONTEXT(2) 
PARAMETRIC_REPRESENTATION_CONTEXT() REPRESENTATION_CONTEXT('2D SPACE',''
  ) );
#4522 = ORIENTED_EDGE('',*,*,#4324,.F.);
#4523 = ADVANCED_FACE('',(#4524),#4029,.T.);
#4524 = FACE_BOUND('',#4525,.T.);
#4525 = EDGE_LOOP('',(#4526,#4527,#4528,#4551));
#4526 = ORIENTED_EDGE('',*,*,#4006,.T.);
#4527 = ORIENTED_EDGE('',*,*,#4380,.T.);
#4528 = ORIENTED_EDGE('',*,*,#4529,.F.);
#4529 = EDGE_CURVE('',#4530,#4353,#4532,.T.);
#4530 = VERTEX_POINT('',#4531);
#4531 = CARTESIAN_POINT('',(-3.5,-13.15,9.3));
#4532 = SURFACE_CURVE('',#4533,(#4537,#4544),.PCURVE_S1.);
#4533 = LINE('',#4534,#4535);
#4534 = CARTESIAN_POINT('',(3.5,-13.15,9.3));
#4535 = VECTOR('',#4536,1.);
#4536 = DIRECTION('',(1.,0.,0.));
#4537 = PCURVE('',#4029,#4538);
#4538 = DEFINITIONAL_REPRESENTATION('',(#4539),#4543);
#4539 = LINE('',#4540,#4541);
#4540 = CARTESIAN_POINT('',(7.,25.2));
#4541 = VECTOR('',#4542,1.);
#4542 = DIRECTION('',(1.,0.));
#4543 = ( GEOMETRIC_REPRESENTATION_CONTEXT(2) 
PARAMETRIC_REPRESENTATION_CONTEXT() REPRESENTATION_CONTEXT('2D SPACE',''
  ) );
#4544 = PCURVE('',#4368,#4545);
#4545 = DEFINITIONAL_REPRESENTATION('',(#4546),#4550);
#4546 = LINE('',#4547,#4548);
#4547 = CARTESIAN_POINT('',(-3.5,0.7));
#4548 = VECTOR('',#4549,1.);
#4549 = DIRECTION('',(-1.,0.));
#4550 = ( GEOMETRIC_REPRESENTATION_CONTEXT(2) 
PARAMETRIC_REPRESENTATION_CONTEXT() REPRESENTATION_CONTEXT('2D SPACE',''
  ) );
#4551 = ORIENTED_EDGE('',*,*,#4552,.F.);
#4552 = EDGE_CURVE('',#4007,#4530,#4553,.T.);
#4553 = SURFACE_CURVE('',#4554,(#4558,#4565),.PCURVE_S1.);
#4554 = LINE('',#4555,#4556);
#4555 = CARTESIAN_POINT('',(-3.5,-13.15,34.5));
#4556 = VECTOR('',#4557,1.);
#4557 = DIRECTION('',(0.,0.,-1.));
#4558 = PCURVE('',#4029,#4559);
#4559 = DEFINITIONAL_REPRESENTATION('',(#4560),#4564);
#4560 = LINE('',#4561,#4562);
#4561 = CARTESIAN_POINT('',(0.,0.));
#4562 = VECTOR('',#4563,1.);
#4563 = DIRECTION('',(0.,1.));
#4564 = ( GEOMETRIC_REPRESENTATION_CONTEXT(2) 
PARAMETRIC_REPRESENTATION_CONTEXT() REPRESENTATION_CONTEXT('2D SPACE',''
  ) );
#4565 = PCURVE('',#4057,#4566);
#4566 = DEFINITIONAL_REPRESENTATION('',(#4567),#4571);
#4567 = LINE('',#4568,#4569);
#4568 = CARTESIAN_POINT('',(1.4,0.));
#4569 = VECTOR('',#4570,1.);
#4570 = DIRECTION('',(0.,1.));
#4571 = ( GEOMETRIC_REPRESENTATION_CONTEXT(2) 
PARAMETRIC_REPRESENTATION_CONTEXT() REPRESENTATION_CONTEXT('2D SPACE',''
  ) );
#4572 = ADVANCED_FACE('',(#4573),#4057,.T.);
#4573 = FACE_BOUND('',#4574,.T.);
#4574 = EDGE_LOOP('',(#4575,#4576,#4597,#4598,#4619,#4620,#4621,#4622));
#4575 = ORIENTED_EDGE('',*,*,#4552,.T.);
#4576 = ORIENTED_EDGE('',*,*,#4577,.F.);
#4577 = EDGE_CURVE('',#4480,#4530,#4578,.T.);
#4578 = SURFACE_CURVE('',#4579,(#4583,#4590),.PCURVE_S1.);
#4579 = LINE('',#4580,#4581);
#4580 = CARTESIAN_POINT('',(-3.5,-13.15,9.3));
#4581 = VECTOR('',#4582,1.);
#4582 = DIRECTION('',(0.,1.,0.));
#4583 = PCURVE('',#4057,#4584);
#4584 = DEFINITIONAL_REPRESENTATION('',(#4585),#4589);
#4585 = LINE('',#4586,#4587);
#4586 = CARTESIAN_POINT('',(1.4,25.2));
#4587 = VECTOR('',#4588,1.);
#4588 = DIRECTION('',(1.,0.));
#4589 = ( GEOMETRIC_REPRESENTATION_CONTEXT(2) 
PARAMETRIC_REPRESENTATION_CONTEXT() REPRESENTATION_CONTEXT('2D SPACE',''
  ) );
#4590 = PCURVE('',#4368,#4591);
#4591 = DEFINITIONAL_REPRESENTATION('',(#4592),#4596);
#4592 = LINE('',#4593,#4594);
#4593 = CARTESIAN_POINT('',(3.5,0.7));
#4594 = VECTOR('',#4595,1.);
#4595 = DIRECTION('',(0.,1.));
#4596 = ( GEOMETRIC_REPRESENTATION_CONTEXT(2) 
PARAMETRIC_REPRESENTATION_CONTEXT() REPRESENTATION_CONTEXT('2D SPACE',''
  ) );
#4597 = ORIENTED_EDGE('',*,*,#4479,.F.);
#4598 = ORIENTED_EDGE('',*,*,#4599,.F.);
#4599 = EDGE_CURVE('',#4409,#4457,#4600,.T.);
#4600 = SURFACE_CURVE('',#4601,(#4605,#4612),.PCURVE_S1.);
#4601 = LINE('',#4602,#4603);
#4602 = CARTESIAN_POINT('',(-3.5,-7.275,34.));
#4603 = VECTOR('',#4604,1.);
#4604 = DIRECTION('',(0.,-1.,0.));
#4605 = PCURVE('',#4057,#4606);
#4606 = DEFINITIONAL_REPRESENTATION('',(#4607),#4611);
#4607 = LINE('',#4608,#4609);
#4608 = CARTESIAN_POINT('',(7.275,0.5));
#4609 = VECTOR('',#4610,1.);
#4610 = DIRECTION('',(-1.,0.));
#4611 = ( GEOMETRIC_REPRESENTATION_CONTEXT(2) 
PARAMETRIC_REPRESENTATION_CONTEXT() REPRESENTATION_CONTEXT('2D SPACE',''
  ) );
#4612 = PCURVE('',#3330,#4613);
#4613 = DEFINITIONAL_REPRESENTATION('',(#4614),#4618);
#4614 = LINE('',#4615,#4616);
#4615 = CARTESIAN_POINT('',(-3.5,-7.275));
#4616 = VECTOR('',#4617,1.);
#4617 = DIRECTION('',(0.,-1.));
#4618 = ( GEOMETRIC_REPRESENTATION_CONTEXT(2) 
PARAMETRIC_REPRESENTATION_CONTEXT() REPRESENTATION_CONTEXT('2D SPACE',''
  ) );
#4619 = ORIENTED_EDGE('',*,*,#4408,.T.);
#4620 = ORIENTED_EDGE('',*,*,#4207,.T.);
#4621 = ORIENTED_EDGE('',*,*,#4254,.T.);
#4622 = ORIENTED_EDGE('',*,*,#4041,.T.);
#4623 = ADVANCED_FACE('',(#4624),#4368,.T.);
#4624 = FACE_BOUND('',#4625,.T.);
#4625 = EDGE_LOOP('',(#4626,#4627,#4628,#4629));
#4626 = ORIENTED_EDGE('',*,*,#4577,.T.);
#4627 = ORIENTED_EDGE('',*,*,#4529,.T.);
#4628 = ORIENTED_EDGE('',*,*,#4352,.T.);
#4629 = ORIENTED_EDGE('',*,*,#4502,.T.);
#4630 = ADVANCED_FACE('',(#4631),#4645,.T.);
#4631 = FACE_BOUND('',#4632,.T.);
#4632 = EDGE_LOOP('',(#4633,#4663,#4691,#4719));
#4633 = ORIENTED_EDGE('',*,*,#4634,.F.);
#4634 = EDGE_CURVE('',#4635,#4637,#4639,.T.);
#4635 = VERTEX_POINT('',#4636);
#4636 = CARTESIAN_POINT('',(8.7,-11.65,34.));
#4637 = VERTEX_POINT('',#4638);
#4638 = CARTESIAN_POINT('',(9.15,-11.65,34.));
#4639 = SURFACE_CURVE('',#4640,(#4644,#4656),.PCURVE_S1.);
#4640 = LINE('',#4641,#4642);
#4641 = CARTESIAN_POINT('',(4.575,-11.65,34.));
#4642 = VECTOR('',#4643,1.);
#4643 = DIRECTION('',(1.,0.,0.));
#4644 = PCURVE('',#4645,#4650);
#4645 = PLANE('',#4646);
#4646 = AXIS2_PLACEMENT_3D('',#4647,#4648,#4649);
#4647 = CARTESIAN_POINT('',(9.15,-11.65,34.5));
#4648 = DIRECTION('',(0.,-1.,0.));
#4649 = DIRECTION('',(-1.,0.,0.));
#4650 = DEFINITIONAL_REPRESENTATION('',(#4651),#4655);
#4651 = LINE('',#4652,#4653);
#4652 = CARTESIAN_POINT('',(4.575,0.5));
#4653 = VECTOR('',#4654,1.);
#4654 = DIRECTION('',(-1.,-0.));
#4655 = ( GEOMETRIC_REPRESENTATION_CONTEXT(2) 
PARAMETRIC_REPRESENTATION_CONTEXT() REPRESENTATION_CONTEXT('2D SPACE',''
  ) );
#4656 = PCURVE('',#3330,#4657);
#4657 = DEFINITIONAL_REPRESENTATION('',(#4658),#4662);
#4658 = LINE('',#4659,#4660);
#4659 = CARTESIAN_POINT('',(4.575,-11.65));
#4660 = VECTOR('',#4661,1.);
#4661 = DIRECTION('',(1.,0.));
#4662 = ( GEOMETRIC_REPRESENTATION_CONTEXT(2) 
PARAMETRIC_REPRESENTATION_CONTEXT() REPRESENTATION_CONTEXT('2D SPACE',''
  ) );
#4663 = ORIENTED_EDGE('',*,*,#4664,.T.);
#4664 = EDGE_CURVE('',#4635,#4665,#4667,.T.);
#4665 = VERTEX_POINT('',#4666);
#4666 = CARTESIAN_POINT('',(8.7,-11.65,11.2));
#4667 = SURFACE_CURVE('',#4668,(#4672,#4679),.PCURVE_S1.);
#4668 = LINE('',#4669,#4670);
#4669 = CARTESIAN_POINT('',(8.7,-11.65,34.5));
#4670 = VECTOR('',#4671,1.);
#4671 = DIRECTION('',(0.,0.,-1.));
#4672 = PCURVE('',#4645,#4673);
#4673 = DEFINITIONAL_REPRESENTATION('',(#4674),#4678);
#4674 = LINE('',#4675,#4676);
#4675 = CARTESIAN_POINT('',(0.45,0.));
#4676 = VECTOR('',#4677,1.);
#4677 = DIRECTION('',(0.,1.));
#4678 = ( GEOMETRIC_REPRESENTATION_CONTEXT(2) 
PARAMETRIC_REPRESENTATION_CONTEXT() REPRESENTATION_CONTEXT('2D SPACE',''
  ) );
#4679 = PCURVE('',#4680,#4685);
#4680 = PLANE('',#4681);
#4681 = AXIS2_PLACEMENT_3D('',#4682,#4683,#4684);
#4682 = CARTESIAN_POINT('',(8.7,-11.65,34.5));
#4683 = DIRECTION('',(-1.,0.,0.));
#4684 = DIRECTION('',(0.,1.,0.));
#4685 = DEFINITIONAL_REPRESENTATION('',(#4686),#4690);
#4686 = LINE('',#4687,#4688);
#4687 = CARTESIAN_POINT('',(0.,0.));
#4688 = VECTOR('',#4689,1.);
#4689 = DIRECTION('',(0.,1.));
#4690 = ( GEOMETRIC_REPRESENTATION_CONTEXT(2) 
PARAMETRIC_REPRESENTATION_CONTEXT() REPRESENTATION_CONTEXT('2D SPACE',''
  ) );
#4691 = ORIENTED_EDGE('',*,*,#4692,.F.);
#4692 = EDGE_CURVE('',#4693,#4665,#4695,.T.);
#4693 = VERTEX_POINT('',#4694);
#4694 = CARTESIAN_POINT('',(9.15,-11.65,11.2));
#4695 = SURFACE_CURVE('',#4696,(#4700,#4707),.PCURVE_S1.);
#4696 = LINE('',#4697,#4698);
#4697 = CARTESIAN_POINT('',(8.7,-11.65,11.2));
#4698 = VECTOR('',#4699,1.);
#4699 = DIRECTION('',(-1.,0.,0.));
#4700 = PCURVE('',#4645,#4701);
#4701 = DEFINITIONAL_REPRESENTATION('',(#4702),#4706);
#4702 = LINE('',#4703,#4704);
#4703 = CARTESIAN_POINT('',(0.45,23.3));
#4704 = VECTOR('',#4705,1.);
#4705 = DIRECTION('',(1.,0.));
#4706 = ( GEOMETRIC_REPRESENTATION_CONTEXT(2) 
PARAMETRIC_REPRESENTATION_CONTEXT() REPRESENTATION_CONTEXT('2D SPACE',''
  ) );
#4707 = PCURVE('',#4708,#4713);
#4708 = PLANE('',#4709);
#4709 = AXIS2_PLACEMENT_3D('',#4710,#4711,#4712);
#4710 = CARTESIAN_POINT('',(7.775,-13.425,11.2));
#4711 = DIRECTION('',(0.,0.,-1.));
#4712 = DIRECTION('',(-1.,0.,0.));
#4713 = DEFINITIONAL_REPRESENTATION('',(#4714),#4718);
#4714 = LINE('',#4715,#4716);
#4715 = CARTESIAN_POINT('',(-0.925,1.775));
#4716 = VECTOR('',#4717,1.);
#4717 = DIRECTION('',(1.,0.));
#4718 = ( GEOMETRIC_REPRESENTATION_CONTEXT(2) 
PARAMETRIC_REPRESENTATION_CONTEXT() REPRESENTATION_CONTEXT('2D SPACE',''
  ) );
#4719 = ORIENTED_EDGE('',*,*,#4720,.F.);
#4720 = EDGE_CURVE('',#4637,#4693,#4721,.T.);
#4721 = SURFACE_CURVE('',#4722,(#4726,#4733),.PCURVE_S1.);
#4722 = LINE('',#4723,#4724);
#4723 = CARTESIAN_POINT('',(9.15,-11.65,34.5));
#4724 = VECTOR('',#4725,1.);
#4725 = DIRECTION('',(0.,0.,-1.));
#4726 = PCURVE('',#4645,#4727);
#4727 = DEFINITIONAL_REPRESENTATION('',(#4728),#4732);
#4728 = LINE('',#4729,#4730);
#4729 = CARTESIAN_POINT('',(0.,-0.));
#4730 = VECTOR('',#4731,1.);
#4731 = DIRECTION('',(0.,1.));
#4732 = ( GEOMETRIC_REPRESENTATION_CONTEXT(2) 
PARAMETRIC_REPRESENTATION_CONTEXT() REPRESENTATION_CONTEXT('2D SPACE',''
  ) );
#4733 = PCURVE('',#4734,#4739);
#4734 = PLANE('',#4735);
#4735 = AXIS2_PLACEMENT_3D('',#4736,#4737,#4738);
#4736 = CARTESIAN_POINT('',(9.15,-13.15,34.5));
#4737 = DIRECTION('',(-1.,0.,0.));
#4738 = DIRECTION('',(0.,1.,0.));
#4739 = DEFINITIONAL_REPRESENTATION('',(#4740),#4744);
#4740 = LINE('',#4741,#4742);
#4741 = CARTESIAN_POINT('',(1.5,0.));
#4742 = VECTOR('',#4743,1.);
#4743 = DIRECTION('',(0.,1.));
#4744 = ( GEOMETRIC_REPRESENTATION_CONTEXT(2) 
PARAMETRIC_REPRESENTATION_CONTEXT() REPRESENTATION_CONTEXT('2D SPACE',''
  ) );
#4745 = ADVANCED_FACE('',(#4746),#4680,.T.);
#4746 = FACE_BOUND('',#4747,.T.);
#4747 = EDGE_LOOP('',(#4748,#4771,#4799,#4820));
#4748 = ORIENTED_EDGE('',*,*,#4749,.F.);
#4749 = EDGE_CURVE('',#4750,#4635,#4752,.T.);
#4750 = VERTEX_POINT('',#4751);
#4751 = CARTESIAN_POINT('',(8.7,-10.45,34.));
#4752 = SURFACE_CURVE('',#4753,(#4757,#4764),.PCURVE_S1.);
#4753 = LINE('',#4754,#4755);
#4754 = CARTESIAN_POINT('',(8.7,-5.825,34.));
#4755 = VECTOR('',#4756,1.);
#4756 = DIRECTION('',(0.,-1.,0.));
#4757 = PCURVE('',#4680,#4758);
#4758 = DEFINITIONAL_REPRESENTATION('',(#4759),#4763);
#4759 = LINE('',#4760,#4761);
#4760 = CARTESIAN_POINT('',(5.825,0.5));
#4761 = VECTOR('',#4762,1.);
#4762 = DIRECTION('',(-1.,0.));
#4763 = ( GEOMETRIC_REPRESENTATION_CONTEXT(2) 
PARAMETRIC_REPRESENTATION_CONTEXT() REPRESENTATION_CONTEXT('2D SPACE',''
  ) );
#4764 = PCURVE('',#3330,#4765);
#4765 = DEFINITIONAL_REPRESENTATION('',(#4766),#4770);
#4766 = LINE('',#4767,#4768);
#4767 = CARTESIAN_POINT('',(8.7,-5.825));
#4768 = VECTOR('',#4769,1.);
#4769 = DIRECTION('',(0.,-1.));
#4770 = ( GEOMETRIC_REPRESENTATION_CONTEXT(2) 
PARAMETRIC_REPRESENTATION_CONTEXT() REPRESENTATION_CONTEXT('2D SPACE',''
  ) );
#4771 = ORIENTED_EDGE('',*,*,#4772,.T.);
#4772 = EDGE_CURVE('',#4750,#4773,#4775,.T.);
#4773 = VERTEX_POINT('',#4774);
#4774 = CARTESIAN_POINT('',(8.7,-10.45,11.2));
#4775 = SURFACE_CURVE('',#4776,(#4780,#4787),.PCURVE_S1.);
#4776 = LINE('',#4777,#4778);
#4777 = CARTESIAN_POINT('',(8.7,-10.45,34.5));
#4778 = VECTOR('',#4779,1.);
#4779 = DIRECTION('',(0.,0.,-1.));
#4780 = PCURVE('',#4680,#4781);
#4781 = DEFINITIONAL_REPRESENTATION('',(#4782),#4786);
#4782 = LINE('',#4783,#4784);
#4783 = CARTESIAN_POINT('',(1.2,0.));
#4784 = VECTOR('',#4785,1.);
#4785 = DIRECTION('',(0.,1.));
#4786 = ( GEOMETRIC_REPRESENTATION_CONTEXT(2) 
PARAMETRIC_REPRESENTATION_CONTEXT() REPRESENTATION_CONTEXT('2D SPACE',''
  ) );
#4787 = PCURVE('',#4788,#4793);
#4788 = PLANE('',#4789);
#4789 = AXIS2_PLACEMENT_3D('',#4790,#4791,#4792);
#4790 = CARTESIAN_POINT('',(8.7,-10.45,34.5));
#4791 = DIRECTION('',(0.,1.,0.));
#4792 = DIRECTION('',(1.,0.,0.));
#4793 = DEFINITIONAL_REPRESENTATION('',(#4794),#4798);
#4794 = LINE('',#4795,#4796);
#4795 = CARTESIAN_POINT('',(0.,0.));
#4796 = VECTOR('',#4797,1.);
#4797 = DIRECTION('',(0.,1.));
#4798 = ( GEOMETRIC_REPRESENTATION_CONTEXT(2) 
PARAMETRIC_REPRESENTATION_CONTEXT() REPRESENTATION_CONTEXT('2D SPACE',''
  ) );
#4799 = ORIENTED_EDGE('',*,*,#4800,.F.);
#4800 = EDGE_CURVE('',#4665,#4773,#4801,.T.);
#4801 = SURFACE_CURVE('',#4802,(#4806,#4813),.PCURVE_S1.);
#4802 = LINE('',#4803,#4804);
#4803 = CARTESIAN_POINT('',(8.7,-10.45,11.2));
#4804 = VECTOR('',#4805,1.);
#4805 = DIRECTION('',(0.,1.,0.));
#4806 = PCURVE('',#4680,#4807);
#4807 = DEFINITIONAL_REPRESENTATION('',(#4808),#4812);
#4808 = LINE('',#4809,#4810);
#4809 = CARTESIAN_POINT('',(1.2,23.3));
#4810 = VECTOR('',#4811,1.);
#4811 = DIRECTION('',(1.,0.));
#4812 = ( GEOMETRIC_REPRESENTATION_CONTEXT(2) 
PARAMETRIC_REPRESENTATION_CONTEXT() REPRESENTATION_CONTEXT('2D SPACE',''
  ) );
#4813 = PCURVE('',#4708,#4814);
#4814 = DEFINITIONAL_REPRESENTATION('',(#4815),#4819);
#4815 = LINE('',#4816,#4817);
#4816 = CARTESIAN_POINT('',(-0.925,2.975));
#4817 = VECTOR('',#4818,1.);
#4818 = DIRECTION('',(0.,1.));
#4819 = ( GEOMETRIC_REPRESENTATION_CONTEXT(2) 
PARAMETRIC_REPRESENTATION_CONTEXT() REPRESENTATION_CONTEXT('2D SPACE',''
  ) );
#4820 = ORIENTED_EDGE('',*,*,#4664,.F.);
#4821 = ADVANCED_FACE('',(#4822),#4788,.T.);
#4822 = FACE_BOUND('',#4823,.T.);
#4823 = EDGE_LOOP('',(#4824,#4847,#4875,#4896));
#4824 = ORIENTED_EDGE('',*,*,#4825,.F.);
#4825 = EDGE_CURVE('',#4826,#4750,#4828,.T.);
#4826 = VERTEX_POINT('',#4827);
#4827 = CARTESIAN_POINT('',(11.65,-10.45,34.));
#4828 = SURFACE_CURVE('',#4829,(#4833,#4840),.PCURVE_S1.);
#4829 = LINE('',#4830,#4831);
#4830 = CARTESIAN_POINT('',(4.35,-10.45,34.));
#4831 = VECTOR('',#4832,1.);
#4832 = DIRECTION('',(-1.,0.,0.));
#4833 = PCURVE('',#4788,#4834);
#4834 = DEFINITIONAL_REPRESENTATION('',(#4835),#4839);
#4835 = LINE('',#4836,#4837);
#4836 = CARTESIAN_POINT('',(-4.35,0.5));
#4837 = VECTOR('',#4838,1.);
#4838 = DIRECTION('',(-1.,0.));
#4839 = ( GEOMETRIC_REPRESENTATION_CONTEXT(2) 
PARAMETRIC_REPRESENTATION_CONTEXT() REPRESENTATION_CONTEXT('2D SPACE',''
  ) );
#4840 = PCURVE('',#3330,#4841);
#4841 = DEFINITIONAL_REPRESENTATION('',(#4842),#4846);
#4842 = LINE('',#4843,#4844);
#4843 = CARTESIAN_POINT('',(4.35,-10.45));
#4844 = VECTOR('',#4845,1.);
#4845 = DIRECTION('',(-1.,0.));
#4846 = ( GEOMETRIC_REPRESENTATION_CONTEXT(2) 
PARAMETRIC_REPRESENTATION_CONTEXT() REPRESENTATION_CONTEXT('2D SPACE',''
  ) );
#4847 = ORIENTED_EDGE('',*,*,#4848,.T.);
#4848 = EDGE_CURVE('',#4826,#4849,#4851,.T.);
#4849 = VERTEX_POINT('',#4850);
#4850 = CARTESIAN_POINT('',(11.65,-10.45,11.2));
#4851 = SURFACE_CURVE('',#4852,(#4856,#4863),.PCURVE_S1.);
#4852 = LINE('',#4853,#4854);
#4853 = CARTESIAN_POINT('',(11.65,-10.45,34.5));
#4854 = VECTOR('',#4855,1.);
#4855 = DIRECTION('',(0.,0.,-1.));
#4856 = PCURVE('',#4788,#4857);
#4857 = DEFINITIONAL_REPRESENTATION('',(#4858),#4862);
#4858 = LINE('',#4859,#4860);
#4859 = CARTESIAN_POINT('',(2.95,0.));
#4860 = VECTOR('',#4861,1.);
#4861 = DIRECTION('',(0.,1.));
#4862 = ( GEOMETRIC_REPRESENTATION_CONTEXT(2) 
PARAMETRIC_REPRESENTATION_CONTEXT() REPRESENTATION_CONTEXT('2D SPACE',''
  ) );
#4863 = PCURVE('',#4864,#4869);
#4864 = PLANE('',#4865);
#4865 = AXIS2_PLACEMENT_3D('',#4866,#4867,#4868);
#4866 = CARTESIAN_POINT('',(11.65,-10.45,34.5));
#4867 = DIRECTION('',(1.,0.,0.));
#4868 = DIRECTION('',(0.,-1.,0.));
#4869 = DEFINITIONAL_REPRESENTATION('',(#4870),#4874);
#4870 = LINE('',#4871,#4872);
#4871 = CARTESIAN_POINT('',(0.,0.));
#4872 = VECTOR('',#4873,1.);
#4873 = DIRECTION('',(0.,1.));
#4874 = ( GEOMETRIC_REPRESENTATION_CONTEXT(2) 
PARAMETRIC_REPRESENTATION_CONTEXT() REPRESENTATION_CONTEXT('2D SPACE',''
  ) );
#4875 = ORIENTED_EDGE('',*,*,#4876,.F.);
#4876 = EDGE_CURVE('',#4773,#4849,#4877,.T.);
#4877 = SURFACE_CURVE('',#4878,(#4882,#4889),.PCURVE_S1.);
#4878 = LINE('',#4879,#4880);
#4879 = CARTESIAN_POINT('',(11.65,-10.45,11.2));
#4880 = VECTOR('',#4881,1.);
#4881 = DIRECTION('',(1.,0.,0.));
#4882 = PCURVE('',#4788,#4883);
#4883 = DEFINITIONAL_REPRESENTATION('',(#4884),#4888);
#4884 = LINE('',#4885,#4886);
#4885 = CARTESIAN_POINT('',(2.95,23.3));
#4886 = VECTOR('',#4887,1.);
#4887 = DIRECTION('',(1.,0.));
#4888 = ( GEOMETRIC_REPRESENTATION_CONTEXT(2) 
PARAMETRIC_REPRESENTATION_CONTEXT() REPRESENTATION_CONTEXT('2D SPACE',''
  ) );
#4889 = PCURVE('',#4708,#4890);
#4890 = DEFINITIONAL_REPRESENTATION('',(#4891),#4895);
#4891 = LINE('',#4892,#4893);
#4892 = CARTESIAN_POINT('',(-3.875,2.975));
#4893 = VECTOR('',#4894,1.);
#4894 = DIRECTION('',(-1.,0.));
#4895 = ( GEOMETRIC_REPRESENTATION_CONTEXT(2) 
PARAMETRIC_REPRESENTATION_CONTEXT() REPRESENTATION_CONTEXT('2D SPACE',''
  ) );
#4896 = ORIENTED_EDGE('',*,*,#4772,.F.);
#4897 = ADVANCED_FACE('',(#4898),#4864,.T.);
#4898 = FACE_BOUND('',#4899,.T.);
#4899 = EDGE_LOOP('',(#4900,#4923,#4951,#4972));
#4900 = ORIENTED_EDGE('',*,*,#4901,.F.);
#4901 = EDGE_CURVE('',#4902,#4826,#4904,.T.);
#4902 = VERTEX_POINT('',#4903);
#4903 = CARTESIAN_POINT('',(11.65,-16.4,34.));
#4904 = SURFACE_CURVE('',#4905,(#4909,#4916),.PCURVE_S1.);
#4905 = LINE('',#4906,#4907);
#4906 = CARTESIAN_POINT('',(11.65,-5.225,34.));
#4907 = VECTOR('',#4908,1.);
#4908 = DIRECTION('',(0.,1.,0.));
#4909 = PCURVE('',#4864,#4910);
#4910 = DEFINITIONAL_REPRESENTATION('',(#4911),#4915);
#4911 = LINE('',#4912,#4913);
#4912 = CARTESIAN_POINT('',(-5.225,0.5));
#4913 = VECTOR('',#4914,1.);
#4914 = DIRECTION('',(-1.,0.));
#4915 = ( GEOMETRIC_REPRESENTATION_CONTEXT(2) 
PARAMETRIC_REPRESENTATION_CONTEXT() REPRESENTATION_CONTEXT('2D SPACE',''
  ) );
#4916 = PCURVE('',#3330,#4917);
#4917 = DEFINITIONAL_REPRESENTATION('',(#4918),#4922);
#4918 = LINE('',#4919,#4920);
#4919 = CARTESIAN_POINT('',(11.65,-5.225));
#4920 = VECTOR('',#4921,1.);
#4921 = DIRECTION('',(0.,1.));
#4922 = ( GEOMETRIC_REPRESENTATION_CONTEXT(2) 
PARAMETRIC_REPRESENTATION_CONTEXT() REPRESENTATION_CONTEXT('2D SPACE',''
  ) );
#4923 = ORIENTED_EDGE('',*,*,#4924,.T.);
#4924 = EDGE_CURVE('',#4902,#4925,#4927,.T.);
#4925 = VERTEX_POINT('',#4926);
#4926 = CARTESIAN_POINT('',(11.65,-16.4,11.2));
#4927 = SURFACE_CURVE('',#4928,(#4932,#4939),.PCURVE_S1.);
#4928 = LINE('',#4929,#4930);
#4929 = CARTESIAN_POINT('',(11.65,-16.4,34.5));
#4930 = VECTOR('',#4931,1.);
#4931 = DIRECTION('',(0.,0.,-1.));
#4932 = PCURVE('',#4864,#4933);
#4933 = DEFINITIONAL_REPRESENTATION('',(#4934),#4938);
#4934 = LINE('',#4935,#4936);
#4935 = CARTESIAN_POINT('',(5.95,0.));
#4936 = VECTOR('',#4937,1.);
#4937 = DIRECTION('',(0.,1.));
#4938 = ( GEOMETRIC_REPRESENTATION_CONTEXT(2) 
PARAMETRIC_REPRESENTATION_CONTEXT() REPRESENTATION_CONTEXT('2D SPACE',''
  ) );
#4939 = PCURVE('',#4940,#4945);
#4940 = PLANE('',#4941);
#4941 = AXIS2_PLACEMENT_3D('',#4942,#4943,#4944);
#4942 = CARTESIAN_POINT('',(11.65,-16.4,34.5));
#4943 = DIRECTION('',(0.,-1.,0.));
#4944 = DIRECTION('',(-1.,0.,0.));
#4945 = DEFINITIONAL_REPRESENTATION('',(#4946),#4950);
#4946 = LINE('',#4947,#4948);
#4947 = CARTESIAN_POINT('',(0.,-0.));
#4948 = VECTOR('',#4949,1.);
#4949 = DIRECTION('',(0.,1.));
#4950 = ( GEOMETRIC_REPRESENTATION_CONTEXT(2) 
PARAMETRIC_REPRESENTATION_CONTEXT() REPRESENTATION_CONTEXT('2D SPACE',''
  ) );
#4951 = ORIENTED_EDGE('',*,*,#4952,.F.);
#4952 = EDGE_CURVE('',#4849,#4925,#4953,.T.);
#4953 = SURFACE_CURVE('',#4954,(#4958,#4965),.PCURVE_S1.);
#4954 = LINE('',#4955,#4956);
#4955 = CARTESIAN_POINT('',(11.65,-16.4,11.2));
#4956 = VECTOR('',#4957,1.);
#4957 = DIRECTION('',(0.,-1.,0.));
#4958 = PCURVE('',#4864,#4959);
#4959 = DEFINITIONAL_REPRESENTATION('',(#4960),#4964);
#4960 = LINE('',#4961,#4962);
#4961 = CARTESIAN_POINT('',(5.95,23.3));
#4962 = VECTOR('',#4963,1.);
#4963 = DIRECTION('',(1.,0.));
#4964 = ( GEOMETRIC_REPRESENTATION_CONTEXT(2) 
PARAMETRIC_REPRESENTATION_CONTEXT() REPRESENTATION_CONTEXT('2D SPACE',''
  ) );
#4965 = PCURVE('',#4708,#4966);
#4966 = DEFINITIONAL_REPRESENTATION('',(#4967),#4971);
#4967 = LINE('',#4968,#4969);
#4968 = CARTESIAN_POINT('',(-3.875,-2.975));
#4969 = VECTOR('',#4970,1.);
#4970 = DIRECTION('',(0.,-1.));
#4971 = ( GEOMETRIC_REPRESENTATION_CONTEXT(2) 
PARAMETRIC_REPRESENTATION_CONTEXT() REPRESENTATION_CONTEXT('2D SPACE',''
  ) );
#4972 = ORIENTED_EDGE('',*,*,#4848,.F.);
#4973 = ADVANCED_FACE('',(#4974),#4940,.T.);
#4974 = FACE_BOUND('',#4975,.T.);
#4975 = EDGE_LOOP('',(#4976,#4999,#5027,#5048));
#4976 = ORIENTED_EDGE('',*,*,#4977,.F.);
#4977 = EDGE_CURVE('',#4978,#4902,#4980,.T.);
#4978 = VERTEX_POINT('',#4979);
#4979 = CARTESIAN_POINT('',(3.9,-16.4,34.));
#4980 = SURFACE_CURVE('',#4981,(#4985,#4992),.PCURVE_S1.);
#4981 = LINE('',#4982,#4983);
#4982 = CARTESIAN_POINT('',(5.825,-16.4,34.));
#4983 = VECTOR('',#4984,1.);
#4984 = DIRECTION('',(1.,0.,0.));
#4985 = PCURVE('',#4940,#4986);
#4986 = DEFINITIONAL_REPRESENTATION('',(#4987),#4991);
#4987 = LINE('',#4988,#4989);
#4988 = CARTESIAN_POINT('',(5.825,0.5));
#4989 = VECTOR('',#4990,1.);
#4990 = DIRECTION('',(-1.,-0.));
#4991 = ( GEOMETRIC_REPRESENTATION_CONTEXT(2) 
PARAMETRIC_REPRESENTATION_CONTEXT() REPRESENTATION_CONTEXT('2D SPACE',''
  ) );
#4992 = PCURVE('',#3330,#4993);
#4993 = DEFINITIONAL_REPRESENTATION('',(#4994),#4998);
#4994 = LINE('',#4995,#4996);
#4995 = CARTESIAN_POINT('',(5.825,-16.4));
#4996 = VECTOR('',#4997,1.);
#4997 = DIRECTION('',(1.,0.));
#4998 = ( GEOMETRIC_REPRESENTATION_CONTEXT(2) 
PARAMETRIC_REPRESENTATION_CONTEXT() REPRESENTATION_CONTEXT('2D SPACE',''
  ) );
#4999 = ORIENTED_EDGE('',*,*,#5000,.T.);
#5000 = EDGE_CURVE('',#4978,#5001,#5003,.T.);
#5001 = VERTEX_POINT('',#5002);
#5002 = CARTESIAN_POINT('',(3.9,-16.4,11.2));
#5003 = SURFACE_CURVE('',#5004,(#5008,#5015),.PCURVE_S1.);
#5004 = LINE('',#5005,#5006);
#5005 = CARTESIAN_POINT('',(3.9,-16.4,34.5));
#5006 = VECTOR('',#5007,1.);
#5007 = DIRECTION('',(0.,0.,-1.));
#5008 = PCURVE('',#4940,#5009);
#5009 = DEFINITIONAL_REPRESENTATION('',(#5010),#5014);
#5010 = LINE('',#5011,#5012);
#5011 = CARTESIAN_POINT('',(7.75,0.));
#5012 = VECTOR('',#5013,1.);
#5013 = DIRECTION('',(0.,1.));
#5014 = ( GEOMETRIC_REPRESENTATION_CONTEXT(2) 
PARAMETRIC_REPRESENTATION_CONTEXT() REPRESENTATION_CONTEXT('2D SPACE',''
  ) );
#5015 = PCURVE('',#5016,#5021);
#5016 = PLANE('',#5017);
#5017 = AXIS2_PLACEMENT_3D('',#5018,#5019,#5020);
#5018 = CARTESIAN_POINT('',(3.9,-16.4,34.5));
#5019 = DIRECTION('',(-1.,0.,0.));
#5020 = DIRECTION('',(0.,1.,0.));
#5021 = DEFINITIONAL_REPRESENTATION('',(#5022),#5026);
#5022 = LINE('',#5023,#5024);
#5023 = CARTESIAN_POINT('',(0.,0.));
#5024 = VECTOR('',#5025,1.);
#5025 = DIRECTION('',(0.,1.));
#5026 = ( GEOMETRIC_REPRESENTATION_CONTEXT(2) 
PARAMETRIC_REPRESENTATION_CONTEXT() REPRESENTATION_CONTEXT('2D SPACE',''
  ) );
#5027 = ORIENTED_EDGE('',*,*,#5028,.F.);
#5028 = EDGE_CURVE('',#4925,#5001,#5029,.T.);
#5029 = SURFACE_CURVE('',#5030,(#5034,#5041),.PCURVE_S1.);
#5030 = LINE('',#5031,#5032);
#5031 = CARTESIAN_POINT('',(3.9,-16.4,11.2));
#5032 = VECTOR('',#5033,1.);
#5033 = DIRECTION('',(-1.,0.,0.));
#5034 = PCURVE('',#4940,#5035);
#5035 = DEFINITIONAL_REPRESENTATION('',(#5036),#5040);
#5036 = LINE('',#5037,#5038);
#5037 = CARTESIAN_POINT('',(7.75,23.3));
#5038 = VECTOR('',#5039,1.);
#5039 = DIRECTION('',(1.,0.));
#5040 = ( GEOMETRIC_REPRESENTATION_CONTEXT(2) 
PARAMETRIC_REPRESENTATION_CONTEXT() REPRESENTATION_CONTEXT('2D SPACE',''
  ) );
#5041 = PCURVE('',#4708,#5042);
#5042 = DEFINITIONAL_REPRESENTATION('',(#5043),#5047);
#5043 = LINE('',#5044,#5045);
#5044 = CARTESIAN_POINT('',(3.875,-2.975));
#5045 = VECTOR('',#5046,1.);
#5046 = DIRECTION('',(1.,0.));
#5047 = ( GEOMETRIC_REPRESENTATION_CONTEXT(2) 
PARAMETRIC_REPRESENTATION_CONTEXT() REPRESENTATION_CONTEXT('2D SPACE',''
  ) );
#5048 = ORIENTED_EDGE('',*,*,#4924,.F.);
#5049 = ADVANCED_FACE('',(#5050),#4734,.T.);
#5050 = FACE_BOUND('',#5051,.T.);
#5051 = EDGE_LOOP('',(#5052,#5075,#5076,#5099));
#5052 = ORIENTED_EDGE('',*,*,#5053,.F.);
#5053 = EDGE_CURVE('',#4637,#5054,#5056,.T.);
#5054 = VERTEX_POINT('',#5055);
#5055 = CARTESIAN_POINT('',(9.15,-13.15,34.));
#5056 = SURFACE_CURVE('',#5057,(#5061,#5068),.PCURVE_S1.);
#5057 = LINE('',#5058,#5059);
#5058 = CARTESIAN_POINT('',(9.15,-6.575,34.));
#5059 = VECTOR('',#5060,1.);
#5060 = DIRECTION('',(0.,-1.,0.));
#5061 = PCURVE('',#4734,#5062);
#5062 = DEFINITIONAL_REPRESENTATION('',(#5063),#5067);
#5063 = LINE('',#5064,#5065);
#5064 = CARTESIAN_POINT('',(6.575,0.5));
#5065 = VECTOR('',#5066,1.);
#5066 = DIRECTION('',(-1.,0.));
#5067 = ( GEOMETRIC_REPRESENTATION_CONTEXT(2) 
PARAMETRIC_REPRESENTATION_CONTEXT() REPRESENTATION_CONTEXT('2D SPACE',''
  ) );
#5068 = PCURVE('',#3330,#5069);
#5069 = DEFINITIONAL_REPRESENTATION('',(#5070),#5074);
#5070 = LINE('',#5071,#5072);
#5071 = CARTESIAN_POINT('',(9.15,-6.575));
#5072 = VECTOR('',#5073,1.);
#5073 = DIRECTION('',(0.,-1.));
#5074 = ( GEOMETRIC_REPRESENTATION_CONTEXT(2) 
PARAMETRIC_REPRESENTATION_CONTEXT() REPRESENTATION_CONTEXT('2D SPACE',''
  ) );
#5075 = ORIENTED_EDGE('',*,*,#4720,.T.);
#5076 = ORIENTED_EDGE('',*,*,#5077,.F.);
#5077 = EDGE_CURVE('',#5078,#4693,#5080,.T.);
#5078 = VERTEX_POINT('',#5079);
#5079 = CARTESIAN_POINT('',(9.15,-13.15,11.2));
#5080 = SURFACE_CURVE('',#5081,(#5085,#5092),.PCURVE_S1.);
#5081 = LINE('',#5082,#5083);
#5082 = CARTESIAN_POINT('',(9.15,-10.45,11.2));
#5083 = VECTOR('',#5084,1.);
#5084 = DIRECTION('',(0.,1.,0.));
#5085 = PCURVE('',#4734,#5086);
#5086 = DEFINITIONAL_REPRESENTATION('',(#5087),#5091);
#5087 = LINE('',#5088,#5089);
#5088 = CARTESIAN_POINT('',(2.7,23.3));
#5089 = VECTOR('',#5090,1.);
#5090 = DIRECTION('',(1.,0.));
#5091 = ( GEOMETRIC_REPRESENTATION_CONTEXT(2) 
PARAMETRIC_REPRESENTATION_CONTEXT() REPRESENTATION_CONTEXT('2D SPACE',''
  ) );
#5092 = PCURVE('',#4708,#5093);
#5093 = DEFINITIONAL_REPRESENTATION('',(#5094),#5098);
#5094 = LINE('',#5095,#5096);
#5095 = CARTESIAN_POINT('',(-1.375,2.975));
#5096 = VECTOR('',#5097,1.);
#5097 = DIRECTION('',(0.,1.));
#5098 = ( GEOMETRIC_REPRESENTATION_CONTEXT(2) 
PARAMETRIC_REPRESENTATION_CONTEXT() REPRESENTATION_CONTEXT('2D SPACE',''
  ) );
#5099 = ORIENTED_EDGE('',*,*,#5100,.F.);
#5100 = EDGE_CURVE('',#5054,#5078,#5101,.T.);
#5101 = SURFACE_CURVE('',#5102,(#5106,#5113),.PCURVE_S1.);
#5102 = LINE('',#5103,#5104);
#5103 = CARTESIAN_POINT('',(9.15,-13.15,34.5));
#5104 = VECTOR('',#5105,1.);
#5105 = DIRECTION('',(0.,0.,-1.));
#5106 = PCURVE('',#4734,#5107);
#5107 = DEFINITIONAL_REPRESENTATION('',(#5108),#5112);
#5108 = LINE('',#5109,#5110);
#5109 = CARTESIAN_POINT('',(0.,0.));
#5110 = VECTOR('',#5111,1.);
#5111 = DIRECTION('',(0.,1.));
#5112 = ( GEOMETRIC_REPRESENTATION_CONTEXT(2) 
PARAMETRIC_REPRESENTATION_CONTEXT() REPRESENTATION_CONTEXT('2D SPACE',''
  ) );
#5113 = PCURVE('',#5114,#5119);
#5114 = PLANE('',#5115);
#5115 = AXIS2_PLACEMENT_3D('',#5116,#5117,#5118);
#5116 = CARTESIAN_POINT('',(8.2,-13.15,34.5));
#5117 = DIRECTION('',(0.,1.,0.));
#5118 = DIRECTION('',(1.,0.,0.));
#5119 = DEFINITIONAL_REPRESENTATION('',(#5120),#5124);
#5120 = LINE('',#5121,#5122);
#5121 = CARTESIAN_POINT('',(0.95,0.));
#5122 = VECTOR('',#5123,1.);
#5123 = DIRECTION('',(0.,1.));
#5124 = ( GEOMETRIC_REPRESENTATION_CONTEXT(2) 
PARAMETRIC_REPRESENTATION_CONTEXT() REPRESENTATION_CONTEXT('2D SPACE',''
  ) );
#5125 = ADVANCED_FACE('',(#5126),#5114,.T.);
#5126 = FACE_BOUND('',#5127,.T.);
#5127 = EDGE_LOOP('',(#5128,#5151,#5152,#5175));
#5128 = ORIENTED_EDGE('',*,*,#5129,.F.);
#5129 = EDGE_CURVE('',#5054,#5130,#5132,.T.);
#5130 = VERTEX_POINT('',#5131);
#5131 = CARTESIAN_POINT('',(8.2,-13.15,34.));
#5132 = SURFACE_CURVE('',#5133,(#5137,#5144),.PCURVE_S1.);
#5133 = LINE('',#5134,#5135);
#5134 = CARTESIAN_POINT('',(4.1,-13.15,34.));
#5135 = VECTOR('',#5136,1.);
#5136 = DIRECTION('',(-1.,0.,0.));
#5137 = PCURVE('',#5114,#5138);
#5138 = DEFINITIONAL_REPRESENTATION('',(#5139),#5143);
#5139 = LINE('',#5140,#5141);
#5140 = CARTESIAN_POINT('',(-4.1,0.5));
#5141 = VECTOR('',#5142,1.);
#5142 = DIRECTION('',(-1.,0.));
#5143 = ( GEOMETRIC_REPRESENTATION_CONTEXT(2) 
PARAMETRIC_REPRESENTATION_CONTEXT() REPRESENTATION_CONTEXT('2D SPACE',''
  ) );
#5144 = PCURVE('',#3330,#5145);
#5145 = DEFINITIONAL_REPRESENTATION('',(#5146),#5150);
#5146 = LINE('',#5147,#5148);
#5147 = CARTESIAN_POINT('',(4.1,-13.15));
#5148 = VECTOR('',#5149,1.);
#5149 = DIRECTION('',(-1.,0.));
#5150 = ( GEOMETRIC_REPRESENTATION_CONTEXT(2) 
PARAMETRIC_REPRESENTATION_CONTEXT() REPRESENTATION_CONTEXT('2D SPACE',''
  ) );
#5151 = ORIENTED_EDGE('',*,*,#5100,.T.);
#5152 = ORIENTED_EDGE('',*,*,#5153,.F.);
#5153 = EDGE_CURVE('',#5154,#5078,#5156,.T.);
#5154 = VERTEX_POINT('',#5155);
#5155 = CARTESIAN_POINT('',(8.2,-13.15,11.2));
#5156 = SURFACE_CURVE('',#5157,(#5161,#5168),.PCURVE_S1.);
#5157 = LINE('',#5158,#5159);
#5158 = CARTESIAN_POINT('',(9.15,-13.15,11.2));
#5159 = VECTOR('',#5160,1.);
#5160 = DIRECTION('',(1.,0.,0.));
#5161 = PCURVE('',#5114,#5162);
#5162 = DEFINITIONAL_REPRESENTATION('',(#5163),#5167);
#5163 = LINE('',#5164,#5165);
#5164 = CARTESIAN_POINT('',(0.95,23.3));
#5165 = VECTOR('',#5166,1.);
#5166 = DIRECTION('',(1.,0.));
#5167 = ( GEOMETRIC_REPRESENTATION_CONTEXT(2) 
PARAMETRIC_REPRESENTATION_CONTEXT() REPRESENTATION_CONTEXT('2D SPACE',''
  ) );
#5168 = PCURVE('',#4708,#5169);
#5169 = DEFINITIONAL_REPRESENTATION('',(#5170),#5174);
#5170 = LINE('',#5171,#5172);
#5171 = CARTESIAN_POINT('',(-1.375,0.275));
#5172 = VECTOR('',#5173,1.);
#5173 = DIRECTION('',(-1.,0.));
#5174 = ( GEOMETRIC_REPRESENTATION_CONTEXT(2) 
PARAMETRIC_REPRESENTATION_CONTEXT() REPRESENTATION_CONTEXT('2D SPACE',''
  ) );
#5175 = ORIENTED_EDGE('',*,*,#5176,.F.);
#5176 = EDGE_CURVE('',#5130,#5154,#5177,.T.);
#5177 = SURFACE_CURVE('',#5178,(#5182,#5189),.PCURVE_S1.);
#5178 = LINE('',#5179,#5180);
#5179 = CARTESIAN_POINT('',(8.2,-13.15,34.5));
#5180 = VECTOR('',#5181,1.);
#5181 = DIRECTION('',(0.,0.,-1.));
#5182 = PCURVE('',#5114,#5183);
#5183 = DEFINITIONAL_REPRESENTATION('',(#5184),#5188);
#5184 = LINE('',#5185,#5186);
#5185 = CARTESIAN_POINT('',(0.,0.));
#5186 = VECTOR('',#5187,1.);
#5187 = DIRECTION('',(0.,1.));
#5188 = ( GEOMETRIC_REPRESENTATION_CONTEXT(2) 
PARAMETRIC_REPRESENTATION_CONTEXT() REPRESENTATION_CONTEXT('2D SPACE',''
  ) );
#5189 = PCURVE('',#5190,#5195);
#5190 = PLANE('',#5191);
#5191 = AXIS2_PLACEMENT_3D('',#5192,#5193,#5194);
#5192 = CARTESIAN_POINT('',(8.2,-14.8,34.5));
#5193 = DIRECTION('',(-1.,0.,0.));
#5194 = DIRECTION('',(0.,1.,0.));
#5195 = DEFINITIONAL_REPRESENTATION('',(#5196),#5200);
#5196 = LINE('',#5197,#5198);
#5197 = CARTESIAN_POINT('',(1.65,0.));
#5198 = VECTOR('',#5199,1.);
#5199 = DIRECTION('',(0.,1.));
#5200 = ( GEOMETRIC_REPRESENTATION_CONTEXT(2) 
PARAMETRIC_REPRESENTATION_CONTEXT() REPRESENTATION_CONTEXT('2D SPACE',''
  ) );
#5201 = ADVANCED_FACE('',(#5202),#5190,.T.);
#5202 = FACE_BOUND('',#5203,.T.);
#5203 = EDGE_LOOP('',(#5204,#5227,#5228,#5251));
#5204 = ORIENTED_EDGE('',*,*,#5205,.F.);
#5205 = EDGE_CURVE('',#5130,#5206,#5208,.T.);
#5206 = VERTEX_POINT('',#5207);
#5207 = CARTESIAN_POINT('',(8.2,-14.8,34.));
#5208 = SURFACE_CURVE('',#5209,(#5213,#5220),.PCURVE_S1.);
#5209 = LINE('',#5210,#5211);
#5210 = CARTESIAN_POINT('',(8.2,-7.4,34.));
#5211 = VECTOR('',#5212,1.);
#5212 = DIRECTION('',(0.,-1.,0.));
#5213 = PCURVE('',#5190,#5214);
#5214 = DEFINITIONAL_REPRESENTATION('',(#5215),#5219);
#5215 = LINE('',#5216,#5217);
#5216 = CARTESIAN_POINT('',(7.4,0.5));
#5217 = VECTOR('',#5218,1.);
#5218 = DIRECTION('',(-1.,0.));
#5219 = ( GEOMETRIC_REPRESENTATION_CONTEXT(2) 
PARAMETRIC_REPRESENTATION_CONTEXT() REPRESENTATION_CONTEXT('2D SPACE',''
  ) );
#5220 = PCURVE('',#3330,#5221);
#5221 = DEFINITIONAL_REPRESENTATION('',(#5222),#5226);
#5222 = LINE('',#5223,#5224);
#5223 = CARTESIAN_POINT('',(8.2,-7.4));
#5224 = VECTOR('',#5225,1.);
#5225 = DIRECTION('',(0.,-1.));
#5226 = ( GEOMETRIC_REPRESENTATION_CONTEXT(2) 
PARAMETRIC_REPRESENTATION_CONTEXT() REPRESENTATION_CONTEXT('2D SPACE',''
  ) );
#5227 = ORIENTED_EDGE('',*,*,#5176,.T.);
#5228 = ORIENTED_EDGE('',*,*,#5229,.F.);
#5229 = EDGE_CURVE('',#5230,#5154,#5232,.T.);
#5230 = VERTEX_POINT('',#5231);
#5231 = CARTESIAN_POINT('',(8.2,-14.8,11.2));
#5232 = SURFACE_CURVE('',#5233,(#5237,#5244),.PCURVE_S1.);
#5233 = LINE('',#5234,#5235);
#5234 = CARTESIAN_POINT('',(8.2,-13.15,11.2));
#5235 = VECTOR('',#5236,1.);
#5236 = DIRECTION('',(0.,1.,0.));
#5237 = PCURVE('',#5190,#5238);
#5238 = DEFINITIONAL_REPRESENTATION('',(#5239),#5243);
#5239 = LINE('',#5240,#5241);
#5240 = CARTESIAN_POINT('',(1.65,23.3));
#5241 = VECTOR('',#5242,1.);
#5242 = DIRECTION('',(1.,0.));
#5243 = ( GEOMETRIC_REPRESENTATION_CONTEXT(2) 
PARAMETRIC_REPRESENTATION_CONTEXT() REPRESENTATION_CONTEXT('2D SPACE',''
  ) );
#5244 = PCURVE('',#4708,#5245);
#5245 = DEFINITIONAL_REPRESENTATION('',(#5246),#5250);
#5246 = LINE('',#5247,#5248);
#5247 = CARTESIAN_POINT('',(-0.425,0.275));
#5248 = VECTOR('',#5249,1.);
#5249 = DIRECTION('',(0.,1.));
#5250 = ( GEOMETRIC_REPRESENTATION_CONTEXT(2) 
PARAMETRIC_REPRESENTATION_CONTEXT() REPRESENTATION_CONTEXT('2D SPACE',''
  ) );
#5251 = ORIENTED_EDGE('',*,*,#5252,.F.);
#5252 = EDGE_CURVE('',#5206,#5230,#5253,.T.);
#5253 = SURFACE_CURVE('',#5254,(#5258,#5265),.PCURVE_S1.);
#5254 = LINE('',#5255,#5256);
#5255 = CARTESIAN_POINT('',(8.2,-14.8,34.5));
#5256 = VECTOR('',#5257,1.);
#5257 = DIRECTION('',(0.,0.,-1.));
#5258 = PCURVE('',#5190,#5259);
#5259 = DEFINITIONAL_REPRESENTATION('',(#5260),#5264);
#5260 = LINE('',#5261,#5262);
#5261 = CARTESIAN_POINT('',(0.,0.));
#5262 = VECTOR('',#5263,1.);
#5263 = DIRECTION('',(0.,1.));
#5264 = ( GEOMETRIC_REPRESENTATION_CONTEXT(2) 
PARAMETRIC_REPRESENTATION_CONTEXT() REPRESENTATION_CONTEXT('2D SPACE',''
  ) );
#5265 = PCURVE('',#5266,#5271);
#5266 = PLANE('',#5267);
#5267 = AXIS2_PLACEMENT_3D('',#5268,#5269,#5270);
#5268 = CARTESIAN_POINT('',(3.9,-14.8,34.5));
#5269 = DIRECTION('',(0.,1.,0.));
#5270 = DIRECTION('',(1.,0.,0.));
#5271 = DEFINITIONAL_REPRESENTATION('',(#5272),#5276);
#5272 = LINE('',#5273,#5274);
#5273 = CARTESIAN_POINT('',(4.3,0.));
#5274 = VECTOR('',#5275,1.);
#5275 = DIRECTION('',(0.,1.));
#5276 = ( GEOMETRIC_REPRESENTATION_CONTEXT(2) 
PARAMETRIC_REPRESENTATION_CONTEXT() REPRESENTATION_CONTEXT('2D SPACE',''
  ) );
#5277 = ADVANCED_FACE('',(#5278),#5266,.T.);
#5278 = FACE_BOUND('',#5279,.T.);
#5279 = EDGE_LOOP('',(#5280,#5303,#5304,#5327));
#5280 = ORIENTED_EDGE('',*,*,#5281,.F.);
#5281 = EDGE_CURVE('',#5206,#5282,#5284,.T.);
#5282 = VERTEX_POINT('',#5283);
#5283 = CARTESIAN_POINT('',(3.9,-14.8,34.));
#5284 = SURFACE_CURVE('',#5285,(#5289,#5296),.PCURVE_S1.);
#5285 = LINE('',#5286,#5287);
#5286 = CARTESIAN_POINT('',(1.95,-14.8,34.));
#5287 = VECTOR('',#5288,1.);
#5288 = DIRECTION('',(-1.,0.,0.));
#5289 = PCURVE('',#5266,#5290);
#5290 = DEFINITIONAL_REPRESENTATION('',(#5291),#5295);
#5291 = LINE('',#5292,#5293);
#5292 = CARTESIAN_POINT('',(-1.95,0.5));
#5293 = VECTOR('',#5294,1.);
#5294 = DIRECTION('',(-1.,0.));
#5295 = ( GEOMETRIC_REPRESENTATION_CONTEXT(2) 
PARAMETRIC_REPRESENTATION_CONTEXT() REPRESENTATION_CONTEXT('2D SPACE',''
  ) );
#5296 = PCURVE('',#3330,#5297);
#5297 = DEFINITIONAL_REPRESENTATION('',(#5298),#5302);
#5298 = LINE('',#5299,#5300);
#5299 = CARTESIAN_POINT('',(1.95,-14.8));
#5300 = VECTOR('',#5301,1.);
#5301 = DIRECTION('',(-1.,0.));
#5302 = ( GEOMETRIC_REPRESENTATION_CONTEXT(2) 
PARAMETRIC_REPRESENTATION_CONTEXT() REPRESENTATION_CONTEXT('2D SPACE',''
  ) );
#5303 = ORIENTED_EDGE('',*,*,#5252,.T.);
#5304 = ORIENTED_EDGE('',*,*,#5305,.F.);
#5305 = EDGE_CURVE('',#5306,#5230,#5308,.T.);
#5306 = VERTEX_POINT('',#5307);
#5307 = CARTESIAN_POINT('',(3.9,-14.8,11.2));
#5308 = SURFACE_CURVE('',#5309,(#5313,#5320),.PCURVE_S1.);
#5309 = LINE('',#5310,#5311);
#5310 = CARTESIAN_POINT('',(9.15,-14.8,11.2));
#5311 = VECTOR('',#5312,1.);
#5312 = DIRECTION('',(1.,0.,0.));
#5313 = PCURVE('',#5266,#5314);
#5314 = DEFINITIONAL_REPRESENTATION('',(#5315),#5319);
#5315 = LINE('',#5316,#5317);
#5316 = CARTESIAN_POINT('',(5.25,23.3));
#5317 = VECTOR('',#5318,1.);
#5318 = DIRECTION('',(1.,0.));
#5319 = ( GEOMETRIC_REPRESENTATION_CONTEXT(2) 
PARAMETRIC_REPRESENTATION_CONTEXT() REPRESENTATION_CONTEXT('2D SPACE',''
  ) );
#5320 = PCURVE('',#4708,#5321);
#5321 = DEFINITIONAL_REPRESENTATION('',(#5322),#5326);
#5322 = LINE('',#5323,#5324);
#5323 = CARTESIAN_POINT('',(-1.375,-1.375));
#5324 = VECTOR('',#5325,1.);
#5325 = DIRECTION('',(-1.,0.));
#5326 = ( GEOMETRIC_REPRESENTATION_CONTEXT(2) 
PARAMETRIC_REPRESENTATION_CONTEXT() REPRESENTATION_CONTEXT('2D SPACE',''
  ) );
#5327 = ORIENTED_EDGE('',*,*,#5328,.F.);
#5328 = EDGE_CURVE('',#5282,#5306,#5329,.T.);
#5329 = SURFACE_CURVE('',#5330,(#5334,#5341),.PCURVE_S1.);
#5330 = LINE('',#5331,#5332);
#5331 = CARTESIAN_POINT('',(3.9,-14.8,34.5));
#5332 = VECTOR('',#5333,1.);
#5333 = DIRECTION('',(0.,0.,-1.));
#5334 = PCURVE('',#5266,#5335);
#5335 = DEFINITIONAL_REPRESENTATION('',(#5336),#5340);
#5336 = LINE('',#5337,#5338);
#5337 = CARTESIAN_POINT('',(0.,0.));
#5338 = VECTOR('',#5339,1.);
#5339 = DIRECTION('',(0.,1.));
#5340 = ( GEOMETRIC_REPRESENTATION_CONTEXT(2) 
PARAMETRIC_REPRESENTATION_CONTEXT() REPRESENTATION_CONTEXT('2D SPACE',''
  ) );
#5341 = PCURVE('',#5016,#5342);
#5342 = DEFINITIONAL_REPRESENTATION('',(#5343),#5347);
#5343 = LINE('',#5344,#5345);
#5344 = CARTESIAN_POINT('',(1.6,0.));
#5345 = VECTOR('',#5346,1.);
#5346 = DIRECTION('',(0.,1.));
#5347 = ( GEOMETRIC_REPRESENTATION_CONTEXT(2) 
PARAMETRIC_REPRESENTATION_CONTEXT() REPRESENTATION_CONTEXT('2D SPACE',''
  ) );
#5348 = ADVANCED_FACE('',(#5349),#5016,.T.);
#5349 = FACE_BOUND('',#5350,.T.);
#5350 = EDGE_LOOP('',(#5351,#5372,#5373,#5394));
#5351 = ORIENTED_EDGE('',*,*,#5352,.F.);
#5352 = EDGE_CURVE('',#5282,#4978,#5353,.T.);
#5353 = SURFACE_CURVE('',#5354,(#5358,#5365),.PCURVE_S1.);
#5354 = LINE('',#5355,#5356);
#5355 = CARTESIAN_POINT('',(3.9,-8.2,34.));
#5356 = VECTOR('',#5357,1.);
#5357 = DIRECTION('',(0.,-1.,0.));
#5358 = PCURVE('',#5016,#5359);
#5359 = DEFINITIONAL_REPRESENTATION('',(#5360),#5364);
#5360 = LINE('',#5361,#5362);
#5361 = CARTESIAN_POINT('',(8.2,0.5));
#5362 = VECTOR('',#5363,1.);
#5363 = DIRECTION('',(-1.,0.));
#5364 = ( GEOMETRIC_REPRESENTATION_CONTEXT(2) 
PARAMETRIC_REPRESENTATION_CONTEXT() REPRESENTATION_CONTEXT('2D SPACE',''
  ) );
#5365 = PCURVE('',#3330,#5366);
#5366 = DEFINITIONAL_REPRESENTATION('',(#5367),#5371);
#5367 = LINE('',#5368,#5369);
#5368 = CARTESIAN_POINT('',(3.9,-8.2));
#5369 = VECTOR('',#5370,1.);
#5370 = DIRECTION('',(0.,-1.));
#5371 = ( GEOMETRIC_REPRESENTATION_CONTEXT(2) 
PARAMETRIC_REPRESENTATION_CONTEXT() REPRESENTATION_CONTEXT('2D SPACE',''
  ) );
#5372 = ORIENTED_EDGE('',*,*,#5328,.T.);
#5373 = ORIENTED_EDGE('',*,*,#5374,.F.);
#5374 = EDGE_CURVE('',#5001,#5306,#5375,.T.);
#5375 = SURFACE_CURVE('',#5376,(#5380,#5387),.PCURVE_S1.);
#5376 = LINE('',#5377,#5378);
#5377 = CARTESIAN_POINT('',(3.9,-14.8,11.2));
#5378 = VECTOR('',#5379,1.);
#5379 = DIRECTION('',(0.,1.,0.));
#5380 = PCURVE('',#5016,#5381);
#5381 = DEFINITIONAL_REPRESENTATION('',(#5382),#5386);
#5382 = LINE('',#5383,#5384);
#5383 = CARTESIAN_POINT('',(1.6,23.3));
#5384 = VECTOR('',#5385,1.);
#5385 = DIRECTION('',(1.,0.));
#5386 = ( GEOMETRIC_REPRESENTATION_CONTEXT(2) 
PARAMETRIC_REPRESENTATION_CONTEXT() REPRESENTATION_CONTEXT('2D SPACE',''
  ) );
#5387 = PCURVE('',#4708,#5388);
#5388 = DEFINITIONAL_REPRESENTATION('',(#5389),#5393);
#5389 = LINE('',#5390,#5391);
#5390 = CARTESIAN_POINT('',(3.875,-1.375));
#5391 = VECTOR('',#5392,1.);
#5392 = DIRECTION('',(0.,1.));
#5393 = ( GEOMETRIC_REPRESENTATION_CONTEXT(2) 
PARAMETRIC_REPRESENTATION_CONTEXT() REPRESENTATION_CONTEXT('2D SPACE',''
  ) );
#5394 = ORIENTED_EDGE('',*,*,#5000,.F.);
#5395 = ADVANCED_FACE('',(#5396),#4708,.T.);
#5396 = FACE_BOUND('',#5397,.T.);
#5397 = EDGE_LOOP('',(#5398,#5399,#5400,#5401,#5402,#5403,#5404,#5405,
    #5406,#5407));
#5398 = ORIENTED_EDGE('',*,*,#5374,.T.);
#5399 = ORIENTED_EDGE('',*,*,#5305,.T.);
#5400 = ORIENTED_EDGE('',*,*,#5229,.T.);
#5401 = ORIENTED_EDGE('',*,*,#5153,.T.);
#5402 = ORIENTED_EDGE('',*,*,#5077,.T.);
#5403 = ORIENTED_EDGE('',*,*,#4692,.T.);
#5404 = ORIENTED_EDGE('',*,*,#4800,.T.);
#5405 = ORIENTED_EDGE('',*,*,#4876,.T.);
#5406 = ORIENTED_EDGE('',*,*,#4952,.T.);
#5407 = ORIENTED_EDGE('',*,*,#5028,.T.);
#5408 = ADVANCED_FACE('',(#5409),#5423,.T.);
#5409 = FACE_BOUND('',#5410,.T.);
#5410 = EDGE_LOOP('',(#5411,#5441,#5469,#5497));
#5411 = ORIENTED_EDGE('',*,*,#5412,.F.);
#5412 = EDGE_CURVE('',#5413,#5415,#5417,.T.);
#5413 = VERTEX_POINT('',#5414);
#5414 = CARTESIAN_POINT('',(-8.7,-11.65,34.));
#5415 = VERTEX_POINT('',#5416);
#5416 = CARTESIAN_POINT('',(-8.7,-10.45,34.));
#5417 = SURFACE_CURVE('',#5418,(#5422,#5434),.PCURVE_S1.);
#5418 = LINE('',#5419,#5420);
#5419 = CARTESIAN_POINT('',(-8.7,-5.225,34.));
#5420 = VECTOR('',#5421,1.);
#5421 = DIRECTION('',(0.,1.,0.));
#5422 = PCURVE('',#5423,#5428);
#5423 = PLANE('',#5424);
#5424 = AXIS2_PLACEMENT_3D('',#5425,#5426,#5427);
#5425 = CARTESIAN_POINT('',(-8.7,-10.45,34.5));
#5426 = DIRECTION('',(1.,0.,0.));
#5427 = DIRECTION('',(0.,-1.,0.));
#5428 = DEFINITIONAL_REPRESENTATION('',(#5429),#5433);
#5429 = LINE('',#5430,#5431);
#5430 = CARTESIAN_POINT('',(-5.225,0.5));
#5431 = VECTOR('',#5432,1.);
#5432 = DIRECTION('',(-1.,0.));
#5433 = ( GEOMETRIC_REPRESENTATION_CONTEXT(2) 
PARAMETRIC_REPRESENTATION_CONTEXT() REPRESENTATION_CONTEXT('2D SPACE',''
  ) );
#5434 = PCURVE('',#3330,#5435);
#5435 = DEFINITIONAL_REPRESENTATION('',(#5436),#5440);
#5436 = LINE('',#5437,#5438);
#5437 = CARTESIAN_POINT('',(-8.7,-5.225));
#5438 = VECTOR('',#5439,1.);
#5439 = DIRECTION('',(0.,1.));
#5440 = ( GEOMETRIC_REPRESENTATION_CONTEXT(2) 
PARAMETRIC_REPRESENTATION_CONTEXT() REPRESENTATION_CONTEXT('2D SPACE',''
  ) );
#5441 = ORIENTED_EDGE('',*,*,#5442,.T.);
#5442 = EDGE_CURVE('',#5413,#5443,#5445,.T.);
#5443 = VERTEX_POINT('',#5444);
#5444 = CARTESIAN_POINT('',(-8.7,-11.65,11.2));
#5445 = SURFACE_CURVE('',#5446,(#5450,#5457),.PCURVE_S1.);
#5446 = LINE('',#5447,#5448);
#5447 = CARTESIAN_POINT('',(-8.7,-11.65,34.5));
#5448 = VECTOR('',#5449,1.);
#5449 = DIRECTION('',(0.,0.,-1.));
#5450 = PCURVE('',#5423,#5451);
#5451 = DEFINITIONAL_REPRESENTATION('',(#5452),#5456);
#5452 = LINE('',#5453,#5454);
#5453 = CARTESIAN_POINT('',(1.2,0.));
#5454 = VECTOR('',#5455,1.);
#5455 = DIRECTION('',(0.,1.));
#5456 = ( GEOMETRIC_REPRESENTATION_CONTEXT(2) 
PARAMETRIC_REPRESENTATION_CONTEXT() REPRESENTATION_CONTEXT('2D SPACE',''
  ) );
#5457 = PCURVE('',#5458,#5463);
#5458 = PLANE('',#5459);
#5459 = AXIS2_PLACEMENT_3D('',#5460,#5461,#5462);
#5460 = CARTESIAN_POINT('',(-8.7,-11.65,34.5));
#5461 = DIRECTION('',(0.,-1.,0.));
#5462 = DIRECTION('',(-1.,0.,0.));
#5463 = DEFINITIONAL_REPRESENTATION('',(#5464),#5468);
#5464 = LINE('',#5465,#5466);
#5465 = CARTESIAN_POINT('',(0.,-0.));
#5466 = VECTOR('',#5467,1.);
#5467 = DIRECTION('',(0.,1.));
#5468 = ( GEOMETRIC_REPRESENTATION_CONTEXT(2) 
PARAMETRIC_REPRESENTATION_CONTEXT() REPRESENTATION_CONTEXT('2D SPACE',''
  ) );
#5469 = ORIENTED_EDGE('',*,*,#5470,.F.);
#5470 = EDGE_CURVE('',#5471,#5443,#5473,.T.);
#5471 = VERTEX_POINT('',#5472);
#5472 = CARTESIAN_POINT('',(-8.7,-10.45,11.2));
#5473 = SURFACE_CURVE('',#5474,(#5478,#5485),.PCURVE_S1.);
#5474 = LINE('',#5475,#5476);
#5475 = CARTESIAN_POINT('',(-8.7,-11.65,11.2));
#5476 = VECTOR('',#5477,1.);
#5477 = DIRECTION('',(0.,-1.,0.));
#5478 = PCURVE('',#5423,#5479);
#5479 = DEFINITIONAL_REPRESENTATION('',(#5480),#5484);
#5480 = LINE('',#5481,#5482);
#5481 = CARTESIAN_POINT('',(1.2,23.3));
#5482 = VECTOR('',#5483,1.);
#5483 = DIRECTION('',(1.,0.));
#5484 = ( GEOMETRIC_REPRESENTATION_CONTEXT(2) 
PARAMETRIC_REPRESENTATION_CONTEXT() REPRESENTATION_CONTEXT('2D SPACE',''
  ) );
#5485 = PCURVE('',#5486,#5491);
#5486 = PLANE('',#5487);
#5487 = AXIS2_PLACEMENT_3D('',#5488,#5489,#5490);
#5488 = CARTESIAN_POINT('',(-7.775,-13.425,11.2));
#5489 = DIRECTION('',(0.,0.,-1.));
#5490 = DIRECTION('',(-1.,0.,0.));
#5491 = DEFINITIONAL_REPRESENTATION('',(#5492),#5496);
#5492 = LINE('',#5493,#5494);
#5493 = CARTESIAN_POINT('',(0.925,1.775));
#5494 = VECTOR('',#5495,1.);
#5495 = DIRECTION('',(0.,-1.));
#5496 = ( GEOMETRIC_REPRESENTATION_CONTEXT(2) 
PARAMETRIC_REPRESENTATION_CONTEXT() REPRESENTATION_CONTEXT('2D SPACE',''
  ) );
#5497 = ORIENTED_EDGE('',*,*,#5498,.F.);
#5498 = EDGE_CURVE('',#5415,#5471,#5499,.T.);
#5499 = SURFACE_CURVE('',#5500,(#5504,#5511),.PCURVE_S1.);
#5500 = LINE('',#5501,#5502);
#5501 = CARTESIAN_POINT('',(-8.7,-10.45,34.5));
#5502 = VECTOR('',#5503,1.);
#5503 = DIRECTION('',(0.,0.,-1.));
#5504 = PCURVE('',#5423,#5505);
#5505 = DEFINITIONAL_REPRESENTATION('',(#5506),#5510);
#5506 = LINE('',#5507,#5508);
#5507 = CARTESIAN_POINT('',(0.,0.));
#5508 = VECTOR('',#5509,1.);
#5509 = DIRECTION('',(0.,1.));
#5510 = ( GEOMETRIC_REPRESENTATION_CONTEXT(2) 
PARAMETRIC_REPRESENTATION_CONTEXT() REPRESENTATION_CONTEXT('2D SPACE',''
  ) );
#5511 = PCURVE('',#5512,#5517);
#5512 = PLANE('',#5513);
#5513 = AXIS2_PLACEMENT_3D('',#5514,#5515,#5516);
#5514 = CARTESIAN_POINT('',(-11.65,-10.45,34.5));
#5515 = DIRECTION('',(0.,1.,0.));
#5516 = DIRECTION('',(1.,0.,0.));
#5517 = DEFINITIONAL_REPRESENTATION('',(#5518),#5522);
#5518 = LINE('',#5519,#5520);
#5519 = CARTESIAN_POINT('',(2.95,0.));
#5520 = VECTOR('',#5521,1.);
#5521 = DIRECTION('',(0.,1.));
#5522 = ( GEOMETRIC_REPRESENTATION_CONTEXT(2) 
PARAMETRIC_REPRESENTATION_CONTEXT() REPRESENTATION_CONTEXT('2D SPACE',''
  ) );
#5523 = ADVANCED_FACE('',(#5524),#5458,.T.);
#5524 = FACE_BOUND('',#5525,.T.);
#5525 = EDGE_LOOP('',(#5526,#5549,#5577,#5598));
#5526 = ORIENTED_EDGE('',*,*,#5527,.F.);
#5527 = EDGE_CURVE('',#5528,#5413,#5530,.T.);
#5528 = VERTEX_POINT('',#5529);
#5529 = CARTESIAN_POINT('',(-9.15,-11.65,34.));
#5530 = SURFACE_CURVE('',#5531,(#5535,#5542),.PCURVE_S1.);
#5531 = LINE('',#5532,#5533);
#5532 = CARTESIAN_POINT('',(-4.35,-11.65,34.));
#5533 = VECTOR('',#5534,1.);
#5534 = DIRECTION('',(1.,0.,0.));
#5535 = PCURVE('',#5458,#5536);
#5536 = DEFINITIONAL_REPRESENTATION('',(#5537),#5541);
#5537 = LINE('',#5538,#5539);
#5538 = CARTESIAN_POINT('',(-4.35,0.5));
#5539 = VECTOR('',#5540,1.);
#5540 = DIRECTION('',(-1.,-0.));
#5541 = ( GEOMETRIC_REPRESENTATION_CONTEXT(2) 
PARAMETRIC_REPRESENTATION_CONTEXT() REPRESENTATION_CONTEXT('2D SPACE',''
  ) );
#5542 = PCURVE('',#3330,#5543);
#5543 = DEFINITIONAL_REPRESENTATION('',(#5544),#5548);
#5544 = LINE('',#5545,#5546);
#5545 = CARTESIAN_POINT('',(-4.35,-11.65));
#5546 = VECTOR('',#5547,1.);
#5547 = DIRECTION('',(1.,0.));
#5548 = ( GEOMETRIC_REPRESENTATION_CONTEXT(2) 
PARAMETRIC_REPRESENTATION_CONTEXT() REPRESENTATION_CONTEXT('2D SPACE',''
  ) );
#5549 = ORIENTED_EDGE('',*,*,#5550,.T.);
#5550 = EDGE_CURVE('',#5528,#5551,#5553,.T.);
#5551 = VERTEX_POINT('',#5552);
#5552 = CARTESIAN_POINT('',(-9.15,-11.65,11.2));
#5553 = SURFACE_CURVE('',#5554,(#5558,#5565),.PCURVE_S1.);
#5554 = LINE('',#5555,#5556);
#5555 = CARTESIAN_POINT('',(-9.15,-11.65,34.5));
#5556 = VECTOR('',#5557,1.);
#5557 = DIRECTION('',(0.,0.,-1.));
#5558 = PCURVE('',#5458,#5559);
#5559 = DEFINITIONAL_REPRESENTATION('',(#5560),#5564);
#5560 = LINE('',#5561,#5562);
#5561 = CARTESIAN_POINT('',(0.45,0.));
#5562 = VECTOR('',#5563,1.);
#5563 = DIRECTION('',(0.,1.));
#5564 = ( GEOMETRIC_REPRESENTATION_CONTEXT(2) 
PARAMETRIC_REPRESENTATION_CONTEXT() REPRESENTATION_CONTEXT('2D SPACE',''
  ) );
#5565 = PCURVE('',#5566,#5571);
#5566 = PLANE('',#5567);
#5567 = AXIS2_PLACEMENT_3D('',#5568,#5569,#5570);
#5568 = CARTESIAN_POINT('',(-9.15,-11.65,34.5));
#5569 = DIRECTION('',(1.,0.,0.));
#5570 = DIRECTION('',(0.,-1.,0.));
#5571 = DEFINITIONAL_REPRESENTATION('',(#5572),#5576);
#5572 = LINE('',#5573,#5574);
#5573 = CARTESIAN_POINT('',(0.,0.));
#5574 = VECTOR('',#5575,1.);
#5575 = DIRECTION('',(0.,1.));
#5576 = ( GEOMETRIC_REPRESENTATION_CONTEXT(2) 
PARAMETRIC_REPRESENTATION_CONTEXT() REPRESENTATION_CONTEXT('2D SPACE',''
  ) );
#5577 = ORIENTED_EDGE('',*,*,#5578,.F.);
#5578 = EDGE_CURVE('',#5443,#5551,#5579,.T.);
#5579 = SURFACE_CURVE('',#5580,(#5584,#5591),.PCURVE_S1.);
#5580 = LINE('',#5581,#5582);
#5581 = CARTESIAN_POINT('',(-9.15,-11.65,11.2));
#5582 = VECTOR('',#5583,1.);
#5583 = DIRECTION('',(-1.,0.,0.));
#5584 = PCURVE('',#5458,#5585);
#5585 = DEFINITIONAL_REPRESENTATION('',(#5586),#5590);
#5586 = LINE('',#5587,#5588);
#5587 = CARTESIAN_POINT('',(0.45,23.3));
#5588 = VECTOR('',#5589,1.);
#5589 = DIRECTION('',(1.,0.));
#5590 = ( GEOMETRIC_REPRESENTATION_CONTEXT(2) 
PARAMETRIC_REPRESENTATION_CONTEXT() REPRESENTATION_CONTEXT('2D SPACE',''
  ) );
#5591 = PCURVE('',#5486,#5592);
#5592 = DEFINITIONAL_REPRESENTATION('',(#5593),#5597);
#5593 = LINE('',#5594,#5595);
#5594 = CARTESIAN_POINT('',(1.375,1.775));
#5595 = VECTOR('',#5596,1.);
#5596 = DIRECTION('',(1.,0.));
#5597 = ( GEOMETRIC_REPRESENTATION_CONTEXT(2) 
PARAMETRIC_REPRESENTATION_CONTEXT() REPRESENTATION_CONTEXT('2D SPACE',''
  ) );
#5598 = ORIENTED_EDGE('',*,*,#5442,.F.);
#5599 = ADVANCED_FACE('',(#5600),#5566,.T.);
#5600 = FACE_BOUND('',#5601,.T.);
#5601 = EDGE_LOOP('',(#5602,#5625,#5653,#5674));
#5602 = ORIENTED_EDGE('',*,*,#5603,.F.);
#5603 = EDGE_CURVE('',#5604,#5528,#5606,.T.);
#5604 = VERTEX_POINT('',#5605);
#5605 = CARTESIAN_POINT('',(-9.15,-13.15,34.));
#5606 = SURFACE_CURVE('',#5607,(#5611,#5618),.PCURVE_S1.);
#5607 = LINE('',#5608,#5609);
#5608 = CARTESIAN_POINT('',(-9.15,-5.825,34.));
#5609 = VECTOR('',#5610,1.);
#5610 = DIRECTION('',(0.,1.,0.));
#5611 = PCURVE('',#5566,#5612);
#5612 = DEFINITIONAL_REPRESENTATION('',(#5613),#5617);
#5613 = LINE('',#5614,#5615);
#5614 = CARTESIAN_POINT('',(-5.825,0.5));
#5615 = VECTOR('',#5616,1.);
#5616 = DIRECTION('',(-1.,0.));
#5617 = ( GEOMETRIC_REPRESENTATION_CONTEXT(2) 
PARAMETRIC_REPRESENTATION_CONTEXT() REPRESENTATION_CONTEXT('2D SPACE',''
  ) );
#5618 = PCURVE('',#3330,#5619);
#5619 = DEFINITIONAL_REPRESENTATION('',(#5620),#5624);
#5620 = LINE('',#5621,#5622);
#5621 = CARTESIAN_POINT('',(-9.15,-5.825));
#5622 = VECTOR('',#5623,1.);
#5623 = DIRECTION('',(0.,1.));
#5624 = ( GEOMETRIC_REPRESENTATION_CONTEXT(2) 
PARAMETRIC_REPRESENTATION_CONTEXT() REPRESENTATION_CONTEXT('2D SPACE',''
  ) );
#5625 = ORIENTED_EDGE('',*,*,#5626,.T.);
#5626 = EDGE_CURVE('',#5604,#5627,#5629,.T.);
#5627 = VERTEX_POINT('',#5628);
#5628 = CARTESIAN_POINT('',(-9.15,-13.15,11.2));
#5629 = SURFACE_CURVE('',#5630,(#5634,#5641),.PCURVE_S1.);
#5630 = LINE('',#5631,#5632);
#5631 = CARTESIAN_POINT('',(-9.15,-13.15,34.5));
#5632 = VECTOR('',#5633,1.);
#5633 = DIRECTION('',(0.,0.,-1.));
#5634 = PCURVE('',#5566,#5635);
#5635 = DEFINITIONAL_REPRESENTATION('',(#5636),#5640);
#5636 = LINE('',#5637,#5638);
#5637 = CARTESIAN_POINT('',(1.5,0.));
#5638 = VECTOR('',#5639,1.);
#5639 = DIRECTION('',(0.,1.));
#5640 = ( GEOMETRIC_REPRESENTATION_CONTEXT(2) 
PARAMETRIC_REPRESENTATION_CONTEXT() REPRESENTATION_CONTEXT('2D SPACE',''
  ) );
#5641 = PCURVE('',#5642,#5647);
#5642 = PLANE('',#5643);
#5643 = AXIS2_PLACEMENT_3D('',#5644,#5645,#5646);
#5644 = CARTESIAN_POINT('',(-9.15,-13.15,34.5));
#5645 = DIRECTION('',(0.,1.,0.));
#5646 = DIRECTION('',(1.,0.,0.));
#5647 = DEFINITIONAL_REPRESENTATION('',(#5648),#5652);
#5648 = LINE('',#5649,#5650);
#5649 = CARTESIAN_POINT('',(0.,0.));
#5650 = VECTOR('',#5651,1.);
#5651 = DIRECTION('',(0.,1.));
#5652 = ( GEOMETRIC_REPRESENTATION_CONTEXT(2) 
PARAMETRIC_REPRESENTATION_CONTEXT() REPRESENTATION_CONTEXT('2D SPACE',''
  ) );
#5653 = ORIENTED_EDGE('',*,*,#5654,.F.);
#5654 = EDGE_CURVE('',#5551,#5627,#5655,.T.);
#5655 = SURFACE_CURVE('',#5656,(#5660,#5667),.PCURVE_S1.);
#5656 = LINE('',#5657,#5658);
#5657 = CARTESIAN_POINT('',(-9.15,-16.4,11.2));
#5658 = VECTOR('',#5659,1.);
#5659 = DIRECTION('',(0.,-1.,0.));
#5660 = PCURVE('',#5566,#5661);
#5661 = DEFINITIONAL_REPRESENTATION('',(#5662),#5666);
#5662 = LINE('',#5663,#5664);
#5663 = CARTESIAN_POINT('',(4.75,23.3));
#5664 = VECTOR('',#5665,1.);
#5665 = DIRECTION('',(1.,0.));
#5666 = ( GEOMETRIC_REPRESENTATION_CONTEXT(2) 
PARAMETRIC_REPRESENTATION_CONTEXT() REPRESENTATION_CONTEXT('2D SPACE',''
  ) );
#5667 = PCURVE('',#5486,#5668);
#5668 = DEFINITIONAL_REPRESENTATION('',(#5669),#5673);
#5669 = LINE('',#5670,#5671);
#5670 = CARTESIAN_POINT('',(1.375,-2.975));
#5671 = VECTOR('',#5672,1.);
#5672 = DIRECTION('',(0.,-1.));
#5673 = ( GEOMETRIC_REPRESENTATION_CONTEXT(2) 
PARAMETRIC_REPRESENTATION_CONTEXT() REPRESENTATION_CONTEXT('2D SPACE',''
  ) );
#5674 = ORIENTED_EDGE('',*,*,#5550,.F.);
#5675 = ADVANCED_FACE('',(#5676),#5642,.T.);
#5676 = FACE_BOUND('',#5677,.T.);
#5677 = EDGE_LOOP('',(#5678,#5701,#5729,#5750));
#5678 = ORIENTED_EDGE('',*,*,#5679,.F.);
#5679 = EDGE_CURVE('',#5680,#5604,#5682,.T.);
#5680 = VERTEX_POINT('',#5681);
#5681 = CARTESIAN_POINT('',(-8.2,-13.15,34.));
#5682 = SURFACE_CURVE('',#5683,(#5687,#5694),.PCURVE_S1.);
#5683 = LINE('',#5684,#5685);
#5684 = CARTESIAN_POINT('',(-4.575,-13.15,34.));
#5685 = VECTOR('',#5686,1.);
#5686 = DIRECTION('',(-1.,0.,0.));
#5687 = PCURVE('',#5642,#5688);
#5688 = DEFINITIONAL_REPRESENTATION('',(#5689),#5693);
#5689 = LINE('',#5690,#5691);
#5690 = CARTESIAN_POINT('',(4.575,0.5));
#5691 = VECTOR('',#5692,1.);
#5692 = DIRECTION('',(-1.,0.));
#5693 = ( GEOMETRIC_REPRESENTATION_CONTEXT(2) 
PARAMETRIC_REPRESENTATION_CONTEXT() REPRESENTATION_CONTEXT('2D SPACE',''
  ) );
#5694 = PCURVE('',#3330,#5695);
#5695 = DEFINITIONAL_REPRESENTATION('',(#5696),#5700);
#5696 = LINE('',#5697,#5698);
#5697 = CARTESIAN_POINT('',(-4.575,-13.15));
#5698 = VECTOR('',#5699,1.);
#5699 = DIRECTION('',(-1.,0.));
#5700 = ( GEOMETRIC_REPRESENTATION_CONTEXT(2) 
PARAMETRIC_REPRESENTATION_CONTEXT() REPRESENTATION_CONTEXT('2D SPACE',''
  ) );
#5701 = ORIENTED_EDGE('',*,*,#5702,.T.);
#5702 = EDGE_CURVE('',#5680,#5703,#5705,.T.);
#5703 = VERTEX_POINT('',#5704);
#5704 = CARTESIAN_POINT('',(-8.2,-13.15,11.2));
#5705 = SURFACE_CURVE('',#5706,(#5710,#5717),.PCURVE_S1.);
#5706 = LINE('',#5707,#5708);
#5707 = CARTESIAN_POINT('',(-8.2,-13.15,34.5));
#5708 = VECTOR('',#5709,1.);
#5709 = DIRECTION('',(0.,0.,-1.));
#5710 = PCURVE('',#5642,#5711);
#5711 = DEFINITIONAL_REPRESENTATION('',(#5712),#5716);
#5712 = LINE('',#5713,#5714);
#5713 = CARTESIAN_POINT('',(0.95,0.));
#5714 = VECTOR('',#5715,1.);
#5715 = DIRECTION('',(0.,1.));
#5716 = ( GEOMETRIC_REPRESENTATION_CONTEXT(2) 
PARAMETRIC_REPRESENTATION_CONTEXT() REPRESENTATION_CONTEXT('2D SPACE',''
  ) );
#5717 = PCURVE('',#5718,#5723);
#5718 = PLANE('',#5719);
#5719 = AXIS2_PLACEMENT_3D('',#5720,#5721,#5722);
#5720 = CARTESIAN_POINT('',(-8.2,-13.15,34.5));
#5721 = DIRECTION('',(1.,0.,0.));
#5722 = DIRECTION('',(0.,-1.,0.));
#5723 = DEFINITIONAL_REPRESENTATION('',(#5724),#5728);
#5724 = LINE('',#5725,#5726);
#5725 = CARTESIAN_POINT('',(0.,0.));
#5726 = VECTOR('',#5727,1.);
#5727 = DIRECTION('',(0.,1.));
#5728 = ( GEOMETRIC_REPRESENTATION_CONTEXT(2) 
PARAMETRIC_REPRESENTATION_CONTEXT() REPRESENTATION_CONTEXT('2D SPACE',''
  ) );
#5729 = ORIENTED_EDGE('',*,*,#5730,.F.);
#5730 = EDGE_CURVE('',#5627,#5703,#5731,.T.);
#5731 = SURFACE_CURVE('',#5732,(#5736,#5743),.PCURVE_S1.);
#5732 = LINE('',#5733,#5734);
#5733 = CARTESIAN_POINT('',(-8.2,-13.15,11.2));
#5734 = VECTOR('',#5735,1.);
#5735 = DIRECTION('',(1.,0.,0.));
#5736 = PCURVE('',#5642,#5737);
#5737 = DEFINITIONAL_REPRESENTATION('',(#5738),#5742);
#5738 = LINE('',#5739,#5740);
#5739 = CARTESIAN_POINT('',(0.95,23.3));
#5740 = VECTOR('',#5741,1.);
#5741 = DIRECTION('',(1.,0.));
#5742 = ( GEOMETRIC_REPRESENTATION_CONTEXT(2) 
PARAMETRIC_REPRESENTATION_CONTEXT() REPRESENTATION_CONTEXT('2D SPACE',''
  ) );
#5743 = PCURVE('',#5486,#5744);
#5744 = DEFINITIONAL_REPRESENTATION('',(#5745),#5749);
#5745 = LINE('',#5746,#5747);
#5746 = CARTESIAN_POINT('',(0.425,0.275));
#5747 = VECTOR('',#5748,1.);
#5748 = DIRECTION('',(-1.,0.));
#5749 = ( GEOMETRIC_REPRESENTATION_CONTEXT(2) 
PARAMETRIC_REPRESENTATION_CONTEXT() REPRESENTATION_CONTEXT('2D SPACE',''
  ) );
#5750 = ORIENTED_EDGE('',*,*,#5626,.F.);
#5751 = ADVANCED_FACE('',(#5752),#5718,.T.);
#5752 = FACE_BOUND('',#5753,.T.);
#5753 = EDGE_LOOP('',(#5754,#5777,#5805,#5826));
#5754 = ORIENTED_EDGE('',*,*,#5755,.F.);
#5755 = EDGE_CURVE('',#5756,#5680,#5758,.T.);
#5756 = VERTEX_POINT('',#5757);
#5757 = CARTESIAN_POINT('',(-8.2,-14.8,34.));
#5758 = SURFACE_CURVE('',#5759,(#5763,#5770),.PCURVE_S1.);
#5759 = LINE('',#5760,#5761);
#5760 = CARTESIAN_POINT('',(-8.2,-6.575,34.));
#5761 = VECTOR('',#5762,1.);
#5762 = DIRECTION('',(0.,1.,0.));
#5763 = PCURVE('',#5718,#5764);
#5764 = DEFINITIONAL_REPRESENTATION('',(#5765),#5769);
#5765 = LINE('',#5766,#5767);
#5766 = CARTESIAN_POINT('',(-6.575,0.5));
#5767 = VECTOR('',#5768,1.);
#5768 = DIRECTION('',(-1.,0.));
#5769 = ( GEOMETRIC_REPRESENTATION_CONTEXT(2) 
PARAMETRIC_REPRESENTATION_CONTEXT() REPRESENTATION_CONTEXT('2D SPACE',''
  ) );
#5770 = PCURVE('',#3330,#5771);
#5771 = DEFINITIONAL_REPRESENTATION('',(#5772),#5776);
#5772 = LINE('',#5773,#5774);
#5773 = CARTESIAN_POINT('',(-8.2,-6.575));
#5774 = VECTOR('',#5775,1.);
#5775 = DIRECTION('',(0.,1.));
#5776 = ( GEOMETRIC_REPRESENTATION_CONTEXT(2) 
PARAMETRIC_REPRESENTATION_CONTEXT() REPRESENTATION_CONTEXT('2D SPACE',''
  ) );
#5777 = ORIENTED_EDGE('',*,*,#5778,.T.);
#5778 = EDGE_CURVE('',#5756,#5779,#5781,.T.);
#5779 = VERTEX_POINT('',#5780);
#5780 = CARTESIAN_POINT('',(-8.2,-14.8,11.2));
#5781 = SURFACE_CURVE('',#5782,(#5786,#5793),.PCURVE_S1.);
#5782 = LINE('',#5783,#5784);
#5783 = CARTESIAN_POINT('',(-8.2,-14.8,34.5));
#5784 = VECTOR('',#5785,1.);
#5785 = DIRECTION('',(0.,0.,-1.));
#5786 = PCURVE('',#5718,#5787);
#5787 = DEFINITIONAL_REPRESENTATION('',(#5788),#5792);
#5788 = LINE('',#5789,#5790);
#5789 = CARTESIAN_POINT('',(1.65,0.));
#5790 = VECTOR('',#5791,1.);
#5791 = DIRECTION('',(0.,1.));
#5792 = ( GEOMETRIC_REPRESENTATION_CONTEXT(2) 
PARAMETRIC_REPRESENTATION_CONTEXT() REPRESENTATION_CONTEXT('2D SPACE',''
  ) );
#5793 = PCURVE('',#5794,#5799);
#5794 = PLANE('',#5795);
#5795 = AXIS2_PLACEMENT_3D('',#5796,#5797,#5798);
#5796 = CARTESIAN_POINT('',(-8.2,-14.8,34.5));
#5797 = DIRECTION('',(0.,1.,0.));
#5798 = DIRECTION('',(1.,0.,0.));
#5799 = DEFINITIONAL_REPRESENTATION('',(#5800),#5804);
#5800 = LINE('',#5801,#5802);
#5801 = CARTESIAN_POINT('',(0.,0.));
#5802 = VECTOR('',#5803,1.);
#5803 = DIRECTION('',(0.,1.));
#5804 = ( GEOMETRIC_REPRESENTATION_CONTEXT(2) 
PARAMETRIC_REPRESENTATION_CONTEXT() REPRESENTATION_CONTEXT('2D SPACE',''
  ) );
#5805 = ORIENTED_EDGE('',*,*,#5806,.F.);
#5806 = EDGE_CURVE('',#5703,#5779,#5807,.T.);
#5807 = SURFACE_CURVE('',#5808,(#5812,#5819),.PCURVE_S1.);
#5808 = LINE('',#5809,#5810);
#5809 = CARTESIAN_POINT('',(-8.2,-16.4,11.2));
#5810 = VECTOR('',#5811,1.);
#5811 = DIRECTION('',(0.,-1.,0.));
#5812 = PCURVE('',#5718,#5813);
#5813 = DEFINITIONAL_REPRESENTATION('',(#5814),#5818);
#5814 = LINE('',#5815,#5816);
#5815 = CARTESIAN_POINT('',(3.25,23.3));
#5816 = VECTOR('',#5817,1.);
#5817 = DIRECTION('',(1.,0.));
#5818 = ( GEOMETRIC_REPRESENTATION_CONTEXT(2) 
PARAMETRIC_REPRESENTATION_CONTEXT() REPRESENTATION_CONTEXT('2D SPACE',''
  ) );
#5819 = PCURVE('',#5486,#5820);
#5820 = DEFINITIONAL_REPRESENTATION('',(#5821),#5825);
#5821 = LINE('',#5822,#5823);
#5822 = CARTESIAN_POINT('',(0.425,-2.975));
#5823 = VECTOR('',#5824,1.);
#5824 = DIRECTION('',(0.,-1.));
#5825 = ( GEOMETRIC_REPRESENTATION_CONTEXT(2) 
PARAMETRIC_REPRESENTATION_CONTEXT() REPRESENTATION_CONTEXT('2D SPACE',''
  ) );
#5826 = ORIENTED_EDGE('',*,*,#5702,.F.);
#5827 = ADVANCED_FACE('',(#5828),#5512,.T.);
#5828 = FACE_BOUND('',#5829,.T.);
#5829 = EDGE_LOOP('',(#5830,#5853,#5854,#5877));
#5830 = ORIENTED_EDGE('',*,*,#5831,.F.);
#5831 = EDGE_CURVE('',#5415,#5832,#5834,.T.);
#5832 = VERTEX_POINT('',#5833);
#5833 = CARTESIAN_POINT('',(-11.65,-10.45,34.));
#5834 = SURFACE_CURVE('',#5835,(#5839,#5846),.PCURVE_S1.);
#5835 = LINE('',#5836,#5837);
#5836 = CARTESIAN_POINT('',(-5.825,-10.45,34.));
#5837 = VECTOR('',#5838,1.);
#5838 = DIRECTION('',(-1.,0.,0.));
#5839 = PCURVE('',#5512,#5840);
#5840 = DEFINITIONAL_REPRESENTATION('',(#5841),#5845);
#5841 = LINE('',#5842,#5843);
#5842 = CARTESIAN_POINT('',(5.825,0.5));
#5843 = VECTOR('',#5844,1.);
#5844 = DIRECTION('',(-1.,0.));
#5845 = ( GEOMETRIC_REPRESENTATION_CONTEXT(2) 
PARAMETRIC_REPRESENTATION_CONTEXT() REPRESENTATION_CONTEXT('2D SPACE',''
  ) );
#5846 = PCURVE('',#3330,#5847);
#5847 = DEFINITIONAL_REPRESENTATION('',(#5848),#5852);
#5848 = LINE('',#5849,#5850);
#5849 = CARTESIAN_POINT('',(-5.825,-10.45));
#5850 = VECTOR('',#5851,1.);
#5851 = DIRECTION('',(-1.,0.));
#5852 = ( GEOMETRIC_REPRESENTATION_CONTEXT(2) 
PARAMETRIC_REPRESENTATION_CONTEXT() REPRESENTATION_CONTEXT('2D SPACE',''
  ) );
#5853 = ORIENTED_EDGE('',*,*,#5498,.T.);
#5854 = ORIENTED_EDGE('',*,*,#5855,.F.);
#5855 = EDGE_CURVE('',#5856,#5471,#5858,.T.);
#5856 = VERTEX_POINT('',#5857);
#5857 = CARTESIAN_POINT('',(-11.65,-10.45,11.2));
#5858 = SURFACE_CURVE('',#5859,(#5863,#5870),.PCURVE_S1.);
#5859 = LINE('',#5860,#5861);
#5860 = CARTESIAN_POINT('',(-8.7,-10.45,11.2));
#5861 = VECTOR('',#5862,1.);
#5862 = DIRECTION('',(1.,0.,0.));
#5863 = PCURVE('',#5512,#5864);
#5864 = DEFINITIONAL_REPRESENTATION('',(#5865),#5869);
#5865 = LINE('',#5866,#5867);
#5866 = CARTESIAN_POINT('',(2.95,23.3));
#5867 = VECTOR('',#5868,1.);
#5868 = DIRECTION('',(1.,0.));
#5869 = ( GEOMETRIC_REPRESENTATION_CONTEXT(2) 
PARAMETRIC_REPRESENTATION_CONTEXT() REPRESENTATION_CONTEXT('2D SPACE',''
  ) );
#5870 = PCURVE('',#5486,#5871);
#5871 = DEFINITIONAL_REPRESENTATION('',(#5872),#5876);
#5872 = LINE('',#5873,#5874);
#5873 = CARTESIAN_POINT('',(0.925,2.975));
#5874 = VECTOR('',#5875,1.);
#5875 = DIRECTION('',(-1.,0.));
#5876 = ( GEOMETRIC_REPRESENTATION_CONTEXT(2) 
PARAMETRIC_REPRESENTATION_CONTEXT() REPRESENTATION_CONTEXT('2D SPACE',''
  ) );
#5877 = ORIENTED_EDGE('',*,*,#5878,.F.);
#5878 = EDGE_CURVE('',#5832,#5856,#5879,.T.);
#5879 = SURFACE_CURVE('',#5880,(#5884,#5891),.PCURVE_S1.);
#5880 = LINE('',#5881,#5882);
#5881 = CARTESIAN_POINT('',(-11.65,-10.45,34.5));
#5882 = VECTOR('',#5883,1.);
#5883 = DIRECTION('',(0.,0.,-1.));
#5884 = PCURVE('',#5512,#5885);
#5885 = DEFINITIONAL_REPRESENTATION('',(#5886),#5890);
#5886 = LINE('',#5887,#5888);
#5887 = CARTESIAN_POINT('',(0.,0.));
#5888 = VECTOR('',#5889,1.);
#5889 = DIRECTION('',(0.,1.));
#5890 = ( GEOMETRIC_REPRESENTATION_CONTEXT(2) 
PARAMETRIC_REPRESENTATION_CONTEXT() REPRESENTATION_CONTEXT('2D SPACE',''
  ) );
#5891 = PCURVE('',#5892,#5897);
#5892 = PLANE('',#5893);
#5893 = AXIS2_PLACEMENT_3D('',#5894,#5895,#5896);
#5894 = CARTESIAN_POINT('',(-11.65,-16.4,34.5));
#5895 = DIRECTION('',(-1.,0.,0.));
#5896 = DIRECTION('',(0.,1.,0.));
#5897 = DEFINITIONAL_REPRESENTATION('',(#5898),#5902);
#5898 = LINE('',#5899,#5900);
#5899 = CARTESIAN_POINT('',(5.95,0.));
#5900 = VECTOR('',#5901,1.);
#5901 = DIRECTION('',(0.,1.));
#5902 = ( GEOMETRIC_REPRESENTATION_CONTEXT(2) 
PARAMETRIC_REPRESENTATION_CONTEXT() REPRESENTATION_CONTEXT('2D SPACE',''
  ) );
#5903 = ADVANCED_FACE('',(#5904),#5892,.T.);
#5904 = FACE_BOUND('',#5905,.T.);
#5905 = EDGE_LOOP('',(#5906,#5929,#5930,#5953));
#5906 = ORIENTED_EDGE('',*,*,#5907,.F.);
#5907 = EDGE_CURVE('',#5832,#5908,#5910,.T.);
#5908 = VERTEX_POINT('',#5909);
#5909 = CARTESIAN_POINT('',(-11.65,-16.4,34.));
#5910 = SURFACE_CURVE('',#5911,(#5915,#5922),.PCURVE_S1.);
#5911 = LINE('',#5912,#5913);
#5912 = CARTESIAN_POINT('',(-11.65,-8.2,34.));
#5913 = VECTOR('',#5914,1.);
#5914 = DIRECTION('',(0.,-1.,0.));
#5915 = PCURVE('',#5892,#5916);
#5916 = DEFINITIONAL_REPRESENTATION('',(#5917),#5921);
#5917 = LINE('',#5918,#5919);
#5918 = CARTESIAN_POINT('',(8.2,0.5));
#5919 = VECTOR('',#5920,1.);
#5920 = DIRECTION('',(-1.,0.));
#5921 = ( GEOMETRIC_REPRESENTATION_CONTEXT(2) 
PARAMETRIC_REPRESENTATION_CONTEXT() REPRESENTATION_CONTEXT('2D SPACE',''
  ) );
#5922 = PCURVE('',#3330,#5923);
#5923 = DEFINITIONAL_REPRESENTATION('',(#5924),#5928);
#5924 = LINE('',#5925,#5926);
#5925 = CARTESIAN_POINT('',(-11.65,-8.2));
#5926 = VECTOR('',#5927,1.);
#5927 = DIRECTION('',(0.,-1.));
#5928 = ( GEOMETRIC_REPRESENTATION_CONTEXT(2) 
PARAMETRIC_REPRESENTATION_CONTEXT() REPRESENTATION_CONTEXT('2D SPACE',''
  ) );
#5929 = ORIENTED_EDGE('',*,*,#5878,.T.);
#5930 = ORIENTED_EDGE('',*,*,#5931,.F.);
#5931 = EDGE_CURVE('',#5932,#5856,#5934,.T.);
#5932 = VERTEX_POINT('',#5933);
#5933 = CARTESIAN_POINT('',(-11.65,-16.4,11.2));
#5934 = SURFACE_CURVE('',#5935,(#5939,#5946),.PCURVE_S1.);
#5935 = LINE('',#5936,#5937);
#5936 = CARTESIAN_POINT('',(-11.65,-10.45,11.2));
#5937 = VECTOR('',#5938,1.);
#5938 = DIRECTION('',(0.,1.,0.));
#5939 = PCURVE('',#5892,#5940);
#5940 = DEFINITIONAL_REPRESENTATION('',(#5941),#5945);
#5941 = LINE('',#5942,#5943);
#5942 = CARTESIAN_POINT('',(5.95,23.3));
#5943 = VECTOR('',#5944,1.);
#5944 = DIRECTION('',(1.,0.));
#5945 = ( GEOMETRIC_REPRESENTATION_CONTEXT(2) 
PARAMETRIC_REPRESENTATION_CONTEXT() REPRESENTATION_CONTEXT('2D SPACE',''
  ) );
#5946 = PCURVE('',#5486,#5947);
#5947 = DEFINITIONAL_REPRESENTATION('',(#5948),#5952);
#5948 = LINE('',#5949,#5950);
#5949 = CARTESIAN_POINT('',(3.875,2.975));
#5950 = VECTOR('',#5951,1.);
#5951 = DIRECTION('',(0.,1.));
#5952 = ( GEOMETRIC_REPRESENTATION_CONTEXT(2) 
PARAMETRIC_REPRESENTATION_CONTEXT() REPRESENTATION_CONTEXT('2D SPACE',''
  ) );
#5953 = ORIENTED_EDGE('',*,*,#5954,.F.);
#5954 = EDGE_CURVE('',#5908,#5932,#5955,.T.);
#5955 = SURFACE_CURVE('',#5956,(#5960,#5967),.PCURVE_S1.);
#5956 = LINE('',#5957,#5958);
#5957 = CARTESIAN_POINT('',(-11.65,-16.4,34.5));
#5958 = VECTOR('',#5959,1.);
#5959 = DIRECTION('',(0.,0.,-1.));
#5960 = PCURVE('',#5892,#5961);
#5961 = DEFINITIONAL_REPRESENTATION('',(#5962),#5966);
#5962 = LINE('',#5963,#5964);
#5963 = CARTESIAN_POINT('',(0.,0.));
#5964 = VECTOR('',#5965,1.);
#5965 = DIRECTION('',(0.,1.));
#5966 = ( GEOMETRIC_REPRESENTATION_CONTEXT(2) 
PARAMETRIC_REPRESENTATION_CONTEXT() REPRESENTATION_CONTEXT('2D SPACE',''
  ) );
#5967 = PCURVE('',#5968,#5973);
#5968 = PLANE('',#5969);
#5969 = AXIS2_PLACEMENT_3D('',#5970,#5971,#5972);
#5970 = CARTESIAN_POINT('',(-3.9,-16.4,34.5));
#5971 = DIRECTION('',(0.,-1.,0.));
#5972 = DIRECTION('',(-1.,0.,0.));
#5973 = DEFINITIONAL_REPRESENTATION('',(#5974),#5978);
#5974 = LINE('',#5975,#5976);
#5975 = CARTESIAN_POINT('',(7.75,0.));
#5976 = VECTOR('',#5977,1.);
#5977 = DIRECTION('',(0.,1.));
#5978 = ( GEOMETRIC_REPRESENTATION_CONTEXT(2) 
PARAMETRIC_REPRESENTATION_CONTEXT() REPRESENTATION_CONTEXT('2D SPACE',''
  ) );
#5979 = ADVANCED_FACE('',(#5980),#5968,.T.);
#5980 = FACE_BOUND('',#5981,.T.);
#5981 = EDGE_LOOP('',(#5982,#6005,#6006,#6029));
#5982 = ORIENTED_EDGE('',*,*,#5983,.F.);
#5983 = EDGE_CURVE('',#5908,#5984,#5986,.T.);
#5984 = VERTEX_POINT('',#5985);
#5985 = CARTESIAN_POINT('',(-3.9,-16.4,34.));
#5986 = SURFACE_CURVE('',#5987,(#5991,#5998),.PCURVE_S1.);
#5987 = LINE('',#5988,#5989);
#5988 = CARTESIAN_POINT('',(-1.95,-16.4,34.));
#5989 = VECTOR('',#5990,1.);
#5990 = DIRECTION('',(1.,0.,0.));
#5991 = PCURVE('',#5968,#5992);
#5992 = DEFINITIONAL_REPRESENTATION('',(#5993),#5997);
#5993 = LINE('',#5994,#5995);
#5994 = CARTESIAN_POINT('',(-1.95,0.5));
#5995 = VECTOR('',#5996,1.);
#5996 = DIRECTION('',(-1.,-0.));
#5997 = ( GEOMETRIC_REPRESENTATION_CONTEXT(2) 
PARAMETRIC_REPRESENTATION_CONTEXT() REPRESENTATION_CONTEXT('2D SPACE',''
  ) );
#5998 = PCURVE('',#3330,#5999);
#5999 = DEFINITIONAL_REPRESENTATION('',(#6000),#6004);
#6000 = LINE('',#6001,#6002);
#6001 = CARTESIAN_POINT('',(-1.95,-16.4));
#6002 = VECTOR('',#6003,1.);
#6003 = DIRECTION('',(1.,0.));
#6004 = ( GEOMETRIC_REPRESENTATION_CONTEXT(2) 
PARAMETRIC_REPRESENTATION_CONTEXT() REPRESENTATION_CONTEXT('2D SPACE',''
  ) );
#6005 = ORIENTED_EDGE('',*,*,#5954,.T.);
#6006 = ORIENTED_EDGE('',*,*,#6007,.F.);
#6007 = EDGE_CURVE('',#6008,#5932,#6010,.T.);
#6008 = VERTEX_POINT('',#6009);
#6009 = CARTESIAN_POINT('',(-3.9,-16.4,11.2));
#6010 = SURFACE_CURVE('',#6011,(#6015,#6022),.PCURVE_S1.);
#6011 = LINE('',#6012,#6013);
#6012 = CARTESIAN_POINT('',(-11.65,-16.4,11.2));
#6013 = VECTOR('',#6014,1.);
#6014 = DIRECTION('',(-1.,0.,0.));
#6015 = PCURVE('',#5968,#6016);
#6016 = DEFINITIONAL_REPRESENTATION('',(#6017),#6021);
#6017 = LINE('',#6018,#6019);
#6018 = CARTESIAN_POINT('',(7.75,23.3));
#6019 = VECTOR('',#6020,1.);
#6020 = DIRECTION('',(1.,0.));
#6021 = ( GEOMETRIC_REPRESENTATION_CONTEXT(2) 
PARAMETRIC_REPRESENTATION_CONTEXT() REPRESENTATION_CONTEXT('2D SPACE',''
  ) );
#6022 = PCURVE('',#5486,#6023);
#6023 = DEFINITIONAL_REPRESENTATION('',(#6024),#6028);
#6024 = LINE('',#6025,#6026);
#6025 = CARTESIAN_POINT('',(3.875,-2.975));
#6026 = VECTOR('',#6027,1.);
#6027 = DIRECTION('',(1.,0.));
#6028 = ( GEOMETRIC_REPRESENTATION_CONTEXT(2) 
PARAMETRIC_REPRESENTATION_CONTEXT() REPRESENTATION_CONTEXT('2D SPACE',''
  ) );
#6029 = ORIENTED_EDGE('',*,*,#6030,.F.);
#6030 = EDGE_CURVE('',#5984,#6008,#6031,.T.);
#6031 = SURFACE_CURVE('',#6032,(#6036,#6043),.PCURVE_S1.);
#6032 = LINE('',#6033,#6034);
#6033 = CARTESIAN_POINT('',(-3.9,-16.4,34.5));
#6034 = VECTOR('',#6035,1.);
#6035 = DIRECTION('',(0.,0.,-1.));
#6036 = PCURVE('',#5968,#6037);
#6037 = DEFINITIONAL_REPRESENTATION('',(#6038),#6042);
#6038 = LINE('',#6039,#6040);
#6039 = CARTESIAN_POINT('',(0.,-0.));
#6040 = VECTOR('',#6041,1.);
#6041 = DIRECTION('',(0.,1.));
#6042 = ( GEOMETRIC_REPRESENTATION_CONTEXT(2) 
PARAMETRIC_REPRESENTATION_CONTEXT() REPRESENTATION_CONTEXT('2D SPACE',''
  ) );
#6043 = PCURVE('',#6044,#6049);
#6044 = PLANE('',#6045);
#6045 = AXIS2_PLACEMENT_3D('',#6046,#6047,#6048);
#6046 = CARTESIAN_POINT('',(-3.9,-14.8,34.5));
#6047 = DIRECTION('',(1.,0.,0.));
#6048 = DIRECTION('',(0.,-1.,0.));
#6049 = DEFINITIONAL_REPRESENTATION('',(#6050),#6054);
#6050 = LINE('',#6051,#6052);
#6051 = CARTESIAN_POINT('',(1.6,0.));
#6052 = VECTOR('',#6053,1.);
#6053 = DIRECTION('',(0.,1.));
#6054 = ( GEOMETRIC_REPRESENTATION_CONTEXT(2) 
PARAMETRIC_REPRESENTATION_CONTEXT() REPRESENTATION_CONTEXT('2D SPACE',''
  ) );
#6055 = ADVANCED_FACE('',(#6056),#6044,.T.);
#6056 = FACE_BOUND('',#6057,.T.);
#6057 = EDGE_LOOP('',(#6058,#6081,#6082,#6105));
#6058 = ORIENTED_EDGE('',*,*,#6059,.F.);
#6059 = EDGE_CURVE('',#5984,#6060,#6062,.T.);
#6060 = VERTEX_POINT('',#6061);
#6061 = CARTESIAN_POINT('',(-3.9,-14.8,34.));
#6062 = SURFACE_CURVE('',#6063,(#6067,#6074),.PCURVE_S1.);
#6063 = LINE('',#6064,#6065);
#6064 = CARTESIAN_POINT('',(-3.9,-7.4,34.));
#6065 = VECTOR('',#6066,1.);
#6066 = DIRECTION('',(0.,1.,0.));
#6067 = PCURVE('',#6044,#6068);
#6068 = DEFINITIONAL_REPRESENTATION('',(#6069),#6073);
#6069 = LINE('',#6070,#6071);
#6070 = CARTESIAN_POINT('',(-7.4,0.5));
#6071 = VECTOR('',#6072,1.);
#6072 = DIRECTION('',(-1.,0.));
#6073 = ( GEOMETRIC_REPRESENTATION_CONTEXT(2) 
PARAMETRIC_REPRESENTATION_CONTEXT() REPRESENTATION_CONTEXT('2D SPACE',''
  ) );
#6074 = PCURVE('',#3330,#6075);
#6075 = DEFINITIONAL_REPRESENTATION('',(#6076),#6080);
#6076 = LINE('',#6077,#6078);
#6077 = CARTESIAN_POINT('',(-3.9,-7.4));
#6078 = VECTOR('',#6079,1.);
#6079 = DIRECTION('',(0.,1.));
#6080 = ( GEOMETRIC_REPRESENTATION_CONTEXT(2) 
PARAMETRIC_REPRESENTATION_CONTEXT() REPRESENTATION_CONTEXT('2D SPACE',''
  ) );
#6081 = ORIENTED_EDGE('',*,*,#6030,.T.);
#6082 = ORIENTED_EDGE('',*,*,#6083,.F.);
#6083 = EDGE_CURVE('',#6084,#6008,#6086,.T.);
#6084 = VERTEX_POINT('',#6085);
#6085 = CARTESIAN_POINT('',(-3.9,-14.8,11.2));
#6086 = SURFACE_CURVE('',#6087,(#6091,#6098),.PCURVE_S1.);
#6087 = LINE('',#6088,#6089);
#6088 = CARTESIAN_POINT('',(-3.9,-16.4,11.2));
#6089 = VECTOR('',#6090,1.);
#6090 = DIRECTION('',(0.,-1.,0.));
#6091 = PCURVE('',#6044,#6092);
#6092 = DEFINITIONAL_REPRESENTATION('',(#6093),#6097);
#6093 = LINE('',#6094,#6095);
#6094 = CARTESIAN_POINT('',(1.6,23.3));
#6095 = VECTOR('',#6096,1.);
#6096 = DIRECTION('',(1.,0.));
#6097 = ( GEOMETRIC_REPRESENTATION_CONTEXT(2) 
PARAMETRIC_REPRESENTATION_CONTEXT() REPRESENTATION_CONTEXT('2D SPACE',''
  ) );
#6098 = PCURVE('',#5486,#6099);
#6099 = DEFINITIONAL_REPRESENTATION('',(#6100),#6104);
#6100 = LINE('',#6101,#6102);
#6101 = CARTESIAN_POINT('',(-3.875,-2.975));
#6102 = VECTOR('',#6103,1.);
#6103 = DIRECTION('',(0.,-1.));
#6104 = ( GEOMETRIC_REPRESENTATION_CONTEXT(2) 
PARAMETRIC_REPRESENTATION_CONTEXT() REPRESENTATION_CONTEXT('2D SPACE',''
  ) );
#6105 = ORIENTED_EDGE('',*,*,#6106,.F.);
#6106 = EDGE_CURVE('',#6060,#6084,#6107,.T.);
#6107 = SURFACE_CURVE('',#6108,(#6112,#6119),.PCURVE_S1.);
#6108 = LINE('',#6109,#6110);
#6109 = CARTESIAN_POINT('',(-3.9,-14.8,34.5));
#6110 = VECTOR('',#6111,1.);
#6111 = DIRECTION('',(0.,0.,-1.));
#6112 = PCURVE('',#6044,#6113);
#6113 = DEFINITIONAL_REPRESENTATION('',(#6114),#6118);
#6114 = LINE('',#6115,#6116);
#6115 = CARTESIAN_POINT('',(0.,0.));
#6116 = VECTOR('',#6117,1.);
#6117 = DIRECTION('',(0.,1.));
#6118 = ( GEOMETRIC_REPRESENTATION_CONTEXT(2) 
PARAMETRIC_REPRESENTATION_CONTEXT() REPRESENTATION_CONTEXT('2D SPACE',''
  ) );
#6119 = PCURVE('',#5794,#6120);
#6120 = DEFINITIONAL_REPRESENTATION('',(#6121),#6125);
#6121 = LINE('',#6122,#6123);
#6122 = CARTESIAN_POINT('',(4.3,0.));
#6123 = VECTOR('',#6124,1.);
#6124 = DIRECTION('',(0.,1.));
#6125 = ( GEOMETRIC_REPRESENTATION_CONTEXT(2) 
PARAMETRIC_REPRESENTATION_CONTEXT() REPRESENTATION_CONTEXT('2D SPACE',''
  ) );
#6126 = ADVANCED_FACE('',(#6127),#5794,.T.);
#6127 = FACE_BOUND('',#6128,.T.);
#6128 = EDGE_LOOP('',(#6129,#6150,#6151,#6172));
#6129 = ORIENTED_EDGE('',*,*,#6130,.F.);
#6130 = EDGE_CURVE('',#6060,#5756,#6131,.T.);
#6131 = SURFACE_CURVE('',#6132,(#6136,#6143),.PCURVE_S1.);
#6132 = LINE('',#6133,#6134);
#6133 = CARTESIAN_POINT('',(-4.1,-14.8,34.));
#6134 = VECTOR('',#6135,1.);
#6135 = DIRECTION('',(-1.,0.,0.));
#6136 = PCURVE('',#5794,#6137);
#6137 = DEFINITIONAL_REPRESENTATION('',(#6138),#6142);
#6138 = LINE('',#6139,#6140);
#6139 = CARTESIAN_POINT('',(4.1,0.5));
#6140 = VECTOR('',#6141,1.);
#6141 = DIRECTION('',(-1.,0.));
#6142 = ( GEOMETRIC_REPRESENTATION_CONTEXT(2) 
PARAMETRIC_REPRESENTATION_CONTEXT() REPRESENTATION_CONTEXT('2D SPACE',''
  ) );
#6143 = PCURVE('',#3330,#6144);
#6144 = DEFINITIONAL_REPRESENTATION('',(#6145),#6149);
#6145 = LINE('',#6146,#6147);
#6146 = CARTESIAN_POINT('',(-4.1,-14.8));
#6147 = VECTOR('',#6148,1.);
#6148 = DIRECTION('',(-1.,0.));
#6149 = ( GEOMETRIC_REPRESENTATION_CONTEXT(2) 
PARAMETRIC_REPRESENTATION_CONTEXT() REPRESENTATION_CONTEXT('2D SPACE',''
  ) );
#6150 = ORIENTED_EDGE('',*,*,#6106,.T.);
#6151 = ORIENTED_EDGE('',*,*,#6152,.F.);
#6152 = EDGE_CURVE('',#5779,#6084,#6153,.T.);
#6153 = SURFACE_CURVE('',#6154,(#6158,#6165),.PCURVE_S1.);
#6154 = LINE('',#6155,#6156);
#6155 = CARTESIAN_POINT('',(-3.9,-14.8,11.2));
#6156 = VECTOR('',#6157,1.);
#6157 = DIRECTION('',(1.,0.,0.));
#6158 = PCURVE('',#5794,#6159);
#6159 = DEFINITIONAL_REPRESENTATION('',(#6160),#6164);
#6160 = LINE('',#6161,#6162);
#6161 = CARTESIAN_POINT('',(4.3,23.3));
#6162 = VECTOR('',#6163,1.);
#6163 = DIRECTION('',(1.,0.));
#6164 = ( GEOMETRIC_REPRESENTATION_CONTEXT(2) 
PARAMETRIC_REPRESENTATION_CONTEXT() REPRESENTATION_CONTEXT('2D SPACE',''
  ) );
#6165 = PCURVE('',#5486,#6166);
#6166 = DEFINITIONAL_REPRESENTATION('',(#6167),#6171);
#6167 = LINE('',#6168,#6169);
#6168 = CARTESIAN_POINT('',(-3.875,-1.375));
#6169 = VECTOR('',#6170,1.);
#6170 = DIRECTION('',(-1.,0.));
#6171 = ( GEOMETRIC_REPRESENTATION_CONTEXT(2) 
PARAMETRIC_REPRESENTATION_CONTEXT() REPRESENTATION_CONTEXT('2D SPACE',''
  ) );
#6172 = ORIENTED_EDGE('',*,*,#5778,.F.);
#6173 = ADVANCED_FACE('',(#6174),#5486,.T.);
#6174 = FACE_BOUND('',#6175,.T.);
#6175 = EDGE_LOOP('',(#6176,#6177,#6178,#6179,#6180,#6181,#6182,#6183,
    #6184,#6185));
#6176 = ORIENTED_EDGE('',*,*,#6152,.T.);
#6177 = ORIENTED_EDGE('',*,*,#6083,.T.);
#6178 = ORIENTED_EDGE('',*,*,#6007,.T.);
#6179 = ORIENTED_EDGE('',*,*,#5931,.T.);
#6180 = ORIENTED_EDGE('',*,*,#5855,.T.);
#6181 = ORIENTED_EDGE('',*,*,#5470,.T.);
#6182 = ORIENTED_EDGE('',*,*,#5578,.T.);
#6183 = ORIENTED_EDGE('',*,*,#5654,.T.);
#6184 = ORIENTED_EDGE('',*,*,#5730,.T.);
#6185 = ORIENTED_EDGE('',*,*,#5806,.T.);
#6186 = ADVANCED_FACE('',(#6187),#6200,.T.);
#6187 = FACE_BOUND('',#6188,.T.);
#6188 = EDGE_LOOP('',(#6189,#6227,#6250,#6277));
#6189 = ORIENTED_EDGE('',*,*,#6190,.F.);
#6190 = EDGE_CURVE('',#6191,#6191,#6193,.T.);
#6191 = VERTEX_POINT('',#6192);
#6192 = CARTESIAN_POINT('',(-16.48223948547,8.65,7.));
#6193 = SURFACE_CURVE('',#6194,(#6199,#6211),.PCURVE_S1.);
#6194 = CIRCLE('',#6195,1.5);
#6195 = AXIS2_PLACEMENT_3D('',#6196,#6197,#6198);
#6196 = CARTESIAN_POINT('',(-14.98223948547,8.65,7.));
#6197 = DIRECTION('',(0.,0.,-1.));
#6198 = DIRECTION('',(1.,0.,0.));
#6199 = PCURVE('',#6200,#6205);
#6200 = CYLINDRICAL_SURFACE('',#6201,1.5);
#6201 = AXIS2_PLACEMENT_3D('',#6202,#6203,#6204);
#6202 = CARTESIAN_POINT('',(-14.98223948547,8.65,8.6));
#6203 = DIRECTION('',(0.,0.,-1.));
#6204 = DIRECTION('',(1.,0.,0.));
#6205 = DEFINITIONAL_REPRESENTATION('',(#6206),#6210);
#6206 = LINE('',#6207,#6208);
#6207 = CARTESIAN_POINT('',(-6.28318530718,1.6));
#6208 = VECTOR('',#6209,1.);
#6209 = DIRECTION('',(1.,0.));
#6210 = ( GEOMETRIC_REPRESENTATION_CONTEXT(2) 
PARAMETRIC_REPRESENTATION_CONTEXT() REPRESENTATION_CONTEXT('2D SPACE',''
  ) );
#6211 = PCURVE('',#6212,#6217);
#6212 = PLANE('',#6213);
#6213 = AXIS2_PLACEMENT_3D('',#6214,#6215,#6216);
#6214 = CARTESIAN_POINT('',(-14.98223948547,8.65,7.));
#6215 = DIRECTION('',(0.,0.,1.));
#6216 = DIRECTION('',(1.,0.,-0.));
#6217 = DEFINITIONAL_REPRESENTATION('',(#6218),#6226);
#6218 = ( BOUNDED_CURVE() B_SPLINE_CURVE(2,(#6219,#6220,#6221,#6222,
#6223,#6224,#6225),.UNSPECIFIED.,.T.,.F.) B_SPLINE_CURVE_WITH_KNOTS((1,2
    ,2,2,2,1),(-2.094395102393,0.,2.094395102393,4.188790204786,
6.28318530718,8.377580409573),.UNSPECIFIED.) CURVE() 
GEOMETRIC_REPRESENTATION_ITEM() RATIONAL_B_SPLINE_CURVE((1.,0.5,1.,0.5,
1.,0.5,1.)) REPRESENTATION_ITEM('') );
#6219 = CARTESIAN_POINT('',(1.5,0.));
#6220 = CARTESIAN_POINT('',(1.5,-2.598076211353));
#6221 = CARTESIAN_POINT('',(-0.75,-1.299038105677));
#6222 = CARTESIAN_POINT('',(-3.,-3.673940397442E-16));
#6223 = CARTESIAN_POINT('',(-0.75,1.299038105677));
#6224 = CARTESIAN_POINT('',(1.5,2.598076211353));
#6225 = CARTESIAN_POINT('',(1.5,0.));
#6226 = ( GEOMETRIC_REPRESENTATION_CONTEXT(2) 
PARAMETRIC_REPRESENTATION_CONTEXT() REPRESENTATION_CONTEXT('2D SPACE',''
  ) );
#6227 = ORIENTED_EDGE('',*,*,#6228,.T.);
#6228 = EDGE_CURVE('',#6191,#6229,#6231,.T.);
#6229 = VERTEX_POINT('',#6230);
#6230 = CARTESIAN_POINT('',(-16.48223948547,8.65,8.6));
#6231 = SEAM_CURVE('',#6232,(#6236,#6243),.PCURVE_S1.);
#6232 = LINE('',#6233,#6234);
#6233 = CARTESIAN_POINT('',(-16.48223948547,8.65,8.6));
#6234 = VECTOR('',#6235,1.);
#6235 = DIRECTION('',(0.,0.,1.));
#6236 = PCURVE('',#6200,#6237);
#6237 = DEFINITIONAL_REPRESENTATION('',(#6238),#6242);
#6238 = LINE('',#6239,#6240);
#6239 = CARTESIAN_POINT('',(-3.14159265359,0.));
#6240 = VECTOR('',#6241,1.);
#6241 = DIRECTION('',(0.,-1.));
#6242 = ( GEOMETRIC_REPRESENTATION_CONTEXT(2) 
PARAMETRIC_REPRESENTATION_CONTEXT() REPRESENTATION_CONTEXT('2D SPACE',''
  ) );
#6243 = PCURVE('',#6200,#6244);
#6244 = DEFINITIONAL_REPRESENTATION('',(#6245),#6249);
#6245 = LINE('',#6246,#6247);
#6246 = CARTESIAN_POINT('',(3.14159265359,0.));
#6247 = VECTOR('',#6248,1.);
#6248 = DIRECTION('',(0.,-1.));
#6249 = ( GEOMETRIC_REPRESENTATION_CONTEXT(2) 
PARAMETRIC_REPRESENTATION_CONTEXT() REPRESENTATION_CONTEXT('2D SPACE',''
  ) );
#6250 = ORIENTED_EDGE('',*,*,#6251,.F.);
#6251 = EDGE_CURVE('',#6229,#6229,#6252,.T.);
#6252 = SURFACE_CURVE('',#6253,(#6258,#6265),.PCURVE_S1.);
#6253 = CIRCLE('',#6254,1.5);
#6254 = AXIS2_PLACEMENT_3D('',#6255,#6256,#6257);
#6255 = CARTESIAN_POINT('',(-14.98223948547,8.65,8.6));
#6256 = DIRECTION('',(0.,0.,1.));
#6257 = DIRECTION('',(1.,0.,-0.));
#6258 = PCURVE('',#6200,#6259);
#6259 = DEFINITIONAL_REPRESENTATION('',(#6260),#6264);
#6260 = LINE('',#6261,#6262);
#6261 = CARTESIAN_POINT('',(6.28318530718,0.));
#6262 = VECTOR('',#6263,1.);
#6263 = DIRECTION('',(-1.,0.));
#6264 = ( GEOMETRIC_REPRESENTATION_CONTEXT(2) 
PARAMETRIC_REPRESENTATION_CONTEXT() REPRESENTATION_CONTEXT('2D SPACE',''
  ) );
#6265 = PCURVE('',#6266,#6271);
#6266 = PLANE('',#6267);
#6267 = AXIS2_PLACEMENT_3D('',#6268,#6269,#6270);
#6268 = CARTESIAN_POINT('',(-14.98223948547,8.65,8.6));
#6269 = DIRECTION('',(0.,0.,1.));
#6270 = DIRECTION('',(1.,0.,-0.));
#6271 = DEFINITIONAL_REPRESENTATION('',(#6272),#6276);
#6272 = CIRCLE('',#6273,1.5);
#6273 = AXIS2_PLACEMENT_2D('',#6274,#6275);
#6274 = CARTESIAN_POINT('',(0.,0.));
#6275 = DIRECTION('',(1.,0.));
#6276 = ( GEOMETRIC_REPRESENTATION_CONTEXT(2) 
PARAMETRIC_REPRESENTATION_CONTEXT() REPRESENTATION_CONTEXT('2D SPACE',''
  ) );
#6277 = ORIENTED_EDGE('',*,*,#6228,.F.);
#6278 = ADVANCED_FACE('',(#6279),#6212,.F.);
#6279 = FACE_BOUND('',#6280,.T.);
#6280 = EDGE_LOOP('',(#6281));
#6281 = ORIENTED_EDGE('',*,*,#6190,.T.);
#6282 = ADVANCED_FACE('',(#6283),#6296,.T.);
#6283 = FACE_BOUND('',#6284,.T.);
#6284 = EDGE_LOOP('',(#6285,#6323,#6346,#6373));
#6285 = ORIENTED_EDGE('',*,*,#6286,.F.);
#6286 = EDGE_CURVE('',#6287,#6287,#6289,.T.);
#6287 = VERTEX_POINT('',#6288);
#6288 = CARTESIAN_POINT('',(-1.5,17.3,7.));
#6289 = SURFACE_CURVE('',#6290,(#6295,#6307),.PCURVE_S1.);
#6290 = CIRCLE('',#6291,1.5);
#6291 = AXIS2_PLACEMENT_3D('',#6292,#6293,#6294);
#6292 = CARTESIAN_POINT('',(1.059319481262E-15,17.3,7.));
#6293 = DIRECTION('',(0.,0.,-1.));
#6294 = DIRECTION('',(1.,0.,0.));
#6295 = PCURVE('',#6296,#6301);
#6296 = CYLINDRICAL_SURFACE('',#6297,1.5);
#6297 = AXIS2_PLACEMENT_3D('',#6298,#6299,#6300);
#6298 = CARTESIAN_POINT('',(1.059319481262E-15,17.3,8.6));
#6299 = DIRECTION('',(0.,0.,-1.));
#6300 = DIRECTION('',(1.,0.,0.));
#6301 = DEFINITIONAL_REPRESENTATION('',(#6302),#6306);
#6302 = LINE('',#6303,#6304);
#6303 = CARTESIAN_POINT('',(-6.28318530718,1.6));
#6304 = VECTOR('',#6305,1.);
#6305 = DIRECTION('',(1.,0.));
#6306 = ( GEOMETRIC_REPRESENTATION_CONTEXT(2) 
PARAMETRIC_REPRESENTATION_CONTEXT() REPRESENTATION_CONTEXT('2D SPACE',''
  ) );
#6307 = PCURVE('',#6308,#6313);
#6308 = PLANE('',#6309);
#6309 = AXIS2_PLACEMENT_3D('',#6310,#6311,#6312);
#6310 = CARTESIAN_POINT('',(1.110223024625E-15,17.3,7.));
#6311 = DIRECTION('',(0.,0.,1.));
#6312 = DIRECTION('',(1.,0.,-0.));
#6313 = DEFINITIONAL_REPRESENTATION('',(#6314),#6322);
#6314 = ( BOUNDED_CURVE() B_SPLINE_CURVE(2,(#6315,#6316,#6317,#6318,
#6319,#6320,#6321),.UNSPECIFIED.,.T.,.F.) B_SPLINE_CURVE_WITH_KNOTS((1,2
    ,2,2,2,1),(-2.094395102393,0.,2.094395102393,4.188790204786,
6.28318530718,8.377580409573),.UNSPECIFIED.) CURVE() 
GEOMETRIC_REPRESENTATION_ITEM() RATIONAL_B_SPLINE_CURVE((1.,0.5,1.,0.5,
1.,0.5,1.)) REPRESENTATION_ITEM('') );
#6315 = CARTESIAN_POINT('',(1.5,0.));
#6316 = CARTESIAN_POINT('',(1.5,-2.598076211353));
#6317 = CARTESIAN_POINT('',(-0.75,-1.299038105677));
#6318 = CARTESIAN_POINT('',(-3.,-3.673940397442E-16));
#6319 = CARTESIAN_POINT('',(-0.75,1.299038105677));
#6320 = CARTESIAN_POINT('',(1.5,2.598076211353));
#6321 = CARTESIAN_POINT('',(1.5,0.));
#6322 = ( GEOMETRIC_REPRESENTATION_CONTEXT(2) 
PARAMETRIC_REPRESENTATION_CONTEXT() REPRESENTATION_CONTEXT('2D SPACE',''
  ) );
#6323 = ORIENTED_EDGE('',*,*,#6324,.T.);
#6324 = EDGE_CURVE('',#6287,#6325,#6327,.T.);
#6325 = VERTEX_POINT('',#6326);
#6326 = CARTESIAN_POINT('',(-1.5,17.3,8.6));
#6327 = SEAM_CURVE('',#6328,(#6332,#6339),.PCURVE_S1.);
#6328 = LINE('',#6329,#6330);
#6329 = CARTESIAN_POINT('',(-1.5,17.3,8.6));
#6330 = VECTOR('',#6331,1.);
#6331 = DIRECTION('',(0.,0.,1.));
#6332 = PCURVE('',#6296,#6333);
#6333 = DEFINITIONAL_REPRESENTATION('',(#6334),#6338);
#6334 = LINE('',#6335,#6336);
#6335 = CARTESIAN_POINT('',(-3.14159265359,0.));
#6336 = VECTOR('',#6337,1.);
#6337 = DIRECTION('',(0.,-1.));
#6338 = ( GEOMETRIC_REPRESENTATION_CONTEXT(2) 
PARAMETRIC_REPRESENTATION_CONTEXT() REPRESENTATION_CONTEXT('2D SPACE',''
  ) );
#6339 = PCURVE('',#6296,#6340);
#6340 = DEFINITIONAL_REPRESENTATION('',(#6341),#6345);
#6341 = LINE('',#6342,#6343);
#6342 = CARTESIAN_POINT('',(3.14159265359,0.));
#6343 = VECTOR('',#6344,1.);
#6344 = DIRECTION('',(0.,-1.));
#6345 = ( GEOMETRIC_REPRESENTATION_CONTEXT(2) 
PARAMETRIC_REPRESENTATION_CONTEXT() REPRESENTATION_CONTEXT('2D SPACE',''
  ) );
#6346 = ORIENTED_EDGE('',*,*,#6347,.F.);
#6347 = EDGE_CURVE('',#6325,#6325,#6348,.T.);
#6348 = SURFACE_CURVE('',#6349,(#6354,#6361),.PCURVE_S1.);
#6349 = CIRCLE('',#6350,1.5);
#6350 = AXIS2_PLACEMENT_3D('',#6351,#6352,#6353);
#6351 = CARTESIAN_POINT('',(1.059319481262E-15,17.3,8.6));
#6352 = DIRECTION('',(0.,0.,1.));
#6353 = DIRECTION('',(1.,0.,-0.));
#6354 = PCURVE('',#6296,#6355);
#6355 = DEFINITIONAL_REPRESENTATION('',(#6356),#6360);
#6356 = LINE('',#6357,#6358);
#6357 = CARTESIAN_POINT('',(6.28318530718,0.));
#6358 = VECTOR('',#6359,1.);
#6359 = DIRECTION('',(-1.,0.));
#6360 = ( GEOMETRIC_REPRESENTATION_CONTEXT(2) 
PARAMETRIC_REPRESENTATION_CONTEXT() REPRESENTATION_CONTEXT('2D SPACE',''
  ) );
#6361 = PCURVE('',#6362,#6367);
#6362 = PLANE('',#6363);
#6363 = AXIS2_PLACEMENT_3D('',#6364,#6365,#6366);
#6364 = CARTESIAN_POINT('',(1.110223024625E-15,17.3,8.6));
#6365 = DIRECTION('',(0.,0.,1.));
#6366 = DIRECTION('',(1.,0.,-0.));
#6367 = DEFINITIONAL_REPRESENTATION('',(#6368),#6372);
#6368 = CIRCLE('',#6369,1.5);
#6369 = AXIS2_PLACEMENT_2D('',#6370,#6371);
#6370 = CARTESIAN_POINT('',(-5.09035433627E-17,0.));
#6371 = DIRECTION('',(1.,0.));
#6372 = ( GEOMETRIC_REPRESENTATION_CONTEXT(2) 
PARAMETRIC_REPRESENTATION_CONTEXT() REPRESENTATION_CONTEXT('2D SPACE',''
  ) );
#6373 = ORIENTED_EDGE('',*,*,#6324,.F.);
#6374 = ADVANCED_FACE('',(#6375),#6308,.F.);
#6375 = FACE_BOUND('',#6376,.T.);
#6376 = EDGE_LOOP('',(#6377));
#6377 = ORIENTED_EDGE('',*,*,#6286,.T.);
#6378 = ADVANCED_FACE('',(#6379),#6392,.T.);
#6379 = FACE_BOUND('',#6380,.T.);
#6380 = EDGE_LOOP('',(#6381,#6419,#6442,#6469));
#6381 = ORIENTED_EDGE('',*,*,#6382,.F.);
#6382 = EDGE_CURVE('',#6383,#6383,#6385,.T.);
#6383 = VERTEX_POINT('',#6384);
#6384 = CARTESIAN_POINT('',(13.482239485471,8.65,7.));
#6385 = SURFACE_CURVE('',#6386,(#6391,#6403),.PCURVE_S1.);
#6386 = CIRCLE('',#6387,1.5);
#6387 = AXIS2_PLACEMENT_3D('',#6388,#6389,#6390);
#6388 = CARTESIAN_POINT('',(14.982239485471,8.65,7.));
#6389 = DIRECTION('',(0.,0.,-1.));
#6390 = DIRECTION('',(1.,0.,0.));
#6391 = PCURVE('',#6392,#6397);
#6392 = CYLINDRICAL_SURFACE('',#6393,1.5);
#6393 = AXIS2_PLACEMENT_3D('',#6394,#6395,#6396);
#6394 = CARTESIAN_POINT('',(14.982239485471,8.65,8.6));
#6395 = DIRECTION('',(0.,0.,-1.));
#6396 = DIRECTION('',(1.,0.,0.));
#6397 = DEFINITIONAL_REPRESENTATION('',(#6398),#6402);
#6398 = LINE('',#6399,#6400);
#6399 = CARTESIAN_POINT('',(-6.28318530718,1.6));
#6400 = VECTOR('',#6401,1.);
#6401 = DIRECTION('',(1.,0.));
#6402 = ( GEOMETRIC_REPRESENTATION_CONTEXT(2) 
PARAMETRIC_REPRESENTATION_CONTEXT() REPRESENTATION_CONTEXT('2D SPACE',''
  ) );
#6403 = PCURVE('',#6404,#6409);
#6404 = PLANE('',#6405);
#6405 = AXIS2_PLACEMENT_3D('',#6406,#6407,#6408);
#6406 = CARTESIAN_POINT('',(14.982239485471,8.65,7.));
#6407 = DIRECTION('',(0.,0.,1.));
#6408 = DIRECTION('',(1.,0.,-0.));
#6409 = DEFINITIONAL_REPRESENTATION('',(#6410),#6418);
#6410 = ( BOUNDED_CURVE() B_SPLINE_CURVE(2,(#6411,#6412,#6413,#6414,
#6415,#6416,#6417),.UNSPECIFIED.,.T.,.F.) B_SPLINE_CURVE_WITH_KNOTS((1,2
    ,2,2,2,1),(-2.094395102393,0.,2.094395102393,4.188790204786,
6.28318530718,8.377580409573),.UNSPECIFIED.) CURVE() 
GEOMETRIC_REPRESENTATION_ITEM() RATIONAL_B_SPLINE_CURVE((1.,0.5,1.,0.5,
1.,0.5,1.)) REPRESENTATION_ITEM('') );
#6411 = CARTESIAN_POINT('',(1.5,0.));
#6412 = CARTESIAN_POINT('',(1.5,-2.598076211353));
#6413 = CARTESIAN_POINT('',(-0.75,-1.299038105677));
#6414 = CARTESIAN_POINT('',(-3.,-3.673940397442E-16));
#6415 = CARTESIAN_POINT('',(-0.75,1.299038105677));
#6416 = CARTESIAN_POINT('',(1.5,2.598076211353));
#6417 = CARTESIAN_POINT('',(1.5,0.));
#6418 = ( GEOMETRIC_REPRESENTATION_CONTEXT(2) 
PARAMETRIC_REPRESENTATION_CONTEXT() REPRESENTATION_CONTEXT('2D SPACE',''
  ) );
#6419 = ORIENTED_EDGE('',*,*,#6420,.T.);
#6420 = EDGE_CURVE('',#6383,#6421,#6423,.T.);
#6421 = VERTEX_POINT('',#6422);
#6422 = CARTESIAN_POINT('',(13.482239485471,8.65,8.6));
#6423 = SEAM_CURVE('',#6424,(#6428,#6435),.PCURVE_S1.);
#6424 = LINE('',#6425,#6426);
#6425 = CARTESIAN_POINT('',(13.482239485471,8.65,8.6));
#6426 = VECTOR('',#6427,1.);
#6427 = DIRECTION('',(0.,0.,1.));
#6428 = PCURVE('',#6392,#6429);
#6429 = DEFINITIONAL_REPRESENTATION('',(#6430),#6434);
#6430 = LINE('',#6431,#6432);
#6431 = CARTESIAN_POINT('',(-3.14159265359,0.));
#6432 = VECTOR('',#6433,1.);
#6433 = DIRECTION('',(0.,-1.));
#6434 = ( GEOMETRIC_REPRESENTATION_CONTEXT(2) 
PARAMETRIC_REPRESENTATION_CONTEXT() REPRESENTATION_CONTEXT('2D SPACE',''
  ) );
#6435 = PCURVE('',#6392,#6436);
#6436 = DEFINITIONAL_REPRESENTATION('',(#6437),#6441);
#6437 = LINE('',#6438,#6439);
#6438 = CARTESIAN_POINT('',(3.14159265359,0.));
#6439 = VECTOR('',#6440,1.);
#6440 = DIRECTION('',(0.,-1.));
#6441 = ( GEOMETRIC_REPRESENTATION_CONTEXT(2) 
PARAMETRIC_REPRESENTATION_CONTEXT() REPRESENTATION_CONTEXT('2D SPACE',''
  ) );
#6442 = ORIENTED_EDGE('',*,*,#6443,.F.);
#6443 = EDGE_CURVE('',#6421,#6421,#6444,.T.);
#6444 = SURFACE_CURVE('',#6445,(#6450,#6457),.PCURVE_S1.);
#6445 = CIRCLE('',#6446,1.5);
#6446 = AXIS2_PLACEMENT_3D('',#6447,#6448,#6449);
#6447 = CARTESIAN_POINT('',(14.982239485471,8.65,8.6));
#6448 = DIRECTION('',(0.,0.,1.));
#6449 = DIRECTION('',(1.,0.,-0.));
#6450 = PCURVE('',#6392,#6451);
#6451 = DEFINITIONAL_REPRESENTATION('',(#6452),#6456);
#6452 = LINE('',#6453,#6454);
#6453 = CARTESIAN_POINT('',(6.28318530718,0.));
#6454 = VECTOR('',#6455,1.);
#6455 = DIRECTION('',(-1.,0.));
#6456 = ( GEOMETRIC_REPRESENTATION_CONTEXT(2) 
PARAMETRIC_REPRESENTATION_CONTEXT() REPRESENTATION_CONTEXT('2D SPACE',''
  ) );
#6457 = PCURVE('',#6458,#6463);
#6458 = PLANE('',#6459);
#6459 = AXIS2_PLACEMENT_3D('',#6460,#6461,#6462);
#6460 = CARTESIAN_POINT('',(14.982239485471,8.65,8.6));
#6461 = DIRECTION('',(0.,0.,1.));
#6462 = DIRECTION('',(1.,0.,-0.));
#6463 = DEFINITIONAL_REPRESENTATION('',(#6464),#6468);
#6464 = CIRCLE('',#6465,1.5);
#6465 = AXIS2_PLACEMENT_2D('',#6466,#6467);
#6466 = CARTESIAN_POINT('',(0.,0.));
#6467 = DIRECTION('',(1.,0.));
#6468 = ( GEOMETRIC_REPRESENTATION_CONTEXT(2) 
PARAMETRIC_REPRESENTATION_CONTEXT() REPRESENTATION_CONTEXT('2D SPACE',''
  ) );
#6469 = ORIENTED_EDGE('',*,*,#6420,.F.);
#6470 = ADVANCED_FACE('',(#6471),#6404,.F.);
#6471 = FACE_BOUND('',#6472,.T.);
#6472 = EDGE_LOOP('',(#6473));
#6473 = ORIENTED_EDGE('',*,*,#6382,.T.);
#6474 = ADVANCED_FACE('',(#6475),#6488,.T.);
#6475 = FACE_BOUND('',#6476,.T.);
#6476 = EDGE_LOOP('',(#6477,#6510,#6533,#6555));
#6477 = ORIENTED_EDGE('',*,*,#6478,.F.);
#6478 = EDGE_CURVE('',#6479,#6479,#6481,.T.);
#6479 = VERTEX_POINT('',#6480);
#6480 = CARTESIAN_POINT('',(-17.48223948547,8.65,8.6));
#6481 = SURFACE_CURVE('',#6482,(#6487,#6499),.PCURVE_S1.);
#6482 = CIRCLE('',#6483,2.5);
#6483 = AXIS2_PLACEMENT_3D('',#6484,#6485,#6486);
#6484 = CARTESIAN_POINT('',(-14.98223948547,8.65,8.6));
#6485 = DIRECTION('',(0.,0.,-1.));
#6486 = DIRECTION('',(1.,0.,0.));
#6487 = PCURVE('',#6488,#6493);
#6488 = CYLINDRICAL_SURFACE('',#6489,2.5);
#6489 = AXIS2_PLACEMENT_3D('',#6490,#6491,#6492);
#6490 = CARTESIAN_POINT('',(-14.98223948547,8.65,34.));
#6491 = DIRECTION('',(0.,0.,-1.));
#6492 = DIRECTION('',(1.,0.,0.));
#6493 = DEFINITIONAL_REPRESENTATION('',(#6494),#6498);
#6494 = LINE('',#6495,#6496);
#6495 = CARTESIAN_POINT('',(-6.28318530718,25.4));
#6496 = VECTOR('',#6497,1.);
#6497 = DIRECTION('',(1.,0.));
#6498 = ( GEOMETRIC_REPRESENTATION_CONTEXT(2) 
PARAMETRIC_REPRESENTATION_CONTEXT() REPRESENTATION_CONTEXT('2D SPACE',''
  ) );
#6499 = PCURVE('',#6266,#6500);
#6500 = DEFINITIONAL_REPRESENTATION('',(#6501),#6509);
#6501 = ( BOUNDED_CURVE() B_SPLINE_CURVE(2,(#6502,#6503,#6504,#6505,
#6506,#6507,#6508),.UNSPECIFIED.,.T.,.F.) B_SPLINE_CURVE_WITH_KNOTS((1,2
    ,2,2,2,1),(-2.094395102393,0.,2.094395102393,4.188790204786,
6.28318530718,8.377580409573),.UNSPECIFIED.) CURVE() 
GEOMETRIC_REPRESENTATION_ITEM() RATIONAL_B_SPLINE_CURVE((1.,0.5,1.,0.5,
1.,0.5,1.)) REPRESENTATION_ITEM('') );
#6502 = CARTESIAN_POINT('',(2.5,0.));
#6503 = CARTESIAN_POINT('',(2.5,-4.330127018922));
#6504 = CARTESIAN_POINT('',(-1.25,-2.165063509461));
#6505 = CARTESIAN_POINT('',(-5.,-6.123233995737E-16));
#6506 = CARTESIAN_POINT('',(-1.25,2.165063509461));
#6507 = CARTESIAN_POINT('',(2.5,4.330127018922));
#6508 = CARTESIAN_POINT('',(2.5,0.));
#6509 = ( GEOMETRIC_REPRESENTATION_CONTEXT(2) 
PARAMETRIC_REPRESENTATION_CONTEXT() REPRESENTATION_CONTEXT('2D SPACE',''
  ) );
#6510 = ORIENTED_EDGE('',*,*,#6511,.T.);
#6511 = EDGE_CURVE('',#6479,#6512,#6514,.T.);
#6512 = VERTEX_POINT('',#6513);
#6513 = CARTESIAN_POINT('',(-17.48223948547,8.65,34.));
#6514 = SEAM_CURVE('',#6515,(#6519,#6526),.PCURVE_S1.);
#6515 = LINE('',#6516,#6517);
#6516 = CARTESIAN_POINT('',(-17.48223948547,8.65,34.));
#6517 = VECTOR('',#6518,1.);
#6518 = DIRECTION('',(0.,0.,1.));
#6519 = PCURVE('',#6488,#6520);
#6520 = DEFINITIONAL_REPRESENTATION('',(#6521),#6525);
#6521 = LINE('',#6522,#6523);
#6522 = CARTESIAN_POINT('',(-3.14159265359,0.));
#6523 = VECTOR('',#6524,1.);
#6524 = DIRECTION('',(0.,-1.));
#6525 = ( GEOMETRIC_REPRESENTATION_CONTEXT(2) 
PARAMETRIC_REPRESENTATION_CONTEXT() REPRESENTATION_CONTEXT('2D SPACE',''
  ) );
#6526 = PCURVE('',#6488,#6527);
#6527 = DEFINITIONAL_REPRESENTATION('',(#6528),#6532);
#6528 = LINE('',#6529,#6530);
#6529 = CARTESIAN_POINT('',(3.14159265359,0.));
#6530 = VECTOR('',#6531,1.);
#6531 = DIRECTION('',(0.,-1.));
#6532 = ( GEOMETRIC_REPRESENTATION_CONTEXT(2) 
PARAMETRIC_REPRESENTATION_CONTEXT() REPRESENTATION_CONTEXT('2D SPACE',''
  ) );
#6533 = ORIENTED_EDGE('',*,*,#6534,.F.);
#6534 = EDGE_CURVE('',#6512,#6512,#6535,.T.);
#6535 = SURFACE_CURVE('',#6536,(#6541,#6548),.PCURVE_S1.);
#6536 = CIRCLE('',#6537,2.5);
#6537 = AXIS2_PLACEMENT_3D('',#6538,#6539,#6540);
#6538 = CARTESIAN_POINT('',(-14.98223948547,8.65,34.));
#6539 = DIRECTION('',(0.,0.,1.));
#6540 = DIRECTION('',(1.,0.,-0.));
#6541 = PCURVE('',#6488,#6542);
#6542 = DEFINITIONAL_REPRESENTATION('',(#6543),#6547);
#6543 = LINE('',#6544,#6545);
#6544 = CARTESIAN_POINT('',(6.28318530718,0.));
#6545 = VECTOR('',#6546,1.);
#6546 = DIRECTION('',(-1.,0.));
#6547 = ( GEOMETRIC_REPRESENTATION_CONTEXT(2) 
PARAMETRIC_REPRESENTATION_CONTEXT() REPRESENTATION_CONTEXT('2D SPACE',''
  ) );
#6548 = PCURVE('',#3330,#6549);
#6549 = DEFINITIONAL_REPRESENTATION('',(#6550),#6554);
#6550 = CIRCLE('',#6551,2.5);
#6551 = AXIS2_PLACEMENT_2D('',#6552,#6553);
#6552 = CARTESIAN_POINT('',(-14.98223948547,8.65));
#6553 = DIRECTION('',(1.,0.));
#6554 = ( GEOMETRIC_REPRESENTATION_CONTEXT(2) 
PARAMETRIC_REPRESENTATION_CONTEXT() REPRESENTATION_CONTEXT('2D SPACE',''
  ) );
#6555 = ORIENTED_EDGE('',*,*,#6511,.F.);
#6556 = ADVANCED_FACE('',(#6557,#6560),#6266,.F.);
#6557 = FACE_BOUND('',#6558,.T.);
#6558 = EDGE_LOOP('',(#6559));
#6559 = ORIENTED_EDGE('',*,*,#6478,.T.);
#6560 = FACE_BOUND('',#6561,.T.);
#6561 = EDGE_LOOP('',(#6562));
#6562 = ORIENTED_EDGE('',*,*,#6251,.T.);
#6563 = ADVANCED_FACE('',(#6564),#6577,.T.);
#6564 = FACE_BOUND('',#6565,.T.);
#6565 = EDGE_LOOP('',(#6566,#6599,#6622,#6644));
#6566 = ORIENTED_EDGE('',*,*,#6567,.F.);
#6567 = EDGE_CURVE('',#6568,#6568,#6570,.T.);
#6568 = VERTEX_POINT('',#6569);
#6569 = CARTESIAN_POINT('',(-2.5,17.3,8.6));
#6570 = SURFACE_CURVE('',#6571,(#6576,#6588),.PCURVE_S1.);
#6571 = CIRCLE('',#6572,2.5);
#6572 = AXIS2_PLACEMENT_3D('',#6573,#6574,#6575);
#6573 = CARTESIAN_POINT('',(1.059319481262E-15,17.3,8.6));
#6574 = DIRECTION('',(0.,0.,-1.));
#6575 = DIRECTION('',(1.,0.,0.));
#6576 = PCURVE('',#6577,#6582);
#6577 = CYLINDRICAL_SURFACE('',#6578,2.5);
#6578 = AXIS2_PLACEMENT_3D('',#6579,#6580,#6581);
#6579 = CARTESIAN_POINT('',(1.059319481262E-15,17.3,34.));
#6580 = DIRECTION('',(0.,0.,-1.));
#6581 = DIRECTION('',(1.,0.,0.));
#6582 = DEFINITIONAL_REPRESENTATION('',(#6583),#6587);
#6583 = LINE('',#6584,#6585);
#6584 = CARTESIAN_POINT('',(-6.28318530718,25.4));
#6585 = VECTOR('',#6586,1.);
#6586 = DIRECTION('',(1.,0.));
#6587 = ( GEOMETRIC_REPRESENTATION_CONTEXT(2) 
PARAMETRIC_REPRESENTATION_CONTEXT() REPRESENTATION_CONTEXT('2D SPACE',''
  ) );
#6588 = PCURVE('',#6362,#6589);
#6589 = DEFINITIONAL_REPRESENTATION('',(#6590),#6598);
#6590 = ( BOUNDED_CURVE() B_SPLINE_CURVE(2,(#6591,#6592,#6593,#6594,
#6595,#6596,#6597),.UNSPECIFIED.,.T.,.F.) B_SPLINE_CURVE_WITH_KNOTS((1,2
    ,2,2,2,1),(-2.094395102393,0.,2.094395102393,4.188790204786,
6.28318530718,8.377580409573),.UNSPECIFIED.) CURVE() 
GEOMETRIC_REPRESENTATION_ITEM() RATIONAL_B_SPLINE_CURVE((1.,0.5,1.,0.5,
1.,0.5,1.)) REPRESENTATION_ITEM('') );
#6591 = CARTESIAN_POINT('',(2.5,0.));
#6592 = CARTESIAN_POINT('',(2.5,-4.330127018922));
#6593 = CARTESIAN_POINT('',(-1.25,-2.165063509461));
#6594 = CARTESIAN_POINT('',(-5.,-6.123233995737E-16));
#6595 = CARTESIAN_POINT('',(-1.25,2.165063509461));
#6596 = CARTESIAN_POINT('',(2.5,4.330127018922));
#6597 = CARTESIAN_POINT('',(2.5,0.));
#6598 = ( GEOMETRIC_REPRESENTATION_CONTEXT(2) 
PARAMETRIC_REPRESENTATION_CONTEXT() REPRESENTATION_CONTEXT('2D SPACE',''
  ) );
#6599 = ORIENTED_EDGE('',*,*,#6600,.T.);
#6600 = EDGE_CURVE('',#6568,#6601,#6603,.T.);
#6601 = VERTEX_POINT('',#6602);
#6602 = CARTESIAN_POINT('',(-2.5,17.3,34.));
#6603 = SEAM_CURVE('',#6604,(#6608,#6615),.PCURVE_S1.);
#6604 = LINE('',#6605,#6606);
#6605 = CARTESIAN_POINT('',(-2.5,17.3,34.));
#6606 = VECTOR('',#6607,1.);
#6607 = DIRECTION('',(0.,0.,1.));
#6608 = PCURVE('',#6577,#6609);
#6609 = DEFINITIONAL_REPRESENTATION('',(#6610),#6614);
#6610 = LINE('',#6611,#6612);
#6611 = CARTESIAN_POINT('',(-3.14159265359,0.));
#6612 = VECTOR('',#6613,1.);
#6613 = DIRECTION('',(0.,-1.));
#6614 = ( GEOMETRIC_REPRESENTATION_CONTEXT(2) 
PARAMETRIC_REPRESENTATION_CONTEXT() REPRESENTATION_CONTEXT('2D SPACE',''
  ) );
#6615 = PCURVE('',#6577,#6616);
#6616 = DEFINITIONAL_REPRESENTATION('',(#6617),#6621);
#6617 = LINE('',#6618,#6619);
#6618 = CARTESIAN_POINT('',(3.14159265359,0.));
#6619 = VECTOR('',#6620,1.);
#6620 = DIRECTION('',(0.,-1.));
#6621 = ( GEOMETRIC_REPRESENTATION_CONTEXT(2) 
PARAMETRIC_REPRESENTATION_CONTEXT() REPRESENTATION_CONTEXT('2D SPACE',''
  ) );
#6622 = ORIENTED_EDGE('',*,*,#6623,.F.);
#6623 = EDGE_CURVE('',#6601,#6601,#6624,.T.);
#6624 = SURFACE_CURVE('',#6625,(#6630,#6637),.PCURVE_S1.);
#6625 = CIRCLE('',#6626,2.5);
#6626 = AXIS2_PLACEMENT_3D('',#6627,#6628,#6629);
#6627 = CARTESIAN_POINT('',(1.059319481262E-15,17.3,34.));
#6628 = DIRECTION('',(0.,0.,1.));
#6629 = DIRECTION('',(1.,0.,-0.));
#6630 = PCURVE('',#6577,#6631);
#6631 = DEFINITIONAL_REPRESENTATION('',(#6632),#6636);
#6632 = LINE('',#6633,#6634);
#6633 = CARTESIAN_POINT('',(6.28318530718,0.));
#6634 = VECTOR('',#6635,1.);
#6635 = DIRECTION('',(-1.,0.));
#6636 = ( GEOMETRIC_REPRESENTATION_CONTEXT(2) 
PARAMETRIC_REPRESENTATION_CONTEXT() REPRESENTATION_CONTEXT('2D SPACE',''
  ) );
#6637 = PCURVE('',#3330,#6638);
#6638 = DEFINITIONAL_REPRESENTATION('',(#6639),#6643);
#6639 = CIRCLE('',#6640,2.5);
#6640 = AXIS2_PLACEMENT_2D('',#6641,#6642);
#6641 = CARTESIAN_POINT('',(1.059319481262E-15,17.3));
#6642 = DIRECTION('',(1.,0.));
#6643 = ( GEOMETRIC_REPRESENTATION_CONTEXT(2) 
PARAMETRIC_REPRESENTATION_CONTEXT() REPRESENTATION_CONTEXT('2D SPACE',''
  ) );
#6644 = ORIENTED_EDGE('',*,*,#6600,.F.);
#6645 = ADVANCED_FACE('',(#6646,#6649),#6362,.F.);
#6646 = FACE_BOUND('',#6647,.T.);
#6647 = EDGE_LOOP('',(#6648));
#6648 = ORIENTED_EDGE('',*,*,#6567,.T.);
#6649 = FACE_BOUND('',#6650,.T.);
#6650 = EDGE_LOOP('',(#6651));
#6651 = ORIENTED_EDGE('',*,*,#6347,.T.);
#6652 = ADVANCED_FACE('',(#6653),#6666,.T.);
#6653 = FACE_BOUND('',#6654,.T.);
#6654 = EDGE_LOOP('',(#6655,#6688,#6711,#6733));
#6655 = ORIENTED_EDGE('',*,*,#6656,.F.);
#6656 = EDGE_CURVE('',#6657,#6657,#6659,.T.);
#6657 = VERTEX_POINT('',#6658);
#6658 = CARTESIAN_POINT('',(12.482239485471,8.65,8.6));
#6659 = SURFACE_CURVE('',#6660,(#6665,#6677),.PCURVE_S1.);
#6660 = CIRCLE('',#6661,2.5);
#6661 = AXIS2_PLACEMENT_3D('',#6662,#6663,#6664);
#6662 = CARTESIAN_POINT('',(14.982239485471,8.65,8.6));
#6663 = DIRECTION('',(0.,0.,-1.));
#6664 = DIRECTION('',(1.,0.,0.));
#6665 = PCURVE('',#6666,#6671);
#6666 = CYLINDRICAL_SURFACE('',#6667,2.5);
#6667 = AXIS2_PLACEMENT_3D('',#6668,#6669,#6670);
#6668 = CARTESIAN_POINT('',(14.982239485471,8.65,34.));
#6669 = DIRECTION('',(0.,0.,-1.));
#6670 = DIRECTION('',(1.,0.,0.));
#6671 = DEFINITIONAL_REPRESENTATION('',(#6672),#6676);
#6672 = LINE('',#6673,#6674);
#6673 = CARTESIAN_POINT('',(-6.28318530718,25.4));
#6674 = VECTOR('',#6675,1.);
#6675 = DIRECTION('',(1.,0.));
#6676 = ( GEOMETRIC_REPRESENTATION_CONTEXT(2) 
PARAMETRIC_REPRESENTATION_CONTEXT() REPRESENTATION_CONTEXT('2D SPACE',''
  ) );
#6677 = PCURVE('',#6458,#6678);
#6678 = DEFINITIONAL_REPRESENTATION('',(#6679),#6687);
#6679 = ( BOUNDED_CURVE() B_SPLINE_CURVE(2,(#6680,#6681,#6682,#6683,
#6684,#6685,#6686),.UNSPECIFIED.,.T.,.F.) B_SPLINE_CURVE_WITH_KNOTS((1,2
    ,2,2,2,1),(-2.094395102393,0.,2.094395102393,4.188790204786,
6.28318530718,8.377580409573),.UNSPECIFIED.) CURVE() 
GEOMETRIC_REPRESENTATION_ITEM() RATIONAL_B_SPLINE_CURVE((1.,0.5,1.,0.5,
1.,0.5,1.)) REPRESENTATION_ITEM('') );
#6680 = CARTESIAN_POINT('',(2.5,0.));
#6681 = CARTESIAN_POINT('',(2.5,-4.330127018922));
#6682 = CARTESIAN_POINT('',(-1.25,-2.165063509461));
#6683 = CARTESIAN_POINT('',(-5.,-6.123233995737E-16));
#6684 = CARTESIAN_POINT('',(-1.25,2.165063509461));
#6685 = CARTESIAN_POINT('',(2.5,4.330127018922));
#6686 = CARTESIAN_POINT('',(2.5,0.));
#6687 = ( GEOMETRIC_REPRESENTATION_CONTEXT(2) 
PARAMETRIC_REPRESENTATION_CONTEXT() REPRESENTATION_CONTEXT('2D SPACE',''
  ) );
#6688 = ORIENTED_EDGE('',*,*,#6689,.T.);
#6689 = EDGE_CURVE('',#6657,#6690,#6692,.T.);
#6690 = VERTEX_POINT('',#6691);
#6691 = CARTESIAN_POINT('',(12.482239485471,8.65,34.));
#6692 = SEAM_CURVE('',#6693,(#6697,#6704),.PCURVE_S1.);
#6693 = LINE('',#6694,#6695);
#6694 = CARTESIAN_POINT('',(12.482239485471,8.65,34.));
#6695 = VECTOR('',#6696,1.);
#6696 = DIRECTION('',(0.,0.,1.));
#6697 = PCURVE('',#6666,#6698);
#6698 = DEFINITIONAL_REPRESENTATION('',(#6699),#6703);
#6699 = LINE('',#6700,#6701);
#6700 = CARTESIAN_POINT('',(-3.14159265359,0.));
#6701 = VECTOR('',#6702,1.);
#6702 = DIRECTION('',(0.,-1.));
#6703 = ( GEOMETRIC_REPRESENTATION_CONTEXT(2) 
PARAMETRIC_REPRESENTATION_CONTEXT() REPRESENTATION_CONTEXT('2D SPACE',''
  ) );
#6704 = PCURVE('',#6666,#6705);
#6705 = DEFINITIONAL_REPRESENTATION('',(#6706),#6710);
#6706 = LINE('',#6707,#6708);
#6707 = CARTESIAN_POINT('',(3.14159265359,0.));
#6708 = VECTOR('',#6709,1.);
#6709 = DIRECTION('',(0.,-1.));
#6710 = ( GEOMETRIC_REPRESENTATION_CONTEXT(2) 
PARAMETRIC_REPRESENTATION_CONTEXT() REPRESENTATION_CONTEXT('2D SPACE',''
  ) );
#6711 = ORIENTED_EDGE('',*,*,#6712,.F.);
#6712 = EDGE_CURVE('',#6690,#6690,#6713,.T.);
#6713 = SURFACE_CURVE('',#6714,(#6719,#6726),.PCURVE_S1.);
#6714 = CIRCLE('',#6715,2.5);
#6715 = AXIS2_PLACEMENT_3D('',#6716,#6717,#6718);
#6716 = CARTESIAN_POINT('',(14.982239485471,8.65,34.));
#6717 = DIRECTION('',(0.,0.,1.));
#6718 = DIRECTION('',(1.,0.,-0.));
#6719 = PCURVE('',#6666,#6720);
#6720 = DEFINITIONAL_REPRESENTATION('',(#6721),#6725);
#6721 = LINE('',#6722,#6723);
#6722 = CARTESIAN_POINT('',(6.28318530718,0.));
#6723 = VECTOR('',#6724,1.);
#6724 = DIRECTION('',(-1.,0.));
#6725 = ( GEOMETRIC_REPRESENTATION_CONTEXT(2) 
PARAMETRIC_REPRESENTATION_CONTEXT() REPRESENTATION_CONTEXT('2D SPACE',''
  ) );
#6726 = PCURVE('',#3330,#6727);
#6727 = DEFINITIONAL_REPRESENTATION('',(#6728),#6732);
#6728 = CIRCLE('',#6729,2.5);
#6729 = AXIS2_PLACEMENT_2D('',#6730,#6731);
#6730 = CARTESIAN_POINT('',(14.982239485471,8.65));
#6731 = DIRECTION('',(1.,0.));
#6732 = ( GEOMETRIC_REPRESENTATION_CONTEXT(2) 
PARAMETRIC_REPRESENTATION_CONTEXT() REPRESENTATION_CONTEXT('2D SPACE',''
  ) );
#6733 = ORIENTED_EDGE('',*,*,#6689,.F.);
#6734 = ADVANCED_FACE('',(#6735,#6738),#6458,.F.);
#6735 = FACE_BOUND('',#6736,.T.);
#6736 = EDGE_LOOP('',(#6737));
#6737 = ORIENTED_EDGE('',*,*,#6656,.T.);
#6738 = FACE_BOUND('',#6739,.T.);
#6739 = EDGE_LOOP('',(#6740));
#6740 = ORIENTED_EDGE('',*,*,#6443,.T.);
#6741 = ADVANCED_FACE('',(#6742),#6756,.T.);
#6742 = FACE_BOUND('',#6743,.T.);
#6743 = EDGE_LOOP('',(#6744,#6778,#6806,#6834));
#6744 = ORIENTED_EDGE('',*,*,#6745,.F.);
#6745 = EDGE_CURVE('',#6746,#6748,#6750,.T.);
#6746 = VERTEX_POINT('',#6747);
#6747 = CARTESIAN_POINT('',(27.428793663222,-11.90257443498,32.125));
#6748 = VERTEX_POINT('',#6749);
#6749 = CARTESIAN_POINT('',(27.617432212407,-11.98071108044,
    32.380190671853));
#6750 = SURFACE_CURVE('',#6751,(#6755,#6767),.PCURVE_S1.);
#6751 = LINE('',#6752,#6753);
#6752 = CARTESIAN_POINT('',(27.567394781053,-11.95998489775,32.3125));
#6753 = VECTOR('',#6754,1.);
#6754 = DIRECTION('',(0.577191690646,-0.239080626355,0.780826617343));
#6755 = PCURVE('',#6756,#6761);
#6756 = PLANE('',#6757);
#6757 = AXIS2_PLACEMENT_3D('',#6758,#6759,#6760);
#6758 = CARTESIAN_POINT('',(27.617432212407,-11.98071108044,34.));
#6759 = DIRECTION('',(-0.382683432365,-0.923879532511,0.));
#6760 = DIRECTION('',(-0.923879532511,0.382683432365,0.));
#6761 = DEFINITIONAL_REPRESENTATION('',(#6762),#6766);
#6762 = LINE('',#6763,#6764);
#6763 = CARTESIAN_POINT('',(5.416012542E-02,1.6875));
#6764 = VECTOR('',#6765,1.);
#6765 = DIRECTION('',(-0.624747784029,-0.780826617343));
#6766 = ( GEOMETRIC_REPRESENTATION_CONTEXT(2) 
PARAMETRIC_REPRESENTATION_CONTEXT() REPRESENTATION_CONTEXT('2D SPACE',''
  ) );
#6767 = PCURVE('',#6768,#6773);
#6768 = CONICAL_SURFACE('',#6769,30.,0.674740942224);
#6769 = AXIS2_PLACEMENT_3D('',#6770,#6771,#6772);
#6770 = CARTESIAN_POINT('',(0.,0.,32.25));
#6771 = DIRECTION('',(0.,0.,1.));
#6772 = DIRECTION('',(1.,0.,-0.));
#6773 = DEFINITIONAL_REPRESENTATION('',(#6774),#6777);
#6774 = B_SPLINE_CURVE_WITH_KNOTS('',1,(#6775,#6776),.UNSPECIFIED.,.F.,
  .F.,(2,2),(-0.240130133676,8.669109666735E-02),
  .PIECEWISE_BEZIER_KNOTS.);
#6775 = CARTESIAN_POINT('',(5.873763037983,-0.125));
#6776 = CARTESIAN_POINT('',(5.873876457397,0.13019067186));
#6777 = ( GEOMETRIC_REPRESENTATION_CONTEXT(2) 
PARAMETRIC_REPRESENTATION_CONTEXT() REPRESENTATION_CONTEXT('2D SPACE',''
  ) );
#6778 = ORIENTED_EDGE('',*,*,#6779,.F.);
#6779 = EDGE_CURVE('',#6780,#6746,#6782,.T.);
#6780 = VERTEX_POINT('',#6781);
#6781 = CARTESIAN_POINT('',(27.428793663222,-11.90257443498,29.8));
#6782 = SURFACE_CURVE('',#6783,(#6787,#6794),.PCURVE_S1.);
#6783 = LINE('',#6784,#6785);
#6784 = CARTESIAN_POINT('',(27.428793663222,-11.90257443498,34.));
#6785 = VECTOR('',#6786,1.);
#6786 = DIRECTION('',(0.,0.,1.));
#6787 = PCURVE('',#6756,#6788);
#6788 = DEFINITIONAL_REPRESENTATION('',(#6789),#6793);
#6789 = LINE('',#6790,#6791);
#6790 = CARTESIAN_POINT('',(0.204180894312,0.));
#6791 = VECTOR('',#6792,1.);
#6792 = DIRECTION('',(0.,-1.));
#6793 = ( GEOMETRIC_REPRESENTATION_CONTEXT(2) 
PARAMETRIC_REPRESENTATION_CONTEXT() REPRESENTATION_CONTEXT('2D SPACE',''
  ) );
#6794 = PCURVE('',#6795,#6800);
#6795 = CYLINDRICAL_SURFACE('',#6796,29.9);
#6796 = AXIS2_PLACEMENT_3D('',#6797,#6798,#6799);
#6797 = CARTESIAN_POINT('',(0.,0.,34.));
#6798 = DIRECTION('',(0.,0.,-1.));
#6799 = DIRECTION('',(1.,0.,0.));
#6800 = DEFINITIONAL_REPRESENTATION('',(#6801),#6805);
#6801 = LINE('',#6802,#6803);
#6802 = CARTESIAN_POINT('',(0.409422269196,0.));
#6803 = VECTOR('',#6804,1.);
#6804 = DIRECTION('',(0.,-1.));
#6805 = ( GEOMETRIC_REPRESENTATION_CONTEXT(2) 
PARAMETRIC_REPRESENTATION_CONTEXT() REPRESENTATION_CONTEXT('2D SPACE',''
  ) );
#6806 = ORIENTED_EDGE('',*,*,#6807,.F.);
#6807 = EDGE_CURVE('',#6808,#6780,#6810,.T.);
#6808 = VERTEX_POINT('',#6809);
#6809 = CARTESIAN_POINT('',(27.617432212407,-11.98071108044,29.8));
#6810 = SURFACE_CURVE('',#6811,(#6815,#6822),.PCURVE_S1.);
#6811 = LINE('',#6812,#6813);
#6812 = CARTESIAN_POINT('',(27.247880399403,-11.82763770749,29.8));
#6813 = VECTOR('',#6814,1.);
#6814 = DIRECTION('',(-0.923879532511,0.382683432365,0.));
#6815 = PCURVE('',#6756,#6816);
#6816 = DEFINITIONAL_REPRESENTATION('',(#6817),#6821);
#6817 = LINE('',#6818,#6819);
#6818 = CARTESIAN_POINT('',(0.4,4.2));
#6819 = VECTOR('',#6820,1.);
#6820 = DIRECTION('',(1.,0.));
#6821 = ( GEOMETRIC_REPRESENTATION_CONTEXT(2) 
PARAMETRIC_REPRESENTATION_CONTEXT() REPRESENTATION_CONTEXT('2D SPACE',''
  ) );
#6822 = PCURVE('',#6823,#6828);
#6823 = PLANE('',#6824);
#6824 = AXIS2_PLACEMENT_3D('',#6825,#6826,#6827);
#6825 = CARTESIAN_POINT('',(27.623998022087,-11.44223462771,29.8));
#6826 = DIRECTION('',(0.,0.,-1.));
#6827 = DIRECTION('',(-1.,0.,0.));
#6828 = DEFINITIONAL_REPRESENTATION('',(#6829),#6833);
#6829 = LINE('',#6830,#6831);
#6830 = CARTESIAN_POINT('',(0.376117622685,-0.385403079783));
#6831 = VECTOR('',#6832,1.);
#6832 = DIRECTION('',(0.923879532511,0.382683432365));
#6833 = ( GEOMETRIC_REPRESENTATION_CONTEXT(2) 
PARAMETRIC_REPRESENTATION_CONTEXT() REPRESENTATION_CONTEXT('2D SPACE',''
  ) );
#6834 = ORIENTED_EDGE('',*,*,#6835,.F.);
#6835 = EDGE_CURVE('',#6748,#6808,#6836,.T.);
#6836 = SURFACE_CURVE('',#6837,(#6841,#6848),.PCURVE_S1.);
#6837 = LINE('',#6838,#6839);
#6838 = CARTESIAN_POINT('',(27.617432212407,-11.98071108044,34.));
#6839 = VECTOR('',#6840,1.);
#6840 = DIRECTION('',(0.,0.,-1.));
#6841 = PCURVE('',#6756,#6842);
#6842 = DEFINITIONAL_REPRESENTATION('',(#6843),#6847);
#6843 = LINE('',#6844,#6845);
#6844 = CARTESIAN_POINT('',(0.,0.));
#6845 = VECTOR('',#6846,1.);
#6846 = DIRECTION('',(0.,1.));
#6847 = ( GEOMETRIC_REPRESENTATION_CONTEXT(2) 
PARAMETRIC_REPRESENTATION_CONTEXT() REPRESENTATION_CONTEXT('2D SPACE',''
  ) );
#6848 = PCURVE('',#6849,#6854);
#6849 = PLANE('',#6850);
#6850 = AXIS2_PLACEMENT_3D('',#6851,#6852,#6853);
#6851 = CARTESIAN_POINT('',(28.000115644772,-11.05683154793,34.));
#6852 = DIRECTION('',(0.923879532511,-0.382683432365,0.));
#6853 = DIRECTION('',(-0.382683432365,-0.923879532511,0.));
#6854 = DEFINITIONAL_REPRESENTATION('',(#6855),#6859);
#6855 = LINE('',#6856,#6857);
#6856 = CARTESIAN_POINT('',(1.,0.));
#6857 = VECTOR('',#6858,1.);
#6858 = DIRECTION('',(-0.,1.));
#6859 = ( GEOMETRIC_REPRESENTATION_CONTEXT(2) 
PARAMETRIC_REPRESENTATION_CONTEXT() REPRESENTATION_CONTEXT('2D SPACE',''
  ) );
#6860 = ADVANCED_FACE('',(#6861),#6849,.T.);
#6861 = FACE_BOUND('',#6862,.T.);
#6862 = EDGE_LOOP('',(#6863,#6885,#6886,#6909));
#6863 = ORIENTED_EDGE('',*,*,#6864,.F.);
#6864 = EDGE_CURVE('',#6748,#6865,#6867,.T.);
#6865 = VERTEX_POINT('',#6866);
#6866 = CARTESIAN_POINT('',(28.000115644772,-11.05683154793,
    32.380190671853));
#6867 = SURFACE_CURVE('',#6868,(#6872,#6879),.PCURVE_S1.);
#6868 = ( BOUNDED_CURVE() B_SPLINE_CURVE(2,(#6869,#6870,#6871),
.UNSPECIFIED.,.F.,.F.) B_SPLINE_CURVE_WITH_KNOTS((3,3),(0.195734083462,
0.296022970376),.PIECEWISE_BEZIER_KNOTS.) CURVE() 
GEOMETRIC_REPRESENTATION_ITEM() RATIONAL_B_SPLINE_CURVE((1.001592040723,
1.001730218413,1.001592040723)) REPRESENTATION_ITEM('') );
#6869 = CARTESIAN_POINT('',(27.617432212407,-11.98071108044,
    32.380190671853));
#6870 = CARTESIAN_POINT('',(27.80877392859,-11.51877131418,
    32.369810044143));
#6871 = CARTESIAN_POINT('',(28.000115644772,-11.05683154793,
    32.380190671853));
#6872 = PCURVE('',#6849,#6873);
#6873 = DEFINITIONAL_REPRESENTATION('',(#6874),#6878);
#6874 = ( BOUNDED_CURVE() B_SPLINE_CURVE(2,(#6875,#6876,#6877),
.UNSPECIFIED.,.F.,.F.) B_SPLINE_CURVE_WITH_KNOTS((3,3),(0.195734083462,
0.296022970376),.PIECEWISE_BEZIER_KNOTS.) CURVE() 
GEOMETRIC_REPRESENTATION_ITEM() RATIONAL_B_SPLINE_CURVE((1.001592040723,
1.001730218413,1.001592040723)) REPRESENTATION_ITEM('') );
#6875 = CARTESIAN_POINT('',(1.,1.619809328147));
#6876 = CARTESIAN_POINT('',(0.5,1.630189955857));
#6877 = CARTESIAN_POINT('',(0.,1.619809328147));
#6878 = ( GEOMETRIC_REPRESENTATION_CONTEXT(2) 
PARAMETRIC_REPRESENTATION_CONTEXT() REPRESENTATION_CONTEXT('2D SPACE',''
  ) );
#6879 = PCURVE('',#6768,#6880);
#6880 = DEFINITIONAL_REPRESENTATION('',(#6881),#6884);
#6881 = B_SPLINE_CURVE_WITH_KNOTS('',1,(#6882,#6883),.UNSPECIFIED.,.F.,
  .F.,(2,2),(0.195734083462,0.296022970376),.PIECEWISE_BEZIER_KNOTS.);
#6882 = CARTESIAN_POINT('',(5.873876457427,0.130190671853));
#6883 = CARTESIAN_POINT('',(5.907095993535,0.130190671853));
#6884 = ( GEOMETRIC_REPRESENTATION_CONTEXT(2) 
PARAMETRIC_REPRESENTATION_CONTEXT() REPRESENTATION_CONTEXT('2D SPACE',''
  ) );
#6885 = ORIENTED_EDGE('',*,*,#6835,.T.);
#6886 = ORIENTED_EDGE('',*,*,#6887,.F.);
#6887 = EDGE_CURVE('',#6888,#6808,#6890,.T.);
#6888 = VERTEX_POINT('',#6889);
#6889 = CARTESIAN_POINT('',(28.000115644772,-11.05683154793,29.8));
#6890 = SURFACE_CURVE('',#6891,(#6895,#6902),.PCURVE_S1.);
#6891 = LINE('',#6892,#6893);
#6892 = CARTESIAN_POINT('',(27.617432212407,-11.98071108044,29.8));
#6893 = VECTOR('',#6894,1.);
#6894 = DIRECTION('',(-0.382683432365,-0.923879532511,0.));
#6895 = PCURVE('',#6849,#6896);
#6896 = DEFINITIONAL_REPRESENTATION('',(#6897),#6901);
#6897 = LINE('',#6898,#6899);
#6898 = CARTESIAN_POINT('',(1.,4.2));
#6899 = VECTOR('',#6900,1.);
#6900 = DIRECTION('',(1.,0.));
#6901 = ( GEOMETRIC_REPRESENTATION_CONTEXT(2) 
PARAMETRIC_REPRESENTATION_CONTEXT() REPRESENTATION_CONTEXT('2D SPACE',''
  ) );
#6902 = PCURVE('',#6823,#6903);
#6903 = DEFINITIONAL_REPRESENTATION('',(#6904),#6908);
#6904 = LINE('',#6905,#6906);
#6905 = CARTESIAN_POINT('',(6.5658096803E-03,-0.538476452729));
#6906 = VECTOR('',#6907,1.);
#6907 = DIRECTION('',(0.382683432365,-0.923879532511));
#6908 = ( GEOMETRIC_REPRESENTATION_CONTEXT(2) 
PARAMETRIC_REPRESENTATION_CONTEXT() REPRESENTATION_CONTEXT('2D SPACE',''
  ) );
#6909 = ORIENTED_EDGE('',*,*,#6910,.F.);
#6910 = EDGE_CURVE('',#6865,#6888,#6911,.T.);
#6911 = SURFACE_CURVE('',#6912,(#6916,#6923),.PCURVE_S1.);
#6912 = LINE('',#6913,#6914);
#6913 = CARTESIAN_POINT('',(28.000115644772,-11.05683154793,34.));
#6914 = VECTOR('',#6915,1.);
#6915 = DIRECTION('',(0.,0.,-1.));
#6916 = PCURVE('',#6849,#6917);
#6917 = DEFINITIONAL_REPRESENTATION('',(#6918),#6922);
#6918 = LINE('',#6919,#6920);
#6919 = CARTESIAN_POINT('',(0.,0.));
#6920 = VECTOR('',#6921,1.);
#6921 = DIRECTION('',(-0.,1.));
#6922 = ( GEOMETRIC_REPRESENTATION_CONTEXT(2) 
PARAMETRIC_REPRESENTATION_CONTEXT() REPRESENTATION_CONTEXT('2D SPACE',''
  ) );
#6923 = PCURVE('',#6924,#6929);
#6924 = PLANE('',#6925);
#6925 = AXIS2_PLACEMENT_3D('',#6926,#6927,#6928);
#6926 = CARTESIAN_POINT('',(27.630563831768,-10.90375817498,34.));
#6927 = DIRECTION('',(0.382683432365,0.923879532511,0.));
#6928 = DIRECTION('',(0.923879532511,-0.382683432365,0.));
#6929 = DEFINITIONAL_REPRESENTATION('',(#6930),#6934);
#6930 = LINE('',#6931,#6932);
#6931 = CARTESIAN_POINT('',(0.4,0.));
#6932 = VECTOR('',#6933,1.);
#6933 = DIRECTION('',(0.,1.));
#6934 = ( GEOMETRIC_REPRESENTATION_CONTEXT(2) 
PARAMETRIC_REPRESENTATION_CONTEXT() REPRESENTATION_CONTEXT('2D SPACE',''
  ) );
#6935 = ADVANCED_FACE('',(#6936),#6823,.T.);
#6936 = FACE_BOUND('',#6937,.T.);
#6937 = EDGE_LOOP('',(#6938,#6962,#6983,#6984));
#6938 = ORIENTED_EDGE('',*,*,#6939,.F.);
#6939 = EDGE_CURVE('',#6940,#6780,#6942,.T.);
#6940 = VERTEX_POINT('',#6941);
#6941 = CARTESIAN_POINT('',(27.811477095587,-10.97869490247,29.8));
#6942 = SURFACE_CURVE('',#6943,(#6948,#6955),.PCURVE_S1.);
#6943 = CIRCLE('',#6944,29.9);
#6944 = AXIS2_PLACEMENT_3D('',#6945,#6946,#6947);
#6945 = CARTESIAN_POINT('',(0.,0.,29.8));
#6946 = DIRECTION('',(0.,0.,-1.));
#6947 = DIRECTION('',(1.,0.,0.));
#6948 = PCURVE('',#6823,#6949);
#6949 = DEFINITIONAL_REPRESENTATION('',(#6950),#6954);
#6950 = CIRCLE('',#6951,29.9);
#6951 = AXIS2_PLACEMENT_2D('',#6952,#6953);
#6952 = CARTESIAN_POINT('',(27.623998022087,11.442234627716));
#6953 = DIRECTION('',(-1.,0.));
#6954 = ( GEOMETRIC_REPRESENTATION_CONTEXT(2) 
PARAMETRIC_REPRESENTATION_CONTEXT() REPRESENTATION_CONTEXT('2D SPACE',''
  ) );
#6955 = PCURVE('',#6795,#6956);
#6956 = DEFINITIONAL_REPRESENTATION('',(#6957),#6961);
#6957 = LINE('',#6958,#6959);
#6958 = CARTESIAN_POINT('',(-5.551115123126E-17,4.2));
#6959 = VECTOR('',#6960,1.);
#6960 = DIRECTION('',(1.,0.));
#6961 = ( GEOMETRIC_REPRESENTATION_CONTEXT(2) 
PARAMETRIC_REPRESENTATION_CONTEXT() REPRESENTATION_CONTEXT('2D SPACE',''
  ) );
#6962 = ORIENTED_EDGE('',*,*,#6963,.T.);
#6963 = EDGE_CURVE('',#6940,#6888,#6964,.T.);
#6964 = SURFACE_CURVE('',#6965,(#6969,#6976),.PCURVE_S1.);
#6965 = LINE('',#6966,#6967);
#6966 = CARTESIAN_POINT('',(28.000115644772,-11.05683154793,29.8));
#6967 = VECTOR('',#6968,1.);
#6968 = DIRECTION('',(0.923879532511,-0.382683432365,0.));
#6969 = PCURVE('',#6823,#6970);
#6970 = DEFINITIONAL_REPRESENTATION('',(#6971),#6975);
#6971 = LINE('',#6972,#6973);
#6972 = CARTESIAN_POINT('',(-0.376117622685,0.385403079783));
#6973 = VECTOR('',#6974,1.);
#6974 = DIRECTION('',(-0.923879532511,-0.382683432365));
#6975 = ( GEOMETRIC_REPRESENTATION_CONTEXT(2) 
PARAMETRIC_REPRESENTATION_CONTEXT() REPRESENTATION_CONTEXT('2D SPACE',''
  ) );
#6976 = PCURVE('',#6924,#6977);
#6977 = DEFINITIONAL_REPRESENTATION('',(#6978),#6982);
#6978 = LINE('',#6979,#6980);
#6979 = CARTESIAN_POINT('',(0.4,4.2));
#6980 = VECTOR('',#6981,1.);
#6981 = DIRECTION('',(1.,0.));
#6982 = ( GEOMETRIC_REPRESENTATION_CONTEXT(2) 
PARAMETRIC_REPRESENTATION_CONTEXT() REPRESENTATION_CONTEXT('2D SPACE',''
  ) );
#6983 = ORIENTED_EDGE('',*,*,#6887,.T.);
#6984 = ORIENTED_EDGE('',*,*,#6807,.T.);
#6985 = ADVANCED_FACE('',(#6986),#6924,.T.);
#6986 = FACE_BOUND('',#6987,.T.);
#6987 = EDGE_LOOP('',(#6988,#7010,#7011,#7012));
#6988 = ORIENTED_EDGE('',*,*,#6989,.F.);
#6989 = EDGE_CURVE('',#6865,#6990,#6992,.T.);
#6990 = VERTEX_POINT('',#6991);
#6991 = CARTESIAN_POINT('',(27.811477095587,-10.97869490247,32.125));
#6992 = SURFACE_CURVE('',#6993,(#6997,#7004),.PCURVE_S1.);
#6993 = LINE('',#6994,#6995);
#6994 = CARTESIAN_POINT('',(27.950078213419,-11.03610536524,32.3125));
#6995 = VECTOR('',#6996,1.);
#6996 = DIRECTION('',(-0.577191690646,0.239080626355,-0.780826617343));
#6997 = PCURVE('',#6924,#6998);
#6998 = DEFINITIONAL_REPRESENTATION('',(#6999),#7003);
#6999 = LINE('',#7000,#7001);
#7000 = CARTESIAN_POINT('',(0.34583987458,1.6875));
#7001 = VECTOR('',#7002,1.);
#7002 = DIRECTION('',(-0.624747784029,0.780826617343));
#7003 = ( GEOMETRIC_REPRESENTATION_CONTEXT(2) 
PARAMETRIC_REPRESENTATION_CONTEXT() REPRESENTATION_CONTEXT('2D SPACE',''
  ) );
#7004 = PCURVE('',#6768,#7005);
#7005 = DEFINITIONAL_REPRESENTATION('',(#7006),#7009);
#7006 = B_SPLINE_CURVE_WITH_KNOTS('',1,(#7007,#7008),.UNSPECIFIED.,.F.,
  .F.,(2,2),(-8.669109666738E-02,0.240130133676),
  .PIECEWISE_BEZIER_KNOTS.);
#7007 = CARTESIAN_POINT('',(5.907095993565,0.13019067186));
#7008 = CARTESIAN_POINT('',(5.907209412978,-0.125));
#7009 = ( GEOMETRIC_REPRESENTATION_CONTEXT(2) 
PARAMETRIC_REPRESENTATION_CONTEXT() REPRESENTATION_CONTEXT('2D SPACE',''
  ) );
#7010 = ORIENTED_EDGE('',*,*,#6910,.T.);
#7011 = ORIENTED_EDGE('',*,*,#6963,.F.);
#7012 = ORIENTED_EDGE('',*,*,#7013,.F.);
#7013 = EDGE_CURVE('',#6990,#6940,#7014,.T.);
#7014 = SURFACE_CURVE('',#7015,(#7019,#7026),.PCURVE_S1.);
#7015 = LINE('',#7016,#7017);
#7016 = CARTESIAN_POINT('',(27.811477095587,-10.97869490247,34.));
#7017 = VECTOR('',#7018,1.);
#7018 = DIRECTION('',(0.,0.,-1.));
#7019 = PCURVE('',#6924,#7020);
#7020 = DEFINITIONAL_REPRESENTATION('',(#7021),#7025);
#7021 = LINE('',#7022,#7023);
#7022 = CARTESIAN_POINT('',(0.195819105688,0.));
#7023 = VECTOR('',#7024,1.);
#7024 = DIRECTION('',(0.,1.));
#7025 = ( GEOMETRIC_REPRESENTATION_CONTEXT(2) 
PARAMETRIC_REPRESENTATION_CONTEXT() REPRESENTATION_CONTEXT('2D SPACE',''
  ) );
#7026 = PCURVE('',#6795,#7027);
#7027 = DEFINITIONAL_REPRESENTATION('',(#7028),#7032);
#7028 = LINE('',#7029,#7030);
#7029 = CARTESIAN_POINT('',(0.375975894201,0.));
#7030 = VECTOR('',#7031,1.);
#7031 = DIRECTION('',(0.,1.));
#7032 = ( GEOMETRIC_REPRESENTATION_CONTEXT(2) 
PARAMETRIC_REPRESENTATION_CONTEXT() REPRESENTATION_CONTEXT('2D SPACE',''
  ) );
#7033 = ADVANCED_FACE('',(#7034),#7048,.T.);
#7034 = FACE_BOUND('',#7035,.T.);
#7035 = EDGE_LOOP('',(#7036,#7070,#7098,#7121));
#7036 = ORIENTED_EDGE('',*,*,#7037,.F.);
#7037 = EDGE_CURVE('',#7038,#7040,#7042,.T.);
#7038 = VERTEX_POINT('',#7039);
#7039 = CARTESIAN_POINT('',(27.811477095587,-10.97869490247,32.875));
#7040 = VERTEX_POINT('',#7041);
#7041 = CARTESIAN_POINT('',(28.000115644772,-11.05683154793,
    32.619809328147));
#7042 = SURFACE_CURVE('',#7043,(#7047,#7059),.PCURVE_S1.);
#7043 = LINE('',#7044,#7045);
#7044 = CARTESIAN_POINT('',(27.950078213419,-11.03610536524,32.6875));
#7045 = VECTOR('',#7046,1.);
#7046 = DIRECTION('',(0.577191690646,-0.239080626355,-0.780826617343));
#7047 = PCURVE('',#7048,#7053);
#7048 = PLANE('',#7049);
#7049 = AXIS2_PLACEMENT_3D('',#7050,#7051,#7052);
#7050 = CARTESIAN_POINT('',(27.630563831768,-10.90375817498,34.));
#7051 = DIRECTION('',(0.382683432365,0.923879532511,0.));
#7052 = DIRECTION('',(0.923879532511,-0.382683432365,0.));
#7053 = DEFINITIONAL_REPRESENTATION('',(#7054),#7058);
#7054 = LINE('',#7055,#7056);
#7055 = CARTESIAN_POINT('',(0.34583987458,1.3125));
#7056 = VECTOR('',#7057,1.);
#7057 = DIRECTION('',(0.624747784029,0.780826617343));
#7058 = ( GEOMETRIC_REPRESENTATION_CONTEXT(2) 
PARAMETRIC_REPRESENTATION_CONTEXT() REPRESENTATION_CONTEXT('2D SPACE',''
  ) );
#7059 = PCURVE('',#7060,#7065);
#7060 = CONICAL_SURFACE('',#7061,30.,0.674740942224);
#7061 = AXIS2_PLACEMENT_3D('',#7062,#7063,#7064);
#7062 = CARTESIAN_POINT('',(0.,0.,32.75));
#7063 = DIRECTION('',(0.,0.,-1.));
#7064 = DIRECTION('',(1.,0.,0.));
#7065 = DEFINITIONAL_REPRESENTATION('',(#7066),#7069);
#7066 = B_SPLINE_CURVE_WITH_KNOTS('',1,(#7067,#7068),.UNSPECIFIED.,.F.,
  .F.,(2,2),(-0.240130133676,8.669109666738E-02),
  .PIECEWISE_BEZIER_KNOTS.);
#7067 = CARTESIAN_POINT('',(0.375975894201,-0.125));
#7068 = CARTESIAN_POINT('',(0.376089313615,0.13019067186));
#7069 = ( GEOMETRIC_REPRESENTATION_CONTEXT(2) 
PARAMETRIC_REPRESENTATION_CONTEXT() REPRESENTATION_CONTEXT('2D SPACE',''
  ) );
#7070 = ORIENTED_EDGE('',*,*,#7071,.F.);
#7071 = EDGE_CURVE('',#7072,#7038,#7074,.T.);
#7072 = VERTEX_POINT('',#7073);
#7073 = CARTESIAN_POINT('',(27.811477095587,-10.97869490247,34.));
#7074 = SURFACE_CURVE('',#7075,(#7079,#7086),.PCURVE_S1.);
#7075 = LINE('',#7076,#7077);
#7076 = CARTESIAN_POINT('',(27.811477095587,-10.97869490247,34.));
#7077 = VECTOR('',#7078,1.);
#7078 = DIRECTION('',(0.,0.,-1.));
#7079 = PCURVE('',#7048,#7080);
#7080 = DEFINITIONAL_REPRESENTATION('',(#7081),#7085);
#7081 = LINE('',#7082,#7083);
#7082 = CARTESIAN_POINT('',(0.195819105688,0.));
#7083 = VECTOR('',#7084,1.);
#7084 = DIRECTION('',(0.,1.));
#7085 = ( GEOMETRIC_REPRESENTATION_CONTEXT(2) 
PARAMETRIC_REPRESENTATION_CONTEXT() REPRESENTATION_CONTEXT('2D SPACE',''
  ) );
#7086 = PCURVE('',#7087,#7092);
#7087 = CYLINDRICAL_SURFACE('',#7088,29.9);
#7088 = AXIS2_PLACEMENT_3D('',#7089,#7090,#7091);
#7089 = CARTESIAN_POINT('',(0.,0.,34.));
#7090 = DIRECTION('',(0.,0.,-1.));
#7091 = DIRECTION('',(1.,0.,0.));
#7092 = DEFINITIONAL_REPRESENTATION('',(#7093),#7097);
#7093 = LINE('',#7094,#7095);
#7094 = CARTESIAN_POINT('',(0.375975894201,0.));
#7095 = VECTOR('',#7096,1.);
#7096 = DIRECTION('',(0.,1.));
#7097 = ( GEOMETRIC_REPRESENTATION_CONTEXT(2) 
PARAMETRIC_REPRESENTATION_CONTEXT() REPRESENTATION_CONTEXT('2D SPACE',''
  ) );
#7098 = ORIENTED_EDGE('',*,*,#7099,.F.);
#7099 = EDGE_CURVE('',#7100,#7072,#7102,.T.);
#7100 = VERTEX_POINT('',#7101);
#7101 = CARTESIAN_POINT('',(28.000115644772,-11.05683154793,34.));
#7102 = SURFACE_CURVE('',#7103,(#7107,#7114),.PCURVE_S1.);
#7103 = LINE('',#7104,#7105);
#7104 = CARTESIAN_POINT('',(13.910952773975,-5.220909204366,34.));
#7105 = VECTOR('',#7106,1.);
#7106 = DIRECTION('',(-0.923879532511,0.382683432365,0.));
#7107 = PCURVE('',#7048,#7108);
#7108 = DEFINITIONAL_REPRESENTATION('',(#7109),#7113);
#7109 = LINE('',#7110,#7111);
#7110 = CARTESIAN_POINT('',(-14.85,0.));
#7111 = VECTOR('',#7112,1.);
#7112 = DIRECTION('',(-1.,0.));
#7113 = ( GEOMETRIC_REPRESENTATION_CONTEXT(2) 
PARAMETRIC_REPRESENTATION_CONTEXT() REPRESENTATION_CONTEXT('2D SPACE',''
  ) );
#7114 = PCURVE('',#3330,#7115);
#7115 = DEFINITIONAL_REPRESENTATION('',(#7116),#7120);
#7116 = LINE('',#7117,#7118);
#7117 = CARTESIAN_POINT('',(13.910952773975,-5.220909204366));
#7118 = VECTOR('',#7119,1.);
#7119 = DIRECTION('',(-0.923879532511,0.382683432365));
#7120 = ( GEOMETRIC_REPRESENTATION_CONTEXT(2) 
PARAMETRIC_REPRESENTATION_CONTEXT() REPRESENTATION_CONTEXT('2D SPACE',''
  ) );
#7121 = ORIENTED_EDGE('',*,*,#7122,.T.);
#7122 = EDGE_CURVE('',#7100,#7040,#7123,.T.);
#7123 = SURFACE_CURVE('',#7124,(#7128,#7135),.PCURVE_S1.);
#7124 = LINE('',#7125,#7126);
#7125 = CARTESIAN_POINT('',(28.000115644772,-11.05683154793,34.));
#7126 = VECTOR('',#7127,1.);
#7127 = DIRECTION('',(0.,0.,-1.));
#7128 = PCURVE('',#7048,#7129);
#7129 = DEFINITIONAL_REPRESENTATION('',(#7130),#7134);
#7130 = LINE('',#7131,#7132);
#7131 = CARTESIAN_POINT('',(0.4,0.));
#7132 = VECTOR('',#7133,1.);
#7133 = DIRECTION('',(0.,1.));
#7134 = ( GEOMETRIC_REPRESENTATION_CONTEXT(2) 
PARAMETRIC_REPRESENTATION_CONTEXT() REPRESENTATION_CONTEXT('2D SPACE',''
  ) );
#7135 = PCURVE('',#7136,#7141);
#7136 = PLANE('',#7137);
#7137 = AXIS2_PLACEMENT_3D('',#7138,#7139,#7140);
#7138 = CARTESIAN_POINT('',(28.000115644772,-11.05683154793,34.));
#7139 = DIRECTION('',(0.923879532511,-0.382683432365,0.));
#7140 = DIRECTION('',(-0.382683432365,-0.923879532511,0.));
#7141 = DEFINITIONAL_REPRESENTATION('',(#7142),#7146);
#7142 = LINE('',#7143,#7144);
#7143 = CARTESIAN_POINT('',(0.,0.));
#7144 = VECTOR('',#7145,1.);
#7145 = DIRECTION('',(-0.,1.));
#7146 = ( GEOMETRIC_REPRESENTATION_CONTEXT(2) 
PARAMETRIC_REPRESENTATION_CONTEXT() REPRESENTATION_CONTEXT('2D SPACE',''
  ) );
#7147 = ADVANCED_FACE('',(#7148),#7162,.T.);
#7148 = FACE_BOUND('',#7149,.T.);
#7149 = EDGE_LOOP('',(#7150,#7179,#7202,#7225));
#7150 = ORIENTED_EDGE('',*,*,#7151,.F.);
#7151 = EDGE_CURVE('',#7152,#7154,#7156,.T.);
#7152 = VERTEX_POINT('',#7153);
#7153 = CARTESIAN_POINT('',(27.617432212407,-11.98071108044,
    32.619809328147));
#7154 = VERTEX_POINT('',#7155);
#7155 = CARTESIAN_POINT('',(27.428793663222,-11.90257443498,32.875));
#7156 = SURFACE_CURVE('',#7157,(#7161,#7173),.PCURVE_S1.);
#7157 = LINE('',#7158,#7159);
#7158 = CARTESIAN_POINT('',(27.567394781053,-11.95998489775,32.6875));
#7159 = VECTOR('',#7160,1.);
#7160 = DIRECTION('',(-0.577191690646,0.239080626355,0.780826617343));
#7161 = PCURVE('',#7162,#7167);
#7162 = PLANE('',#7163);
#7163 = AXIS2_PLACEMENT_3D('',#7164,#7165,#7166);
#7164 = CARTESIAN_POINT('',(27.617432212407,-11.98071108044,34.));
#7165 = DIRECTION('',(-0.382683432365,-0.923879532511,0.));
#7166 = DIRECTION('',(-0.923879532511,0.382683432365,0.));
#7167 = DEFINITIONAL_REPRESENTATION('',(#7168),#7172);
#7168 = LINE('',#7169,#7170);
#7169 = CARTESIAN_POINT('',(5.416012542E-02,1.3125));
#7170 = VECTOR('',#7171,1.);
#7171 = DIRECTION('',(0.624747784029,-0.780826617343));
#7172 = ( GEOMETRIC_REPRESENTATION_CONTEXT(2) 
PARAMETRIC_REPRESENTATION_CONTEXT() REPRESENTATION_CONTEXT('2D SPACE',''
  ) );
#7173 = PCURVE('',#7060,#7174);
#7174 = DEFINITIONAL_REPRESENTATION('',(#7175),#7178);
#7175 = B_SPLINE_CURVE_WITH_KNOTS('',1,(#7176,#7177),.UNSPECIFIED.,.F.,
  .F.,(2,2),(-8.669109666735E-02,0.240130133676),
  .PIECEWISE_BEZIER_KNOTS.);
#7176 = CARTESIAN_POINT('',(0.409308849783,0.13019067186));
#7177 = CARTESIAN_POINT('',(0.409422269196,-0.125));
#7178 = ( GEOMETRIC_REPRESENTATION_CONTEXT(2) 
PARAMETRIC_REPRESENTATION_CONTEXT() REPRESENTATION_CONTEXT('2D SPACE',''
  ) );
#7179 = ORIENTED_EDGE('',*,*,#7180,.F.);
#7180 = EDGE_CURVE('',#7181,#7152,#7183,.T.);
#7181 = VERTEX_POINT('',#7182);
#7182 = CARTESIAN_POINT('',(27.617432212407,-11.98071108044,34.));
#7183 = SURFACE_CURVE('',#7184,(#7188,#7195),.PCURVE_S1.);
#7184 = LINE('',#7185,#7186);
#7185 = CARTESIAN_POINT('',(27.617432212407,-11.98071108044,34.));
#7186 = VECTOR('',#7187,1.);
#7187 = DIRECTION('',(0.,0.,-1.));
#7188 = PCURVE('',#7162,#7189);
#7189 = DEFINITIONAL_REPRESENTATION('',(#7190),#7194);
#7190 = LINE('',#7191,#7192);
#7191 = CARTESIAN_POINT('',(0.,0.));
#7192 = VECTOR('',#7193,1.);
#7193 = DIRECTION('',(0.,1.));
#7194 = ( GEOMETRIC_REPRESENTATION_CONTEXT(2) 
PARAMETRIC_REPRESENTATION_CONTEXT() REPRESENTATION_CONTEXT('2D SPACE',''
  ) );
#7195 = PCURVE('',#7136,#7196);
#7196 = DEFINITIONAL_REPRESENTATION('',(#7197),#7201);
#7197 = LINE('',#7198,#7199);
#7198 = CARTESIAN_POINT('',(1.,0.));
#7199 = VECTOR('',#7200,1.);
#7200 = DIRECTION('',(-0.,1.));
#7201 = ( GEOMETRIC_REPRESENTATION_CONTEXT(2) 
PARAMETRIC_REPRESENTATION_CONTEXT() REPRESENTATION_CONTEXT('2D SPACE',''
  ) );
#7202 = ORIENTED_EDGE('',*,*,#7203,.F.);
#7203 = EDGE_CURVE('',#7204,#7181,#7206,.T.);
#7204 = VERTEX_POINT('',#7205);
#7205 = CARTESIAN_POINT('',(27.428793663222,-11.90257443498,34.));
#7206 = SURFACE_CURVE('',#7207,(#7211,#7218),.PCURVE_S1.);
#7207 = LINE('',#7208,#7209);
#7208 = CARTESIAN_POINT('',(13.713045248112,-6.22132542335,34.));
#7209 = VECTOR('',#7210,1.);
#7210 = DIRECTION('',(0.923879532511,-0.382683432365,0.));
#7211 = PCURVE('',#7162,#7212);
#7212 = DEFINITIONAL_REPRESENTATION('',(#7213),#7217);
#7213 = LINE('',#7214,#7215);
#7214 = CARTESIAN_POINT('',(15.05,0.));
#7215 = VECTOR('',#7216,1.);
#7216 = DIRECTION('',(-1.,-0.));
#7217 = ( GEOMETRIC_REPRESENTATION_CONTEXT(2) 
PARAMETRIC_REPRESENTATION_CONTEXT() REPRESENTATION_CONTEXT('2D SPACE',''
  ) );
#7218 = PCURVE('',#3330,#7219);
#7219 = DEFINITIONAL_REPRESENTATION('',(#7220),#7224);
#7220 = LINE('',#7221,#7222);
#7221 = CARTESIAN_POINT('',(13.713045248112,-6.22132542335));
#7222 = VECTOR('',#7223,1.);
#7223 = DIRECTION('',(0.923879532511,-0.382683432365));
#7224 = ( GEOMETRIC_REPRESENTATION_CONTEXT(2) 
PARAMETRIC_REPRESENTATION_CONTEXT() REPRESENTATION_CONTEXT('2D SPACE',''
  ) );
#7225 = ORIENTED_EDGE('',*,*,#7226,.F.);
#7226 = EDGE_CURVE('',#7154,#7204,#7227,.T.);
#7227 = SURFACE_CURVE('',#7228,(#7232,#7239),.PCURVE_S1.);
#7228 = LINE('',#7229,#7230);
#7229 = CARTESIAN_POINT('',(27.428793663222,-11.90257443498,34.));
#7230 = VECTOR('',#7231,1.);
#7231 = DIRECTION('',(0.,0.,1.));
#7232 = PCURVE('',#7162,#7233);
#7233 = DEFINITIONAL_REPRESENTATION('',(#7234),#7238);
#7234 = LINE('',#7235,#7236);
#7235 = CARTESIAN_POINT('',(0.204180894312,0.));
#7236 = VECTOR('',#7237,1.);
#7237 = DIRECTION('',(0.,-1.));
#7238 = ( GEOMETRIC_REPRESENTATION_CONTEXT(2) 
PARAMETRIC_REPRESENTATION_CONTEXT() REPRESENTATION_CONTEXT('2D SPACE',''
  ) );
#7239 = PCURVE('',#7240,#7245);
#7240 = CYLINDRICAL_SURFACE('',#7241,29.9);
#7241 = AXIS2_PLACEMENT_3D('',#7242,#7243,#7244);
#7242 = CARTESIAN_POINT('',(0.,0.,34.));
#7243 = DIRECTION('',(0.,0.,-1.));
#7244 = DIRECTION('',(1.,0.,0.));
#7245 = DEFINITIONAL_REPRESENTATION('',(#7246),#7250);
#7246 = LINE('',#7247,#7248);
#7247 = CARTESIAN_POINT('',(0.409422269196,0.));
#7248 = VECTOR('',#7249,1.);
#7249 = DIRECTION('',(0.,-1.));
#7250 = ( GEOMETRIC_REPRESENTATION_CONTEXT(2) 
PARAMETRIC_REPRESENTATION_CONTEXT() REPRESENTATION_CONTEXT('2D SPACE',''
  ) );
#7251 = ADVANCED_FACE('',(#7252),#7136,.T.);
#7252 = FACE_BOUND('',#7253,.T.);
#7253 = EDGE_LOOP('',(#7254,#7274,#7275,#7296));
#7254 = ORIENTED_EDGE('',*,*,#7255,.F.);
#7255 = EDGE_CURVE('',#7040,#7152,#7256,.T.);
#7256 = SURFACE_CURVE('',#7257,(#7261,#7268),.PCURVE_S1.);
#7257 = ( BOUNDED_CURVE() B_SPLINE_CURVE(2,(#7258,#7259,#7260),
.UNSPECIFIED.,.F.,.F.) B_SPLINE_CURVE_WITH_KNOTS((3,3),(0.195734083462,
0.296022970376),.PIECEWISE_BEZIER_KNOTS.) CURVE() 
GEOMETRIC_REPRESENTATION_ITEM() RATIONAL_B_SPLINE_CURVE((1.001592040723,
1.001730218413,1.001592040723)) REPRESENTATION_ITEM('') );
#7258 = CARTESIAN_POINT('',(28.000115644772,-11.05683154793,
    32.619809328147));
#7259 = CARTESIAN_POINT('',(27.80877392859,-11.51877131418,
    32.630189955857));
#7260 = CARTESIAN_POINT('',(27.617432212407,-11.98071108044,
    32.619809328147));
#7261 = PCURVE('',#7136,#7262);
#7262 = DEFINITIONAL_REPRESENTATION('',(#7263),#7267);
#7263 = ( BOUNDED_CURVE() B_SPLINE_CURVE(2,(#7264,#7265,#7266),
.UNSPECIFIED.,.F.,.F.) B_SPLINE_CURVE_WITH_KNOTS((3,3),(0.195734083462,
0.296022970376),.PIECEWISE_BEZIER_KNOTS.) CURVE() 
GEOMETRIC_REPRESENTATION_ITEM() RATIONAL_B_SPLINE_CURVE((1.001592040723,
1.001730218413,1.001592040723)) REPRESENTATION_ITEM('') );
#7264 = CARTESIAN_POINT('',(0.,1.380190671853));
#7265 = CARTESIAN_POINT('',(0.5,1.369810044143));
#7266 = CARTESIAN_POINT('',(1.,1.380190671853));
#7267 = ( GEOMETRIC_REPRESENTATION_CONTEXT(2) 
PARAMETRIC_REPRESENTATION_CONTEXT() REPRESENTATION_CONTEXT('2D SPACE',''
  ) );
#7268 = PCURVE('',#7060,#7269);
#7269 = DEFINITIONAL_REPRESENTATION('',(#7270),#7273);
#7270 = B_SPLINE_CURVE_WITH_KNOTS('',1,(#7271,#7272),.UNSPECIFIED.,.F.,
  .F.,(2,2),(0.195734083462,0.296022970376),.PIECEWISE_BEZIER_KNOTS.);
#7271 = CARTESIAN_POINT('',(0.376089313645,0.130190671853));
#7272 = CARTESIAN_POINT('',(0.409308849753,0.130190671853));
#7273 = ( GEOMETRIC_REPRESENTATION_CONTEXT(2) 
PARAMETRIC_REPRESENTATION_CONTEXT() REPRESENTATION_CONTEXT('2D SPACE',''
  ) );
#7274 = ORIENTED_EDGE('',*,*,#7122,.F.);
#7275 = ORIENTED_EDGE('',*,*,#7276,.F.);
#7276 = EDGE_CURVE('',#7181,#7100,#7277,.T.);
#7277 = SURFACE_CURVE('',#7278,(#7282,#7289),.PCURVE_S1.);
#7278 = LINE('',#7279,#7280);
#7279 = CARTESIAN_POINT('',(27.904444786681,-11.28780143106,34.));
#7280 = VECTOR('',#7281,1.);
#7281 = DIRECTION('',(0.382683432365,0.923879532511,0.));
#7282 = PCURVE('',#7136,#7283);
#7283 = DEFINITIONAL_REPRESENTATION('',(#7284),#7288);
#7284 = LINE('',#7285,#7286);
#7285 = CARTESIAN_POINT('',(0.25,0.));
#7286 = VECTOR('',#7287,1.);
#7287 = DIRECTION('',(-1.,0.));
#7288 = ( GEOMETRIC_REPRESENTATION_CONTEXT(2) 
PARAMETRIC_REPRESENTATION_CONTEXT() REPRESENTATION_CONTEXT('2D SPACE',''
  ) );
#7289 = PCURVE('',#3330,#7290);
#7290 = DEFINITIONAL_REPRESENTATION('',(#7291),#7295);
#7291 = LINE('',#7292,#7293);
#7292 = CARTESIAN_POINT('',(27.904444786681,-11.28780143106));
#7293 = VECTOR('',#7294,1.);
#7294 = DIRECTION('',(0.382683432365,0.923879532511));
#7295 = ( GEOMETRIC_REPRESENTATION_CONTEXT(2) 
PARAMETRIC_REPRESENTATION_CONTEXT() REPRESENTATION_CONTEXT('2D SPACE',''
  ) );
#7296 = ORIENTED_EDGE('',*,*,#7180,.T.);
#7297 = ADVANCED_FACE('',(#7298),#7060,.T.);
#7298 = FACE_BOUND('',#7299,.T.);
#7299 = EDGE_LOOP('',(#7300,#7301,#7302,#7303,#7327,#7354,#7381,#7408,
    #7437,#7464,#7488,#7515));
#7300 = ORIENTED_EDGE('',*,*,#7037,.T.);
#7301 = ORIENTED_EDGE('',*,*,#7255,.T.);
#7302 = ORIENTED_EDGE('',*,*,#7151,.T.);
#7303 = ORIENTED_EDGE('',*,*,#7304,.F.);
#7304 = EDGE_CURVE('',#7305,#7154,#7307,.T.);
#7305 = VERTEX_POINT('',#7306);
#7306 = CARTESIAN_POINT('',(11.902574434986,-27.42879366322,32.875));
#7307 = SURFACE_CURVE('',#7308,(#7313,#7320),.PCURVE_S1.);
#7308 = CIRCLE('',#7309,29.9);
#7309 = AXIS2_PLACEMENT_3D('',#7310,#7311,#7312);
#7310 = CARTESIAN_POINT('',(0.,0.,32.875));
#7311 = DIRECTION('',(0.,0.,1.));
#7312 = DIRECTION('',(1.,0.,-0.));
#7313 = PCURVE('',#7060,#7314);
#7314 = DEFINITIONAL_REPRESENTATION('',(#7315),#7319);
#7315 = LINE('',#7316,#7317);
#7316 = CARTESIAN_POINT('',(6.28318530718,-0.125));
#7317 = VECTOR('',#7318,1.);
#7318 = DIRECTION('',(-1.,0.));
#7319 = ( GEOMETRIC_REPRESENTATION_CONTEXT(2) 
PARAMETRIC_REPRESENTATION_CONTEXT() REPRESENTATION_CONTEXT('2D SPACE',''
  ) );
#7320 = PCURVE('',#7240,#7321);
#7321 = DEFINITIONAL_REPRESENTATION('',(#7322),#7326);
#7322 = LINE('',#7323,#7324);
#7323 = CARTESIAN_POINT('',(6.28318530718,1.125));
#7324 = VECTOR('',#7325,1.);
#7325 = DIRECTION('',(-1.,0.));
#7326 = ( GEOMETRIC_REPRESENTATION_CONTEXT(2) 
PARAMETRIC_REPRESENTATION_CONTEXT() REPRESENTATION_CONTEXT('2D SPACE',''
  ) );
#7327 = ORIENTED_EDGE('',*,*,#7328,.T.);
#7328 = EDGE_CURVE('',#7305,#7329,#7331,.T.);
#7329 = VERTEX_POINT('',#7330);
#7330 = CARTESIAN_POINT('',(11.980711080445,-27.6174322124,
    32.619809328147));
#7331 = SURFACE_CURVE('',#7332,(#7336,#7342),.PCURVE_S1.);
#7332 = LINE('',#7333,#7334);
#7333 = CARTESIAN_POINT('',(11.959984897752,-27.56739478105,32.6875));
#7334 = VECTOR('',#7335,1.);
#7335 = DIRECTION('',(0.239080626355,-0.577191690646,-0.780826617343));
#7336 = PCURVE('',#7060,#7337);
#7337 = DEFINITIONAL_REPRESENTATION('',(#7338),#7341);
#7338 = B_SPLINE_CURVE_WITH_KNOTS('',1,(#7339,#7340),.UNSPECIFIED.,.F.,
  .F.,(2,2),(-0.240130133676,8.669109666738E-02),
  .PIECEWISE_BEZIER_KNOTS.);
#7339 = CARTESIAN_POINT('',(1.161374057599,-0.125));
#7340 = CARTESIAN_POINT('',(1.161487477012,0.13019067186));
#7341 = ( GEOMETRIC_REPRESENTATION_CONTEXT(2) 
PARAMETRIC_REPRESENTATION_CONTEXT() REPRESENTATION_CONTEXT('2D SPACE',''
  ) );
#7342 = PCURVE('',#7343,#7348);
#7343 = PLANE('',#7344);
#7344 = AXIS2_PLACEMENT_3D('',#7345,#7346,#7347);
#7345 = CARTESIAN_POINT('',(11.827637707499,-27.2478803994,34.));
#7346 = DIRECTION('',(0.923879532511,0.382683432365,0.));
#7347 = DIRECTION('',(0.382683432365,-0.923879532511,0.));
#7348 = DEFINITIONAL_REPRESENTATION('',(#7349),#7353);
#7349 = LINE('',#7350,#7351);
#7350 = CARTESIAN_POINT('',(0.34583987458,1.3125));
#7351 = VECTOR('',#7352,1.);
#7352 = DIRECTION('',(0.624747784029,0.780826617343));
#7353 = ( GEOMETRIC_REPRESENTATION_CONTEXT(2) 
PARAMETRIC_REPRESENTATION_CONTEXT() REPRESENTATION_CONTEXT('2D SPACE',''
  ) );
#7354 = ORIENTED_EDGE('',*,*,#7355,.T.);
#7355 = EDGE_CURVE('',#7329,#7356,#7358,.T.);
#7356 = VERTEX_POINT('',#7357);
#7357 = CARTESIAN_POINT('',(11.056831547934,-28.00011564477,
    32.619809328147));
#7358 = SURFACE_CURVE('',#7359,(#7363,#7369),.PCURVE_S1.);
#7359 = ( BOUNDED_CURVE() B_SPLINE_CURVE(2,(#7360,#7361,#7362),
.UNSPECIFIED.,.F.,.F.) B_SPLINE_CURVE_WITH_KNOTS((3,3),(0.195734083462,
0.296022970376),.PIECEWISE_BEZIER_KNOTS.) CURVE() 
GEOMETRIC_REPRESENTATION_ITEM() RATIONAL_B_SPLINE_CURVE((1.001592040723,
1.001730218414,1.001592040723)) REPRESENTATION_ITEM('') );
#7360 = CARTESIAN_POINT('',(11.980711080445,-27.6174322124,
    32.619809328147));
#7361 = CARTESIAN_POINT('',(11.518771314189,-27.80877392859,
    32.630189955857));
#7362 = CARTESIAN_POINT('',(11.056831547934,-28.00011564477,
    32.619809328147));
#7363 = PCURVE('',#7060,#7364);
#7364 = DEFINITIONAL_REPRESENTATION('',(#7365),#7368);
#7365 = B_SPLINE_CURVE_WITH_KNOTS('',1,(#7366,#7367),.UNSPECIFIED.,.F.,
  .F.,(2,2),(0.195734083462,0.296022970376),.PIECEWISE_BEZIER_KNOTS.);
#7366 = CARTESIAN_POINT('',(1.161487477042,0.130190671853));
#7367 = CARTESIAN_POINT('',(1.19470701315,0.130190671853));
#7368 = ( GEOMETRIC_REPRESENTATION_CONTEXT(2) 
PARAMETRIC_REPRESENTATION_CONTEXT() REPRESENTATION_CONTEXT('2D SPACE',''
  ) );
#7369 = PCURVE('',#7370,#7375);
#7370 = PLANE('',#7371);
#7371 = AXIS2_PLACEMENT_3D('',#7372,#7373,#7374);
#7372 = CARTESIAN_POINT('',(11.980711080445,-27.6174322124,34.));
#7373 = DIRECTION('',(0.382683432365,-0.923879532511,0.));
#7374 = DIRECTION('',(-0.923879532511,-0.382683432365,0.));
#7375 = DEFINITIONAL_REPRESENTATION('',(#7376),#7380);
#7376 = ( BOUNDED_CURVE() B_SPLINE_CURVE(2,(#7377,#7378,#7379),
.UNSPECIFIED.,.F.,.F.) B_SPLINE_CURVE_WITH_KNOTS((3,3),(0.195734083462,
0.296022970376),.PIECEWISE_BEZIER_KNOTS.) CURVE() 
GEOMETRIC_REPRESENTATION_ITEM() RATIONAL_B_SPLINE_CURVE((1.001592040723,
1.001730218414,1.001592040723)) REPRESENTATION_ITEM('') );
#7377 = CARTESIAN_POINT('',(0.,1.380190671853));
#7378 = CARTESIAN_POINT('',(0.5,1.369810044143));
#7379 = CARTESIAN_POINT('',(1.,1.380190671853));
#7380 = ( GEOMETRIC_REPRESENTATION_CONTEXT(2) 
PARAMETRIC_REPRESENTATION_CONTEXT() REPRESENTATION_CONTEXT('2D SPACE',''
  ) );
#7381 = ORIENTED_EDGE('',*,*,#7382,.T.);
#7382 = EDGE_CURVE('',#7356,#7383,#7385,.T.);
#7383 = VERTEX_POINT('',#7384);
#7384 = CARTESIAN_POINT('',(10.978694902475,-27.81147709558,32.875));
#7385 = SURFACE_CURVE('',#7386,(#7390,#7396),.PCURVE_S1.);
#7386 = LINE('',#7387,#7388);
#7387 = CARTESIAN_POINT('',(11.036105365241,-27.95007821341,32.6875));
#7388 = VECTOR('',#7389,1.);
#7389 = DIRECTION('',(-0.239080626355,0.577191690646,0.780826617343));
#7390 = PCURVE('',#7060,#7391);
#7391 = DEFINITIONAL_REPRESENTATION('',(#7392),#7395);
#7392 = B_SPLINE_CURVE_WITH_KNOTS('',1,(#7393,#7394),.UNSPECIFIED.,.F.,
  .F.,(2,2),(-8.669109666738E-02,0.240130133676),
  .PIECEWISE_BEZIER_KNOTS.);
#7393 = CARTESIAN_POINT('',(1.19470701318,0.13019067186));
#7394 = CARTESIAN_POINT('',(1.194820432594,-0.125));
#7395 = ( GEOMETRIC_REPRESENTATION_CONTEXT(2) 
PARAMETRIC_REPRESENTATION_CONTEXT() REPRESENTATION_CONTEXT('2D SPACE',''
  ) );
#7396 = PCURVE('',#7397,#7402);
#7397 = PLANE('',#7398);
#7398 = AXIS2_PLACEMENT_3D('',#7399,#7400,#7401);
#7399 = CARTESIAN_POINT('',(11.056831547934,-28.00011564477,34.));
#7400 = DIRECTION('',(-0.923879532511,-0.382683432365,0.));
#7401 = DIRECTION('',(-0.382683432365,0.923879532511,0.));
#7402 = DEFINITIONAL_REPRESENTATION('',(#7403),#7407);
#7403 = LINE('',#7404,#7405);
#7404 = CARTESIAN_POINT('',(5.416012542003E-02,1.3125));
#7405 = VECTOR('',#7406,1.);
#7406 = DIRECTION('',(0.624747784029,-0.780826617343));
#7407 = ( GEOMETRIC_REPRESENTATION_CONTEXT(2) 
PARAMETRIC_REPRESENTATION_CONTEXT() REPRESENTATION_CONTEXT('2D SPACE',''
  ) );
#7408 = ORIENTED_EDGE('',*,*,#7409,.F.);
#7409 = EDGE_CURVE('',#7410,#7383,#7412,.T.);
#7410 = VERTEX_POINT('',#7411);
#7411 = CARTESIAN_POINT('',(0.75,-29.89059216542,32.875));
#7412 = SURFACE_CURVE('',#7413,(#7418,#7425),.PCURVE_S1.);
#7413 = CIRCLE('',#7414,29.9);
#7414 = AXIS2_PLACEMENT_3D('',#7415,#7416,#7417);
#7415 = CARTESIAN_POINT('',(0.,0.,32.875));
#7416 = DIRECTION('',(0.,0.,1.));
#7417 = DIRECTION('',(1.,0.,-0.));
#7418 = PCURVE('',#7060,#7419);
#7419 = DEFINITIONAL_REPRESENTATION('',(#7420),#7424);
#7420 = LINE('',#7421,#7422);
#7421 = CARTESIAN_POINT('',(6.28318530718,-0.125));
#7422 = VECTOR('',#7423,1.);
#7423 = DIRECTION('',(-1.,0.));
#7424 = ( GEOMETRIC_REPRESENTATION_CONTEXT(2) 
PARAMETRIC_REPRESENTATION_CONTEXT() REPRESENTATION_CONTEXT('2D SPACE',''
  ) );
#7425 = PCURVE('',#7426,#7431);
#7426 = CYLINDRICAL_SURFACE('',#7427,29.9);
#7427 = AXIS2_PLACEMENT_3D('',#7428,#7429,#7430);
#7428 = CARTESIAN_POINT('',(0.,0.,34.));
#7429 = DIRECTION('',(0.,0.,-1.));
#7430 = DIRECTION('',(1.,0.,0.));
#7431 = DEFINITIONAL_REPRESENTATION('',(#7432),#7436);
#7432 = LINE('',#7433,#7434);
#7433 = CARTESIAN_POINT('',(6.28318530718,1.125));
#7434 = VECTOR('',#7435,1.);
#7435 = DIRECTION('',(-1.,0.));
#7436 = ( GEOMETRIC_REPRESENTATION_CONTEXT(2) 
PARAMETRIC_REPRESENTATION_CONTEXT() REPRESENTATION_CONTEXT('2D SPACE',''
  ) );
#7437 = ORIENTED_EDGE('',*,*,#7438,.T.);
#7438 = EDGE_CURVE('',#7410,#7439,#7441,.T.);
#7439 = VERTEX_POINT('',#7440);
#7440 = CARTESIAN_POINT('',(0.75,-30.19068564971,32.5));
#7441 = SURFACE_CURVE('',#7442,(#7446,#7452),.PCURVE_S1.);
#7442 = LINE('',#7443,#7444);
#7443 = CARTESIAN_POINT('',(0.75,-30.04063890757,32.6875));
#7444 = VECTOR('',#7445,1.);
#7445 = DIRECTION('',(0.,-0.624813723408,-0.780773853968));
#7446 = PCURVE('',#7060,#7447);
#7447 = DEFINITIONAL_REPRESENTATION('',(#7448),#7451);
#7448 = B_SPLINE_CURVE_WITH_KNOTS('',1,(#7449,#7450),.UNSPECIFIED.,.F.,
  .F.,(2,2),(-0.240146361263,0.240146361263),.PIECEWISE_BEZIER_KNOTS.);
#7449 = CARTESIAN_POINT('',(1.545710083627,-0.125));
#7450 = CARTESIAN_POINT('',(1.54595933623,0.25));
#7451 = ( GEOMETRIC_REPRESENTATION_CONTEXT(2) 
PARAMETRIC_REPRESENTATION_CONTEXT() REPRESENTATION_CONTEXT('2D SPACE',''
  ) );
#7452 = PCURVE('',#7453,#7458);
#7453 = PLANE('',#7454);
#7454 = AXIS2_PLACEMENT_3D('',#7455,#7456,#7457);
#7455 = CARTESIAN_POINT('',(0.75,-28.2,34.));
#7456 = DIRECTION('',(1.,-1.682156097917E-16,0.));
#7457 = DIRECTION('',(-1.682156097917E-16,-1.,0.));
#7458 = DEFINITIONAL_REPRESENTATION('',(#7459),#7463);
#7459 = LINE('',#7460,#7461);
#7460 = CARTESIAN_POINT('',(1.840638907573,1.3125));
#7461 = VECTOR('',#7462,1.);
#7462 = DIRECTION('',(0.624813723408,0.780773853968));
#7463 = ( GEOMETRIC_REPRESENTATION_CONTEXT(2) 
PARAMETRIC_REPRESENTATION_CONTEXT() REPRESENTATION_CONTEXT('2D SPACE',''
  ) );
#7464 = ORIENTED_EDGE('',*,*,#7465,.T.);
#7465 = EDGE_CURVE('',#7439,#7466,#7468,.T.);
#7466 = VERTEX_POINT('',#7467);
#7467 = CARTESIAN_POINT('',(30.190685649716,-0.75,32.5));
#7468 = SURFACE_CURVE('',#7469,(#7474,#7481),.PCURVE_S1.);
#7469 = CIRCLE('',#7470,30.2);
#7470 = AXIS2_PLACEMENT_3D('',#7471,#7472,#7473);
#7471 = CARTESIAN_POINT('',(0.,0.,32.5));
#7472 = DIRECTION('',(0.,0.,1.));
#7473 = DIRECTION('',(1.,0.,-0.));
#7474 = PCURVE('',#7060,#7475);
#7475 = DEFINITIONAL_REPRESENTATION('',(#7476),#7480);
#7476 = LINE('',#7477,#7478);
#7477 = CARTESIAN_POINT('',(6.28318530718,0.25));
#7478 = VECTOR('',#7479,1.);
#7479 = DIRECTION('',(-1.,0.));
#7480 = ( GEOMETRIC_REPRESENTATION_CONTEXT(2) 
PARAMETRIC_REPRESENTATION_CONTEXT() REPRESENTATION_CONTEXT('2D SPACE',''
  ) );
#7481 = PCURVE('',#6768,#7482);
#7482 = DEFINITIONAL_REPRESENTATION('',(#7483),#7487);
#7483 = LINE('',#7484,#7485);
#7484 = CARTESIAN_POINT('',(0.,0.25));
#7485 = VECTOR('',#7486,1.);
#7486 = DIRECTION('',(1.,0.));
#7487 = ( GEOMETRIC_REPRESENTATION_CONTEXT(2) 
PARAMETRIC_REPRESENTATION_CONTEXT() REPRESENTATION_CONTEXT('2D SPACE',''
  ) );
#7488 = ORIENTED_EDGE('',*,*,#7489,.T.);
#7489 = EDGE_CURVE('',#7466,#7490,#7492,.T.);
#7490 = VERTEX_POINT('',#7491);
#7491 = CARTESIAN_POINT('',(29.890592165429,-0.75,32.875));
#7492 = SURFACE_CURVE('',#7493,(#7497,#7503),.PCURVE_S1.);
#7493 = LINE('',#7494,#7495);
#7494 = CARTESIAN_POINT('',(30.040638907573,-0.75,32.6875));
#7495 = VECTOR('',#7496,1.);
#7496 = DIRECTION('',(-0.624813723408,2.889443699004E-16,0.780773853968)
  );
#7497 = PCURVE('',#7060,#7498);
#7498 = DEFINITIONAL_REPRESENTATION('',(#7499),#7502);
#7499 = B_SPLINE_CURVE_WITH_KNOTS('',1,(#7500,#7501),.UNSPECIFIED.,.F.,
  .F.,(2,2),(-0.240146361263,0.240146361263),.PIECEWISE_BEZIER_KNOTS.);
#7500 = CARTESIAN_POINT('',(2.483699056498E-02,0.25));
#7501 = CARTESIAN_POINT('',(2.508624316808E-02,-0.125));
#7502 = ( GEOMETRIC_REPRESENTATION_CONTEXT(2) 
PARAMETRIC_REPRESENTATION_CONTEXT() REPRESENTATION_CONTEXT('2D SPACE',''
  ) );
#7503 = PCURVE('',#7504,#7509);
#7504 = PLANE('',#7505);
#7505 = AXIS2_PLACEMENT_3D('',#7506,#7507,#7508);
#7506 = CARTESIAN_POINT('',(31.5,-0.75,34.));
#7507 = DIRECTION('',(0.,-1.,0.));
#7508 = DIRECTION('',(-1.,0.,0.));
#7509 = DEFINITIONAL_REPRESENTATION('',(#7510),#7514);
#7510 = LINE('',#7511,#7512);
#7511 = CARTESIAN_POINT('',(1.459361092427,1.3125));
#7512 = VECTOR('',#7513,1.);
#7513 = DIRECTION('',(0.624813723408,-0.780773853968));
#7514 = ( GEOMETRIC_REPRESENTATION_CONTEXT(2) 
PARAMETRIC_REPRESENTATION_CONTEXT() REPRESENTATION_CONTEXT('2D SPACE',''
  ) );
#7515 = ORIENTED_EDGE('',*,*,#7516,.F.);
#7516 = EDGE_CURVE('',#7038,#7490,#7517,.T.);
#7517 = SURFACE_CURVE('',#7518,(#7523,#7530),.PCURVE_S1.);
#7518 = CIRCLE('',#7519,29.9);
#7519 = AXIS2_PLACEMENT_3D('',#7520,#7521,#7522);
#7520 = CARTESIAN_POINT('',(0.,0.,32.875));
#7521 = DIRECTION('',(0.,0.,1.));
#7522 = DIRECTION('',(1.,0.,-0.));
#7523 = PCURVE('',#7060,#7524);
#7524 = DEFINITIONAL_REPRESENTATION('',(#7525),#7529);
#7525 = LINE('',#7526,#7527);
#7526 = CARTESIAN_POINT('',(6.28318530718,-0.125));
#7527 = VECTOR('',#7528,1.);
#7528 = DIRECTION('',(-1.,0.));
#7529 = ( GEOMETRIC_REPRESENTATION_CONTEXT(2) 
PARAMETRIC_REPRESENTATION_CONTEXT() REPRESENTATION_CONTEXT('2D SPACE',''
  ) );
#7530 = PCURVE('',#7087,#7531);
#7531 = DEFINITIONAL_REPRESENTATION('',(#7532),#7536);
#7532 = LINE('',#7533,#7534);
#7533 = CARTESIAN_POINT('',(6.28318530718,1.125));
#7534 = VECTOR('',#7535,1.);
#7535 = DIRECTION('',(-1.,0.));
#7536 = ( GEOMETRIC_REPRESENTATION_CONTEXT(2) 
PARAMETRIC_REPRESENTATION_CONTEXT() REPRESENTATION_CONTEXT('2D SPACE',''
  ) );
#7537 = ADVANCED_FACE('',(#7538),#7240,.T.);
#7538 = FACE_BOUND('',#7539,.T.);
#7539 = EDGE_LOOP('',(#7540,#7541,#7565,#7586));
#7540 = ORIENTED_EDGE('',*,*,#7226,.T.);
#7541 = ORIENTED_EDGE('',*,*,#7542,.F.);
#7542 = EDGE_CURVE('',#7543,#7204,#7545,.T.);
#7543 = VERTEX_POINT('',#7544);
#7544 = CARTESIAN_POINT('',(11.902574434986,-27.42879366322,34.));
#7545 = SURFACE_CURVE('',#7546,(#7551,#7558),.PCURVE_S1.);
#7546 = CIRCLE('',#7547,29.9);
#7547 = AXIS2_PLACEMENT_3D('',#7548,#7549,#7550);
#7548 = CARTESIAN_POINT('',(0.,0.,34.));
#7549 = DIRECTION('',(0.,0.,1.));
#7550 = DIRECTION('',(1.,0.,-0.));
#7551 = PCURVE('',#7240,#7552);
#7552 = DEFINITIONAL_REPRESENTATION('',(#7553),#7557);
#7553 = LINE('',#7554,#7555);
#7554 = CARTESIAN_POINT('',(6.28318530718,0.));
#7555 = VECTOR('',#7556,1.);
#7556 = DIRECTION('',(-1.,0.));
#7557 = ( GEOMETRIC_REPRESENTATION_CONTEXT(2) 
PARAMETRIC_REPRESENTATION_CONTEXT() REPRESENTATION_CONTEXT('2D SPACE',''
  ) );
#7558 = PCURVE('',#3330,#7559);
#7559 = DEFINITIONAL_REPRESENTATION('',(#7560),#7564);
#7560 = CIRCLE('',#7561,29.9);
#7561 = AXIS2_PLACEMENT_2D('',#7562,#7563);
#7562 = CARTESIAN_POINT('',(0.,0.));
#7563 = DIRECTION('',(1.,0.));
#7564 = ( GEOMETRIC_REPRESENTATION_CONTEXT(2) 
PARAMETRIC_REPRESENTATION_CONTEXT() REPRESENTATION_CONTEXT('2D SPACE',''
  ) );
#7565 = ORIENTED_EDGE('',*,*,#7566,.T.);
#7566 = EDGE_CURVE('',#7543,#7305,#7567,.T.);
#7567 = SURFACE_CURVE('',#7568,(#7572,#7579),.PCURVE_S1.);
#7568 = LINE('',#7569,#7570);
#7569 = CARTESIAN_POINT('',(11.902574434986,-27.42879366322,34.));
#7570 = VECTOR('',#7571,1.);
#7571 = DIRECTION('',(0.,0.,-1.));
#7572 = PCURVE('',#7240,#7573);
#7573 = DEFINITIONAL_REPRESENTATION('',(#7574),#7578);
#7574 = LINE('',#7575,#7576);
#7575 = CARTESIAN_POINT('',(1.161374057599,0.));
#7576 = VECTOR('',#7577,1.);
#7577 = DIRECTION('',(0.,1.));
#7578 = ( GEOMETRIC_REPRESENTATION_CONTEXT(2) 
PARAMETRIC_REPRESENTATION_CONTEXT() REPRESENTATION_CONTEXT('2D SPACE',''
  ) );
#7579 = PCURVE('',#7343,#7580);
#7580 = DEFINITIONAL_REPRESENTATION('',(#7581),#7585);
#7581 = LINE('',#7582,#7583);
#7582 = CARTESIAN_POINT('',(0.195819105688,0.));
#7583 = VECTOR('',#7584,1.);
#7584 = DIRECTION('',(0.,1.));
#7585 = ( GEOMETRIC_REPRESENTATION_CONTEXT(2) 
PARAMETRIC_REPRESENTATION_CONTEXT() REPRESENTATION_CONTEXT('2D SPACE',''
  ) );
#7586 = ORIENTED_EDGE('',*,*,#7304,.T.);
#7587 = ADVANCED_FACE('',(#7588),#6768,.T.);
#7588 = FACE_BOUND('',#7589,.T.);
#7589 = EDGE_LOOP('',(#7590,#7591,#7592,#7593,#7617,#7637,#7638,#7660,
    #7684,#7711,#7738,#7765));
#7590 = ORIENTED_EDGE('',*,*,#6745,.T.);
#7591 = ORIENTED_EDGE('',*,*,#6864,.T.);
#7592 = ORIENTED_EDGE('',*,*,#6989,.T.);
#7593 = ORIENTED_EDGE('',*,*,#7594,.F.);
#7594 = EDGE_CURVE('',#7595,#6990,#7597,.T.);
#7595 = VERTEX_POINT('',#7596);
#7596 = CARTESIAN_POINT('',(29.890592165429,-0.75,32.125));
#7597 = SURFACE_CURVE('',#7598,(#7603,#7610),.PCURVE_S1.);
#7598 = CIRCLE('',#7599,29.9);
#7599 = AXIS2_PLACEMENT_3D('',#7600,#7601,#7602);
#7600 = CARTESIAN_POINT('',(0.,0.,32.125));
#7601 = DIRECTION('',(0.,0.,-1.));
#7602 = DIRECTION('',(1.,0.,0.));
#7603 = PCURVE('',#6768,#7604);
#7604 = DEFINITIONAL_REPRESENTATION('',(#7605),#7609);
#7605 = LINE('',#7606,#7607);
#7606 = CARTESIAN_POINT('',(6.28318530718,-0.125));
#7607 = VECTOR('',#7608,1.);
#7608 = DIRECTION('',(-1.,4.879607006314E-15));
#7609 = ( GEOMETRIC_REPRESENTATION_CONTEXT(2) 
PARAMETRIC_REPRESENTATION_CONTEXT() REPRESENTATION_CONTEXT('2D SPACE',''
  ) );
#7610 = PCURVE('',#6795,#7611);
#7611 = DEFINITIONAL_REPRESENTATION('',(#7612),#7616);
#7612 = LINE('',#7613,#7614);
#7613 = CARTESIAN_POINT('',(3.469446951954E-18,1.875));
#7614 = VECTOR('',#7615,1.);
#7615 = DIRECTION('',(1.,0.));
#7616 = ( GEOMETRIC_REPRESENTATION_CONTEXT(2) 
PARAMETRIC_REPRESENTATION_CONTEXT() REPRESENTATION_CONTEXT('2D SPACE',''
  ) );
#7617 = ORIENTED_EDGE('',*,*,#7618,.T.);
#7618 = EDGE_CURVE('',#7595,#7466,#7619,.T.);
#7619 = SURFACE_CURVE('',#7620,(#7624,#7630),.PCURVE_S1.);
#7620 = LINE('',#7621,#7622);
#7621 = CARTESIAN_POINT('',(30.040638907573,-0.75,32.3125));
#7622 = VECTOR('',#7623,1.);
#7623 = DIRECTION('',(0.624813723408,-2.889443699004E-16,0.780773853968)
  );
#7624 = PCURVE('',#6768,#7625);
#7625 = DEFINITIONAL_REPRESENTATION('',(#7626),#7629);
#7626 = B_SPLINE_CURVE_WITH_KNOTS('',1,(#7627,#7628),.UNSPECIFIED.,.F.,
  .F.,(2,2),(-0.240146361263,0.240146361263),.PIECEWISE_BEZIER_KNOTS.);
#7627 = CARTESIAN_POINT('',(6.258099064012,-0.125));
#7628 = CARTESIAN_POINT('',(6.258348316615,0.25));
#7629 = ( GEOMETRIC_REPRESENTATION_CONTEXT(2) 
PARAMETRIC_REPRESENTATION_CONTEXT() REPRESENTATION_CONTEXT('2D SPACE',''
  ) );
#7630 = PCURVE('',#7504,#7631);
#7631 = DEFINITIONAL_REPRESENTATION('',(#7632),#7636);
#7632 = LINE('',#7633,#7634);
#7633 = CARTESIAN_POINT('',(1.459361092427,1.6875));
#7634 = VECTOR('',#7635,1.);
#7635 = DIRECTION('',(-0.624813723408,-0.780773853968));
#7636 = ( GEOMETRIC_REPRESENTATION_CONTEXT(2) 
PARAMETRIC_REPRESENTATION_CONTEXT() REPRESENTATION_CONTEXT('2D SPACE',''
  ) );
#7637 = ORIENTED_EDGE('',*,*,#7465,.F.);
#7638 = ORIENTED_EDGE('',*,*,#7639,.T.);
#7639 = EDGE_CURVE('',#7439,#7640,#7642,.T.);
#7640 = VERTEX_POINT('',#7641);
#7641 = CARTESIAN_POINT('',(0.75,-29.89059216542,32.125));
#7642 = SURFACE_CURVE('',#7643,(#7647,#7653),.PCURVE_S1.);
#7643 = LINE('',#7644,#7645);
#7644 = CARTESIAN_POINT('',(0.75,-30.04063890757,32.3125));
#7645 = VECTOR('',#7646,1.);
#7646 = DIRECTION('',(0.,0.624813723408,-0.780773853968));
#7647 = PCURVE('',#6768,#7648);
#7648 = DEFINITIONAL_REPRESENTATION('',(#7649),#7652);
#7649 = B_SPLINE_CURVE_WITH_KNOTS('',1,(#7650,#7651),.UNSPECIFIED.,.F.,
  .F.,(2,2),(-0.240146361263,0.240146361263),.PIECEWISE_BEZIER_KNOTS.);
#7650 = CARTESIAN_POINT('',(4.73722597095,0.25));
#7651 = CARTESIAN_POINT('',(4.737475223553,-0.125));
#7652 = ( GEOMETRIC_REPRESENTATION_CONTEXT(2) 
PARAMETRIC_REPRESENTATION_CONTEXT() REPRESENTATION_CONTEXT('2D SPACE',''
  ) );
#7653 = PCURVE('',#7453,#7654);
#7654 = DEFINITIONAL_REPRESENTATION('',(#7655),#7659);
#7655 = LINE('',#7656,#7657);
#7656 = CARTESIAN_POINT('',(1.840638907573,1.6875));
#7657 = VECTOR('',#7658,1.);
#7658 = DIRECTION('',(-0.624813723408,0.780773853968));
#7659 = ( GEOMETRIC_REPRESENTATION_CONTEXT(2) 
PARAMETRIC_REPRESENTATION_CONTEXT() REPRESENTATION_CONTEXT('2D SPACE',''
  ) );
#7660 = ORIENTED_EDGE('',*,*,#7661,.F.);
#7661 = EDGE_CURVE('',#7662,#7640,#7664,.T.);
#7662 = VERTEX_POINT('',#7663);
#7663 = CARTESIAN_POINT('',(10.978694902475,-27.81147709558,32.125));
#7664 = SURFACE_CURVE('',#7665,(#7670,#7677),.PCURVE_S1.);
#7665 = CIRCLE('',#7666,29.9);
#7666 = AXIS2_PLACEMENT_3D('',#7667,#7668,#7669);
#7667 = CARTESIAN_POINT('',(0.,0.,32.125));
#7668 = DIRECTION('',(0.,0.,-1.));
#7669 = DIRECTION('',(1.,0.,0.));
#7670 = PCURVE('',#6768,#7671);
#7671 = DEFINITIONAL_REPRESENTATION('',(#7672),#7676);
#7672 = LINE('',#7673,#7674);
#7673 = CARTESIAN_POINT('',(6.28318530718,-0.125));
#7674 = VECTOR('',#7675,1.);
#7675 = DIRECTION('',(-1.,0.));
#7676 = ( GEOMETRIC_REPRESENTATION_CONTEXT(2) 
PARAMETRIC_REPRESENTATION_CONTEXT() REPRESENTATION_CONTEXT('2D SPACE',''
  ) );
#7677 = PCURVE('',#6795,#7678);
#7678 = DEFINITIONAL_REPRESENTATION('',(#7679),#7683);
#7679 = LINE('',#7680,#7681);
#7680 = CARTESIAN_POINT('',(0.,1.875));
#7681 = VECTOR('',#7682,1.);
#7682 = DIRECTION('',(1.,0.));
#7683 = ( GEOMETRIC_REPRESENTATION_CONTEXT(2) 
PARAMETRIC_REPRESENTATION_CONTEXT() REPRESENTATION_CONTEXT('2D SPACE',''
  ) );
#7684 = ORIENTED_EDGE('',*,*,#7685,.T.);
#7685 = EDGE_CURVE('',#7662,#7686,#7688,.T.);
#7686 = VERTEX_POINT('',#7687);
#7687 = CARTESIAN_POINT('',(11.056831547934,-28.00011564477,
    32.380190671853));
#7688 = SURFACE_CURVE('',#7689,(#7693,#7699),.PCURVE_S1.);
#7689 = LINE('',#7690,#7691);
#7690 = CARTESIAN_POINT('',(11.036105365241,-27.95007821341,32.3125));
#7691 = VECTOR('',#7692,1.);
#7692 = DIRECTION('',(0.239080626355,-0.577191690646,0.780826617343));
#7693 = PCURVE('',#6768,#7694);
#7694 = DEFINITIONAL_REPRESENTATION('',(#7695),#7698);
#7695 = B_SPLINE_CURVE_WITH_KNOTS('',1,(#7696,#7697),.UNSPECIFIED.,.F.,
  .F.,(2,2),(-0.240130133676,8.669109666738E-02),
  .PIECEWISE_BEZIER_KNOTS.);
#7696 = CARTESIAN_POINT('',(5.088364874586,-0.125));
#7697 = CARTESIAN_POINT('',(5.088478293999,0.13019067186));
#7698 = ( GEOMETRIC_REPRESENTATION_CONTEXT(2) 
PARAMETRIC_REPRESENTATION_CONTEXT() REPRESENTATION_CONTEXT('2D SPACE',''
  ) );
#7699 = PCURVE('',#7700,#7705);
#7700 = PLANE('',#7701);
#7701 = AXIS2_PLACEMENT_3D('',#7702,#7703,#7704);
#7702 = CARTESIAN_POINT('',(11.056831547934,-28.00011564477,34.));
#7703 = DIRECTION('',(-0.923879532511,-0.382683432365,0.));
#7704 = DIRECTION('',(-0.382683432365,0.923879532511,0.));
#7705 = DEFINITIONAL_REPRESENTATION('',(#7706),#7710);
#7706 = LINE('',#7707,#7708);
#7707 = CARTESIAN_POINT('',(5.416012542003E-02,1.6875));
#7708 = VECTOR('',#7709,1.);
#7709 = DIRECTION('',(-0.624747784029,-0.780826617343));
#7710 = ( GEOMETRIC_REPRESENTATION_CONTEXT(2) 
PARAMETRIC_REPRESENTATION_CONTEXT() REPRESENTATION_CONTEXT('2D SPACE',''
  ) );
#7711 = ORIENTED_EDGE('',*,*,#7712,.T.);
#7712 = EDGE_CURVE('',#7686,#7713,#7715,.T.);
#7713 = VERTEX_POINT('',#7714);
#7714 = CARTESIAN_POINT('',(11.980711080445,-27.6174322124,
    32.380190671853));
#7715 = SURFACE_CURVE('',#7716,(#7720,#7726),.PCURVE_S1.);
#7716 = ( BOUNDED_CURVE() B_SPLINE_CURVE(2,(#7717,#7718,#7719),
.UNSPECIFIED.,.F.,.F.) B_SPLINE_CURVE_WITH_KNOTS((3,3),(0.195734083462,
0.296022970376),.PIECEWISE_BEZIER_KNOTS.) CURVE() 
GEOMETRIC_REPRESENTATION_ITEM() RATIONAL_B_SPLINE_CURVE((1.001592040723,
1.001730218414,1.001592040723)) REPRESENTATION_ITEM('') );
#7717 = CARTESIAN_POINT('',(11.056831547934,-28.00011564477,
    32.380190671853));
#7718 = CARTESIAN_POINT('',(11.518771314189,-27.80877392859,
    32.369810044143));
#7719 = CARTESIAN_POINT('',(11.980711080445,-27.6174322124,
    32.380190671853));
#7720 = PCURVE('',#6768,#7721);
#7721 = DEFINITIONAL_REPRESENTATION('',(#7722),#7725);
#7722 = B_SPLINE_CURVE_WITH_KNOTS('',1,(#7723,#7724),.UNSPECIFIED.,.F.,
  .F.,(2,2),(0.195734083462,0.296022970376),.PIECEWISE_BEZIER_KNOTS.);
#7723 = CARTESIAN_POINT('',(5.08847829403,0.130190671853));
#7724 = CARTESIAN_POINT('',(5.121697830137,0.130190671853));
#7725 = ( GEOMETRIC_REPRESENTATION_CONTEXT(2) 
PARAMETRIC_REPRESENTATION_CONTEXT() REPRESENTATION_CONTEXT('2D SPACE',''
  ) );
#7726 = PCURVE('',#7727,#7732);
#7727 = PLANE('',#7728);
#7728 = AXIS2_PLACEMENT_3D('',#7729,#7730,#7731);
#7729 = CARTESIAN_POINT('',(11.980711080445,-27.6174322124,34.));
#7730 = DIRECTION('',(0.382683432365,-0.923879532511,0.));
#7731 = DIRECTION('',(-0.923879532511,-0.382683432365,0.));
#7732 = DEFINITIONAL_REPRESENTATION('',(#7733),#7737);
#7733 = ( BOUNDED_CURVE() B_SPLINE_CURVE(2,(#7734,#7735,#7736),
.UNSPECIFIED.,.F.,.F.) B_SPLINE_CURVE_WITH_KNOTS((3,3),(0.195734083462,
0.296022970376),.PIECEWISE_BEZIER_KNOTS.) CURVE() 
GEOMETRIC_REPRESENTATION_ITEM() RATIONAL_B_SPLINE_CURVE((1.001592040723,
1.001730218414,1.001592040723)) REPRESENTATION_ITEM('') );
#7734 = CARTESIAN_POINT('',(1.,1.619809328147));
#7735 = CARTESIAN_POINT('',(0.5,1.630189955857));
#7736 = CARTESIAN_POINT('',(0.,1.619809328147));
#7737 = ( GEOMETRIC_REPRESENTATION_CONTEXT(2) 
PARAMETRIC_REPRESENTATION_CONTEXT() REPRESENTATION_CONTEXT('2D SPACE',''
  ) );
#7738 = ORIENTED_EDGE('',*,*,#7739,.T.);
#7739 = EDGE_CURVE('',#7713,#7740,#7742,.T.);
#7740 = VERTEX_POINT('',#7741);
#7741 = CARTESIAN_POINT('',(11.902574434986,-27.42879366322,32.125));
#7742 = SURFACE_CURVE('',#7743,(#7747,#7753),.PCURVE_S1.);
#7743 = LINE('',#7744,#7745);
#7744 = CARTESIAN_POINT('',(11.959984897752,-27.56739478105,32.3125));
#7745 = VECTOR('',#7746,1.);
#7746 = DIRECTION('',(-0.239080626355,0.577191690646,-0.780826617343));
#7747 = PCURVE('',#6768,#7748);
#7748 = DEFINITIONAL_REPRESENTATION('',(#7749),#7752);
#7749 = B_SPLINE_CURVE_WITH_KNOTS('',1,(#7750,#7751),.UNSPECIFIED.,.F.,
  .F.,(2,2),(-8.669109666738E-02,0.240130133676),
  .PIECEWISE_BEZIER_KNOTS.);
#7750 = CARTESIAN_POINT('',(5.121697830168,0.13019067186));
#7751 = CARTESIAN_POINT('',(5.121811249581,-0.125));
#7752 = ( GEOMETRIC_REPRESENTATION_CONTEXT(2) 
PARAMETRIC_REPRESENTATION_CONTEXT() REPRESENTATION_CONTEXT('2D SPACE',''
  ) );
#7753 = PCURVE('',#7754,#7759);
#7754 = PLANE('',#7755);
#7755 = AXIS2_PLACEMENT_3D('',#7756,#7757,#7758);
#7756 = CARTESIAN_POINT('',(11.827637707499,-27.2478803994,34.));
#7757 = DIRECTION('',(0.923879532511,0.382683432365,0.));
#7758 = DIRECTION('',(0.382683432365,-0.923879532511,0.));
#7759 = DEFINITIONAL_REPRESENTATION('',(#7760),#7764);
#7760 = LINE('',#7761,#7762);
#7761 = CARTESIAN_POINT('',(0.34583987458,1.6875));
#7762 = VECTOR('',#7763,1.);
#7763 = DIRECTION('',(-0.624747784029,0.780826617343));
#7764 = ( GEOMETRIC_REPRESENTATION_CONTEXT(2) 
PARAMETRIC_REPRESENTATION_CONTEXT() REPRESENTATION_CONTEXT('2D SPACE',''
  ) );
#7765 = ORIENTED_EDGE('',*,*,#7766,.F.);
#7766 = EDGE_CURVE('',#6746,#7740,#7767,.T.);
#7767 = SURFACE_CURVE('',#7768,(#7773,#7780),.PCURVE_S1.);
#7768 = CIRCLE('',#7769,29.9);
#7769 = AXIS2_PLACEMENT_3D('',#7770,#7771,#7772);
#7770 = CARTESIAN_POINT('',(0.,0.,32.125));
#7771 = DIRECTION('',(0.,0.,-1.));
#7772 = DIRECTION('',(1.,0.,0.));
#7773 = PCURVE('',#6768,#7774);
#7774 = DEFINITIONAL_REPRESENTATION('',(#7775),#7779);
#7775 = LINE('',#7776,#7777);
#7776 = CARTESIAN_POINT('',(6.28318530718,-0.125));
#7777 = VECTOR('',#7778,1.);
#7778 = DIRECTION('',(-1.,2.305835413457E-15));
#7779 = ( GEOMETRIC_REPRESENTATION_CONTEXT(2) 
PARAMETRIC_REPRESENTATION_CONTEXT() REPRESENTATION_CONTEXT('2D SPACE',''
  ) );
#7780 = PCURVE('',#6795,#7781);
#7781 = DEFINITIONAL_REPRESENTATION('',(#7782),#7786);
#7782 = LINE('',#7783,#7784);
#7783 = CARTESIAN_POINT('',(5.551115123126E-17,1.875));
#7784 = VECTOR('',#7785,1.);
#7785 = DIRECTION('',(1.,0.));
#7786 = ( GEOMETRIC_REPRESENTATION_CONTEXT(2) 
PARAMETRIC_REPRESENTATION_CONTEXT() REPRESENTATION_CONTEXT('2D SPACE',''
  ) );
#7787 = ADVANCED_FACE('',(#7788),#7802,.T.);
#7788 = FACE_BOUND('',#7789,.T.);
#7789 = EDGE_LOOP('',(#7790,#7824,#7852,#7880));
#7790 = ORIENTED_EDGE('',*,*,#7791,.F.);
#7791 = EDGE_CURVE('',#7792,#7794,#7796,.T.);
#7792 = VERTEX_POINT('',#7793);
#7793 = CARTESIAN_POINT('',(-11.90257443498,-27.42879366322,32.125));
#7794 = VERTEX_POINT('',#7795);
#7795 = CARTESIAN_POINT('',(-11.98071108044,-27.6174322124,
    32.380190671853));
#7796 = SURFACE_CURVE('',#7797,(#7801,#7813),.PCURVE_S1.);
#7797 = LINE('',#7798,#7799);
#7798 = CARTESIAN_POINT('',(-11.95998489775,-27.56739478105,32.3125));
#7799 = VECTOR('',#7800,1.);
#7800 = DIRECTION('',(-0.239080626355,-0.577191690646,0.780826617343));
#7801 = PCURVE('',#7802,#7807);
#7802 = PLANE('',#7803);
#7803 = AXIS2_PLACEMENT_3D('',#7804,#7805,#7806);
#7804 = CARTESIAN_POINT('',(-11.98071108044,-27.6174322124,34.));
#7805 = DIRECTION('',(-0.923879532511,0.382683432365,0.));
#7806 = DIRECTION('',(0.382683432365,0.923879532511,0.));
#7807 = DEFINITIONAL_REPRESENTATION('',(#7808),#7812);
#7808 = LINE('',#7809,#7810);
#7809 = CARTESIAN_POINT('',(5.416012541999E-02,1.6875));
#7810 = VECTOR('',#7811,1.);
#7811 = DIRECTION('',(-0.624747784029,-0.780826617343));
#7812 = ( GEOMETRIC_REPRESENTATION_CONTEXT(2) 
PARAMETRIC_REPRESENTATION_CONTEXT() REPRESENTATION_CONTEXT('2D SPACE',''
  ) );
#7813 = PCURVE('',#7814,#7819);
#7814 = CONICAL_SURFACE('',#7815,30.,0.674740942224);
#7815 = AXIS2_PLACEMENT_3D('',#7816,#7817,#7818);
#7816 = CARTESIAN_POINT('',(0.,0.,32.25));
#7817 = DIRECTION('',(0.,0.,1.));
#7818 = DIRECTION('',(1.,0.,-0.));
#7819 = DEFINITIONAL_REPRESENTATION('',(#7820),#7823);
#7820 = B_SPLINE_CURVE_WITH_KNOTS('',1,(#7821,#7822),.UNSPECIFIED.,.F.,
  .F.,(2,2),(-0.240130133676,8.669109666735E-02),
  .PIECEWISE_BEZIER_KNOTS.);
#7821 = CARTESIAN_POINT('',(4.302966711188,-0.125));
#7822 = CARTESIAN_POINT('',(4.303080130602,0.13019067186));
#7823 = ( GEOMETRIC_REPRESENTATION_CONTEXT(2) 
PARAMETRIC_REPRESENTATION_CONTEXT() REPRESENTATION_CONTEXT('2D SPACE',''
  ) );
#7824 = ORIENTED_EDGE('',*,*,#7825,.F.);
#7825 = EDGE_CURVE('',#7826,#7792,#7828,.T.);
#7826 = VERTEX_POINT('',#7827);
#7827 = CARTESIAN_POINT('',(-11.90257443498,-27.42879366322,29.8));
#7828 = SURFACE_CURVE('',#7829,(#7833,#7840),.PCURVE_S1.);
#7829 = LINE('',#7830,#7831);
#7830 = CARTESIAN_POINT('',(-11.90257443498,-27.42879366322,34.));
#7831 = VECTOR('',#7832,1.);
#7832 = DIRECTION('',(0.,0.,1.));
#7833 = PCURVE('',#7802,#7834);
#7834 = DEFINITIONAL_REPRESENTATION('',(#7835),#7839);
#7835 = LINE('',#7836,#7837);
#7836 = CARTESIAN_POINT('',(0.204180894312,0.));
#7837 = VECTOR('',#7838,1.);
#7838 = DIRECTION('',(0.,-1.));
#7839 = ( GEOMETRIC_REPRESENTATION_CONTEXT(2) 
PARAMETRIC_REPRESENTATION_CONTEXT() REPRESENTATION_CONTEXT('2D SPACE',''
  ) );
#7840 = PCURVE('',#7841,#7846);
#7841 = CYLINDRICAL_SURFACE('',#7842,29.9);
#7842 = AXIS2_PLACEMENT_3D('',#7843,#7844,#7845);
#7843 = CARTESIAN_POINT('',(0.,0.,34.));
#7844 = DIRECTION('',(0.,0.,-1.));
#7845 = DIRECTION('',(1.,0.,0.));
#7846 = DEFINITIONAL_REPRESENTATION('',(#7847),#7851);
#7847 = LINE('',#7848,#7849);
#7848 = CARTESIAN_POINT('',(1.980218595991,0.));
#7849 = VECTOR('',#7850,1.);
#7850 = DIRECTION('',(0.,-1.));
#7851 = ( GEOMETRIC_REPRESENTATION_CONTEXT(2) 
PARAMETRIC_REPRESENTATION_CONTEXT() REPRESENTATION_CONTEXT('2D SPACE',''
  ) );
#7852 = ORIENTED_EDGE('',*,*,#7853,.F.);
#7853 = EDGE_CURVE('',#7854,#7826,#7856,.T.);
#7854 = VERTEX_POINT('',#7855);
#7855 = CARTESIAN_POINT('',(-11.98071108044,-27.6174322124,29.8));
#7856 = SURFACE_CURVE('',#7857,(#7861,#7868),.PCURVE_S1.);
#7857 = LINE('',#7858,#7859);
#7858 = CARTESIAN_POINT('',(-11.82763770749,-27.2478803994,29.8));
#7859 = VECTOR('',#7860,1.);
#7860 = DIRECTION('',(0.382683432365,0.923879532511,0.));
#7861 = PCURVE('',#7802,#7862);
#7862 = DEFINITIONAL_REPRESENTATION('',(#7863),#7867);
#7863 = LINE('',#7864,#7865);
#7864 = CARTESIAN_POINT('',(0.4,4.2));
#7865 = VECTOR('',#7866,1.);
#7866 = DIRECTION('',(1.,0.));
#7867 = ( GEOMETRIC_REPRESENTATION_CONTEXT(2) 
PARAMETRIC_REPRESENTATION_CONTEXT() REPRESENTATION_CONTEXT('2D SPACE',''
  ) );
#7868 = PCURVE('',#7869,#7874);
#7869 = PLANE('',#7870);
#7870 = AXIS2_PLACEMENT_3D('',#7871,#7872,#7873);
#7871 = CARTESIAN_POINT('',(-11.44223462771,-27.62399802208,29.8));
#7872 = DIRECTION('',(0.,0.,-1.));
#7873 = DIRECTION('',(-1.,0.,0.));
#7874 = DEFINITIONAL_REPRESENTATION('',(#7875),#7879);
#7875 = LINE('',#7876,#7877);
#7876 = CARTESIAN_POINT('',(0.385403079783,0.376117622685));
#7877 = VECTOR('',#7878,1.);
#7878 = DIRECTION('',(-0.382683432365,0.923879532511));
#7879 = ( GEOMETRIC_REPRESENTATION_CONTEXT(2) 
PARAMETRIC_REPRESENTATION_CONTEXT() REPRESENTATION_CONTEXT('2D SPACE',''
  ) );
#7880 = ORIENTED_EDGE('',*,*,#7881,.F.);
#7881 = EDGE_CURVE('',#7794,#7854,#7882,.T.);
#7882 = SURFACE_CURVE('',#7883,(#7887,#7894),.PCURVE_S1.);
#7883 = LINE('',#7884,#7885);
#7884 = CARTESIAN_POINT('',(-11.98071108044,-27.6174322124,34.));
#7885 = VECTOR('',#7886,1.);
#7886 = DIRECTION('',(0.,0.,-1.));
#7887 = PCURVE('',#7802,#7888);
#7888 = DEFINITIONAL_REPRESENTATION('',(#7889),#7893);
#7889 = LINE('',#7890,#7891);
#7890 = CARTESIAN_POINT('',(0.,0.));
#7891 = VECTOR('',#7892,1.);
#7892 = DIRECTION('',(0.,1.));
#7893 = ( GEOMETRIC_REPRESENTATION_CONTEXT(2) 
PARAMETRIC_REPRESENTATION_CONTEXT() REPRESENTATION_CONTEXT('2D SPACE',''
  ) );
#7894 = PCURVE('',#7895,#7900);
#7895 = PLANE('',#7896);
#7896 = AXIS2_PLACEMENT_3D('',#7897,#7898,#7899);
#7897 = CARTESIAN_POINT('',(-11.05683154793,-28.00011564477,34.));
#7898 = DIRECTION('',(-0.382683432365,-0.923879532511,0.));
#7899 = DIRECTION('',(-0.923879532511,0.382683432365,0.));
#7900 = DEFINITIONAL_REPRESENTATION('',(#7901),#7905);
#7901 = LINE('',#7902,#7903);
#7902 = CARTESIAN_POINT('',(1.,0.));
#7903 = VECTOR('',#7904,1.);
#7904 = DIRECTION('',(0.,1.));
#7905 = ( GEOMETRIC_REPRESENTATION_CONTEXT(2) 
PARAMETRIC_REPRESENTATION_CONTEXT() REPRESENTATION_CONTEXT('2D SPACE',''
  ) );
#7906 = ADVANCED_FACE('',(#7907),#7895,.T.);
#7907 = FACE_BOUND('',#7908,.T.);
#7908 = EDGE_LOOP('',(#7909,#7931,#7932,#7955));
#7909 = ORIENTED_EDGE('',*,*,#7910,.F.);
#7910 = EDGE_CURVE('',#7794,#7911,#7913,.T.);
#7911 = VERTEX_POINT('',#7912);
#7912 = CARTESIAN_POINT('',(-11.05683154793,-28.00011564477,
    32.380190671853));
#7913 = SURFACE_CURVE('',#7914,(#7918,#7925),.PCURVE_S1.);
#7914 = ( BOUNDED_CURVE() B_SPLINE_CURVE(2,(#7915,#7916,#7917),
.UNSPECIFIED.,.F.,.F.) B_SPLINE_CURVE_WITH_KNOTS((3,3),(0.195734083462,
0.296022970376),.PIECEWISE_BEZIER_KNOTS.) CURVE() 
GEOMETRIC_REPRESENTATION_ITEM() RATIONAL_B_SPLINE_CURVE((1.001592040723,
1.001730218413,1.001592040723)) REPRESENTATION_ITEM('') );
#7915 = CARTESIAN_POINT('',(-11.98071108044,-27.6174322124,
    32.380190671853));
#7916 = CARTESIAN_POINT('',(-11.51877131418,-27.80877392859,
    32.369810044143));
#7917 = CARTESIAN_POINT('',(-11.05683154793,-28.00011564477,
    32.380190671853));
#7918 = PCURVE('',#7895,#7919);
#7919 = DEFINITIONAL_REPRESENTATION('',(#7920),#7924);
#7920 = ( BOUNDED_CURVE() B_SPLINE_CURVE(2,(#7921,#7922,#7923),
.UNSPECIFIED.,.F.,.F.) B_SPLINE_CURVE_WITH_KNOTS((3,3),(0.195734083462,
0.296022970376),.PIECEWISE_BEZIER_KNOTS.) CURVE() 
GEOMETRIC_REPRESENTATION_ITEM() RATIONAL_B_SPLINE_CURVE((1.001592040723,
1.001730218413,1.001592040723)) REPRESENTATION_ITEM('') );
#7921 = CARTESIAN_POINT('',(1.,1.619809328147));
#7922 = CARTESIAN_POINT('',(0.5,1.630189955857));
#7923 = CARTESIAN_POINT('',(9.126033262419E-14,1.619809328147));
#7924 = ( GEOMETRIC_REPRESENTATION_CONTEXT(2) 
PARAMETRIC_REPRESENTATION_CONTEXT() REPRESENTATION_CONTEXT('2D SPACE',''
  ) );
#7925 = PCURVE('',#7814,#7926);
#7926 = DEFINITIONAL_REPRESENTATION('',(#7927),#7930);
#7927 = B_SPLINE_CURVE_WITH_KNOTS('',1,(#7928,#7929),.UNSPECIFIED.,.F.,
  .F.,(2,2),(0.195734083462,0.296022970376),.PIECEWISE_BEZIER_KNOTS.);
#7928 = CARTESIAN_POINT('',(4.303080130632,0.130190671853));
#7929 = CARTESIAN_POINT('',(4.33629966674,0.130190671853));
#7930 = ( GEOMETRIC_REPRESENTATION_CONTEXT(2) 
PARAMETRIC_REPRESENTATION_CONTEXT() REPRESENTATION_CONTEXT('2D SPACE',''
  ) );
#7931 = ORIENTED_EDGE('',*,*,#7881,.T.);
#7932 = ORIENTED_EDGE('',*,*,#7933,.F.);
#7933 = EDGE_CURVE('',#7934,#7854,#7936,.T.);
#7934 = VERTEX_POINT('',#7935);
#7935 = CARTESIAN_POINT('',(-11.05683154793,-28.00011564477,29.8));
#7936 = SURFACE_CURVE('',#7937,(#7941,#7948),.PCURVE_S1.);
#7937 = LINE('',#7938,#7939);
#7938 = CARTESIAN_POINT('',(-11.98071108044,-27.6174322124,29.8));
#7939 = VECTOR('',#7940,1.);
#7940 = DIRECTION('',(-0.923879532511,0.382683432365,0.));
#7941 = PCURVE('',#7895,#7942);
#7942 = DEFINITIONAL_REPRESENTATION('',(#7943),#7947);
#7943 = LINE('',#7944,#7945);
#7944 = CARTESIAN_POINT('',(1.,4.2));
#7945 = VECTOR('',#7946,1.);
#7946 = DIRECTION('',(1.,0.));
#7947 = ( GEOMETRIC_REPRESENTATION_CONTEXT(2) 
PARAMETRIC_REPRESENTATION_CONTEXT() REPRESENTATION_CONTEXT('2D SPACE',''
  ) );
#7948 = PCURVE('',#7869,#7949);
#7949 = DEFINITIONAL_REPRESENTATION('',(#7950),#7954);
#7950 = LINE('',#7951,#7952);
#7951 = CARTESIAN_POINT('',(0.538476452729,6.5658096803E-03));
#7952 = VECTOR('',#7953,1.);
#7953 = DIRECTION('',(0.923879532511,0.382683432365));
#7954 = ( GEOMETRIC_REPRESENTATION_CONTEXT(2) 
PARAMETRIC_REPRESENTATION_CONTEXT() REPRESENTATION_CONTEXT('2D SPACE',''
  ) );
#7955 = ORIENTED_EDGE('',*,*,#7956,.F.);
#7956 = EDGE_CURVE('',#7911,#7934,#7957,.T.);
#7957 = SURFACE_CURVE('',#7958,(#7962,#7969),.PCURVE_S1.);
#7958 = LINE('',#7959,#7960);
#7959 = CARTESIAN_POINT('',(-11.05683154793,-28.00011564477,34.));
#7960 = VECTOR('',#7961,1.);
#7961 = DIRECTION('',(0.,0.,-1.));
#7962 = PCURVE('',#7895,#7963);
#7963 = DEFINITIONAL_REPRESENTATION('',(#7964),#7968);
#7964 = LINE('',#7965,#7966);
#7965 = CARTESIAN_POINT('',(0.,0.));
#7966 = VECTOR('',#7967,1.);
#7967 = DIRECTION('',(0.,1.));
#7968 = ( GEOMETRIC_REPRESENTATION_CONTEXT(2) 
PARAMETRIC_REPRESENTATION_CONTEXT() REPRESENTATION_CONTEXT('2D SPACE',''
  ) );
#7969 = PCURVE('',#7970,#7975);
#7970 = PLANE('',#7971);
#7971 = AXIS2_PLACEMENT_3D('',#7972,#7973,#7974);
#7972 = CARTESIAN_POINT('',(-10.90375817498,-27.63056383176,34.));
#7973 = DIRECTION('',(0.923879532511,-0.382683432365,0.));
#7974 = DIRECTION('',(-0.382683432365,-0.923879532511,0.));
#7975 = DEFINITIONAL_REPRESENTATION('',(#7976),#7980);
#7976 = LINE('',#7977,#7978);
#7977 = CARTESIAN_POINT('',(0.4,0.));
#7978 = VECTOR('',#7979,1.);
#7979 = DIRECTION('',(-0.,1.));
#7980 = ( GEOMETRIC_REPRESENTATION_CONTEXT(2) 
PARAMETRIC_REPRESENTATION_CONTEXT() REPRESENTATION_CONTEXT('2D SPACE',''
  ) );
#7981 = ADVANCED_FACE('',(#7982),#7869,.T.);
#7982 = FACE_BOUND('',#7983,.T.);
#7983 = EDGE_LOOP('',(#7984,#8008,#8029,#8030));
#7984 = ORIENTED_EDGE('',*,*,#7985,.F.);
#7985 = EDGE_CURVE('',#7986,#7826,#7988,.T.);
#7986 = VERTEX_POINT('',#7987);
#7987 = CARTESIAN_POINT('',(-10.97869490247,-27.81147709558,29.8));
#7988 = SURFACE_CURVE('',#7989,(#7994,#8001),.PCURVE_S1.);
#7989 = CIRCLE('',#7990,29.9);
#7990 = AXIS2_PLACEMENT_3D('',#7991,#7992,#7993);
#7991 = CARTESIAN_POINT('',(0.,0.,29.8));
#7992 = DIRECTION('',(0.,0.,-1.));
#7993 = DIRECTION('',(1.,0.,0.));
#7994 = PCURVE('',#7869,#7995);
#7995 = DEFINITIONAL_REPRESENTATION('',(#7996),#8000);
#7996 = CIRCLE('',#7997,29.9);
#7997 = AXIS2_PLACEMENT_2D('',#7998,#7999);
#7998 = CARTESIAN_POINT('',(-11.44223462771,27.623998022087));
#7999 = DIRECTION('',(-1.,0.));
#8000 = ( GEOMETRIC_REPRESENTATION_CONTEXT(2) 
PARAMETRIC_REPRESENTATION_CONTEXT() REPRESENTATION_CONTEXT('2D SPACE',''
  ) );
#8001 = PCURVE('',#7841,#8002);
#8002 = DEFINITIONAL_REPRESENTATION('',(#8003),#8007);
#8003 = LINE('',#8004,#8005);
#8004 = CARTESIAN_POINT('',(0.,4.2));
#8005 = VECTOR('',#8006,1.);
#8006 = DIRECTION('',(1.,0.));
#8007 = ( GEOMETRIC_REPRESENTATION_CONTEXT(2) 
PARAMETRIC_REPRESENTATION_CONTEXT() REPRESENTATION_CONTEXT('2D SPACE',''
  ) );
#8008 = ORIENTED_EDGE('',*,*,#8009,.T.);
#8009 = EDGE_CURVE('',#7986,#7934,#8010,.T.);
#8010 = SURFACE_CURVE('',#8011,(#8015,#8022),.PCURVE_S1.);
#8011 = LINE('',#8012,#8013);
#8012 = CARTESIAN_POINT('',(-11.05683154793,-28.00011564477,29.8));
#8013 = VECTOR('',#8014,1.);
#8014 = DIRECTION('',(-0.382683432365,-0.923879532511,0.));
#8015 = PCURVE('',#7869,#8016);
#8016 = DEFINITIONAL_REPRESENTATION('',(#8017),#8021);
#8017 = LINE('',#8018,#8019);
#8018 = CARTESIAN_POINT('',(-0.385403079783,-0.376117622685));
#8019 = VECTOR('',#8020,1.);
#8020 = DIRECTION('',(0.382683432365,-0.923879532511));
#8021 = ( GEOMETRIC_REPRESENTATION_CONTEXT(2) 
PARAMETRIC_REPRESENTATION_CONTEXT() REPRESENTATION_CONTEXT('2D SPACE',''
  ) );
#8022 = PCURVE('',#7970,#8023);
#8023 = DEFINITIONAL_REPRESENTATION('',(#8024),#8028);
#8024 = LINE('',#8025,#8026);
#8025 = CARTESIAN_POINT('',(0.4,4.2));
#8026 = VECTOR('',#8027,1.);
#8027 = DIRECTION('',(1.,0.));
#8028 = ( GEOMETRIC_REPRESENTATION_CONTEXT(2) 
PARAMETRIC_REPRESENTATION_CONTEXT() REPRESENTATION_CONTEXT('2D SPACE',''
  ) );
#8029 = ORIENTED_EDGE('',*,*,#7933,.T.);
#8030 = ORIENTED_EDGE('',*,*,#7853,.T.);
#8031 = ADVANCED_FACE('',(#8032),#7970,.T.);
#8032 = FACE_BOUND('',#8033,.T.);
#8033 = EDGE_LOOP('',(#8034,#8056,#8057,#8058));
#8034 = ORIENTED_EDGE('',*,*,#8035,.F.);
#8035 = EDGE_CURVE('',#7911,#8036,#8038,.T.);
#8036 = VERTEX_POINT('',#8037);
#8037 = CARTESIAN_POINT('',(-10.97869490247,-27.81147709558,32.125));
#8038 = SURFACE_CURVE('',#8039,(#8043,#8050),.PCURVE_S1.);
#8039 = LINE('',#8040,#8041);
#8040 = CARTESIAN_POINT('',(-11.03610536524,-27.95007821341,32.3125));
#8041 = VECTOR('',#8042,1.);
#8042 = DIRECTION('',(0.239080626355,0.577191690646,-0.780826617343));
#8043 = PCURVE('',#7970,#8044);
#8044 = DEFINITIONAL_REPRESENTATION('',(#8045),#8049);
#8045 = LINE('',#8046,#8047);
#8046 = CARTESIAN_POINT('',(0.34583987458,1.6875));
#8047 = VECTOR('',#8048,1.);
#8048 = DIRECTION('',(-0.624747784029,0.780826617343));
#8049 = ( GEOMETRIC_REPRESENTATION_CONTEXT(2) 
PARAMETRIC_REPRESENTATION_CONTEXT() REPRESENTATION_CONTEXT('2D SPACE',''
  ) );
#8050 = PCURVE('',#7814,#8051);
#8051 = DEFINITIONAL_REPRESENTATION('',(#8052),#8055);
#8052 = B_SPLINE_CURVE_WITH_KNOTS('',1,(#8053,#8054),.UNSPECIFIED.,.F.,
  .F.,(2,2),(-8.669109666735E-02,0.240130133676),
  .PIECEWISE_BEZIER_KNOTS.);
#8053 = CARTESIAN_POINT('',(4.33629966677,0.13019067186));
#8054 = CARTESIAN_POINT('',(4.336413086184,-0.125));
#8055 = ( GEOMETRIC_REPRESENTATION_CONTEXT(2) 
PARAMETRIC_REPRESENTATION_CONTEXT() REPRESENTATION_CONTEXT('2D SPACE',''
  ) );
#8056 = ORIENTED_EDGE('',*,*,#7956,.T.);
#8057 = ORIENTED_EDGE('',*,*,#8009,.F.);
#8058 = ORIENTED_EDGE('',*,*,#8059,.F.);
#8059 = EDGE_CURVE('',#8036,#7986,#8060,.T.);
#8060 = SURFACE_CURVE('',#8061,(#8065,#8072),.PCURVE_S1.);
#8061 = LINE('',#8062,#8063);
#8062 = CARTESIAN_POINT('',(-10.97869490247,-27.81147709558,34.));
#8063 = VECTOR('',#8064,1.);
#8064 = DIRECTION('',(0.,0.,-1.));
#8065 = PCURVE('',#7970,#8066);
#8066 = DEFINITIONAL_REPRESENTATION('',(#8067),#8071);
#8067 = LINE('',#8068,#8069);
#8068 = CARTESIAN_POINT('',(0.195819105688,0.));
#8069 = VECTOR('',#8070,1.);
#8070 = DIRECTION('',(-0.,1.));
#8071 = ( GEOMETRIC_REPRESENTATION_CONTEXT(2) 
PARAMETRIC_REPRESENTATION_CONTEXT() REPRESENTATION_CONTEXT('2D SPACE',''
  ) );
#8072 = PCURVE('',#7841,#8073);
#8073 = DEFINITIONAL_REPRESENTATION('',(#8074),#8078);
#8074 = LINE('',#8075,#8076);
#8075 = CARTESIAN_POINT('',(1.946772220996,0.));
#8076 = VECTOR('',#8077,1.);
#8077 = DIRECTION('',(0.,1.));
#8078 = ( GEOMETRIC_REPRESENTATION_CONTEXT(2) 
PARAMETRIC_REPRESENTATION_CONTEXT() REPRESENTATION_CONTEXT('2D SPACE',''
  ) );
#8079 = ADVANCED_FACE('',(#8080),#8094,.T.);
#8080 = FACE_BOUND('',#8081,.T.);
#8081 = EDGE_LOOP('',(#8082,#8116,#8144,#8167));
#8082 = ORIENTED_EDGE('',*,*,#8083,.F.);
#8083 = EDGE_CURVE('',#8084,#8086,#8088,.T.);
#8084 = VERTEX_POINT('',#8085);
#8085 = CARTESIAN_POINT('',(-10.97869490247,-27.81147709558,32.875));
#8086 = VERTEX_POINT('',#8087);
#8087 = CARTESIAN_POINT('',(-11.05683154793,-28.00011564477,
    32.619809328147));
#8088 = SURFACE_CURVE('',#8089,(#8093,#8105),.PCURVE_S1.);
#8089 = LINE('',#8090,#8091);
#8090 = CARTESIAN_POINT('',(-11.03610536524,-27.95007821341,32.6875));
#8091 = VECTOR('',#8092,1.);
#8092 = DIRECTION('',(-0.239080626355,-0.577191690646,-0.780826617343));
#8093 = PCURVE('',#8094,#8099);
#8094 = PLANE('',#8095);
#8095 = AXIS2_PLACEMENT_3D('',#8096,#8097,#8098);
#8096 = CARTESIAN_POINT('',(-10.90375817498,-27.63056383176,34.));
#8097 = DIRECTION('',(0.923879532511,-0.382683432365,0.));
#8098 = DIRECTION('',(-0.382683432365,-0.923879532511,0.));
#8099 = DEFINITIONAL_REPRESENTATION('',(#8100),#8104);
#8100 = LINE('',#8101,#8102);
#8101 = CARTESIAN_POINT('',(0.34583987458,1.3125));
#8102 = VECTOR('',#8103,1.);
#8103 = DIRECTION('',(0.624747784029,0.780826617343));
#8104 = ( GEOMETRIC_REPRESENTATION_CONTEXT(2) 
PARAMETRIC_REPRESENTATION_CONTEXT() REPRESENTATION_CONTEXT('2D SPACE',''
  ) );
#8105 = PCURVE('',#8106,#8111);
#8106 = CONICAL_SURFACE('',#8107,30.,0.674740942224);
#8107 = AXIS2_PLACEMENT_3D('',#8108,#8109,#8110);
#8108 = CARTESIAN_POINT('',(0.,0.,32.75));
#8109 = DIRECTION('',(0.,0.,-1.));
#8110 = DIRECTION('',(1.,0.,0.));
#8111 = DEFINITIONAL_REPRESENTATION('',(#8112),#8115);
#8112 = B_SPLINE_CURVE_WITH_KNOTS('',1,(#8113,#8114),.UNSPECIFIED.,.F.,
  .F.,(2,2),(-0.240130133676,8.669109666735E-02),
  .PIECEWISE_BEZIER_KNOTS.);
#8113 = CARTESIAN_POINT('',(1.946772220996,-0.125));
#8114 = CARTESIAN_POINT('',(1.946885640409,0.13019067186));
#8115 = ( GEOMETRIC_REPRESENTATION_CONTEXT(2) 
PARAMETRIC_REPRESENTATION_CONTEXT() REPRESENTATION_CONTEXT('2D SPACE',''
  ) );
#8116 = ORIENTED_EDGE('',*,*,#8117,.F.);
#8117 = EDGE_CURVE('',#8118,#8084,#8120,.T.);
#8118 = VERTEX_POINT('',#8119);
#8119 = CARTESIAN_POINT('',(-10.97869490247,-27.81147709558,34.));
#8120 = SURFACE_CURVE('',#8121,(#8125,#8132),.PCURVE_S1.);
#8121 = LINE('',#8122,#8123);
#8122 = CARTESIAN_POINT('',(-10.97869490247,-27.81147709558,34.));
#8123 = VECTOR('',#8124,1.);
#8124 = DIRECTION('',(0.,0.,-1.));
#8125 = PCURVE('',#8094,#8126);
#8126 = DEFINITIONAL_REPRESENTATION('',(#8127),#8131);
#8127 = LINE('',#8128,#8129);
#8128 = CARTESIAN_POINT('',(0.195819105688,0.));
#8129 = VECTOR('',#8130,1.);
#8130 = DIRECTION('',(-0.,1.));
#8131 = ( GEOMETRIC_REPRESENTATION_CONTEXT(2) 
PARAMETRIC_REPRESENTATION_CONTEXT() REPRESENTATION_CONTEXT('2D SPACE',''
  ) );
#8132 = PCURVE('',#8133,#8138);
#8133 = CYLINDRICAL_SURFACE('',#8134,29.9);
#8134 = AXIS2_PLACEMENT_3D('',#8135,#8136,#8137);
#8135 = CARTESIAN_POINT('',(0.,0.,34.));
#8136 = DIRECTION('',(0.,0.,-1.));
#8137 = DIRECTION('',(1.,0.,0.));
#8138 = DEFINITIONAL_REPRESENTATION('',(#8139),#8143);
#8139 = LINE('',#8140,#8141);
#8140 = CARTESIAN_POINT('',(1.946772220996,0.));
#8141 = VECTOR('',#8142,1.);
#8142 = DIRECTION('',(0.,1.));
#8143 = ( GEOMETRIC_REPRESENTATION_CONTEXT(2) 
PARAMETRIC_REPRESENTATION_CONTEXT() REPRESENTATION_CONTEXT('2D SPACE',''
  ) );
#8144 = ORIENTED_EDGE('',*,*,#8145,.F.);
#8145 = EDGE_CURVE('',#8146,#8118,#8148,.T.);
#8146 = VERTEX_POINT('',#8147);
#8147 = CARTESIAN_POINT('',(-11.05683154793,-28.00011564477,34.));
#8148 = SURFACE_CURVE('',#8149,(#8153,#8160),.PCURVE_S1.);
#8149 = LINE('',#8150,#8151);
#8150 = CARTESIAN_POINT('',(-5.220909204366,-13.91095277397,34.));
#8151 = VECTOR('',#8152,1.);
#8152 = DIRECTION('',(0.382683432365,0.923879532511,0.));
#8153 = PCURVE('',#8094,#8154);
#8154 = DEFINITIONAL_REPRESENTATION('',(#8155),#8159);
#8155 = LINE('',#8156,#8157);
#8156 = CARTESIAN_POINT('',(-14.85,0.));
#8157 = VECTOR('',#8158,1.);
#8158 = DIRECTION('',(-1.,0.));
#8159 = ( GEOMETRIC_REPRESENTATION_CONTEXT(2) 
PARAMETRIC_REPRESENTATION_CONTEXT() REPRESENTATION_CONTEXT('2D SPACE',''
  ) );
#8160 = PCURVE('',#3330,#8161);
#8161 = DEFINITIONAL_REPRESENTATION('',(#8162),#8166);
#8162 = LINE('',#8163,#8164);
#8163 = CARTESIAN_POINT('',(-5.220909204366,-13.91095277397));
#8164 = VECTOR('',#8165,1.);
#8165 = DIRECTION('',(0.382683432365,0.923879532511));
#8166 = ( GEOMETRIC_REPRESENTATION_CONTEXT(2) 
PARAMETRIC_REPRESENTATION_CONTEXT() REPRESENTATION_CONTEXT('2D SPACE',''
  ) );
#8167 = ORIENTED_EDGE('',*,*,#8168,.T.);
#8168 = EDGE_CURVE('',#8146,#8086,#8169,.T.);
#8169 = SURFACE_CURVE('',#8170,(#8174,#8181),.PCURVE_S1.);
#8170 = LINE('',#8171,#8172);
#8171 = CARTESIAN_POINT('',(-11.05683154793,-28.00011564477,34.));
#8172 = VECTOR('',#8173,1.);
#8173 = DIRECTION('',(0.,0.,-1.));
#8174 = PCURVE('',#8094,#8175);
#8175 = DEFINITIONAL_REPRESENTATION('',(#8176),#8180);
#8176 = LINE('',#8177,#8178);
#8177 = CARTESIAN_POINT('',(0.4,0.));
#8178 = VECTOR('',#8179,1.);
#8179 = DIRECTION('',(-0.,1.));
#8180 = ( GEOMETRIC_REPRESENTATION_CONTEXT(2) 
PARAMETRIC_REPRESENTATION_CONTEXT() REPRESENTATION_CONTEXT('2D SPACE',''
  ) );
#8181 = PCURVE('',#8182,#8187);
#8182 = PLANE('',#8183);
#8183 = AXIS2_PLACEMENT_3D('',#8184,#8185,#8186);
#8184 = CARTESIAN_POINT('',(-11.05683154793,-28.00011564477,34.));
#8185 = DIRECTION('',(-0.382683432365,-0.923879532511,0.));
#8186 = DIRECTION('',(-0.923879532511,0.382683432365,0.));
#8187 = DEFINITIONAL_REPRESENTATION('',(#8188),#8192);
#8188 = LINE('',#8189,#8190);
#8189 = CARTESIAN_POINT('',(0.,0.));
#8190 = VECTOR('',#8191,1.);
#8191 = DIRECTION('',(0.,1.));
#8192 = ( GEOMETRIC_REPRESENTATION_CONTEXT(2) 
PARAMETRIC_REPRESENTATION_CONTEXT() REPRESENTATION_CONTEXT('2D SPACE',''
  ) );
#8193 = ADVANCED_FACE('',(#8194),#8208,.T.);
#8194 = FACE_BOUND('',#8195,.T.);
#8195 = EDGE_LOOP('',(#8196,#8225,#8248,#8271));
#8196 = ORIENTED_EDGE('',*,*,#8197,.F.);
#8197 = EDGE_CURVE('',#8198,#8200,#8202,.T.);
#8198 = VERTEX_POINT('',#8199);
#8199 = CARTESIAN_POINT('',(-11.98071108044,-27.6174322124,
    32.619809328147));
#8200 = VERTEX_POINT('',#8201);
#8201 = CARTESIAN_POINT('',(-11.90257443498,-27.42879366322,32.875));
#8202 = SURFACE_CURVE('',#8203,(#8207,#8219),.PCURVE_S1.);
#8203 = LINE('',#8204,#8205);
#8204 = CARTESIAN_POINT('',(-11.95998489775,-27.56739478105,32.6875));
#8205 = VECTOR('',#8206,1.);
#8206 = DIRECTION('',(0.239080626355,0.577191690646,0.780826617343));
#8207 = PCURVE('',#8208,#8213);
#8208 = PLANE('',#8209);
#8209 = AXIS2_PLACEMENT_3D('',#8210,#8211,#8212);
#8210 = CARTESIAN_POINT('',(-11.98071108044,-27.6174322124,34.));
#8211 = DIRECTION('',(-0.923879532511,0.382683432365,0.));
#8212 = DIRECTION('',(0.382683432365,0.923879532511,0.));
#8213 = DEFINITIONAL_REPRESENTATION('',(#8214),#8218);
#8214 = LINE('',#8215,#8216);
#8215 = CARTESIAN_POINT('',(5.416012541999E-02,1.3125));
#8216 = VECTOR('',#8217,1.);
#8217 = DIRECTION('',(0.624747784029,-0.780826617343));
#8218 = ( GEOMETRIC_REPRESENTATION_CONTEXT(2) 
PARAMETRIC_REPRESENTATION_CONTEXT() REPRESENTATION_CONTEXT('2D SPACE',''
  ) );
#8219 = PCURVE('',#8106,#8220);
#8220 = DEFINITIONAL_REPRESENTATION('',(#8221),#8224);
#8221 = B_SPLINE_CURVE_WITH_KNOTS('',1,(#8222,#8223),.UNSPECIFIED.,.F.,
  .F.,(2,2),(-8.669109666735E-02,0.240130133676),
  .PIECEWISE_BEZIER_KNOTS.);
#8222 = CARTESIAN_POINT('',(1.980105176578,0.13019067186));
#8223 = CARTESIAN_POINT('',(1.980218595991,-0.125));
#8224 = ( GEOMETRIC_REPRESENTATION_CONTEXT(2) 
PARAMETRIC_REPRESENTATION_CONTEXT() REPRESENTATION_CONTEXT('2D SPACE',''
  ) );
#8225 = ORIENTED_EDGE('',*,*,#8226,.F.);
#8226 = EDGE_CURVE('',#8227,#8198,#8229,.T.);
#8227 = VERTEX_POINT('',#8228);
#8228 = CARTESIAN_POINT('',(-11.98071108044,-27.6174322124,34.));
#8229 = SURFACE_CURVE('',#8230,(#8234,#8241),.PCURVE_S1.);
#8230 = LINE('',#8231,#8232);
#8231 = CARTESIAN_POINT('',(-11.98071108044,-27.6174322124,34.));
#8232 = VECTOR('',#8233,1.);
#8233 = DIRECTION('',(0.,0.,-1.));
#8234 = PCURVE('',#8208,#8235);
#8235 = DEFINITIONAL_REPRESENTATION('',(#8236),#8240);
#8236 = LINE('',#8237,#8238);
#8237 = CARTESIAN_POINT('',(0.,0.));
#8238 = VECTOR('',#8239,1.);
#8239 = DIRECTION('',(0.,1.));
#8240 = ( GEOMETRIC_REPRESENTATION_CONTEXT(2) 
PARAMETRIC_REPRESENTATION_CONTEXT() REPRESENTATION_CONTEXT('2D SPACE',''
  ) );
#8241 = PCURVE('',#8182,#8242);
#8242 = DEFINITIONAL_REPRESENTATION('',(#8243),#8247);
#8243 = LINE('',#8244,#8245);
#8244 = CARTESIAN_POINT('',(1.,0.));
#8245 = VECTOR('',#8246,1.);
#8246 = DIRECTION('',(0.,1.));
#8247 = ( GEOMETRIC_REPRESENTATION_CONTEXT(2) 
PARAMETRIC_REPRESENTATION_CONTEXT() REPRESENTATION_CONTEXT('2D SPACE',''
  ) );
#8248 = ORIENTED_EDGE('',*,*,#8249,.F.);
#8249 = EDGE_CURVE('',#8250,#8227,#8252,.T.);
#8250 = VERTEX_POINT('',#8251);
#8251 = CARTESIAN_POINT('',(-11.90257443498,-27.42879366322,34.));
#8252 = SURFACE_CURVE('',#8253,(#8257,#8264),.PCURVE_S1.);
#8253 = LINE('',#8254,#8255);
#8254 = CARTESIAN_POINT('',(-6.22132542335,-13.71304524811,34.));
#8255 = VECTOR('',#8256,1.);
#8256 = DIRECTION('',(-0.382683432365,-0.923879532511,0.));
#8257 = PCURVE('',#8208,#8258);
#8258 = DEFINITIONAL_REPRESENTATION('',(#8259),#8263);
#8259 = LINE('',#8260,#8261);
#8260 = CARTESIAN_POINT('',(15.05,0.));
#8261 = VECTOR('',#8262,1.);
#8262 = DIRECTION('',(-1.,-0.));
#8263 = ( GEOMETRIC_REPRESENTATION_CONTEXT(2) 
PARAMETRIC_REPRESENTATION_CONTEXT() REPRESENTATION_CONTEXT('2D SPACE',''
  ) );
#8264 = PCURVE('',#3330,#8265);
#8265 = DEFINITIONAL_REPRESENTATION('',(#8266),#8270);
#8266 = LINE('',#8267,#8268);
#8267 = CARTESIAN_POINT('',(-6.22132542335,-13.71304524811));
#8268 = VECTOR('',#8269,1.);
#8269 = DIRECTION('',(-0.382683432365,-0.923879532511));
#8270 = ( GEOMETRIC_REPRESENTATION_CONTEXT(2) 
PARAMETRIC_REPRESENTATION_CONTEXT() REPRESENTATION_CONTEXT('2D SPACE',''
  ) );
#8271 = ORIENTED_EDGE('',*,*,#8272,.F.);
#8272 = EDGE_CURVE('',#8200,#8250,#8273,.T.);
#8273 = SURFACE_CURVE('',#8274,(#8278,#8285),.PCURVE_S1.);
#8274 = LINE('',#8275,#8276);
#8275 = CARTESIAN_POINT('',(-11.90257443498,-27.42879366322,34.));
#8276 = VECTOR('',#8277,1.);
#8277 = DIRECTION('',(0.,0.,1.));
#8278 = PCURVE('',#8208,#8279);
#8279 = DEFINITIONAL_REPRESENTATION('',(#8280),#8284);
#8280 = LINE('',#8281,#8282);
#8281 = CARTESIAN_POINT('',(0.204180894312,0.));
#8282 = VECTOR('',#8283,1.);
#8283 = DIRECTION('',(0.,-1.));
#8284 = ( GEOMETRIC_REPRESENTATION_CONTEXT(2) 
PARAMETRIC_REPRESENTATION_CONTEXT() REPRESENTATION_CONTEXT('2D SPACE',''
  ) );
#8285 = PCURVE('',#8286,#8291);
#8286 = CYLINDRICAL_SURFACE('',#8287,29.9);
#8287 = AXIS2_PLACEMENT_3D('',#8288,#8289,#8290);
#8288 = CARTESIAN_POINT('',(0.,0.,34.));
#8289 = DIRECTION('',(0.,0.,-1.));
#8290 = DIRECTION('',(1.,0.,0.));
#8291 = DEFINITIONAL_REPRESENTATION('',(#8292),#8296);
#8292 = LINE('',#8293,#8294);
#8293 = CARTESIAN_POINT('',(1.980218595991,0.));
#8294 = VECTOR('',#8295,1.);
#8295 = DIRECTION('',(0.,-1.));
#8296 = ( GEOMETRIC_REPRESENTATION_CONTEXT(2) 
PARAMETRIC_REPRESENTATION_CONTEXT() REPRESENTATION_CONTEXT('2D SPACE',''
  ) );
#8297 = ADVANCED_FACE('',(#8298),#8182,.T.);
#8298 = FACE_BOUND('',#8299,.T.);
#8299 = EDGE_LOOP('',(#8300,#8320,#8321,#8342));
#8300 = ORIENTED_EDGE('',*,*,#8301,.F.);
#8301 = EDGE_CURVE('',#8086,#8198,#8302,.T.);
#8302 = SURFACE_CURVE('',#8303,(#8307,#8314),.PCURVE_S1.);
#8303 = ( BOUNDED_CURVE() B_SPLINE_CURVE(2,(#8304,#8305,#8306),
.UNSPECIFIED.,.F.,.F.) B_SPLINE_CURVE_WITH_KNOTS((3,3),(0.195734083462,
0.296022970376),.PIECEWISE_BEZIER_KNOTS.) CURVE() 
GEOMETRIC_REPRESENTATION_ITEM() RATIONAL_B_SPLINE_CURVE((1.001592040723,
1.001730218413,1.001592040723)) REPRESENTATION_ITEM('') );
#8304 = CARTESIAN_POINT('',(-11.05683154793,-28.00011564477,
    32.619809328147));
#8305 = CARTESIAN_POINT('',(-11.51877131418,-27.80877392859,
    32.630189955857));
#8306 = CARTESIAN_POINT('',(-11.98071108044,-27.6174322124,
    32.619809328147));
#8307 = PCURVE('',#8182,#8308);
#8308 = DEFINITIONAL_REPRESENTATION('',(#8309),#8313);
#8309 = ( BOUNDED_CURVE() B_SPLINE_CURVE(2,(#8310,#8311,#8312),
.UNSPECIFIED.,.F.,.F.) B_SPLINE_CURVE_WITH_KNOTS((3,3),(0.195734083462,
0.296022970376),.PIECEWISE_BEZIER_KNOTS.) CURVE() 
GEOMETRIC_REPRESENTATION_ITEM() RATIONAL_B_SPLINE_CURVE((1.001592040723,
1.001730218413,1.001592040723)) REPRESENTATION_ITEM('') );
#8310 = CARTESIAN_POINT('',(0.,1.380190671853));
#8311 = CARTESIAN_POINT('',(0.5,1.369810044143));
#8312 = CARTESIAN_POINT('',(1.,1.380190671853));
#8313 = ( GEOMETRIC_REPRESENTATION_CONTEXT(2) 
PARAMETRIC_REPRESENTATION_CONTEXT() REPRESENTATION_CONTEXT('2D SPACE',''
  ) );
#8314 = PCURVE('',#8106,#8315);
#8315 = DEFINITIONAL_REPRESENTATION('',(#8316),#8319);
#8316 = B_SPLINE_CURVE_WITH_KNOTS('',1,(#8317,#8318),.UNSPECIFIED.,.F.,
  .F.,(2,2),(0.195734083462,0.296022970376),.PIECEWISE_BEZIER_KNOTS.);
#8317 = CARTESIAN_POINT('',(1.94688564044,0.130190671853));
#8318 = CARTESIAN_POINT('',(1.980105176548,0.130190671853));
#8319 = ( GEOMETRIC_REPRESENTATION_CONTEXT(2) 
PARAMETRIC_REPRESENTATION_CONTEXT() REPRESENTATION_CONTEXT('2D SPACE',''
  ) );
#8320 = ORIENTED_EDGE('',*,*,#8168,.F.);
#8321 = ORIENTED_EDGE('',*,*,#8322,.F.);
#8322 = EDGE_CURVE('',#8227,#8146,#8323,.T.);
#8323 = SURFACE_CURVE('',#8324,(#8328,#8335),.PCURVE_S1.);
#8324 = LINE('',#8325,#8326);
#8325 = CARTESIAN_POINT('',(-11.28780143106,-27.90444478668,34.));
#8326 = VECTOR('',#8327,1.);
#8327 = DIRECTION('',(0.923879532511,-0.382683432365,0.));
#8328 = PCURVE('',#8182,#8329);
#8329 = DEFINITIONAL_REPRESENTATION('',(#8330),#8334);
#8330 = LINE('',#8331,#8332);
#8331 = CARTESIAN_POINT('',(0.25,0.));
#8332 = VECTOR('',#8333,1.);
#8333 = DIRECTION('',(-1.,-0.));
#8334 = ( GEOMETRIC_REPRESENTATION_CONTEXT(2) 
PARAMETRIC_REPRESENTATION_CONTEXT() REPRESENTATION_CONTEXT('2D SPACE',''
  ) );
#8335 = PCURVE('',#3330,#8336);
#8336 = DEFINITIONAL_REPRESENTATION('',(#8337),#8341);
#8337 = LINE('',#8338,#8339);
#8338 = CARTESIAN_POINT('',(-11.28780143106,-27.90444478668));
#8339 = VECTOR('',#8340,1.);
#8340 = DIRECTION('',(0.923879532511,-0.382683432365));
#8341 = ( GEOMETRIC_REPRESENTATION_CONTEXT(2) 
PARAMETRIC_REPRESENTATION_CONTEXT() REPRESENTATION_CONTEXT('2D SPACE',''
  ) );
#8342 = ORIENTED_EDGE('',*,*,#8226,.T.);
#8343 = ADVANCED_FACE('',(#8344),#8106,.T.);
#8344 = FACE_BOUND('',#8345,.T.);
#8345 = EDGE_LOOP('',(#8346,#8347,#8348,#8349,#8373,#8400,#8427,#8454,
    #8483,#8510,#8534,#8561));
#8346 = ORIENTED_EDGE('',*,*,#8083,.T.);
#8347 = ORIENTED_EDGE('',*,*,#8301,.T.);
#8348 = ORIENTED_EDGE('',*,*,#8197,.T.);
#8349 = ORIENTED_EDGE('',*,*,#8350,.F.);
#8350 = EDGE_CURVE('',#8351,#8200,#8353,.T.);
#8351 = VERTEX_POINT('',#8352);
#8352 = CARTESIAN_POINT('',(-27.42879366322,-11.90257443498,32.875));
#8353 = SURFACE_CURVE('',#8354,(#8359,#8366),.PCURVE_S1.);
#8354 = CIRCLE('',#8355,29.9);
#8355 = AXIS2_PLACEMENT_3D('',#8356,#8357,#8358);
#8356 = CARTESIAN_POINT('',(0.,0.,32.875));
#8357 = DIRECTION('',(0.,0.,1.));
#8358 = DIRECTION('',(1.,0.,-0.));
#8359 = PCURVE('',#8106,#8360);
#8360 = DEFINITIONAL_REPRESENTATION('',(#8361),#8365);
#8361 = LINE('',#8362,#8363);
#8362 = CARTESIAN_POINT('',(6.28318530718,-0.125));
#8363 = VECTOR('',#8364,1.);
#8364 = DIRECTION('',(-1.,-2.305835413457E-15));
#8365 = ( GEOMETRIC_REPRESENTATION_CONTEXT(2) 
PARAMETRIC_REPRESENTATION_CONTEXT() REPRESENTATION_CONTEXT('2D SPACE',''
  ) );
#8366 = PCURVE('',#8286,#8367);
#8367 = DEFINITIONAL_REPRESENTATION('',(#8368),#8372);
#8368 = LINE('',#8369,#8370);
#8369 = CARTESIAN_POINT('',(6.28318530718,1.125));
#8370 = VECTOR('',#8371,1.);
#8371 = DIRECTION('',(-1.,0.));
#8372 = ( GEOMETRIC_REPRESENTATION_CONTEXT(2) 
PARAMETRIC_REPRESENTATION_CONTEXT() REPRESENTATION_CONTEXT('2D SPACE',''
  ) );
#8373 = ORIENTED_EDGE('',*,*,#8374,.T.);
#8374 = EDGE_CURVE('',#8351,#8375,#8377,.T.);
#8375 = VERTEX_POINT('',#8376);
#8376 = CARTESIAN_POINT('',(-27.6174322124,-11.98071108044,
    32.619809328147));
#8377 = SURFACE_CURVE('',#8378,(#8382,#8388),.PCURVE_S1.);
#8378 = LINE('',#8379,#8380);
#8379 = CARTESIAN_POINT('',(-27.56739478105,-11.95998489775,32.6875));
#8380 = VECTOR('',#8381,1.);
#8381 = DIRECTION('',(-0.577191690646,-0.239080626355,-0.780826617343));
#8382 = PCURVE('',#8106,#8383);
#8383 = DEFINITIONAL_REPRESENTATION('',(#8384),#8387);
#8384 = B_SPLINE_CURVE_WITH_KNOTS('',1,(#8385,#8386),.UNSPECIFIED.,.F.,
  .F.,(2,2),(-0.240130133676,8.669109666735E-02),
  .PIECEWISE_BEZIER_KNOTS.);
#8385 = CARTESIAN_POINT('',(2.732170384394,-0.125));
#8386 = CARTESIAN_POINT('',(2.732283803807,0.13019067186));
#8387 = ( GEOMETRIC_REPRESENTATION_CONTEXT(2) 
PARAMETRIC_REPRESENTATION_CONTEXT() REPRESENTATION_CONTEXT('2D SPACE',''
  ) );
#8388 = PCURVE('',#8389,#8394);
#8389 = PLANE('',#8390);
#8390 = AXIS2_PLACEMENT_3D('',#8391,#8392,#8393);
#8391 = CARTESIAN_POINT('',(-27.2478803994,-11.82763770749,34.));
#8392 = DIRECTION('',(0.382683432365,-0.923879532511,0.));
#8393 = DIRECTION('',(-0.923879532511,-0.382683432365,0.));
#8394 = DEFINITIONAL_REPRESENTATION('',(#8395),#8399);
#8395 = LINE('',#8396,#8397);
#8396 = CARTESIAN_POINT('',(0.34583987458,1.3125));
#8397 = VECTOR('',#8398,1.);
#8398 = DIRECTION('',(0.624747784029,0.780826617343));
#8399 = ( GEOMETRIC_REPRESENTATION_CONTEXT(2) 
PARAMETRIC_REPRESENTATION_CONTEXT() REPRESENTATION_CONTEXT('2D SPACE',''
  ) );
#8400 = ORIENTED_EDGE('',*,*,#8401,.T.);
#8401 = EDGE_CURVE('',#8375,#8402,#8404,.T.);
#8402 = VERTEX_POINT('',#8403);
#8403 = CARTESIAN_POINT('',(-28.00011564477,-11.05683154793,
    32.619809328147));
#8404 = SURFACE_CURVE('',#8405,(#8409,#8415),.PCURVE_S1.);
#8405 = ( BOUNDED_CURVE() B_SPLINE_CURVE(2,(#8406,#8407,#8408),
.UNSPECIFIED.,.F.,.F.) B_SPLINE_CURVE_WITH_KNOTS((3,3),(0.195734083462,
0.296022970376),.PIECEWISE_BEZIER_KNOTS.) CURVE() 
GEOMETRIC_REPRESENTATION_ITEM() RATIONAL_B_SPLINE_CURVE((1.001592040723,
1.001730218413,1.001592040723)) REPRESENTATION_ITEM('') );
#8406 = CARTESIAN_POINT('',(-27.6174322124,-11.98071108044,
    32.619809328147));
#8407 = CARTESIAN_POINT('',(-27.80877392859,-11.51877131418,
    32.630189955857));
#8408 = CARTESIAN_POINT('',(-28.00011564477,-11.05683154793,
    32.619809328147));
#8409 = PCURVE('',#8106,#8410);
#8410 = DEFINITIONAL_REPRESENTATION('',(#8411),#8414);
#8411 = B_SPLINE_CURVE_WITH_KNOTS('',1,(#8412,#8413),.UNSPECIFIED.,.F.,
  .F.,(2,2),(0.195734083462,0.296022970376),.PIECEWISE_BEZIER_KNOTS.);
#8412 = CARTESIAN_POINT('',(2.732283803837,0.130190671853));
#8413 = CARTESIAN_POINT('',(2.765503339945,0.130190671853));
#8414 = ( GEOMETRIC_REPRESENTATION_CONTEXT(2) 
PARAMETRIC_REPRESENTATION_CONTEXT() REPRESENTATION_CONTEXT('2D SPACE',''
  ) );
#8415 = PCURVE('',#8416,#8421);
#8416 = PLANE('',#8417);
#8417 = AXIS2_PLACEMENT_3D('',#8418,#8419,#8420);
#8418 = CARTESIAN_POINT('',(-27.6174322124,-11.98071108044,34.));
#8419 = DIRECTION('',(-0.923879532511,-0.382683432365,0.));
#8420 = DIRECTION('',(-0.382683432365,0.923879532511,0.));
#8421 = DEFINITIONAL_REPRESENTATION('',(#8422),#8426);
#8422 = ( BOUNDED_CURVE() B_SPLINE_CURVE(2,(#8423,#8424,#8425),
.UNSPECIFIED.,.F.,.F.) B_SPLINE_CURVE_WITH_KNOTS((3,3),(0.195734083462,
0.296022970376),.PIECEWISE_BEZIER_KNOTS.) CURVE() 
GEOMETRIC_REPRESENTATION_ITEM() RATIONAL_B_SPLINE_CURVE((1.001592040723,
1.001730218413,1.001592040723)) REPRESENTATION_ITEM('') );
#8423 = CARTESIAN_POINT('',(0.,1.380190671853));
#8424 = CARTESIAN_POINT('',(0.5,1.369810044143));
#8425 = CARTESIAN_POINT('',(1.,1.380190671853));
#8426 = ( GEOMETRIC_REPRESENTATION_CONTEXT(2) 
PARAMETRIC_REPRESENTATION_CONTEXT() REPRESENTATION_CONTEXT('2D SPACE',''
  ) );
#8427 = ORIENTED_EDGE('',*,*,#8428,.T.);
#8428 = EDGE_CURVE('',#8402,#8429,#8431,.T.);
#8429 = VERTEX_POINT('',#8430);
#8430 = CARTESIAN_POINT('',(-27.81147709558,-10.97869490247,32.875));
#8431 = SURFACE_CURVE('',#8432,(#8436,#8442),.PCURVE_S1.);
#8432 = LINE('',#8433,#8434);
#8433 = CARTESIAN_POINT('',(-27.95007821341,-11.03610536524,32.6875));
#8434 = VECTOR('',#8435,1.);
#8435 = DIRECTION('',(0.577191690646,0.239080626355,0.780826617343));
#8436 = PCURVE('',#8106,#8437);
#8437 = DEFINITIONAL_REPRESENTATION('',(#8438),#8441);
#8438 = B_SPLINE_CURVE_WITH_KNOTS('',1,(#8439,#8440),.UNSPECIFIED.,.F.,
  .F.,(2,2),(-8.669109666738E-02,0.240130133676),
  .PIECEWISE_BEZIER_KNOTS.);
#8439 = CARTESIAN_POINT('',(2.765503339975,0.13019067186));
#8440 = CARTESIAN_POINT('',(2.765616759389,-0.125));
#8441 = ( GEOMETRIC_REPRESENTATION_CONTEXT(2) 
PARAMETRIC_REPRESENTATION_CONTEXT() REPRESENTATION_CONTEXT('2D SPACE',''
  ) );
#8442 = PCURVE('',#8443,#8448);
#8443 = PLANE('',#8444);
#8444 = AXIS2_PLACEMENT_3D('',#8445,#8446,#8447);
#8445 = CARTESIAN_POINT('',(-28.00011564477,-11.05683154793,34.));
#8446 = DIRECTION('',(-0.382683432365,0.923879532511,0.));
#8447 = DIRECTION('',(0.923879532511,0.382683432365,0.));
#8448 = DEFINITIONAL_REPRESENTATION('',(#8449),#8453);
#8449 = LINE('',#8450,#8451);
#8450 = CARTESIAN_POINT('',(5.416012542003E-02,1.3125));
#8451 = VECTOR('',#8452,1.);
#8452 = DIRECTION('',(0.624747784029,-0.780826617343));
#8453 = ( GEOMETRIC_REPRESENTATION_CONTEXT(2) 
PARAMETRIC_REPRESENTATION_CONTEXT() REPRESENTATION_CONTEXT('2D SPACE',''
  ) );
#8454 = ORIENTED_EDGE('',*,*,#8455,.F.);
#8455 = EDGE_CURVE('',#8456,#8429,#8458,.T.);
#8456 = VERTEX_POINT('',#8457);
#8457 = CARTESIAN_POINT('',(-29.89059216542,-0.75,32.875));
#8458 = SURFACE_CURVE('',#8459,(#8464,#8471),.PCURVE_S1.);
#8459 = CIRCLE('',#8460,29.9);
#8460 = AXIS2_PLACEMENT_3D('',#8461,#8462,#8463);
#8461 = CARTESIAN_POINT('',(0.,0.,32.875));
#8462 = DIRECTION('',(0.,0.,1.));
#8463 = DIRECTION('',(1.,0.,-0.));
#8464 = PCURVE('',#8106,#8465);
#8465 = DEFINITIONAL_REPRESENTATION('',(#8466),#8470);
#8466 = LINE('',#8467,#8468);
#8467 = CARTESIAN_POINT('',(6.28318530718,-0.125));
#8468 = VECTOR('',#8469,1.);
#8469 = DIRECTION('',(-1.,0.));
#8470 = ( GEOMETRIC_REPRESENTATION_CONTEXT(2) 
PARAMETRIC_REPRESENTATION_CONTEXT() REPRESENTATION_CONTEXT('2D SPACE',''
  ) );
#8471 = PCURVE('',#8472,#8477);
#8472 = CYLINDRICAL_SURFACE('',#8473,29.9);
#8473 = AXIS2_PLACEMENT_3D('',#8474,#8475,#8476);
#8474 = CARTESIAN_POINT('',(0.,0.,34.));
#8475 = DIRECTION('',(0.,0.,-1.));
#8476 = DIRECTION('',(1.,0.,0.));
#8477 = DEFINITIONAL_REPRESENTATION('',(#8478),#8482);
#8478 = LINE('',#8479,#8480);
#8479 = CARTESIAN_POINT('',(6.28318530718,1.125));
#8480 = VECTOR('',#8481,1.);
#8481 = DIRECTION('',(-1.,0.));
#8482 = ( GEOMETRIC_REPRESENTATION_CONTEXT(2) 
PARAMETRIC_REPRESENTATION_CONTEXT() REPRESENTATION_CONTEXT('2D SPACE',''
  ) );
#8483 = ORIENTED_EDGE('',*,*,#8484,.T.);
#8484 = EDGE_CURVE('',#8456,#8485,#8487,.T.);
#8485 = VERTEX_POINT('',#8486);
#8486 = CARTESIAN_POINT('',(-30.19068564971,-0.75,32.5));
#8487 = SURFACE_CURVE('',#8488,(#8492,#8498),.PCURVE_S1.);
#8488 = LINE('',#8489,#8490);
#8489 = CARTESIAN_POINT('',(-30.04063890757,-0.75,32.6875));
#8490 = VECTOR('',#8491,1.);
#8491 = DIRECTION('',(-0.624813723408,-2.889443699004E-16,
    -0.780773853968));
#8492 = PCURVE('',#8106,#8493);
#8493 = DEFINITIONAL_REPRESENTATION('',(#8494),#8497);
#8494 = B_SPLINE_CURVE_WITH_KNOTS('',1,(#8495,#8496),.UNSPECIFIED.,.F.,
  .F.,(2,2),(-0.240146361263,0.240146361263),.PIECEWISE_BEZIER_KNOTS.);
#8495 = CARTESIAN_POINT('',(3.116506410422,-0.125));
#8496 = CARTESIAN_POINT('',(3.116755663025,0.25));
#8497 = ( GEOMETRIC_REPRESENTATION_CONTEXT(2) 
PARAMETRIC_REPRESENTATION_CONTEXT() REPRESENTATION_CONTEXT('2D SPACE',''
  ) );
#8498 = PCURVE('',#8499,#8504);
#8499 = PLANE('',#8500);
#8500 = AXIS2_PLACEMENT_3D('',#8501,#8502,#8503);
#8501 = CARTESIAN_POINT('',(-28.2,-0.75,34.));
#8502 = DIRECTION('',(-1.261617073438E-16,-1.,0.));
#8503 = DIRECTION('',(-1.,1.261617073438E-16,0.));
#8504 = DEFINITIONAL_REPRESENTATION('',(#8505),#8509);
#8505 = LINE('',#8506,#8507);
#8506 = CARTESIAN_POINT('',(1.840638907573,1.3125));
#8507 = VECTOR('',#8508,1.);
#8508 = DIRECTION('',(0.624813723408,0.780773853968));
#8509 = ( GEOMETRIC_REPRESENTATION_CONTEXT(2) 
PARAMETRIC_REPRESENTATION_CONTEXT() REPRESENTATION_CONTEXT('2D SPACE',''
  ) );
#8510 = ORIENTED_EDGE('',*,*,#8511,.T.);
#8511 = EDGE_CURVE('',#8485,#8512,#8514,.T.);
#8512 = VERTEX_POINT('',#8513);
#8513 = CARTESIAN_POINT('',(-0.75,-30.19068564971,32.5));
#8514 = SURFACE_CURVE('',#8515,(#8520,#8527),.PCURVE_S1.);
#8515 = CIRCLE('',#8516,30.2);
#8516 = AXIS2_PLACEMENT_3D('',#8517,#8518,#8519);
#8517 = CARTESIAN_POINT('',(0.,0.,32.5));
#8518 = DIRECTION('',(0.,0.,1.));
#8519 = DIRECTION('',(1.,0.,-0.));
#8520 = PCURVE('',#8106,#8521);
#8521 = DEFINITIONAL_REPRESENTATION('',(#8522),#8526);
#8522 = LINE('',#8523,#8524);
#8523 = CARTESIAN_POINT('',(6.28318530718,0.25));
#8524 = VECTOR('',#8525,1.);
#8525 = DIRECTION('',(-1.,0.));
#8526 = ( GEOMETRIC_REPRESENTATION_CONTEXT(2) 
PARAMETRIC_REPRESENTATION_CONTEXT() REPRESENTATION_CONTEXT('2D SPACE',''
  ) );
#8527 = PCURVE('',#7814,#8528);
#8528 = DEFINITIONAL_REPRESENTATION('',(#8529),#8533);
#8529 = LINE('',#8530,#8531);
#8530 = CARTESIAN_POINT('',(-4.440892098501E-16,0.25));
#8531 = VECTOR('',#8532,1.);
#8532 = DIRECTION('',(1.,0.));
#8533 = ( GEOMETRIC_REPRESENTATION_CONTEXT(2) 
PARAMETRIC_REPRESENTATION_CONTEXT() REPRESENTATION_CONTEXT('2D SPACE',''
  ) );
#8534 = ORIENTED_EDGE('',*,*,#8535,.T.);
#8535 = EDGE_CURVE('',#8512,#8536,#8538,.T.);
#8536 = VERTEX_POINT('',#8537);
#8537 = CARTESIAN_POINT('',(-0.75,-29.89059216542,32.875));
#8538 = SURFACE_CURVE('',#8539,(#8543,#8549),.PCURVE_S1.);
#8539 = LINE('',#8540,#8541);
#8540 = CARTESIAN_POINT('',(-0.75,-30.04063890757,32.6875));
#8541 = VECTOR('',#8542,1.);
#8542 = DIRECTION('',(0.,0.624813723408,0.780773853968));
#8543 = PCURVE('',#8106,#8544);
#8544 = DEFINITIONAL_REPRESENTATION('',(#8545),#8548);
#8545 = B_SPLINE_CURVE_WITH_KNOTS('',1,(#8546,#8547),.UNSPECIFIED.,.F.,
  .F.,(2,2),(-0.240146361263,0.240146361263),.PIECEWISE_BEZIER_KNOTS.);
#8546 = CARTESIAN_POINT('',(1.59563331736,0.25));
#8547 = CARTESIAN_POINT('',(1.595882569963,-0.125));
#8548 = ( GEOMETRIC_REPRESENTATION_CONTEXT(2) 
PARAMETRIC_REPRESENTATION_CONTEXT() REPRESENTATION_CONTEXT('2D SPACE',''
  ) );
#8549 = PCURVE('',#8550,#8555);
#8550 = PLANE('',#8551);
#8551 = AXIS2_PLACEMENT_3D('',#8552,#8553,#8554);
#8552 = CARTESIAN_POINT('',(-0.75,-31.5,34.));
#8553 = DIRECTION('',(-1.,1.682156097917E-16,0.));
#8554 = DIRECTION('',(1.682156097917E-16,1.,0.));
#8555 = DEFINITIONAL_REPRESENTATION('',(#8556),#8560);
#8556 = LINE('',#8557,#8558);
#8557 = CARTESIAN_POINT('',(1.459361092427,1.3125));
#8558 = VECTOR('',#8559,1.);
#8559 = DIRECTION('',(0.624813723408,-0.780773853968));
#8560 = ( GEOMETRIC_REPRESENTATION_CONTEXT(2) 
PARAMETRIC_REPRESENTATION_CONTEXT() REPRESENTATION_CONTEXT('2D SPACE',''
  ) );
#8561 = ORIENTED_EDGE('',*,*,#8562,.F.);
#8562 = EDGE_CURVE('',#8084,#8536,#8563,.T.);
#8563 = SURFACE_CURVE('',#8564,(#8569,#8576),.PCURVE_S1.);
#8564 = CIRCLE('',#8565,29.9);
#8565 = AXIS2_PLACEMENT_3D('',#8566,#8567,#8568);
#8566 = CARTESIAN_POINT('',(0.,0.,32.875));
#8567 = DIRECTION('',(0.,0.,1.));
#8568 = DIRECTION('',(1.,0.,-0.));
#8569 = PCURVE('',#8106,#8570);
#8570 = DEFINITIONAL_REPRESENTATION('',(#8571),#8575);
#8571 = LINE('',#8572,#8573);
#8572 = CARTESIAN_POINT('',(6.28318530718,-0.125));
#8573 = VECTOR('',#8574,1.);
#8574 = DIRECTION('',(-1.,0.));
#8575 = ( GEOMETRIC_REPRESENTATION_CONTEXT(2) 
PARAMETRIC_REPRESENTATION_CONTEXT() REPRESENTATION_CONTEXT('2D SPACE',''
  ) );
#8576 = PCURVE('',#8133,#8577);
#8577 = DEFINITIONAL_REPRESENTATION('',(#8578),#8582);
#8578 = LINE('',#8579,#8580);
#8579 = CARTESIAN_POINT('',(6.28318530718,1.125));
#8580 = VECTOR('',#8581,1.);
#8581 = DIRECTION('',(-1.,0.));
#8582 = ( GEOMETRIC_REPRESENTATION_CONTEXT(2) 
PARAMETRIC_REPRESENTATION_CONTEXT() REPRESENTATION_CONTEXT('2D SPACE',''
  ) );
#8583 = ADVANCED_FACE('',(#8584),#8286,.T.);
#8584 = FACE_BOUND('',#8585,.T.);
#8585 = EDGE_LOOP('',(#8586,#8587,#8611,#8632));
#8586 = ORIENTED_EDGE('',*,*,#8272,.T.);
#8587 = ORIENTED_EDGE('',*,*,#8588,.F.);
#8588 = EDGE_CURVE('',#8589,#8250,#8591,.T.);
#8589 = VERTEX_POINT('',#8590);
#8590 = CARTESIAN_POINT('',(-27.42879366322,-11.90257443498,34.));
#8591 = SURFACE_CURVE('',#8592,(#8597,#8604),.PCURVE_S1.);
#8592 = CIRCLE('',#8593,29.9);
#8593 = AXIS2_PLACEMENT_3D('',#8594,#8595,#8596);
#8594 = CARTESIAN_POINT('',(0.,0.,34.));
#8595 = DIRECTION('',(0.,0.,1.));
#8596 = DIRECTION('',(1.,0.,-0.));
#8597 = PCURVE('',#8286,#8598);
#8598 = DEFINITIONAL_REPRESENTATION('',(#8599),#8603);
#8599 = LINE('',#8600,#8601);
#8600 = CARTESIAN_POINT('',(6.28318530718,0.));
#8601 = VECTOR('',#8602,1.);
#8602 = DIRECTION('',(-1.,0.));
#8603 = ( GEOMETRIC_REPRESENTATION_CONTEXT(2) 
PARAMETRIC_REPRESENTATION_CONTEXT() REPRESENTATION_CONTEXT('2D SPACE',''
  ) );
#8604 = PCURVE('',#3330,#8605);
#8605 = DEFINITIONAL_REPRESENTATION('',(#8606),#8610);
#8606 = CIRCLE('',#8607,29.9);
#8607 = AXIS2_PLACEMENT_2D('',#8608,#8609);
#8608 = CARTESIAN_POINT('',(0.,0.));
#8609 = DIRECTION('',(1.,0.));
#8610 = ( GEOMETRIC_REPRESENTATION_CONTEXT(2) 
PARAMETRIC_REPRESENTATION_CONTEXT() REPRESENTATION_CONTEXT('2D SPACE',''
  ) );
#8611 = ORIENTED_EDGE('',*,*,#8612,.T.);
#8612 = EDGE_CURVE('',#8589,#8351,#8613,.T.);
#8613 = SURFACE_CURVE('',#8614,(#8618,#8625),.PCURVE_S1.);
#8614 = LINE('',#8615,#8616);
#8615 = CARTESIAN_POINT('',(-27.42879366322,-11.90257443498,34.));
#8616 = VECTOR('',#8617,1.);
#8617 = DIRECTION('',(0.,0.,-1.));
#8618 = PCURVE('',#8286,#8619);
#8619 = DEFINITIONAL_REPRESENTATION('',(#8620),#8624);
#8620 = LINE('',#8621,#8622);
#8621 = CARTESIAN_POINT('',(2.732170384394,0.));
#8622 = VECTOR('',#8623,1.);
#8623 = DIRECTION('',(0.,1.));
#8624 = ( GEOMETRIC_REPRESENTATION_CONTEXT(2) 
PARAMETRIC_REPRESENTATION_CONTEXT() REPRESENTATION_CONTEXT('2D SPACE',''
  ) );
#8625 = PCURVE('',#8389,#8626);
#8626 = DEFINITIONAL_REPRESENTATION('',(#8627),#8631);
#8627 = LINE('',#8628,#8629);
#8628 = CARTESIAN_POINT('',(0.195819105688,0.));
#8629 = VECTOR('',#8630,1.);
#8630 = DIRECTION('',(-0.,1.));
#8631 = ( GEOMETRIC_REPRESENTATION_CONTEXT(2) 
PARAMETRIC_REPRESENTATION_CONTEXT() REPRESENTATION_CONTEXT('2D SPACE',''
  ) );
#8632 = ORIENTED_EDGE('',*,*,#8350,.T.);
#8633 = ADVANCED_FACE('',(#8634),#7814,.T.);
#8634 = FACE_BOUND('',#8635,.T.);
#8635 = EDGE_LOOP('',(#8636,#8637,#8638,#8639,#8663,#8683,#8684,#8706,
    #8730,#8757,#8784,#8811));
#8636 = ORIENTED_EDGE('',*,*,#7791,.T.);
#8637 = ORIENTED_EDGE('',*,*,#7910,.T.);
#8638 = ORIENTED_EDGE('',*,*,#8035,.T.);
#8639 = ORIENTED_EDGE('',*,*,#8640,.F.);
#8640 = EDGE_CURVE('',#8641,#8036,#8643,.T.);
#8641 = VERTEX_POINT('',#8642);
#8642 = CARTESIAN_POINT('',(-0.75,-29.89059216542,32.125));
#8643 = SURFACE_CURVE('',#8644,(#8649,#8656),.PCURVE_S1.);
#8644 = CIRCLE('',#8645,29.9);
#8645 = AXIS2_PLACEMENT_3D('',#8646,#8647,#8648);
#8646 = CARTESIAN_POINT('',(0.,0.,32.125));
#8647 = DIRECTION('',(0.,0.,-1.));
#8648 = DIRECTION('',(1.,0.,0.));
#8649 = PCURVE('',#7814,#8650);
#8650 = DEFINITIONAL_REPRESENTATION('',(#8651),#8655);
#8651 = LINE('',#8652,#8653);
#8652 = CARTESIAN_POINT('',(6.28318530718,-0.125));
#8653 = VECTOR('',#8654,1.);
#8654 = DIRECTION('',(-1.,0.));
#8655 = ( GEOMETRIC_REPRESENTATION_CONTEXT(2) 
PARAMETRIC_REPRESENTATION_CONTEXT() REPRESENTATION_CONTEXT('2D SPACE',''
  ) );
#8656 = PCURVE('',#7841,#8657);
#8657 = DEFINITIONAL_REPRESENTATION('',(#8658),#8662);
#8658 = LINE('',#8659,#8660);
#8659 = CARTESIAN_POINT('',(0.,1.875));
#8660 = VECTOR('',#8661,1.);
#8661 = DIRECTION('',(1.,0.));
#8662 = ( GEOMETRIC_REPRESENTATION_CONTEXT(2) 
PARAMETRIC_REPRESENTATION_CONTEXT() REPRESENTATION_CONTEXT('2D SPACE',''
  ) );
#8663 = ORIENTED_EDGE('',*,*,#8664,.T.);
#8664 = EDGE_CURVE('',#8641,#8512,#8665,.T.);
#8665 = SURFACE_CURVE('',#8666,(#8670,#8676),.PCURVE_S1.);
#8666 = LINE('',#8667,#8668);
#8667 = CARTESIAN_POINT('',(-0.75,-30.04063890757,32.3125));
#8668 = VECTOR('',#8669,1.);
#8669 = DIRECTION('',(0.,-0.624813723408,0.780773853968));
#8670 = PCURVE('',#7814,#8671);
#8671 = DEFINITIONAL_REPRESENTATION('',(#8672),#8675);
#8672 = B_SPLINE_CURVE_WITH_KNOTS('',1,(#8673,#8674),.UNSPECIFIED.,.F.,
  .F.,(2,2),(-0.240146361263,0.240146361263),.PIECEWISE_BEZIER_KNOTS.);
#8673 = CARTESIAN_POINT('',(4.687302737217,-0.125));
#8674 = CARTESIAN_POINT('',(4.68755198982,0.25));
#8675 = ( GEOMETRIC_REPRESENTATION_CONTEXT(2) 
PARAMETRIC_REPRESENTATION_CONTEXT() REPRESENTATION_CONTEXT('2D SPACE',''
  ) );
#8676 = PCURVE('',#8550,#8677);
#8677 = DEFINITIONAL_REPRESENTATION('',(#8678),#8682);
#8678 = LINE('',#8679,#8680);
#8679 = CARTESIAN_POINT('',(1.459361092427,1.6875));
#8680 = VECTOR('',#8681,1.);
#8681 = DIRECTION('',(-0.624813723408,-0.780773853968));
#8682 = ( GEOMETRIC_REPRESENTATION_CONTEXT(2) 
PARAMETRIC_REPRESENTATION_CONTEXT() REPRESENTATION_CONTEXT('2D SPACE',''
  ) );
#8683 = ORIENTED_EDGE('',*,*,#8511,.F.);
#8684 = ORIENTED_EDGE('',*,*,#8685,.T.);
#8685 = EDGE_CURVE('',#8485,#8686,#8688,.T.);
#8686 = VERTEX_POINT('',#8687);
#8687 = CARTESIAN_POINT('',(-29.89059216542,-0.75,32.125));
#8688 = SURFACE_CURVE('',#8689,(#8693,#8699),.PCURVE_S1.);
#8689 = LINE('',#8690,#8691);
#8690 = CARTESIAN_POINT('',(-30.04063890757,-0.75,32.3125));
#8691 = VECTOR('',#8692,1.);
#8692 = DIRECTION('',(0.624813723408,2.889443699004E-16,-0.780773853968)
  );
#8693 = PCURVE('',#7814,#8694);
#8694 = DEFINITIONAL_REPRESENTATION('',(#8695),#8698);
#8695 = B_SPLINE_CURVE_WITH_KNOTS('',1,(#8696,#8697),.UNSPECIFIED.,.F.,
  .F.,(2,2),(-0.240146361263,0.240146361263),.PIECEWISE_BEZIER_KNOTS.);
#8696 = CARTESIAN_POINT('',(3.166429644155,0.25));
#8697 = CARTESIAN_POINT('',(3.166678896758,-0.125));
#8698 = ( GEOMETRIC_REPRESENTATION_CONTEXT(2) 
PARAMETRIC_REPRESENTATION_CONTEXT() REPRESENTATION_CONTEXT('2D SPACE',''
  ) );
#8699 = PCURVE('',#8499,#8700);
#8700 = DEFINITIONAL_REPRESENTATION('',(#8701),#8705);
#8701 = LINE('',#8702,#8703);
#8702 = CARTESIAN_POINT('',(1.840638907573,1.6875));
#8703 = VECTOR('',#8704,1.);
#8704 = DIRECTION('',(-0.624813723408,0.780773853968));
#8705 = ( GEOMETRIC_REPRESENTATION_CONTEXT(2) 
PARAMETRIC_REPRESENTATION_CONTEXT() REPRESENTATION_CONTEXT('2D SPACE',''
  ) );
#8706 = ORIENTED_EDGE('',*,*,#8707,.F.);
#8707 = EDGE_CURVE('',#8708,#8686,#8710,.T.);
#8708 = VERTEX_POINT('',#8709);
#8709 = CARTESIAN_POINT('',(-27.81147709558,-10.97869490247,32.125));
#8710 = SURFACE_CURVE('',#8711,(#8716,#8723),.PCURVE_S1.);
#8711 = CIRCLE('',#8712,29.9);
#8712 = AXIS2_PLACEMENT_3D('',#8713,#8714,#8715);
#8713 = CARTESIAN_POINT('',(0.,0.,32.125));
#8714 = DIRECTION('',(0.,0.,-1.));
#8715 = DIRECTION('',(1.,0.,0.));
#8716 = PCURVE('',#7814,#8717);
#8717 = DEFINITIONAL_REPRESENTATION('',(#8718),#8722);
#8718 = LINE('',#8719,#8720);
#8719 = CARTESIAN_POINT('',(6.28318530718,-0.125));
#8720 = VECTOR('',#8721,1.);
#8721 = DIRECTION('',(-1.,0.));
#8722 = ( GEOMETRIC_REPRESENTATION_CONTEXT(2) 
PARAMETRIC_REPRESENTATION_CONTEXT() REPRESENTATION_CONTEXT('2D SPACE',''
  ) );
#8723 = PCURVE('',#7841,#8724);
#8724 = DEFINITIONAL_REPRESENTATION('',(#8725),#8729);
#8725 = LINE('',#8726,#8727);
#8726 = CARTESIAN_POINT('',(0.,1.875));
#8727 = VECTOR('',#8728,1.);
#8728 = DIRECTION('',(1.,0.));
#8729 = ( GEOMETRIC_REPRESENTATION_CONTEXT(2) 
PARAMETRIC_REPRESENTATION_CONTEXT() REPRESENTATION_CONTEXT('2D SPACE',''
  ) );
#8730 = ORIENTED_EDGE('',*,*,#8731,.T.);
#8731 = EDGE_CURVE('',#8708,#8732,#8734,.T.);
#8732 = VERTEX_POINT('',#8733);
#8733 = CARTESIAN_POINT('',(-28.00011564477,-11.05683154793,
    32.380190671853));
#8734 = SURFACE_CURVE('',#8735,(#8739,#8745),.PCURVE_S1.);
#8735 = LINE('',#8736,#8737);
#8736 = CARTESIAN_POINT('',(-27.95007821341,-11.03610536524,32.3125));
#8737 = VECTOR('',#8738,1.);
#8738 = DIRECTION('',(-0.577191690646,-0.239080626355,0.780826617343));
#8739 = PCURVE('',#7814,#8740);
#8740 = DEFINITIONAL_REPRESENTATION('',(#8741),#8744);
#8741 = B_SPLINE_CURVE_WITH_KNOTS('',1,(#8742,#8743),.UNSPECIFIED.,.F.,
  .F.,(2,2),(-0.240130133676,8.669109666738E-02),
  .PIECEWISE_BEZIER_KNOTS.);
#8742 = CARTESIAN_POINT('',(3.517568547791,-0.125));
#8743 = CARTESIAN_POINT('',(3.517681967204,0.13019067186));
#8744 = ( GEOMETRIC_REPRESENTATION_CONTEXT(2) 
PARAMETRIC_REPRESENTATION_CONTEXT() REPRESENTATION_CONTEXT('2D SPACE',''
  ) );
#8745 = PCURVE('',#8746,#8751);
#8746 = PLANE('',#8747);
#8747 = AXIS2_PLACEMENT_3D('',#8748,#8749,#8750);
#8748 = CARTESIAN_POINT('',(-28.00011564477,-11.05683154793,34.));
#8749 = DIRECTION('',(-0.382683432365,0.923879532511,0.));
#8750 = DIRECTION('',(0.923879532511,0.382683432365,0.));
#8751 = DEFINITIONAL_REPRESENTATION('',(#8752),#8756);
#8752 = LINE('',#8753,#8754);
#8753 = CARTESIAN_POINT('',(5.416012542003E-02,1.6875));
#8754 = VECTOR('',#8755,1.);
#8755 = DIRECTION('',(-0.624747784029,-0.780826617343));
#8756 = ( GEOMETRIC_REPRESENTATION_CONTEXT(2) 
PARAMETRIC_REPRESENTATION_CONTEXT() REPRESENTATION_CONTEXT('2D SPACE',''
  ) );
#8757 = ORIENTED_EDGE('',*,*,#8758,.T.);
#8758 = EDGE_CURVE('',#8732,#8759,#8761,.T.);
#8759 = VERTEX_POINT('',#8760);
#8760 = CARTESIAN_POINT('',(-27.6174322124,-11.98071108044,
    32.380190671853));
#8761 = SURFACE_CURVE('',#8762,(#8766,#8772),.PCURVE_S1.);
#8762 = ( BOUNDED_CURVE() B_SPLINE_CURVE(2,(#8763,#8764,#8765),
.UNSPECIFIED.,.F.,.F.) B_SPLINE_CURVE_WITH_KNOTS((3,3),(0.195734083462,
0.296022970376),.PIECEWISE_BEZIER_KNOTS.) CURVE() 
GEOMETRIC_REPRESENTATION_ITEM() RATIONAL_B_SPLINE_CURVE((1.001592040723,
1.001730218413,1.001592040723)) REPRESENTATION_ITEM('') );
#8763 = CARTESIAN_POINT('',(-28.00011564477,-11.05683154793,
    32.380190671853));
#8764 = CARTESIAN_POINT('',(-27.80877392859,-11.51877131418,
    32.369810044143));
#8765 = CARTESIAN_POINT('',(-27.6174322124,-11.98071108044,
    32.380190671853));
#8766 = PCURVE('',#7814,#8767);
#8767 = DEFINITIONAL_REPRESENTATION('',(#8768),#8771);
#8768 = B_SPLINE_CURVE_WITH_KNOTS('',1,(#8769,#8770),.UNSPECIFIED.,.F.,
  .F.,(2,2),(0.195734083462,0.296022970376),.PIECEWISE_BEZIER_KNOTS.);
#8769 = CARTESIAN_POINT('',(3.517681967235,0.130190671853));
#8770 = CARTESIAN_POINT('',(3.550901503342,0.130190671853));
#8771 = ( GEOMETRIC_REPRESENTATION_CONTEXT(2) 
PARAMETRIC_REPRESENTATION_CONTEXT() REPRESENTATION_CONTEXT('2D SPACE',''
  ) );
#8772 = PCURVE('',#8773,#8778);
#8773 = PLANE('',#8774);
#8774 = AXIS2_PLACEMENT_3D('',#8775,#8776,#8777);
#8775 = CARTESIAN_POINT('',(-27.6174322124,-11.98071108044,34.));
#8776 = DIRECTION('',(-0.923879532511,-0.382683432365,0.));
#8777 = DIRECTION('',(-0.382683432365,0.923879532511,0.));
#8778 = DEFINITIONAL_REPRESENTATION('',(#8779),#8783);
#8779 = ( BOUNDED_CURVE() B_SPLINE_CURVE(2,(#8780,#8781,#8782),
.UNSPECIFIED.,.F.,.F.) B_SPLINE_CURVE_WITH_KNOTS((3,3),(0.195734083462,
0.296022970376),.PIECEWISE_BEZIER_KNOTS.) CURVE() 
GEOMETRIC_REPRESENTATION_ITEM() RATIONAL_B_SPLINE_CURVE((1.001592040723,
1.001730218413,1.001592040723)) REPRESENTATION_ITEM('') );
#8780 = CARTESIAN_POINT('',(1.,1.619809328147));
#8781 = CARTESIAN_POINT('',(0.5,1.630189955857));
#8782 = CARTESIAN_POINT('',(0.,1.619809328147));
#8783 = ( GEOMETRIC_REPRESENTATION_CONTEXT(2) 
PARAMETRIC_REPRESENTATION_CONTEXT() REPRESENTATION_CONTEXT('2D SPACE',''
  ) );
#8784 = ORIENTED_EDGE('',*,*,#8785,.T.);
#8785 = EDGE_CURVE('',#8759,#8786,#8788,.T.);
#8786 = VERTEX_POINT('',#8787);
#8787 = CARTESIAN_POINT('',(-27.42879366322,-11.90257443498,32.125));
#8788 = SURFACE_CURVE('',#8789,(#8793,#8799),.PCURVE_S1.);
#8789 = LINE('',#8790,#8791);
#8790 = CARTESIAN_POINT('',(-27.56739478105,-11.95998489775,32.3125));
#8791 = VECTOR('',#8792,1.);
#8792 = DIRECTION('',(0.577191690646,0.239080626355,-0.780826617343));
#8793 = PCURVE('',#7814,#8794);
#8794 = DEFINITIONAL_REPRESENTATION('',(#8795),#8798);
#8795 = B_SPLINE_CURVE_WITH_KNOTS('',1,(#8796,#8797),.UNSPECIFIED.,.F.,
  .F.,(2,2),(-8.669109666735E-02,0.240130133676),
  .PIECEWISE_BEZIER_KNOTS.);
#8796 = CARTESIAN_POINT('',(3.550901503373,0.13019067186));
#8797 = CARTESIAN_POINT('',(3.551014922786,-0.125));
#8798 = ( GEOMETRIC_REPRESENTATION_CONTEXT(2) 
PARAMETRIC_REPRESENTATION_CONTEXT() REPRESENTATION_CONTEXT('2D SPACE',''
  ) );
#8799 = PCURVE('',#8800,#8805);
#8800 = PLANE('',#8801);
#8801 = AXIS2_PLACEMENT_3D('',#8802,#8803,#8804);
#8802 = CARTESIAN_POINT('',(-27.2478803994,-11.82763770749,34.));
#8803 = DIRECTION('',(0.382683432365,-0.923879532511,0.));
#8804 = DIRECTION('',(-0.923879532511,-0.382683432365,0.));
#8805 = DEFINITIONAL_REPRESENTATION('',(#8806),#8810);
#8806 = LINE('',#8807,#8808);
#8807 = CARTESIAN_POINT('',(0.34583987458,1.6875));
#8808 = VECTOR('',#8809,1.);
#8809 = DIRECTION('',(-0.624747784029,0.780826617343));
#8810 = ( GEOMETRIC_REPRESENTATION_CONTEXT(2) 
PARAMETRIC_REPRESENTATION_CONTEXT() REPRESENTATION_CONTEXT('2D SPACE',''
  ) );
#8811 = ORIENTED_EDGE('',*,*,#8812,.F.);
#8812 = EDGE_CURVE('',#7792,#8786,#8813,.T.);
#8813 = SURFACE_CURVE('',#8814,(#8819,#8826),.PCURVE_S1.);
#8814 = CIRCLE('',#8815,29.9);
#8815 = AXIS2_PLACEMENT_3D('',#8816,#8817,#8818);
#8816 = CARTESIAN_POINT('',(0.,0.,32.125));
#8817 = DIRECTION('',(0.,0.,-1.));
#8818 = DIRECTION('',(1.,0.,0.));
#8819 = PCURVE('',#7814,#8820);
#8820 = DEFINITIONAL_REPRESENTATION('',(#8821),#8825);
#8821 = LINE('',#8822,#8823);
#8822 = CARTESIAN_POINT('',(6.28318530718,-0.125));
#8823 = VECTOR('',#8824,1.);
#8824 = DIRECTION('',(-1.,2.305835413457E-15));
#8825 = ( GEOMETRIC_REPRESENTATION_CONTEXT(2) 
PARAMETRIC_REPRESENTATION_CONTEXT() REPRESENTATION_CONTEXT('2D SPACE',''
  ) );
#8826 = PCURVE('',#7841,#8827);
#8827 = DEFINITIONAL_REPRESENTATION('',(#8828),#8832);
#8828 = LINE('',#8829,#8830);
#8829 = CARTESIAN_POINT('',(0.,1.875));
#8830 = VECTOR('',#8831,1.);
#8831 = DIRECTION('',(1.,0.));
#8832 = ( GEOMETRIC_REPRESENTATION_CONTEXT(2) 
PARAMETRIC_REPRESENTATION_CONTEXT() REPRESENTATION_CONTEXT('2D SPACE',''
  ) );
#8833 = ADVANCED_FACE('',(#8834),#8848,.T.);
#8834 = FACE_BOUND('',#8835,.T.);
#8835 = EDGE_LOOP('',(#8836,#8870,#8898,#8926));
#8836 = ORIENTED_EDGE('',*,*,#8837,.F.);
#8837 = EDGE_CURVE('',#8838,#8840,#8842,.T.);
#8838 = VERTEX_POINT('',#8839);
#8839 = CARTESIAN_POINT('',(27.811477095587,10.978694902475,32.125));
#8840 = VERTEX_POINT('',#8841);
#8841 = CARTESIAN_POINT('',(28.000115644772,11.056831547934,
    32.380190671853));
#8842 = SURFACE_CURVE('',#8843,(#8847,#8859),.PCURVE_S1.);
#8843 = LINE('',#8844,#8845);
#8844 = CARTESIAN_POINT('',(27.950078213419,11.036105365241,32.3125));
#8845 = VECTOR('',#8846,1.);
#8846 = DIRECTION('',(0.577191690646,0.239080626355,0.780826617343));
#8847 = PCURVE('',#8848,#8853);
#8848 = PLANE('',#8849);
#8849 = AXIS2_PLACEMENT_3D('',#8850,#8851,#8852);
#8850 = CARTESIAN_POINT('',(28.000115644772,11.056831547934,34.));
#8851 = DIRECTION('',(0.382683432365,-0.923879532511,0.));
#8852 = DIRECTION('',(-0.923879532511,-0.382683432365,0.));
#8853 = DEFINITIONAL_REPRESENTATION('',(#8854),#8858);
#8854 = LINE('',#8855,#8856);
#8855 = CARTESIAN_POINT('',(5.416012542003E-02,1.6875));
#8856 = VECTOR('',#8857,1.);
#8857 = DIRECTION('',(-0.624747784029,-0.780826617343));
#8858 = ( GEOMETRIC_REPRESENTATION_CONTEXT(2) 
PARAMETRIC_REPRESENTATION_CONTEXT() REPRESENTATION_CONTEXT('2D SPACE',''
  ) );
#8859 = PCURVE('',#8860,#8865);
#8860 = CONICAL_SURFACE('',#8861,30.,0.674740942224);
#8861 = AXIS2_PLACEMENT_3D('',#8862,#8863,#8864);
#8862 = CARTESIAN_POINT('',(0.,0.,32.25));
#8863 = DIRECTION('',(0.,0.,1.));
#8864 = DIRECTION('',(1.,0.,-0.));
#8865 = DEFINITIONAL_REPRESENTATION('',(#8866),#8869);
#8866 = B_SPLINE_CURVE_WITH_KNOTS('',1,(#8867,#8868),.UNSPECIFIED.,.F.,
  .F.,(2,2),(-0.240130133676,8.669109666738E-02),
  .PIECEWISE_BEZIER_KNOTS.);
#8867 = CARTESIAN_POINT('',(0.375975894201,-0.125));
#8868 = CARTESIAN_POINT('',(0.376089313615,0.13019067186));
#8869 = ( GEOMETRIC_REPRESENTATION_CONTEXT(2) 
PARAMETRIC_REPRESENTATION_CONTEXT() REPRESENTATION_CONTEXT('2D SPACE',''
  ) );
#8870 = ORIENTED_EDGE('',*,*,#8871,.F.);
#8871 = EDGE_CURVE('',#8872,#8838,#8874,.T.);
#8872 = VERTEX_POINT('',#8873);
#8873 = CARTESIAN_POINT('',(27.811477095587,10.978694902475,29.8));
#8874 = SURFACE_CURVE('',#8875,(#8879,#8886),.PCURVE_S1.);
#8875 = LINE('',#8876,#8877);
#8876 = CARTESIAN_POINT('',(27.811477095587,10.978694902475,34.));
#8877 = VECTOR('',#8878,1.);
#8878 = DIRECTION('',(0.,0.,1.));
#8879 = PCURVE('',#8848,#8880);
#8880 = DEFINITIONAL_REPRESENTATION('',(#8881),#8885);
#8881 = LINE('',#8882,#8883);
#8882 = CARTESIAN_POINT('',(0.204180894312,0.));
#8883 = VECTOR('',#8884,1.);
#8884 = DIRECTION('',(0.,-1.));
#8885 = ( GEOMETRIC_REPRESENTATION_CONTEXT(2) 
PARAMETRIC_REPRESENTATION_CONTEXT() REPRESENTATION_CONTEXT('2D SPACE',''
  ) );
#8886 = PCURVE('',#8887,#8892);
#8887 = CYLINDRICAL_SURFACE('',#8888,29.9);
#8888 = AXIS2_PLACEMENT_3D('',#8889,#8890,#8891);
#8889 = CARTESIAN_POINT('',(0.,0.,34.));
#8890 = DIRECTION('',(0.,0.,-1.));
#8891 = DIRECTION('',(1.,0.,0.));
#8892 = DEFINITIONAL_REPRESENTATION('',(#8893),#8897);
#8893 = LINE('',#8894,#8895);
#8894 = CARTESIAN_POINT('',(5.907209412978,0.));
#8895 = VECTOR('',#8896,1.);
#8896 = DIRECTION('',(0.,-1.));
#8897 = ( GEOMETRIC_REPRESENTATION_CONTEXT(2) 
PARAMETRIC_REPRESENTATION_CONTEXT() REPRESENTATION_CONTEXT('2D SPACE',''
  ) );
#8898 = ORIENTED_EDGE('',*,*,#8899,.F.);
#8899 = EDGE_CURVE('',#8900,#8872,#8902,.T.);
#8900 = VERTEX_POINT('',#8901);
#8901 = CARTESIAN_POINT('',(28.000115644772,11.056831547934,29.8));
#8902 = SURFACE_CURVE('',#8903,(#8907,#8914),.PCURVE_S1.);
#8903 = LINE('',#8904,#8905);
#8904 = CARTESIAN_POINT('',(27.630563831768,10.903758174987,29.8));
#8905 = VECTOR('',#8906,1.);
#8906 = DIRECTION('',(-0.923879532511,-0.382683432365,0.));
#8907 = PCURVE('',#8848,#8908);
#8908 = DEFINITIONAL_REPRESENTATION('',(#8909),#8913);
#8909 = LINE('',#8910,#8911);
#8910 = CARTESIAN_POINT('',(0.4,4.2));
#8911 = VECTOR('',#8912,1.);
#8912 = DIRECTION('',(1.,0.));
#8913 = ( GEOMETRIC_REPRESENTATION_CONTEXT(2) 
PARAMETRIC_REPRESENTATION_CONTEXT() REPRESENTATION_CONTEXT('2D SPACE',''
  ) );
#8914 = PCURVE('',#8915,#8920);
#8915 = PLANE('',#8916);
#8916 = AXIS2_PLACEMENT_3D('',#8917,#8918,#8919);
#8917 = CARTESIAN_POINT('',(27.623998022087,11.442234627716,29.8));
#8918 = DIRECTION('',(0.,0.,-1.));
#8919 = DIRECTION('',(-1.,0.,0.));
#8920 = DEFINITIONAL_REPRESENTATION('',(#8921),#8925);
#8921 = LINE('',#8922,#8923);
#8922 = CARTESIAN_POINT('',(-6.565809680303E-03,-0.538476452729));
#8923 = VECTOR('',#8924,1.);
#8924 = DIRECTION('',(0.923879532511,-0.382683432365));
#8925 = ( GEOMETRIC_REPRESENTATION_CONTEXT(2) 
PARAMETRIC_REPRESENTATION_CONTEXT() REPRESENTATION_CONTEXT('2D SPACE',''
  ) );
#8926 = ORIENTED_EDGE('',*,*,#8927,.F.);
#8927 = EDGE_CURVE('',#8840,#8900,#8928,.T.);
#8928 = SURFACE_CURVE('',#8929,(#8933,#8940),.PCURVE_S1.);
#8929 = LINE('',#8930,#8931);
#8930 = CARTESIAN_POINT('',(28.000115644772,11.056831547934,34.));
#8931 = VECTOR('',#8932,1.);
#8932 = DIRECTION('',(0.,0.,-1.));
#8933 = PCURVE('',#8848,#8934);
#8934 = DEFINITIONAL_REPRESENTATION('',(#8935),#8939);
#8935 = LINE('',#8936,#8937);
#8936 = CARTESIAN_POINT('',(0.,0.));
#8937 = VECTOR('',#8938,1.);
#8938 = DIRECTION('',(-0.,1.));
#8939 = ( GEOMETRIC_REPRESENTATION_CONTEXT(2) 
PARAMETRIC_REPRESENTATION_CONTEXT() REPRESENTATION_CONTEXT('2D SPACE',''
  ) );
#8940 = PCURVE('',#8941,#8946);
#8941 = PLANE('',#8942);
#8942 = AXIS2_PLACEMENT_3D('',#8943,#8944,#8945);
#8943 = CARTESIAN_POINT('',(27.617432212407,11.980711080445,34.));
#8944 = DIRECTION('',(0.923879532511,0.382683432365,0.));
#8945 = DIRECTION('',(0.382683432365,-0.923879532511,0.));
#8946 = DEFINITIONAL_REPRESENTATION('',(#8947),#8951);
#8947 = LINE('',#8948,#8949);
#8948 = CARTESIAN_POINT('',(1.,0.));
#8949 = VECTOR('',#8950,1.);
#8950 = DIRECTION('',(0.,1.));
#8951 = ( GEOMETRIC_REPRESENTATION_CONTEXT(2) 
PARAMETRIC_REPRESENTATION_CONTEXT() REPRESENTATION_CONTEXT('2D SPACE',''
  ) );
#8952 = ADVANCED_FACE('',(#8953),#8967,.T.);
#8953 = FACE_BOUND('',#8954,.T.);
#8954 = EDGE_LOOP('',(#8955,#8990,#9017,#9045));
#8955 = ORIENTED_EDGE('',*,*,#8956,.F.);
#8956 = EDGE_CURVE('',#8957,#8959,#8961,.T.);
#8957 = VERTEX_POINT('',#8958);
#8958 = CARTESIAN_POINT('',(27.811477095587,10.978694902475,32.875));
#8959 = VERTEX_POINT('',#8960);
#8960 = CARTESIAN_POINT('',(27.811477095587,10.978694902475,34.));
#8961 = SURFACE_CURVE('',#8962,(#8966,#8978),.PCURVE_S1.);
#8962 = LINE('',#8963,#8964);
#8963 = CARTESIAN_POINT('',(27.811477095587,10.978694902475,34.));
#8964 = VECTOR('',#8965,1.);
#8965 = DIRECTION('',(0.,0.,1.));
#8966 = PCURVE('',#8967,#8972);
#8967 = PLANE('',#8968);
#8968 = AXIS2_PLACEMENT_3D('',#8969,#8970,#8971);
#8969 = CARTESIAN_POINT('',(28.000115644772,11.056831547934,34.));
#8970 = DIRECTION('',(0.382683432365,-0.923879532511,0.));
#8971 = DIRECTION('',(-0.923879532511,-0.382683432365,0.));
#8972 = DEFINITIONAL_REPRESENTATION('',(#8973),#8977);
#8973 = LINE('',#8974,#8975);
#8974 = CARTESIAN_POINT('',(0.204180894312,0.));
#8975 = VECTOR('',#8976,1.);
#8976 = DIRECTION('',(0.,-1.));
#8977 = ( GEOMETRIC_REPRESENTATION_CONTEXT(2) 
PARAMETRIC_REPRESENTATION_CONTEXT() REPRESENTATION_CONTEXT('2D SPACE',''
  ) );
#8978 = PCURVE('',#8979,#8984);
#8979 = CYLINDRICAL_SURFACE('',#8980,29.9);
#8980 = AXIS2_PLACEMENT_3D('',#8981,#8982,#8983);
#8981 = CARTESIAN_POINT('',(0.,0.,34.));
#8982 = DIRECTION('',(0.,0.,-1.));
#8983 = DIRECTION('',(1.,0.,0.));
#8984 = DEFINITIONAL_REPRESENTATION('',(#8985),#8989);
#8985 = LINE('',#8986,#8987);
#8986 = CARTESIAN_POINT('',(5.907209412978,0.));
#8987 = VECTOR('',#8988,1.);
#8988 = DIRECTION('',(0.,-1.));
#8989 = ( GEOMETRIC_REPRESENTATION_CONTEXT(2) 
PARAMETRIC_REPRESENTATION_CONTEXT() REPRESENTATION_CONTEXT('2D SPACE',''
  ) );
#8990 = ORIENTED_EDGE('',*,*,#8991,.F.);
#8991 = EDGE_CURVE('',#8992,#8957,#8994,.T.);
#8992 = VERTEX_POINT('',#8993);
#8993 = CARTESIAN_POINT('',(28.000115644772,11.056831547934,
    32.619809328147));
#8994 = SURFACE_CURVE('',#8995,(#8999,#9006),.PCURVE_S1.);
#8995 = LINE('',#8996,#8997);
#8996 = CARTESIAN_POINT('',(27.950078213419,11.036105365241,32.6875));
#8997 = VECTOR('',#8998,1.);
#8998 = DIRECTION('',(-0.577191690646,-0.239080626355,0.780826617343));
#8999 = PCURVE('',#8967,#9000);
#9000 = DEFINITIONAL_REPRESENTATION('',(#9001),#9005);
#9001 = LINE('',#9002,#9003);
#9002 = CARTESIAN_POINT('',(5.416012542003E-02,1.3125));
#9003 = VECTOR('',#9004,1.);
#9004 = DIRECTION('',(0.624747784029,-0.780826617343));
#9005 = ( GEOMETRIC_REPRESENTATION_CONTEXT(2) 
PARAMETRIC_REPRESENTATION_CONTEXT() REPRESENTATION_CONTEXT('2D SPACE',''
  ) );
#9006 = PCURVE('',#9007,#9012);
#9007 = CONICAL_SURFACE('',#9008,30.,0.674740942224);
#9008 = AXIS2_PLACEMENT_3D('',#9009,#9010,#9011);
#9009 = CARTESIAN_POINT('',(0.,0.,32.75));
#9010 = DIRECTION('',(0.,0.,-1.));
#9011 = DIRECTION('',(1.,0.,0.));
#9012 = DEFINITIONAL_REPRESENTATION('',(#9013),#9016);
#9013 = B_SPLINE_CURVE_WITH_KNOTS('',1,(#9014,#9015),.UNSPECIFIED.,.F.,
  .F.,(2,2),(-8.669109666738E-02,0.240130133676),
  .PIECEWISE_BEZIER_KNOTS.);
#9014 = CARTESIAN_POINT('',(5.907095993565,0.13019067186));
#9015 = CARTESIAN_POINT('',(5.907209412978,-0.125));
#9016 = ( GEOMETRIC_REPRESENTATION_CONTEXT(2) 
PARAMETRIC_REPRESENTATION_CONTEXT() REPRESENTATION_CONTEXT('2D SPACE',''
  ) );
#9017 = ORIENTED_EDGE('',*,*,#9018,.F.);
#9018 = EDGE_CURVE('',#9019,#8992,#9021,.T.);
#9019 = VERTEX_POINT('',#9020);
#9020 = CARTESIAN_POINT('',(28.000115644772,11.056831547934,34.));
#9021 = SURFACE_CURVE('',#9022,(#9026,#9033),.PCURVE_S1.);
#9022 = LINE('',#9023,#9024);
#9023 = CARTESIAN_POINT('',(28.000115644772,11.056831547934,34.));
#9024 = VECTOR('',#9025,1.);
#9025 = DIRECTION('',(0.,0.,-1.));
#9026 = PCURVE('',#8967,#9027);
#9027 = DEFINITIONAL_REPRESENTATION('',(#9028),#9032);
#9028 = LINE('',#9029,#9030);
#9029 = CARTESIAN_POINT('',(0.,0.));
#9030 = VECTOR('',#9031,1.);
#9031 = DIRECTION('',(-0.,1.));
#9032 = ( GEOMETRIC_REPRESENTATION_CONTEXT(2) 
PARAMETRIC_REPRESENTATION_CONTEXT() REPRESENTATION_CONTEXT('2D SPACE',''
  ) );
#9033 = PCURVE('',#9034,#9039);
#9034 = PLANE('',#9035);
#9035 = AXIS2_PLACEMENT_3D('',#9036,#9037,#9038);
#9036 = CARTESIAN_POINT('',(27.617432212407,11.980711080445,34.));
#9037 = DIRECTION('',(0.923879532511,0.382683432365,0.));
#9038 = DIRECTION('',(0.382683432365,-0.923879532511,0.));
#9039 = DEFINITIONAL_REPRESENTATION('',(#9040),#9044);
#9040 = LINE('',#9041,#9042);
#9041 = CARTESIAN_POINT('',(1.,0.));
#9042 = VECTOR('',#9043,1.);
#9043 = DIRECTION('',(0.,1.));
#9044 = ( GEOMETRIC_REPRESENTATION_CONTEXT(2) 
PARAMETRIC_REPRESENTATION_CONTEXT() REPRESENTATION_CONTEXT('2D SPACE',''
  ) );
#9045 = ORIENTED_EDGE('',*,*,#9046,.F.);
#9046 = EDGE_CURVE('',#8959,#9019,#9047,.T.);
#9047 = SURFACE_CURVE('',#9048,(#9052,#9059),.PCURVE_S1.);
#9048 = LINE('',#9049,#9050);
#9049 = CARTESIAN_POINT('',(14.095728680477,5.297445890839,34.));
#9050 = VECTOR('',#9051,1.);
#9051 = DIRECTION('',(0.923879532511,0.382683432365,0.));
#9052 = PCURVE('',#8967,#9053);
#9053 = DEFINITIONAL_REPRESENTATION('',(#9054),#9058);
#9054 = LINE('',#9055,#9056);
#9055 = CARTESIAN_POINT('',(15.05,0.));
#9056 = VECTOR('',#9057,1.);
#9057 = DIRECTION('',(-1.,0.));
#9058 = ( GEOMETRIC_REPRESENTATION_CONTEXT(2) 
PARAMETRIC_REPRESENTATION_CONTEXT() REPRESENTATION_CONTEXT('2D SPACE',''
  ) );
#9059 = PCURVE('',#3330,#9060);
#9060 = DEFINITIONAL_REPRESENTATION('',(#9061),#9065);
#9061 = LINE('',#9062,#9063);
#9062 = CARTESIAN_POINT('',(14.095728680477,5.297445890839));
#9063 = VECTOR('',#9064,1.);
#9064 = DIRECTION('',(0.923879532511,0.382683432365));
#9065 = ( GEOMETRIC_REPRESENTATION_CONTEXT(2) 
PARAMETRIC_REPRESENTATION_CONTEXT() REPRESENTATION_CONTEXT('2D SPACE',''
  ) );
#9066 = ADVANCED_FACE('',(#9067),#8941,.T.);
#9067 = FACE_BOUND('',#9068,.T.);
#9068 = EDGE_LOOP('',(#9069,#9091,#9092,#9115));
#9069 = ORIENTED_EDGE('',*,*,#9070,.F.);
#9070 = EDGE_CURVE('',#8840,#9071,#9073,.T.);
#9071 = VERTEX_POINT('',#9072);
#9072 = CARTESIAN_POINT('',(27.617432212407,11.980711080445,
    32.380190671853));
#9073 = SURFACE_CURVE('',#9074,(#9078,#9085),.PCURVE_S1.);
#9074 = ( BOUNDED_CURVE() B_SPLINE_CURVE(2,(#9075,#9076,#9077),
.UNSPECIFIED.,.F.,.F.) B_SPLINE_CURVE_WITH_KNOTS((3,3),(0.195734083462,
0.296022970376),.PIECEWISE_BEZIER_KNOTS.) CURVE() 
GEOMETRIC_REPRESENTATION_ITEM() RATIONAL_B_SPLINE_CURVE((1.001592040723,
1.001730218413,1.001592040723)) REPRESENTATION_ITEM('') );
#9075 = CARTESIAN_POINT('',(28.000115644772,11.056831547934,
    32.380190671853));
#9076 = CARTESIAN_POINT('',(27.80877392859,11.518771314189,
    32.369810044143));
#9077 = CARTESIAN_POINT('',(27.617432212407,11.980711080445,
    32.380190671853));
#9078 = PCURVE('',#8941,#9079);
#9079 = DEFINITIONAL_REPRESENTATION('',(#9080),#9084);
#9080 = ( BOUNDED_CURVE() B_SPLINE_CURVE(2,(#9081,#9082,#9083),
.UNSPECIFIED.,.F.,.F.) B_SPLINE_CURVE_WITH_KNOTS((3,3),(0.195734083462,
0.296022970376),.PIECEWISE_BEZIER_KNOTS.) CURVE() 
GEOMETRIC_REPRESENTATION_ITEM() RATIONAL_B_SPLINE_CURVE((1.001592040723,
1.001730218413,1.001592040723)) REPRESENTATION_ITEM('') );
#9081 = CARTESIAN_POINT('',(1.,1.619809328147));
#9082 = CARTESIAN_POINT('',(0.5,1.630189955857));
#9083 = CARTESIAN_POINT('',(0.,1.619809328147));
#9084 = ( GEOMETRIC_REPRESENTATION_CONTEXT(2) 
PARAMETRIC_REPRESENTATION_CONTEXT() REPRESENTATION_CONTEXT('2D SPACE',''
  ) );
#9085 = PCURVE('',#8860,#9086);
#9086 = DEFINITIONAL_REPRESENTATION('',(#9087),#9090);
#9087 = B_SPLINE_CURVE_WITH_KNOTS('',1,(#9088,#9089),.UNSPECIFIED.,.F.,
  .F.,(2,2),(0.195734083462,0.296022970376),.PIECEWISE_BEZIER_KNOTS.);
#9088 = CARTESIAN_POINT('',(0.376089313645,0.130190671853));
#9089 = CARTESIAN_POINT('',(0.409308849753,0.130190671853));
#9090 = ( GEOMETRIC_REPRESENTATION_CONTEXT(2) 
PARAMETRIC_REPRESENTATION_CONTEXT() REPRESENTATION_CONTEXT('2D SPACE',''
  ) );
#9091 = ORIENTED_EDGE('',*,*,#8927,.T.);
#9092 = ORIENTED_EDGE('',*,*,#9093,.F.);
#9093 = EDGE_CURVE('',#9094,#8900,#9096,.T.);
#9094 = VERTEX_POINT('',#9095);
#9095 = CARTESIAN_POINT('',(27.617432212407,11.980711080445,29.8));
#9096 = SURFACE_CURVE('',#9097,(#9101,#9108),.PCURVE_S1.);
#9097 = LINE('',#9098,#9099);
#9098 = CARTESIAN_POINT('',(28.000115644772,11.056831547934,29.8));
#9099 = VECTOR('',#9100,1.);
#9100 = DIRECTION('',(0.382683432365,-0.923879532511,0.));
#9101 = PCURVE('',#8941,#9102);
#9102 = DEFINITIONAL_REPRESENTATION('',(#9103),#9107);
#9103 = LINE('',#9104,#9105);
#9104 = CARTESIAN_POINT('',(1.,4.2));
#9105 = VECTOR('',#9106,1.);
#9106 = DIRECTION('',(1.,0.));
#9107 = ( GEOMETRIC_REPRESENTATION_CONTEXT(2) 
PARAMETRIC_REPRESENTATION_CONTEXT() REPRESENTATION_CONTEXT('2D SPACE',''
  ) );
#9108 = PCURVE('',#8915,#9109);
#9109 = DEFINITIONAL_REPRESENTATION('',(#9110),#9114);
#9110 = LINE('',#9111,#9112);
#9111 = CARTESIAN_POINT('',(-0.376117622685,-0.385403079783));
#9112 = VECTOR('',#9113,1.);
#9113 = DIRECTION('',(-0.382683432365,-0.923879532511));
#9114 = ( GEOMETRIC_REPRESENTATION_CONTEXT(2) 
PARAMETRIC_REPRESENTATION_CONTEXT() REPRESENTATION_CONTEXT('2D SPACE',''
  ) );
#9115 = ORIENTED_EDGE('',*,*,#9116,.F.);
#9116 = EDGE_CURVE('',#9071,#9094,#9117,.T.);
#9117 = SURFACE_CURVE('',#9118,(#9122,#9129),.PCURVE_S1.);
#9118 = LINE('',#9119,#9120);
#9119 = CARTESIAN_POINT('',(27.617432212407,11.980711080445,34.));
#9120 = VECTOR('',#9121,1.);
#9121 = DIRECTION('',(0.,0.,-1.));
#9122 = PCURVE('',#8941,#9123);
#9123 = DEFINITIONAL_REPRESENTATION('',(#9124),#9128);
#9124 = LINE('',#9125,#9126);
#9125 = CARTESIAN_POINT('',(0.,0.));
#9126 = VECTOR('',#9127,1.);
#9127 = DIRECTION('',(0.,1.));
#9128 = ( GEOMETRIC_REPRESENTATION_CONTEXT(2) 
PARAMETRIC_REPRESENTATION_CONTEXT() REPRESENTATION_CONTEXT('2D SPACE',''
  ) );
#9129 = PCURVE('',#9130,#9135);
#9130 = PLANE('',#9131);
#9131 = AXIS2_PLACEMENT_3D('',#9132,#9133,#9134);
#9132 = CARTESIAN_POINT('',(27.247880399403,11.827637707499,34.));
#9133 = DIRECTION('',(-0.382683432365,0.923879532511,0.));
#9134 = DIRECTION('',(0.923879532511,0.382683432365,0.));
#9135 = DEFINITIONAL_REPRESENTATION('',(#9136),#9140);
#9136 = LINE('',#9137,#9138);
#9137 = CARTESIAN_POINT('',(0.4,0.));
#9138 = VECTOR('',#9139,1.);
#9139 = DIRECTION('',(0.,1.));
#9140 = ( GEOMETRIC_REPRESENTATION_CONTEXT(2) 
PARAMETRIC_REPRESENTATION_CONTEXT() REPRESENTATION_CONTEXT('2D SPACE',''
  ) );
#9141 = ADVANCED_FACE('',(#9142),#8915,.T.);
#9142 = FACE_BOUND('',#9143,.T.);
#9143 = EDGE_LOOP('',(#9144,#9168,#9189,#9190));
#9144 = ORIENTED_EDGE('',*,*,#9145,.F.);
#9145 = EDGE_CURVE('',#9146,#8872,#9148,.T.);
#9146 = VERTEX_POINT('',#9147);
#9147 = CARTESIAN_POINT('',(27.428793663222,11.902574434986,29.8));
#9148 = SURFACE_CURVE('',#9149,(#9154,#9161),.PCURVE_S1.);
#9149 = CIRCLE('',#9150,29.9);
#9150 = AXIS2_PLACEMENT_3D('',#9151,#9152,#9153);
#9151 = CARTESIAN_POINT('',(0.,0.,29.8));
#9152 = DIRECTION('',(0.,0.,-1.));
#9153 = DIRECTION('',(1.,0.,0.));
#9154 = PCURVE('',#8915,#9155);
#9155 = DEFINITIONAL_REPRESENTATION('',(#9156),#9160);
#9156 = CIRCLE('',#9157,29.9);
#9157 = AXIS2_PLACEMENT_2D('',#9158,#9159);
#9158 = CARTESIAN_POINT('',(27.623998022087,-11.44223462771));
#9159 = DIRECTION('',(-1.,0.));
#9160 = ( GEOMETRIC_REPRESENTATION_CONTEXT(2) 
PARAMETRIC_REPRESENTATION_CONTEXT() REPRESENTATION_CONTEXT('2D SPACE',''
  ) );
#9161 = PCURVE('',#8887,#9162);
#9162 = DEFINITIONAL_REPRESENTATION('',(#9163),#9167);
#9163 = LINE('',#9164,#9165);
#9164 = CARTESIAN_POINT('',(0.,4.2));
#9165 = VECTOR('',#9166,1.);
#9166 = DIRECTION('',(1.,0.));
#9167 = ( GEOMETRIC_REPRESENTATION_CONTEXT(2) 
PARAMETRIC_REPRESENTATION_CONTEXT() REPRESENTATION_CONTEXT('2D SPACE',''
  ) );
#9168 = ORIENTED_EDGE('',*,*,#9169,.T.);
#9169 = EDGE_CURVE('',#9146,#9094,#9170,.T.);
#9170 = SURFACE_CURVE('',#9171,(#9175,#9182),.PCURVE_S1.);
#9171 = LINE('',#9172,#9173);
#9172 = CARTESIAN_POINT('',(27.617432212407,11.980711080445,29.8));
#9173 = VECTOR('',#9174,1.);
#9174 = DIRECTION('',(0.923879532511,0.382683432365,0.));
#9175 = PCURVE('',#8915,#9176);
#9176 = DEFINITIONAL_REPRESENTATION('',(#9177),#9181);
#9177 = LINE('',#9178,#9179);
#9178 = CARTESIAN_POINT('',(6.5658096803E-03,0.538476452729));
#9179 = VECTOR('',#9180,1.);
#9180 = DIRECTION('',(-0.923879532511,0.382683432365));
#9181 = ( GEOMETRIC_REPRESENTATION_CONTEXT(2) 
PARAMETRIC_REPRESENTATION_CONTEXT() REPRESENTATION_CONTEXT('2D SPACE',''
  ) );
#9182 = PCURVE('',#9130,#9183);
#9183 = DEFINITIONAL_REPRESENTATION('',(#9184),#9188);
#9184 = LINE('',#9185,#9186);
#9185 = CARTESIAN_POINT('',(0.4,4.2));
#9186 = VECTOR('',#9187,1.);
#9187 = DIRECTION('',(1.,0.));
#9188 = ( GEOMETRIC_REPRESENTATION_CONTEXT(2) 
PARAMETRIC_REPRESENTATION_CONTEXT() REPRESENTATION_CONTEXT('2D SPACE',''
  ) );
#9189 = ORIENTED_EDGE('',*,*,#9093,.T.);
#9190 = ORIENTED_EDGE('',*,*,#8899,.T.);
#9191 = ADVANCED_FACE('',(#9192),#9130,.T.);
#9192 = FACE_BOUND('',#9193,.T.);
#9193 = EDGE_LOOP('',(#9194,#9216,#9217,#9218));
#9194 = ORIENTED_EDGE('',*,*,#9195,.F.);
#9195 = EDGE_CURVE('',#9071,#9196,#9198,.T.);
#9196 = VERTEX_POINT('',#9197);
#9197 = CARTESIAN_POINT('',(27.428793663222,11.902574434986,32.125));
#9198 = SURFACE_CURVE('',#9199,(#9203,#9210),.PCURVE_S1.);
#9199 = LINE('',#9200,#9201);
#9200 = CARTESIAN_POINT('',(27.567394781053,11.959984897752,32.3125));
#9201 = VECTOR('',#9202,1.);
#9202 = DIRECTION('',(-0.577191690646,-0.239080626355,-0.780826617343));
#9203 = PCURVE('',#9130,#9204);
#9204 = DEFINITIONAL_REPRESENTATION('',(#9205),#9209);
#9205 = LINE('',#9206,#9207);
#9206 = CARTESIAN_POINT('',(0.34583987458,1.6875));
#9207 = VECTOR('',#9208,1.);
#9208 = DIRECTION('',(-0.624747784029,0.780826617343));
#9209 = ( GEOMETRIC_REPRESENTATION_CONTEXT(2) 
PARAMETRIC_REPRESENTATION_CONTEXT() REPRESENTATION_CONTEXT('2D SPACE',''
  ) );
#9210 = PCURVE('',#8860,#9211);
#9211 = DEFINITIONAL_REPRESENTATION('',(#9212),#9215);
#9212 = B_SPLINE_CURVE_WITH_KNOTS('',1,(#9213,#9214),.UNSPECIFIED.,.F.,
  .F.,(2,2),(-8.669109666735E-02,0.240130133676),
  .PIECEWISE_BEZIER_KNOTS.);
#9213 = CARTESIAN_POINT('',(0.409308849783,0.13019067186));
#9214 = CARTESIAN_POINT('',(0.409422269196,-0.125));
#9215 = ( GEOMETRIC_REPRESENTATION_CONTEXT(2) 
PARAMETRIC_REPRESENTATION_CONTEXT() REPRESENTATION_CONTEXT('2D SPACE',''
  ) );
#9216 = ORIENTED_EDGE('',*,*,#9116,.T.);
#9217 = ORIENTED_EDGE('',*,*,#9169,.F.);
#9218 = ORIENTED_EDGE('',*,*,#9219,.F.);
#9219 = EDGE_CURVE('',#9196,#9146,#9220,.T.);
#9220 = SURFACE_CURVE('',#9221,(#9225,#9232),.PCURVE_S1.);
#9221 = LINE('',#9222,#9223);
#9222 = CARTESIAN_POINT('',(27.428793663222,11.902574434986,34.));
#9223 = VECTOR('',#9224,1.);
#9224 = DIRECTION('',(0.,0.,-1.));
#9225 = PCURVE('',#9130,#9226);
#9226 = DEFINITIONAL_REPRESENTATION('',(#9227),#9231);
#9227 = LINE('',#9228,#9229);
#9228 = CARTESIAN_POINT('',(0.195819105688,0.));
#9229 = VECTOR('',#9230,1.);
#9230 = DIRECTION('',(0.,1.));
#9231 = ( GEOMETRIC_REPRESENTATION_CONTEXT(2) 
PARAMETRIC_REPRESENTATION_CONTEXT() REPRESENTATION_CONTEXT('2D SPACE',''
  ) );
#9232 = PCURVE('',#8887,#9233);
#9233 = DEFINITIONAL_REPRESENTATION('',(#9234),#9238);
#9234 = LINE('',#9235,#9236);
#9235 = CARTESIAN_POINT('',(5.873763037983,0.));
#9236 = VECTOR('',#9237,1.);
#9237 = DIRECTION('',(0.,1.));
#9238 = ( GEOMETRIC_REPRESENTATION_CONTEXT(2) 
PARAMETRIC_REPRESENTATION_CONTEXT() REPRESENTATION_CONTEXT('2D SPACE',''
  ) );
#9239 = ADVANCED_FACE('',(#9240),#9034,.T.);
#9240 = FACE_BOUND('',#9241,.T.);
#9241 = EDGE_LOOP('',(#9242,#9264,#9292,#9313));
#9242 = ORIENTED_EDGE('',*,*,#9243,.F.);
#9243 = EDGE_CURVE('',#9244,#8992,#9246,.T.);
#9244 = VERTEX_POINT('',#9245);
#9245 = CARTESIAN_POINT('',(27.617432212407,11.980711080445,
    32.619809328147));
#9246 = SURFACE_CURVE('',#9247,(#9251,#9258),.PCURVE_S1.);
#9247 = ( BOUNDED_CURVE() B_SPLINE_CURVE(2,(#9248,#9249,#9250),
.UNSPECIFIED.,.F.,.F.) B_SPLINE_CURVE_WITH_KNOTS((3,3),(0.195734083462,
0.296022970376),.PIECEWISE_BEZIER_KNOTS.) CURVE() 
GEOMETRIC_REPRESENTATION_ITEM() RATIONAL_B_SPLINE_CURVE((1.001592040723,
1.001730218413,1.001592040723)) REPRESENTATION_ITEM('') );
#9248 = CARTESIAN_POINT('',(27.617432212407,11.980711080445,
    32.619809328147));
#9249 = CARTESIAN_POINT('',(27.80877392859,11.518771314189,
    32.630189955857));
#9250 = CARTESIAN_POINT('',(28.000115644772,11.056831547934,
    32.619809328147));
#9251 = PCURVE('',#9034,#9252);
#9252 = DEFINITIONAL_REPRESENTATION('',(#9253),#9257);
#9253 = ( BOUNDED_CURVE() B_SPLINE_CURVE(2,(#9254,#9255,#9256),
.UNSPECIFIED.,.F.,.F.) B_SPLINE_CURVE_WITH_KNOTS((3,3),(0.195734083462,
0.296022970376),.PIECEWISE_BEZIER_KNOTS.) CURVE() 
GEOMETRIC_REPRESENTATION_ITEM() RATIONAL_B_SPLINE_CURVE((1.001592040723,
1.001730218413,1.001592040723)) REPRESENTATION_ITEM('') );
#9254 = CARTESIAN_POINT('',(0.,1.380190671853));
#9255 = CARTESIAN_POINT('',(0.5,1.369810044143));
#9256 = CARTESIAN_POINT('',(1.,1.380190671853));
#9257 = ( GEOMETRIC_REPRESENTATION_CONTEXT(2) 
PARAMETRIC_REPRESENTATION_CONTEXT() REPRESENTATION_CONTEXT('2D SPACE',''
  ) );
#9258 = PCURVE('',#9007,#9259);
#9259 = DEFINITIONAL_REPRESENTATION('',(#9260),#9263);
#9260 = B_SPLINE_CURVE_WITH_KNOTS('',1,(#9261,#9262),.UNSPECIFIED.,.F.,
  .F.,(2,2),(0.195734083462,0.296022970376),.PIECEWISE_BEZIER_KNOTS.);
#9261 = CARTESIAN_POINT('',(5.873876457427,0.130190671853));
#9262 = CARTESIAN_POINT('',(5.907095993535,0.130190671853));
#9263 = ( GEOMETRIC_REPRESENTATION_CONTEXT(2) 
PARAMETRIC_REPRESENTATION_CONTEXT() REPRESENTATION_CONTEXT('2D SPACE',''
  ) );
#9264 = ORIENTED_EDGE('',*,*,#9265,.F.);
#9265 = EDGE_CURVE('',#9266,#9244,#9268,.T.);
#9266 = VERTEX_POINT('',#9267);
#9267 = CARTESIAN_POINT('',(27.617432212407,11.980711080445,34.));
#9268 = SURFACE_CURVE('',#9269,(#9273,#9280),.PCURVE_S1.);
#9269 = LINE('',#9270,#9271);
#9270 = CARTESIAN_POINT('',(27.617432212407,11.980711080445,34.));
#9271 = VECTOR('',#9272,1.);
#9272 = DIRECTION('',(0.,0.,-1.));
#9273 = PCURVE('',#9034,#9274);
#9274 = DEFINITIONAL_REPRESENTATION('',(#9275),#9279);
#9275 = LINE('',#9276,#9277);
#9276 = CARTESIAN_POINT('',(0.,0.));
#9277 = VECTOR('',#9278,1.);
#9278 = DIRECTION('',(0.,1.));
#9279 = ( GEOMETRIC_REPRESENTATION_CONTEXT(2) 
PARAMETRIC_REPRESENTATION_CONTEXT() REPRESENTATION_CONTEXT('2D SPACE',''
  ) );
#9280 = PCURVE('',#9281,#9286);
#9281 = PLANE('',#9282);
#9282 = AXIS2_PLACEMENT_3D('',#9283,#9284,#9285);
#9283 = CARTESIAN_POINT('',(27.247880399403,11.827637707499,34.));
#9284 = DIRECTION('',(-0.382683432365,0.923879532511,0.));
#9285 = DIRECTION('',(0.923879532511,0.382683432365,0.));
#9286 = DEFINITIONAL_REPRESENTATION('',(#9287),#9291);
#9287 = LINE('',#9288,#9289);
#9288 = CARTESIAN_POINT('',(0.4,0.));
#9289 = VECTOR('',#9290,1.);
#9290 = DIRECTION('',(0.,1.));
#9291 = ( GEOMETRIC_REPRESENTATION_CONTEXT(2) 
PARAMETRIC_REPRESENTATION_CONTEXT() REPRESENTATION_CONTEXT('2D SPACE',''
  ) );
#9292 = ORIENTED_EDGE('',*,*,#9293,.F.);
#9293 = EDGE_CURVE('',#9019,#9266,#9294,.T.);
#9294 = SURFACE_CURVE('',#9295,(#9299,#9306),.PCURVE_S1.);
#9295 = LINE('',#9296,#9297);
#9296 = CARTESIAN_POINT('',(27.713103070498,11.749741197317,34.));
#9297 = VECTOR('',#9298,1.);
#9298 = DIRECTION('',(-0.382683432365,0.923879532511,0.));
#9299 = PCURVE('',#9034,#9300);
#9300 = DEFINITIONAL_REPRESENTATION('',(#9301),#9305);
#9301 = LINE('',#9302,#9303);
#9302 = CARTESIAN_POINT('',(0.25,0.));
#9303 = VECTOR('',#9304,1.);
#9304 = DIRECTION('',(-1.,0.));
#9305 = ( GEOMETRIC_REPRESENTATION_CONTEXT(2) 
PARAMETRIC_REPRESENTATION_CONTEXT() REPRESENTATION_CONTEXT('2D SPACE',''
  ) );
#9306 = PCURVE('',#3330,#9307);
#9307 = DEFINITIONAL_REPRESENTATION('',(#9308),#9312);
#9308 = LINE('',#9309,#9310);
#9309 = CARTESIAN_POINT('',(27.713103070498,11.749741197317));
#9310 = VECTOR('',#9311,1.);
#9311 = DIRECTION('',(-0.382683432365,0.923879532511));
#9312 = ( GEOMETRIC_REPRESENTATION_CONTEXT(2) 
PARAMETRIC_REPRESENTATION_CONTEXT() REPRESENTATION_CONTEXT('2D SPACE',''
  ) );
#9313 = ORIENTED_EDGE('',*,*,#9018,.T.);
#9314 = ADVANCED_FACE('',(#9315),#9281,.T.);
#9315 = FACE_BOUND('',#9316,.T.);
#9316 = EDGE_LOOP('',(#9317,#9347,#9368,#9369));
#9317 = ORIENTED_EDGE('',*,*,#9318,.F.);
#9318 = EDGE_CURVE('',#9319,#9321,#9323,.T.);
#9319 = VERTEX_POINT('',#9320);
#9320 = CARTESIAN_POINT('',(27.428793663222,11.902574434986,34.));
#9321 = VERTEX_POINT('',#9322);
#9322 = CARTESIAN_POINT('',(27.428793663222,11.902574434986,32.875));
#9323 = SURFACE_CURVE('',#9324,(#9328,#9335),.PCURVE_S1.);
#9324 = LINE('',#9325,#9326);
#9325 = CARTESIAN_POINT('',(27.428793663222,11.902574434986,34.));
#9326 = VECTOR('',#9327,1.);
#9327 = DIRECTION('',(0.,0.,-1.));
#9328 = PCURVE('',#9281,#9329);
#9329 = DEFINITIONAL_REPRESENTATION('',(#9330),#9334);
#9330 = LINE('',#9331,#9332);
#9331 = CARTESIAN_POINT('',(0.195819105688,0.));
#9332 = VECTOR('',#9333,1.);
#9333 = DIRECTION('',(0.,1.));
#9334 = ( GEOMETRIC_REPRESENTATION_CONTEXT(2) 
PARAMETRIC_REPRESENTATION_CONTEXT() REPRESENTATION_CONTEXT('2D SPACE',''
  ) );
#9335 = PCURVE('',#9336,#9341);
#9336 = CYLINDRICAL_SURFACE('',#9337,29.9);
#9337 = AXIS2_PLACEMENT_3D('',#9338,#9339,#9340);
#9338 = CARTESIAN_POINT('',(0.,0.,34.));
#9339 = DIRECTION('',(0.,0.,-1.));
#9340 = DIRECTION('',(1.,0.,0.));
#9341 = DEFINITIONAL_REPRESENTATION('',(#9342),#9346);
#9342 = LINE('',#9343,#9344);
#9343 = CARTESIAN_POINT('',(5.873763037983,0.));
#9344 = VECTOR('',#9345,1.);
#9345 = DIRECTION('',(0.,1.));
#9346 = ( GEOMETRIC_REPRESENTATION_CONTEXT(2) 
PARAMETRIC_REPRESENTATION_CONTEXT() REPRESENTATION_CONTEXT('2D SPACE',''
  ) );
#9347 = ORIENTED_EDGE('',*,*,#9348,.F.);
#9348 = EDGE_CURVE('',#9266,#9319,#9349,.T.);
#9349 = SURFACE_CURVE('',#9350,(#9354,#9361),.PCURVE_S1.);
#9350 = LINE('',#9351,#9352);
#9351 = CARTESIAN_POINT('',(13.52826934161,6.144788736877,34.));
#9352 = VECTOR('',#9353,1.);
#9353 = DIRECTION('',(-0.923879532511,-0.382683432365,0.));
#9354 = PCURVE('',#9281,#9355);
#9355 = DEFINITIONAL_REPRESENTATION('',(#9356),#9360);
#9356 = LINE('',#9357,#9358);
#9357 = CARTESIAN_POINT('',(-14.85,-0.));
#9358 = VECTOR('',#9359,1.);
#9359 = DIRECTION('',(-1.,-0.));
#9360 = ( GEOMETRIC_REPRESENTATION_CONTEXT(2) 
PARAMETRIC_REPRESENTATION_CONTEXT() REPRESENTATION_CONTEXT('2D SPACE',''
  ) );
#9361 = PCURVE('',#3330,#9362);
#9362 = DEFINITIONAL_REPRESENTATION('',(#9363),#9367);
#9363 = LINE('',#9364,#9365);
#9364 = CARTESIAN_POINT('',(13.52826934161,6.144788736877));
#9365 = VECTOR('',#9366,1.);
#9366 = DIRECTION('',(-0.923879532511,-0.382683432365));
#9367 = ( GEOMETRIC_REPRESENTATION_CONTEXT(2) 
PARAMETRIC_REPRESENTATION_CONTEXT() REPRESENTATION_CONTEXT('2D SPACE',''
  ) );
#9368 = ORIENTED_EDGE('',*,*,#9265,.T.);
#9369 = ORIENTED_EDGE('',*,*,#9370,.F.);
#9370 = EDGE_CURVE('',#9321,#9244,#9371,.T.);
#9371 = SURFACE_CURVE('',#9372,(#9376,#9383),.PCURVE_S1.);
#9372 = LINE('',#9373,#9374);
#9373 = CARTESIAN_POINT('',(27.567394781053,11.959984897752,32.6875));
#9374 = VECTOR('',#9375,1.);
#9375 = DIRECTION('',(0.577191690646,0.239080626355,-0.780826617343));
#9376 = PCURVE('',#9281,#9377);
#9377 = DEFINITIONAL_REPRESENTATION('',(#9378),#9382);
#9378 = LINE('',#9379,#9380);
#9379 = CARTESIAN_POINT('',(0.34583987458,1.3125));
#9380 = VECTOR('',#9381,1.);
#9381 = DIRECTION('',(0.624747784029,0.780826617343));
#9382 = ( GEOMETRIC_REPRESENTATION_CONTEXT(2) 
PARAMETRIC_REPRESENTATION_CONTEXT() REPRESENTATION_CONTEXT('2D SPACE',''
  ) );
#9383 = PCURVE('',#9007,#9384);
#9384 = DEFINITIONAL_REPRESENTATION('',(#9385),#9388);
#9385 = B_SPLINE_CURVE_WITH_KNOTS('',1,(#9386,#9387),.UNSPECIFIED.,.F.,
  .F.,(2,2),(-0.240130133676,8.669109666735E-02),
  .PIECEWISE_BEZIER_KNOTS.);
#9386 = CARTESIAN_POINT('',(5.873763037983,-0.125));
#9387 = CARTESIAN_POINT('',(5.873876457397,0.13019067186));
#9388 = ( GEOMETRIC_REPRESENTATION_CONTEXT(2) 
PARAMETRIC_REPRESENTATION_CONTEXT() REPRESENTATION_CONTEXT('2D SPACE',''
  ) );
#9389 = ADVANCED_FACE('',(#9390),#9007,.T.);
#9390 = FACE_BOUND('',#9391,.T.);
#9391 = EDGE_LOOP('',(#9392,#9393,#9394,#9395,#9419,#9446,#9470,#9497,
    #9526,#9553,#9580,#9607));
#9392 = ORIENTED_EDGE('',*,*,#9370,.T.);
#9393 = ORIENTED_EDGE('',*,*,#9243,.T.);
#9394 = ORIENTED_EDGE('',*,*,#8991,.T.);
#9395 = ORIENTED_EDGE('',*,*,#9396,.F.);
#9396 = EDGE_CURVE('',#9397,#8957,#9399,.T.);
#9397 = VERTEX_POINT('',#9398);
#9398 = CARTESIAN_POINT('',(29.890592165429,0.75,32.875));
#9399 = SURFACE_CURVE('',#9400,(#9405,#9412),.PCURVE_S1.);
#9400 = CIRCLE('',#9401,29.9);
#9401 = AXIS2_PLACEMENT_3D('',#9402,#9403,#9404);
#9402 = CARTESIAN_POINT('',(0.,0.,32.875));
#9403 = DIRECTION('',(0.,0.,1.));
#9404 = DIRECTION('',(1.,0.,-0.));
#9405 = PCURVE('',#9007,#9406);
#9406 = DEFINITIONAL_REPRESENTATION('',(#9407),#9411);
#9407 = LINE('',#9408,#9409);
#9408 = CARTESIAN_POINT('',(6.28318530718,-0.125));
#9409 = VECTOR('',#9410,1.);
#9410 = DIRECTION('',(-1.,4.879607006314E-15));
#9411 = ( GEOMETRIC_REPRESENTATION_CONTEXT(2) 
PARAMETRIC_REPRESENTATION_CONTEXT() REPRESENTATION_CONTEXT('2D SPACE',''
  ) );
#9412 = PCURVE('',#8979,#9413);
#9413 = DEFINITIONAL_REPRESENTATION('',(#9414),#9418);
#9414 = LINE('',#9415,#9416);
#9415 = CARTESIAN_POINT('',(6.28318530718,1.125));
#9416 = VECTOR('',#9417,1.);
#9417 = DIRECTION('',(-1.,0.));
#9418 = ( GEOMETRIC_REPRESENTATION_CONTEXT(2) 
PARAMETRIC_REPRESENTATION_CONTEXT() REPRESENTATION_CONTEXT('2D SPACE',''
  ) );
#9419 = ORIENTED_EDGE('',*,*,#9420,.T.);
#9420 = EDGE_CURVE('',#9397,#9421,#9423,.T.);
#9421 = VERTEX_POINT('',#9422);
#9422 = CARTESIAN_POINT('',(30.190685649716,0.75,32.5));
#9423 = SURFACE_CURVE('',#9424,(#9428,#9434),.PCURVE_S1.);
#9424 = LINE('',#9425,#9426);
#9425 = CARTESIAN_POINT('',(30.040638907573,0.75,32.6875));
#9426 = VECTOR('',#9427,1.);
#9427 = DIRECTION('',(0.624813723408,2.889443699004E-16,-0.780773853968)
  );
#9428 = PCURVE('',#9007,#9429);
#9429 = DEFINITIONAL_REPRESENTATION('',(#9430),#9433);
#9430 = B_SPLINE_CURVE_WITH_KNOTS('',1,(#9431,#9432),.UNSPECIFIED.,.F.,
  .F.,(2,2),(-0.240146361263,0.240146361263),.PIECEWISE_BEZIER_KNOTS.);
#9431 = CARTESIAN_POINT('',(6.258099064012,-0.125));
#9432 = CARTESIAN_POINT('',(6.258348316615,0.25));
#9433 = ( GEOMETRIC_REPRESENTATION_CONTEXT(2) 
PARAMETRIC_REPRESENTATION_CONTEXT() REPRESENTATION_CONTEXT('2D SPACE',''
  ) );
#9434 = PCURVE('',#9435,#9440);
#9435 = PLANE('',#9436);
#9436 = AXIS2_PLACEMENT_3D('',#9437,#9438,#9439);
#9437 = CARTESIAN_POINT('',(28.2,0.75,34.));
#9438 = DIRECTION('',(0.,1.,0.));
#9439 = DIRECTION('',(1.,0.,0.));
#9440 = DEFINITIONAL_REPRESENTATION('',(#9441),#9445);
#9441 = LINE('',#9442,#9443);
#9442 = CARTESIAN_POINT('',(1.840638907573,1.3125));
#9443 = VECTOR('',#9444,1.);
#9444 = DIRECTION('',(0.624813723408,0.780773853968));
#9445 = ( GEOMETRIC_REPRESENTATION_CONTEXT(2) 
PARAMETRIC_REPRESENTATION_CONTEXT() REPRESENTATION_CONTEXT('2D SPACE',''
  ) );
#9446 = ORIENTED_EDGE('',*,*,#9447,.T.);
#9447 = EDGE_CURVE('',#9421,#9448,#9450,.T.);
#9448 = VERTEX_POINT('',#9449);
#9449 = CARTESIAN_POINT('',(1.8,30.146309890267,32.5));
#9450 = SURFACE_CURVE('',#9451,(#9456,#9463),.PCURVE_S1.);
#9451 = CIRCLE('',#9452,30.2);
#9452 = AXIS2_PLACEMENT_3D('',#9453,#9454,#9455);
#9453 = CARTESIAN_POINT('',(0.,0.,32.5));
#9454 = DIRECTION('',(0.,0.,1.));
#9455 = DIRECTION('',(1.,0.,-0.));
#9456 = PCURVE('',#9007,#9457);
#9457 = DEFINITIONAL_REPRESENTATION('',(#9458),#9462);
#9458 = LINE('',#9459,#9460);
#9459 = CARTESIAN_POINT('',(6.28318530718,0.25));
#9460 = VECTOR('',#9461,1.);
#9461 = DIRECTION('',(-1.,-2.303948079286E-15));
#9462 = ( GEOMETRIC_REPRESENTATION_CONTEXT(2) 
PARAMETRIC_REPRESENTATION_CONTEXT() REPRESENTATION_CONTEXT('2D SPACE',''
  ) );
#9463 = PCURVE('',#8860,#9464);
#9464 = DEFINITIONAL_REPRESENTATION('',(#9465),#9469);
#9465 = LINE('',#9466,#9467);
#9466 = CARTESIAN_POINT('',(-3.469446951954E-18,0.25));
#9467 = VECTOR('',#9468,1.);
#9468 = DIRECTION('',(1.,-2.303948079286E-15));
#9469 = ( GEOMETRIC_REPRESENTATION_CONTEXT(2) 
PARAMETRIC_REPRESENTATION_CONTEXT() REPRESENTATION_CONTEXT('2D SPACE',''
  ) );
#9470 = ORIENTED_EDGE('',*,*,#9471,.T.);
#9471 = EDGE_CURVE('',#9448,#9472,#9474,.T.);
#9472 = VERTEX_POINT('',#9473);
#9473 = CARTESIAN_POINT('',(1.8,29.845770219581,32.875));
#9474 = SURFACE_CURVE('',#9475,(#9479,#9485),.PCURVE_S1.);
#9475 = LINE('',#9476,#9477);
#9476 = CARTESIAN_POINT('',(1.8,29.996040054924,32.6875));
#9477 = VECTOR('',#9478,1.);
#9478 = DIRECTION('',(5.775533501575E-16,-0.62537954919,0.780320715767)
  );
#9479 = PCURVE('',#9007,#9480);
#9480 = DEFINITIONAL_REPRESENTATION('',(#9481),#9484);
#9481 = B_SPLINE_CURVE_WITH_KNOTS('',1,(#9482,#9483),.UNSPECIFIED.,.F.,
  .F.,(2,2),(-0.24028581609,0.24028581609),.PIECEWISE_BEZIER_KNOTS.);
#9482 = CARTESIAN_POINT('',(4.77202697542,0.25));
#9483 = CARTESIAN_POINT('',(4.772626071124,-0.125));
#9484 = ( GEOMETRIC_REPRESENTATION_CONTEXT(2) 
PARAMETRIC_REPRESENTATION_CONTEXT() REPRESENTATION_CONTEXT('2D SPACE',''
  ) );
#9485 = PCURVE('',#9486,#9491);
#9486 = PLANE('',#9487);
#9487 = AXIS2_PLACEMENT_3D('',#9488,#9489,#9490);
#9488 = CARTESIAN_POINT('',(1.8,31.5,34.));
#9489 = DIRECTION('',(1.,-8.410780489585E-17,0.));
#9490 = DIRECTION('',(-8.410780489585E-17,-1.,0.));
#9491 = DEFINITIONAL_REPRESENTATION('',(#9492),#9496);
#9492 = LINE('',#9493,#9494);
#9493 = CARTESIAN_POINT('',(1.503959945076,1.3125));
#9494 = VECTOR('',#9495,1.);
#9495 = DIRECTION('',(0.62537954919,-0.780320715767));
#9496 = ( GEOMETRIC_REPRESENTATION_CONTEXT(2) 
PARAMETRIC_REPRESENTATION_CONTEXT() REPRESENTATION_CONTEXT('2D SPACE',''
  ) );
#9497 = ORIENTED_EDGE('',*,*,#9498,.F.);
#9498 = EDGE_CURVE('',#9499,#9472,#9501,.T.);
#9499 = VERTEX_POINT('',#9500);
#9500 = CARTESIAN_POINT('',(10.978694902475,27.811477095587,32.875));
#9501 = SURFACE_CURVE('',#9502,(#9507,#9514),.PCURVE_S1.);
#9502 = CIRCLE('',#9503,29.9);
#9503 = AXIS2_PLACEMENT_3D('',#9504,#9505,#9506);
#9504 = CARTESIAN_POINT('',(0.,0.,32.875));
#9505 = DIRECTION('',(0.,0.,1.));
#9506 = DIRECTION('',(1.,0.,-0.));
#9507 = PCURVE('',#9007,#9508);
#9508 = DEFINITIONAL_REPRESENTATION('',(#9509),#9513);
#9509 = LINE('',#9510,#9511);
#9510 = CARTESIAN_POINT('',(6.28318530718,-0.125));
#9511 = VECTOR('',#9512,1.);
#9512 = DIRECTION('',(-1.,-5.422848192409E-15));
#9513 = ( GEOMETRIC_REPRESENTATION_CONTEXT(2) 
PARAMETRIC_REPRESENTATION_CONTEXT() REPRESENTATION_CONTEXT('2D SPACE',''
  ) );
#9514 = PCURVE('',#9515,#9520);
#9515 = CYLINDRICAL_SURFACE('',#9516,29.9);
#9516 = AXIS2_PLACEMENT_3D('',#9517,#9518,#9519);
#9517 = CARTESIAN_POINT('',(0.,0.,34.));
#9518 = DIRECTION('',(0.,0.,-1.));
#9519 = DIRECTION('',(1.,0.,0.));
#9520 = DEFINITIONAL_REPRESENTATION('',(#9521),#9525);
#9521 = LINE('',#9522,#9523);
#9522 = CARTESIAN_POINT('',(6.28318530718,1.125));
#9523 = VECTOR('',#9524,1.);
#9524 = DIRECTION('',(-1.,0.));
#9525 = ( GEOMETRIC_REPRESENTATION_CONTEXT(2) 
PARAMETRIC_REPRESENTATION_CONTEXT() REPRESENTATION_CONTEXT('2D SPACE',''
  ) );
#9526 = ORIENTED_EDGE('',*,*,#9527,.T.);
#9527 = EDGE_CURVE('',#9499,#9528,#9530,.T.);
#9528 = VERTEX_POINT('',#9529);
#9529 = CARTESIAN_POINT('',(11.056831547934,28.000115644772,
    32.619809328147));
#9530 = SURFACE_CURVE('',#9531,(#9535,#9541),.PCURVE_S1.);
#9531 = LINE('',#9532,#9533);
#9532 = CARTESIAN_POINT('',(11.036105365241,27.950078213419,32.6875));
#9533 = VECTOR('',#9534,1.);
#9534 = DIRECTION('',(0.239080626355,0.577191690646,-0.780826617343));
#9535 = PCURVE('',#9007,#9536);
#9536 = DEFINITIONAL_REPRESENTATION('',(#9537),#9540);
#9537 = B_SPLINE_CURVE_WITH_KNOTS('',1,(#9538,#9539),.UNSPECIFIED.,.F.,
  .F.,(2,2),(-0.240130133676,8.669109666738E-02),
  .PIECEWISE_BEZIER_KNOTS.);
#9538 = CARTESIAN_POINT('',(5.088364874586,-0.125));
#9539 = CARTESIAN_POINT('',(5.088478293999,0.13019067186));
#9540 = ( GEOMETRIC_REPRESENTATION_CONTEXT(2) 
PARAMETRIC_REPRESENTATION_CONTEXT() REPRESENTATION_CONTEXT('2D SPACE',''
  ) );
#9541 = PCURVE('',#9542,#9547);
#9542 = PLANE('',#9543);
#9543 = AXIS2_PLACEMENT_3D('',#9544,#9545,#9546);
#9544 = CARTESIAN_POINT('',(10.903758174987,27.630563831768,34.));
#9545 = DIRECTION('',(-0.923879532511,0.382683432365,0.));
#9546 = DIRECTION('',(0.382683432365,0.923879532511,0.));
#9547 = DEFINITIONAL_REPRESENTATION('',(#9548),#9552);
#9548 = LINE('',#9549,#9550);
#9549 = CARTESIAN_POINT('',(0.34583987458,1.3125));
#9550 = VECTOR('',#9551,1.);
#9551 = DIRECTION('',(0.624747784029,0.780826617343));
#9552 = ( GEOMETRIC_REPRESENTATION_CONTEXT(2) 
PARAMETRIC_REPRESENTATION_CONTEXT() REPRESENTATION_CONTEXT('2D SPACE',''
  ) );
#9553 = ORIENTED_EDGE('',*,*,#9554,.T.);
#9554 = EDGE_CURVE('',#9528,#9555,#9557,.T.);
#9555 = VERTEX_POINT('',#9556);
#9556 = CARTESIAN_POINT('',(11.980711080445,27.617432212407,
    32.619809328147));
#9557 = SURFACE_CURVE('',#9558,(#9562,#9568),.PCURVE_S1.);
#9558 = ( BOUNDED_CURVE() B_SPLINE_CURVE(2,(#9559,#9560,#9561),
.UNSPECIFIED.,.F.,.F.) B_SPLINE_CURVE_WITH_KNOTS((3,3),(0.195734083462,
0.296022970376),.PIECEWISE_BEZIER_KNOTS.) CURVE() 
GEOMETRIC_REPRESENTATION_ITEM() RATIONAL_B_SPLINE_CURVE((1.001592040723,
1.001730218413,1.001592040723)) REPRESENTATION_ITEM('') );
#9559 = CARTESIAN_POINT('',(11.056831547934,28.000115644772,
    32.619809328147));
#9560 = CARTESIAN_POINT('',(11.518771314189,27.80877392859,
    32.630189955857));
#9561 = CARTESIAN_POINT('',(11.980711080445,27.617432212407,
    32.619809328147));
#9562 = PCURVE('',#9007,#9563);
#9563 = DEFINITIONAL_REPRESENTATION('',(#9564),#9567);
#9564 = B_SPLINE_CURVE_WITH_KNOTS('',1,(#9565,#9566),.UNSPECIFIED.,.F.,
  .F.,(2,2),(0.195734083462,0.296022970376),.PIECEWISE_BEZIER_KNOTS.);
#9565 = CARTESIAN_POINT('',(5.08847829403,0.130190671853));
#9566 = CARTESIAN_POINT('',(5.121697830137,0.130190671853));
#9567 = ( GEOMETRIC_REPRESENTATION_CONTEXT(2) 
PARAMETRIC_REPRESENTATION_CONTEXT() REPRESENTATION_CONTEXT('2D SPACE',''
  ) );
#9568 = PCURVE('',#9569,#9574);
#9569 = PLANE('',#9570);
#9570 = AXIS2_PLACEMENT_3D('',#9571,#9572,#9573);
#9571 = CARTESIAN_POINT('',(11.056831547934,28.000115644772,34.));
#9572 = DIRECTION('',(0.382683432365,0.923879532511,0.));
#9573 = DIRECTION('',(0.923879532511,-0.382683432365,0.));
#9574 = DEFINITIONAL_REPRESENTATION('',(#9575),#9579);
#9575 = ( BOUNDED_CURVE() B_SPLINE_CURVE(2,(#9576,#9577,#9578),
.UNSPECIFIED.,.F.,.F.) B_SPLINE_CURVE_WITH_KNOTS((3,3),(0.195734083462,
0.296022970376),.PIECEWISE_BEZIER_KNOTS.) CURVE() 
GEOMETRIC_REPRESENTATION_ITEM() RATIONAL_B_SPLINE_CURVE((1.001592040723,
1.001730218413,1.001592040723)) REPRESENTATION_ITEM('') );
#9576 = CARTESIAN_POINT('',(0.,1.380190671853));
#9577 = CARTESIAN_POINT('',(0.5,1.369810044143));
#9578 = CARTESIAN_POINT('',(1.,1.380190671853));
#9579 = ( GEOMETRIC_REPRESENTATION_CONTEXT(2) 
PARAMETRIC_REPRESENTATION_CONTEXT() REPRESENTATION_CONTEXT('2D SPACE',''
  ) );
#9580 = ORIENTED_EDGE('',*,*,#9581,.T.);
#9581 = EDGE_CURVE('',#9555,#9582,#9584,.T.);
#9582 = VERTEX_POINT('',#9583);
#9583 = CARTESIAN_POINT('',(11.902574434986,27.428793663222,32.875));
#9584 = SURFACE_CURVE('',#9585,(#9589,#9595),.PCURVE_S1.);
#9585 = LINE('',#9586,#9587);
#9586 = CARTESIAN_POINT('',(11.959984897752,27.567394781053,32.6875));
#9587 = VECTOR('',#9588,1.);
#9588 = DIRECTION('',(-0.239080626355,-0.577191690646,0.780826617343));
#9589 = PCURVE('',#9007,#9590);
#9590 = DEFINITIONAL_REPRESENTATION('',(#9591),#9594);
#9591 = B_SPLINE_CURVE_WITH_KNOTS('',1,(#9592,#9593),.UNSPECIFIED.,.F.,
  .F.,(2,2),(-8.669109666735E-02,0.240130133676),
  .PIECEWISE_BEZIER_KNOTS.);
#9592 = CARTESIAN_POINT('',(5.121697830168,0.13019067186));
#9593 = CARTESIAN_POINT('',(5.121811249581,-0.125));
#9594 = ( GEOMETRIC_REPRESENTATION_CONTEXT(2) 
PARAMETRIC_REPRESENTATION_CONTEXT() REPRESENTATION_CONTEXT('2D SPACE',''
  ) );
#9595 = PCURVE('',#9596,#9601);
#9596 = PLANE('',#9597);
#9597 = AXIS2_PLACEMENT_3D('',#9598,#9599,#9600);
#9598 = CARTESIAN_POINT('',(11.980711080445,27.617432212407,34.));
#9599 = DIRECTION('',(0.923879532511,-0.382683432365,0.));
#9600 = DIRECTION('',(-0.382683432365,-0.923879532511,0.));
#9601 = DEFINITIONAL_REPRESENTATION('',(#9602),#9606);
#9602 = LINE('',#9603,#9604);
#9603 = CARTESIAN_POINT('',(5.416012541999E-02,1.3125));
#9604 = VECTOR('',#9605,1.);
#9605 = DIRECTION('',(0.624747784029,-0.780826617343));
#9606 = ( GEOMETRIC_REPRESENTATION_CONTEXT(2) 
PARAMETRIC_REPRESENTATION_CONTEXT() REPRESENTATION_CONTEXT('2D SPACE',''
  ) );
#9607 = ORIENTED_EDGE('',*,*,#9608,.F.);
#9608 = EDGE_CURVE('',#9321,#9582,#9609,.T.);
#9609 = SURFACE_CURVE('',#9610,(#9615,#9622),.PCURVE_S1.);
#9610 = CIRCLE('',#9611,29.9);
#9611 = AXIS2_PLACEMENT_3D('',#9612,#9613,#9614);
#9612 = CARTESIAN_POINT('',(0.,0.,32.875));
#9613 = DIRECTION('',(0.,0.,1.));
#9614 = DIRECTION('',(1.,0.,-0.));
#9615 = PCURVE('',#9007,#9616);
#9616 = DEFINITIONAL_REPRESENTATION('',(#9617),#9621);
#9617 = LINE('',#9618,#9619);
#9618 = CARTESIAN_POINT('',(6.28318530718,-0.125));
#9619 = VECTOR('',#9620,1.);
#9620 = DIRECTION('',(-1.,2.305835413457E-15));
#9621 = ( GEOMETRIC_REPRESENTATION_CONTEXT(2) 
PARAMETRIC_REPRESENTATION_CONTEXT() REPRESENTATION_CONTEXT('2D SPACE',''
  ) );
#9622 = PCURVE('',#9336,#9623);
#9623 = DEFINITIONAL_REPRESENTATION('',(#9624),#9628);
#9624 = LINE('',#9625,#9626);
#9625 = CARTESIAN_POINT('',(6.28318530718,1.125));
#9626 = VECTOR('',#9627,1.);
#9627 = DIRECTION('',(-1.,0.));
#9628 = ( GEOMETRIC_REPRESENTATION_CONTEXT(2) 
PARAMETRIC_REPRESENTATION_CONTEXT() REPRESENTATION_CONTEXT('2D SPACE',''
  ) );
#9629 = ADVANCED_FACE('',(#9630),#8979,.T.);
#9630 = FACE_BOUND('',#9631,.T.);
#9631 = EDGE_LOOP('',(#9632,#9633,#9657,#9678));
#9632 = ORIENTED_EDGE('',*,*,#8956,.T.);
#9633 = ORIENTED_EDGE('',*,*,#9634,.F.);
#9634 = EDGE_CURVE('',#9635,#8959,#9637,.T.);
#9635 = VERTEX_POINT('',#9636);
#9636 = CARTESIAN_POINT('',(29.890592165429,0.75,34.));
#9637 = SURFACE_CURVE('',#9638,(#9643,#9650),.PCURVE_S1.);
#9638 = CIRCLE('',#9639,29.9);
#9639 = AXIS2_PLACEMENT_3D('',#9640,#9641,#9642);
#9640 = CARTESIAN_POINT('',(0.,0.,34.));
#9641 = DIRECTION('',(0.,0.,1.));
#9642 = DIRECTION('',(1.,0.,-0.));
#9643 = PCURVE('',#8979,#9644);
#9644 = DEFINITIONAL_REPRESENTATION('',(#9645),#9649);
#9645 = LINE('',#9646,#9647);
#9646 = CARTESIAN_POINT('',(6.28318530718,0.));
#9647 = VECTOR('',#9648,1.);
#9648 = DIRECTION('',(-1.,0.));
#9649 = ( GEOMETRIC_REPRESENTATION_CONTEXT(2) 
PARAMETRIC_REPRESENTATION_CONTEXT() REPRESENTATION_CONTEXT('2D SPACE',''
  ) );
#9650 = PCURVE('',#3330,#9651);
#9651 = DEFINITIONAL_REPRESENTATION('',(#9652),#9656);
#9652 = CIRCLE('',#9653,29.9);
#9653 = AXIS2_PLACEMENT_2D('',#9654,#9655);
#9654 = CARTESIAN_POINT('',(0.,0.));
#9655 = DIRECTION('',(1.,0.));
#9656 = ( GEOMETRIC_REPRESENTATION_CONTEXT(2) 
PARAMETRIC_REPRESENTATION_CONTEXT() REPRESENTATION_CONTEXT('2D SPACE',''
  ) );
#9657 = ORIENTED_EDGE('',*,*,#9658,.T.);
#9658 = EDGE_CURVE('',#9635,#9397,#9659,.T.);
#9659 = SURFACE_CURVE('',#9660,(#9664,#9671),.PCURVE_S1.);
#9660 = LINE('',#9661,#9662);
#9661 = CARTESIAN_POINT('',(29.890592165429,0.75,34.));
#9662 = VECTOR('',#9663,1.);
#9663 = DIRECTION('',(0.,0.,-1.));
#9664 = PCURVE('',#8979,#9665);
#9665 = DEFINITIONAL_REPRESENTATION('',(#9666),#9670);
#9666 = LINE('',#9667,#9668);
#9667 = CARTESIAN_POINT('',(6.258099064012,0.));
#9668 = VECTOR('',#9669,1.);
#9669 = DIRECTION('',(0.,1.));
#9670 = ( GEOMETRIC_REPRESENTATION_CONTEXT(2) 
PARAMETRIC_REPRESENTATION_CONTEXT() REPRESENTATION_CONTEXT('2D SPACE',''
  ) );
#9671 = PCURVE('',#9435,#9672);
#9672 = DEFINITIONAL_REPRESENTATION('',(#9673),#9677);
#9673 = LINE('',#9674,#9675);
#9674 = CARTESIAN_POINT('',(1.690592165429,0.));
#9675 = VECTOR('',#9676,1.);
#9676 = DIRECTION('',(0.,1.));
#9677 = ( GEOMETRIC_REPRESENTATION_CONTEXT(2) 
PARAMETRIC_REPRESENTATION_CONTEXT() REPRESENTATION_CONTEXT('2D SPACE',''
  ) );
#9678 = ORIENTED_EDGE('',*,*,#9396,.T.);
#9679 = ADVANCED_FACE('',(#9680),#9336,.T.);
#9680 = FACE_BOUND('',#9681,.T.);
#9681 = EDGE_LOOP('',(#9682,#9683,#9684,#9707));
#9682 = ORIENTED_EDGE('',*,*,#9318,.T.);
#9683 = ORIENTED_EDGE('',*,*,#9608,.T.);
#9684 = ORIENTED_EDGE('',*,*,#9685,.T.);
#9685 = EDGE_CURVE('',#9582,#9686,#9688,.T.);
#9686 = VERTEX_POINT('',#9687);
#9687 = CARTESIAN_POINT('',(11.902574434986,27.428793663222,34.));
#9688 = SURFACE_CURVE('',#9689,(#9693,#9700),.PCURVE_S1.);
#9689 = LINE('',#9690,#9691);
#9690 = CARTESIAN_POINT('',(11.902574434986,27.428793663222,34.));
#9691 = VECTOR('',#9692,1.);
#9692 = DIRECTION('',(0.,0.,1.));
#9693 = PCURVE('',#9336,#9694);
#9694 = DEFINITIONAL_REPRESENTATION('',(#9695),#9699);
#9695 = LINE('',#9696,#9697);
#9696 = CARTESIAN_POINT('',(5.121811249581,0.));
#9697 = VECTOR('',#9698,1.);
#9698 = DIRECTION('',(0.,-1.));
#9699 = ( GEOMETRIC_REPRESENTATION_CONTEXT(2) 
PARAMETRIC_REPRESENTATION_CONTEXT() REPRESENTATION_CONTEXT('2D SPACE',''
  ) );
#9700 = PCURVE('',#9596,#9701);
#9701 = DEFINITIONAL_REPRESENTATION('',(#9702),#9706);
#9702 = LINE('',#9703,#9704);
#9703 = CARTESIAN_POINT('',(0.204180894312,0.));
#9704 = VECTOR('',#9705,1.);
#9705 = DIRECTION('',(0.,-1.));
#9706 = ( GEOMETRIC_REPRESENTATION_CONTEXT(2) 
PARAMETRIC_REPRESENTATION_CONTEXT() REPRESENTATION_CONTEXT('2D SPACE',''
  ) );
#9707 = ORIENTED_EDGE('',*,*,#9708,.F.);
#9708 = EDGE_CURVE('',#9319,#9686,#9709,.T.);
#9709 = SURFACE_CURVE('',#9710,(#9715,#9722),.PCURVE_S1.);
#9710 = CIRCLE('',#9711,29.9);
#9711 = AXIS2_PLACEMENT_3D('',#9712,#9713,#9714);
#9712 = CARTESIAN_POINT('',(0.,0.,34.));
#9713 = DIRECTION('',(0.,0.,1.));
#9714 = DIRECTION('',(1.,0.,-0.));
#9715 = PCURVE('',#9336,#9716);
#9716 = DEFINITIONAL_REPRESENTATION('',(#9717),#9721);
#9717 = LINE('',#9718,#9719);
#9718 = CARTESIAN_POINT('',(6.28318530718,0.));
#9719 = VECTOR('',#9720,1.);
#9720 = DIRECTION('',(-1.,0.));
#9721 = ( GEOMETRIC_REPRESENTATION_CONTEXT(2) 
PARAMETRIC_REPRESENTATION_CONTEXT() REPRESENTATION_CONTEXT('2D SPACE',''
  ) );
#9722 = PCURVE('',#3330,#9723);
#9723 = DEFINITIONAL_REPRESENTATION('',(#9724),#9728);
#9724 = CIRCLE('',#9725,29.9);
#9725 = AXIS2_PLACEMENT_2D('',#9726,#9727);
#9726 = CARTESIAN_POINT('',(0.,0.));
#9727 = DIRECTION('',(1.,0.));
#9728 = ( GEOMETRIC_REPRESENTATION_CONTEXT(2) 
PARAMETRIC_REPRESENTATION_CONTEXT() REPRESENTATION_CONTEXT('2D SPACE',''
  ) );
#9729 = ADVANCED_FACE('',(#9730),#8860,.T.);
#9730 = FACE_BOUND('',#9731,.T.);
#9731 = EDGE_LOOP('',(#9732,#9733,#9734,#9735,#9759,#9786,#9813,#9840,
    #9864,#9884,#9885,#9907));
#9732 = ORIENTED_EDGE('',*,*,#8837,.T.);
#9733 = ORIENTED_EDGE('',*,*,#9070,.T.);
#9734 = ORIENTED_EDGE('',*,*,#9195,.T.);
#9735 = ORIENTED_EDGE('',*,*,#9736,.F.);
#9736 = EDGE_CURVE('',#9737,#9196,#9739,.T.);
#9737 = VERTEX_POINT('',#9738);
#9738 = CARTESIAN_POINT('',(11.902574434986,27.428793663222,32.125));
#9739 = SURFACE_CURVE('',#9740,(#9745,#9752),.PCURVE_S1.);
#9740 = CIRCLE('',#9741,29.9);
#9741 = AXIS2_PLACEMENT_3D('',#9742,#9743,#9744);
#9742 = CARTESIAN_POINT('',(0.,0.,32.125));
#9743 = DIRECTION('',(0.,0.,-1.));
#9744 = DIRECTION('',(1.,0.,0.));
#9745 = PCURVE('',#8860,#9746);
#9746 = DEFINITIONAL_REPRESENTATION('',(#9747),#9751);
#9747 = LINE('',#9748,#9749);
#9748 = CARTESIAN_POINT('',(6.28318530718,-0.125));
#9749 = VECTOR('',#9750,1.);
#9750 = DIRECTION('',(-1.,0.));
#9751 = ( GEOMETRIC_REPRESENTATION_CONTEXT(2) 
PARAMETRIC_REPRESENTATION_CONTEXT() REPRESENTATION_CONTEXT('2D SPACE',''
  ) );
#9752 = PCURVE('',#8887,#9753);
#9753 = DEFINITIONAL_REPRESENTATION('',(#9754),#9758);
#9754 = LINE('',#9755,#9756);
#9755 = CARTESIAN_POINT('',(0.,1.875));
#9756 = VECTOR('',#9757,1.);
#9757 = DIRECTION('',(1.,0.));
#9758 = ( GEOMETRIC_REPRESENTATION_CONTEXT(2) 
PARAMETRIC_REPRESENTATION_CONTEXT() REPRESENTATION_CONTEXT('2D SPACE',''
  ) );
#9759 = ORIENTED_EDGE('',*,*,#9760,.T.);
#9760 = EDGE_CURVE('',#9737,#9761,#9763,.T.);
#9761 = VERTEX_POINT('',#9762);
#9762 = CARTESIAN_POINT('',(11.980711080445,27.617432212407,
    32.380190671853));
#9763 = SURFACE_CURVE('',#9764,(#9768,#9774),.PCURVE_S1.);
#9764 = LINE('',#9765,#9766);
#9765 = CARTESIAN_POINT('',(11.959984897752,27.567394781053,32.3125));
#9766 = VECTOR('',#9767,1.);
#9767 = DIRECTION('',(0.239080626355,0.577191690646,0.780826617343));
#9768 = PCURVE('',#8860,#9769);
#9769 = DEFINITIONAL_REPRESENTATION('',(#9770),#9773);
#9770 = B_SPLINE_CURVE_WITH_KNOTS('',1,(#9771,#9772),.UNSPECIFIED.,.F.,
  .F.,(2,2),(-0.240130133676,8.669109666735E-02),
  .PIECEWISE_BEZIER_KNOTS.);
#9771 = CARTESIAN_POINT('',(1.161374057599,-0.125));
#9772 = CARTESIAN_POINT('',(1.161487477012,0.13019067186));
#9773 = ( GEOMETRIC_REPRESENTATION_CONTEXT(2) 
PARAMETRIC_REPRESENTATION_CONTEXT() REPRESENTATION_CONTEXT('2D SPACE',''
  ) );
#9774 = PCURVE('',#9775,#9780);
#9775 = PLANE('',#9776);
#9776 = AXIS2_PLACEMENT_3D('',#9777,#9778,#9779);
#9777 = CARTESIAN_POINT('',(11.980711080445,27.617432212407,34.));
#9778 = DIRECTION('',(0.923879532511,-0.382683432365,0.));
#9779 = DIRECTION('',(-0.382683432365,-0.923879532511,0.));
#9780 = DEFINITIONAL_REPRESENTATION('',(#9781),#9785);
#9781 = LINE('',#9782,#9783);
#9782 = CARTESIAN_POINT('',(5.416012541999E-02,1.6875));
#9783 = VECTOR('',#9784,1.);
#9784 = DIRECTION('',(-0.624747784029,-0.780826617343));
#9785 = ( GEOMETRIC_REPRESENTATION_CONTEXT(2) 
PARAMETRIC_REPRESENTATION_CONTEXT() REPRESENTATION_CONTEXT('2D SPACE',''
  ) );
#9786 = ORIENTED_EDGE('',*,*,#9787,.T.);
#9787 = EDGE_CURVE('',#9761,#9788,#9790,.T.);
#9788 = VERTEX_POINT('',#9789);
#9789 = CARTESIAN_POINT('',(11.056831547934,28.000115644772,
    32.380190671853));
#9790 = SURFACE_CURVE('',#9791,(#9795,#9801),.PCURVE_S1.);
#9791 = ( BOUNDED_CURVE() B_SPLINE_CURVE(2,(#9792,#9793,#9794),
.UNSPECIFIED.,.F.,.F.) B_SPLINE_CURVE_WITH_KNOTS((3,3),(0.195734083462,
0.296022970376),.PIECEWISE_BEZIER_KNOTS.) CURVE() 
GEOMETRIC_REPRESENTATION_ITEM() RATIONAL_B_SPLINE_CURVE((1.001592040723,
1.001730218413,1.001592040723)) REPRESENTATION_ITEM('') );
#9792 = CARTESIAN_POINT('',(11.980711080445,27.617432212407,
    32.380190671853));
#9793 = CARTESIAN_POINT('',(11.518771314189,27.80877392859,
    32.369810044143));
#9794 = CARTESIAN_POINT('',(11.056831547934,28.000115644772,
    32.380190671853));
#9795 = PCURVE('',#8860,#9796);
#9796 = DEFINITIONAL_REPRESENTATION('',(#9797),#9800);
#9797 = B_SPLINE_CURVE_WITH_KNOTS('',1,(#9798,#9799),.UNSPECIFIED.,.F.,
  .F.,(2,2),(0.195734083462,0.296022970376),.PIECEWISE_BEZIER_KNOTS.);
#9798 = CARTESIAN_POINT('',(1.161487477042,0.130190671853));
#9799 = CARTESIAN_POINT('',(1.19470701315,0.130190671853));
#9800 = ( GEOMETRIC_REPRESENTATION_CONTEXT(2) 
PARAMETRIC_REPRESENTATION_CONTEXT() REPRESENTATION_CONTEXT('2D SPACE',''
  ) );
#9801 = PCURVE('',#9802,#9807);
#9802 = PLANE('',#9803);
#9803 = AXIS2_PLACEMENT_3D('',#9804,#9805,#9806);
#9804 = CARTESIAN_POINT('',(11.056831547934,28.000115644772,34.));
#9805 = DIRECTION('',(0.382683432365,0.923879532511,0.));
#9806 = DIRECTION('',(0.923879532511,-0.382683432365,0.));
#9807 = DEFINITIONAL_REPRESENTATION('',(#9808),#9812);
#9808 = ( BOUNDED_CURVE() B_SPLINE_CURVE(2,(#9809,#9810,#9811),
.UNSPECIFIED.,.F.,.F.) B_SPLINE_CURVE_WITH_KNOTS((3,3),(0.195734083462,
0.296022970376),.PIECEWISE_BEZIER_KNOTS.) CURVE() 
GEOMETRIC_REPRESENTATION_ITEM() RATIONAL_B_SPLINE_CURVE((1.001592040723,
1.001730218413,1.001592040723)) REPRESENTATION_ITEM('') );
#9809 = CARTESIAN_POINT('',(1.,1.619809328147));
#9810 = CARTESIAN_POINT('',(0.5,1.630189955857));
#9811 = CARTESIAN_POINT('',(0.,1.619809328147));
#9812 = ( GEOMETRIC_REPRESENTATION_CONTEXT(2) 
PARAMETRIC_REPRESENTATION_CONTEXT() REPRESENTATION_CONTEXT('2D SPACE',''
  ) );
#9813 = ORIENTED_EDGE('',*,*,#9814,.T.);
#9814 = EDGE_CURVE('',#9788,#9815,#9817,.T.);
#9815 = VERTEX_POINT('',#9816);
#9816 = CARTESIAN_POINT('',(10.978694902475,27.811477095587,32.125));
#9817 = SURFACE_CURVE('',#9818,(#9822,#9828),.PCURVE_S1.);
#9818 = LINE('',#9819,#9820);
#9819 = CARTESIAN_POINT('',(11.036105365241,27.950078213419,32.3125));
#9820 = VECTOR('',#9821,1.);
#9821 = DIRECTION('',(-0.239080626355,-0.577191690646,-0.780826617343));
#9822 = PCURVE('',#8860,#9823);
#9823 = DEFINITIONAL_REPRESENTATION('',(#9824),#9827);
#9824 = B_SPLINE_CURVE_WITH_KNOTS('',1,(#9825,#9826),.UNSPECIFIED.,.F.,
  .F.,(2,2),(-8.669109666738E-02,0.240130133676),
  .PIECEWISE_BEZIER_KNOTS.);
#9825 = CARTESIAN_POINT('',(1.19470701318,0.13019067186));
#9826 = CARTESIAN_POINT('',(1.194820432594,-0.125));
#9827 = ( GEOMETRIC_REPRESENTATION_CONTEXT(2) 
PARAMETRIC_REPRESENTATION_CONTEXT() REPRESENTATION_CONTEXT('2D SPACE',''
  ) );
#9828 = PCURVE('',#9829,#9834);
#9829 = PLANE('',#9830);
#9830 = AXIS2_PLACEMENT_3D('',#9831,#9832,#9833);
#9831 = CARTESIAN_POINT('',(10.903758174987,27.630563831768,34.));
#9832 = DIRECTION('',(-0.923879532511,0.382683432365,0.));
#9833 = DIRECTION('',(0.382683432365,0.923879532511,0.));
#9834 = DEFINITIONAL_REPRESENTATION('',(#9835),#9839);
#9835 = LINE('',#9836,#9837);
#9836 = CARTESIAN_POINT('',(0.34583987458,1.6875));
#9837 = VECTOR('',#9838,1.);
#9838 = DIRECTION('',(-0.624747784029,0.780826617343));
#9839 = ( GEOMETRIC_REPRESENTATION_CONTEXT(2) 
PARAMETRIC_REPRESENTATION_CONTEXT() REPRESENTATION_CONTEXT('2D SPACE',''
  ) );
#9840 = ORIENTED_EDGE('',*,*,#9841,.F.);
#9841 = EDGE_CURVE('',#9842,#9815,#9844,.T.);
#9842 = VERTEX_POINT('',#9843);
#9843 = CARTESIAN_POINT('',(1.8,29.845770219581,32.125));
#9844 = SURFACE_CURVE('',#9845,(#9850,#9857),.PCURVE_S1.);
#9845 = CIRCLE('',#9846,29.9);
#9846 = AXIS2_PLACEMENT_3D('',#9847,#9848,#9849);
#9847 = CARTESIAN_POINT('',(0.,0.,32.125));
#9848 = DIRECTION('',(0.,0.,-1.));
#9849 = DIRECTION('',(1.,0.,0.));
#9850 = PCURVE('',#8860,#9851);
#9851 = DEFINITIONAL_REPRESENTATION('',(#9852),#9856);
#9852 = LINE('',#9853,#9854);
#9853 = CARTESIAN_POINT('',(6.28318530718,-0.125));
#9854 = VECTOR('',#9855,1.);
#9855 = DIRECTION('',(-1.,0.));
#9856 = ( GEOMETRIC_REPRESENTATION_CONTEXT(2) 
PARAMETRIC_REPRESENTATION_CONTEXT() REPRESENTATION_CONTEXT('2D SPACE',''
  ) );
#9857 = PCURVE('',#8887,#9858);
#9858 = DEFINITIONAL_REPRESENTATION('',(#9859),#9863);
#9859 = LINE('',#9860,#9861);
#9860 = CARTESIAN_POINT('',(0.,1.875));
#9861 = VECTOR('',#9862,1.);
#9862 = DIRECTION('',(1.,0.));
#9863 = ( GEOMETRIC_REPRESENTATION_CONTEXT(2) 
PARAMETRIC_REPRESENTATION_CONTEXT() REPRESENTATION_CONTEXT('2D SPACE',''
  ) );
#9864 = ORIENTED_EDGE('',*,*,#9865,.T.);
#9865 = EDGE_CURVE('',#9842,#9448,#9866,.T.);
#9866 = SURFACE_CURVE('',#9867,(#9871,#9877),.PCURVE_S1.);
#9867 = LINE('',#9868,#9869);
#9868 = CARTESIAN_POINT('',(1.8,29.996040054924,32.3125));
#9869 = VECTOR('',#9870,1.);
#9870 = DIRECTION('',(-5.775533501575E-16,0.62537954919,0.780320715767)
  );
#9871 = PCURVE('',#8860,#9872);
#9872 = DEFINITIONAL_REPRESENTATION('',(#9873),#9876);
#9873 = B_SPLINE_CURVE_WITH_KNOTS('',1,(#9874,#9875),.UNSPECIFIED.,.F.,
  .F.,(2,2),(-0.24028581609,0.24028581609),.PIECEWISE_BEZIER_KNOTS.);
#9874 = CARTESIAN_POINT('',(1.510559236055,-0.125));
#9875 = CARTESIAN_POINT('',(1.51115833176,0.25));
#9876 = ( GEOMETRIC_REPRESENTATION_CONTEXT(2) 
PARAMETRIC_REPRESENTATION_CONTEXT() REPRESENTATION_CONTEXT('2D SPACE',''
  ) );
#9877 = PCURVE('',#9486,#9878);
#9878 = DEFINITIONAL_REPRESENTATION('',(#9879),#9883);
#9879 = LINE('',#9880,#9881);
#9880 = CARTESIAN_POINT('',(1.503959945076,1.6875));
#9881 = VECTOR('',#9882,1.);
#9882 = DIRECTION('',(-0.62537954919,-0.780320715767));
#9883 = ( GEOMETRIC_REPRESENTATION_CONTEXT(2) 
PARAMETRIC_REPRESENTATION_CONTEXT() REPRESENTATION_CONTEXT('2D SPACE',''
  ) );
#9884 = ORIENTED_EDGE('',*,*,#9447,.F.);
#9885 = ORIENTED_EDGE('',*,*,#9886,.T.);
#9886 = EDGE_CURVE('',#9421,#9887,#9889,.T.);
#9887 = VERTEX_POINT('',#9888);
#9888 = CARTESIAN_POINT('',(29.890592165429,0.75,32.125));
#9889 = SURFACE_CURVE('',#9890,(#9894,#9900),.PCURVE_S1.);
#9890 = LINE('',#9891,#9892);
#9891 = CARTESIAN_POINT('',(30.040638907573,0.75,32.3125));
#9892 = VECTOR('',#9893,1.);
#9893 = DIRECTION('',(-0.624813723408,-2.889443699004E-16,
    -0.780773853968));
#9894 = PCURVE('',#8860,#9895);
#9895 = DEFINITIONAL_REPRESENTATION('',(#9896),#9899);
#9896 = B_SPLINE_CURVE_WITH_KNOTS('',1,(#9897,#9898),.UNSPECIFIED.,.F.,
  .F.,(2,2),(-0.240146361263,0.240146361263),.PIECEWISE_BEZIER_KNOTS.);
#9897 = CARTESIAN_POINT('',(2.483699056498E-02,0.25));
#9898 = CARTESIAN_POINT('',(2.508624316808E-02,-0.125));
#9899 = ( GEOMETRIC_REPRESENTATION_CONTEXT(2) 
PARAMETRIC_REPRESENTATION_CONTEXT() REPRESENTATION_CONTEXT('2D SPACE',''
  ) );
#9900 = PCURVE('',#9435,#9901);
#9901 = DEFINITIONAL_REPRESENTATION('',(#9902),#9906);
#9902 = LINE('',#9903,#9904);
#9903 = CARTESIAN_POINT('',(1.840638907573,1.6875));
#9904 = VECTOR('',#9905,1.);
#9905 = DIRECTION('',(-0.624813723408,0.780773853968));
#9906 = ( GEOMETRIC_REPRESENTATION_CONTEXT(2) 
PARAMETRIC_REPRESENTATION_CONTEXT() REPRESENTATION_CONTEXT('2D SPACE',''
  ) );
#9907 = ORIENTED_EDGE('',*,*,#9908,.F.);
#9908 = EDGE_CURVE('',#8838,#9887,#9909,.T.);
#9909 = SURFACE_CURVE('',#9910,(#9915,#9922),.PCURVE_S1.);
#9910 = CIRCLE('',#9911,29.9);
#9911 = AXIS2_PLACEMENT_3D('',#9912,#9913,#9914);
#9912 = CARTESIAN_POINT('',(0.,0.,32.125));
#9913 = DIRECTION('',(0.,0.,-1.));
#9914 = DIRECTION('',(1.,0.,0.));
#9915 = PCURVE('',#8860,#9916);
#9916 = DEFINITIONAL_REPRESENTATION('',(#9917),#9921);
#9917 = LINE('',#9918,#9919);
#9918 = CARTESIAN_POINT('',(6.28318530718,-0.125));
#9919 = VECTOR('',#9920,1.);
#9920 = DIRECTION('',(-1.,0.));
#9921 = ( GEOMETRIC_REPRESENTATION_CONTEXT(2) 
PARAMETRIC_REPRESENTATION_CONTEXT() REPRESENTATION_CONTEXT('2D SPACE',''
  ) );
#9922 = PCURVE('',#8887,#9923);
#9923 = DEFINITIONAL_REPRESENTATION('',(#9924),#9928);
#9924 = LINE('',#9925,#9926);
#9925 = CARTESIAN_POINT('',(0.,1.875));
#9926 = VECTOR('',#9927,1.);
#9927 = DIRECTION('',(1.,0.));
#9928 = ( GEOMETRIC_REPRESENTATION_CONTEXT(2) 
PARAMETRIC_REPRESENTATION_CONTEXT() REPRESENTATION_CONTEXT('2D SPACE',''
  ) );
#9929 = ADVANCED_FACE('',(#9930),#9944,.T.);
#9930 = FACE_BOUND('',#9931,.T.);
#9931 = EDGE_LOOP('',(#9932,#9966,#9994,#10022));
#9932 = ORIENTED_EDGE('',*,*,#9933,.F.);
#9933 = EDGE_CURVE('',#9934,#9936,#9938,.T.);
#9934 = VERTEX_POINT('',#9935);
#9935 = CARTESIAN_POINT('',(-10.97869490247,27.811477095587,32.125));
#9936 = VERTEX_POINT('',#9937);
#9937 = CARTESIAN_POINT('',(-11.05683154793,28.000115644772,
    32.380190671853));
#9938 = SURFACE_CURVE('',#9939,(#9943,#9955),.PCURVE_S1.);
#9939 = LINE('',#9940,#9941);
#9940 = CARTESIAN_POINT('',(-11.03610536524,27.950078213419,32.3125));
#9941 = VECTOR('',#9942,1.);
#9942 = DIRECTION('',(-0.239080626355,0.577191690646,0.780826617343));
#9943 = PCURVE('',#9944,#9949);
#9944 = PLANE('',#9945);
#9945 = AXIS2_PLACEMENT_3D('',#9946,#9947,#9948);
#9946 = CARTESIAN_POINT('',(-11.05683154793,28.000115644772,34.));
#9947 = DIRECTION('',(0.923879532511,0.382683432365,0.));
#9948 = DIRECTION('',(0.382683432365,-0.923879532511,0.));
#9949 = DEFINITIONAL_REPRESENTATION('',(#9950),#9954);
#9950 = LINE('',#9951,#9952);
#9951 = CARTESIAN_POINT('',(5.416012542003E-02,1.6875));
#9952 = VECTOR('',#9953,1.);
#9953 = DIRECTION('',(-0.624747784029,-0.780826617343));
#9954 = ( GEOMETRIC_REPRESENTATION_CONTEXT(2) 
PARAMETRIC_REPRESENTATION_CONTEXT() REPRESENTATION_CONTEXT('2D SPACE',''
  ) );
#9955 = PCURVE('',#9956,#9961);
#9956 = CONICAL_SURFACE('',#9957,30.,0.674740942224);
#9957 = AXIS2_PLACEMENT_3D('',#9958,#9959,#9960);
#9958 = CARTESIAN_POINT('',(0.,0.,32.25));
#9959 = DIRECTION('',(0.,0.,1.));
#9960 = DIRECTION('',(1.,0.,-0.));
#9961 = DEFINITIONAL_REPRESENTATION('',(#9962),#9965);
#9962 = B_SPLINE_CURVE_WITH_KNOTS('',1,(#9963,#9964),.UNSPECIFIED.,.F.,
  .F.,(2,2),(-0.240130133676,8.669109666738E-02),
  .PIECEWISE_BEZIER_KNOTS.);
#9963 = CARTESIAN_POINT('',(1.946772220996,-0.125));
#9964 = CARTESIAN_POINT('',(1.946885640409,0.13019067186));
#9965 = ( GEOMETRIC_REPRESENTATION_CONTEXT(2) 
PARAMETRIC_REPRESENTATION_CONTEXT() REPRESENTATION_CONTEXT('2D SPACE',''
  ) );
#9966 = ORIENTED_EDGE('',*,*,#9967,.F.);
#9967 = EDGE_CURVE('',#9968,#9934,#9970,.T.);
#9968 = VERTEX_POINT('',#9969);
#9969 = CARTESIAN_POINT('',(-10.97869490247,27.811477095587,29.8));
#9970 = SURFACE_CURVE('',#9971,(#9975,#9982),.PCURVE_S1.);
#9971 = LINE('',#9972,#9973);
#9972 = CARTESIAN_POINT('',(-10.97869490247,27.811477095587,34.));
#9973 = VECTOR('',#9974,1.);
#9974 = DIRECTION('',(0.,0.,1.));
#9975 = PCURVE('',#9944,#9976);
#9976 = DEFINITIONAL_REPRESENTATION('',(#9977),#9981);
#9977 = LINE('',#9978,#9979);
#9978 = CARTESIAN_POINT('',(0.204180894312,0.));
#9979 = VECTOR('',#9980,1.);
#9980 = DIRECTION('',(0.,-1.));
#9981 = ( GEOMETRIC_REPRESENTATION_CONTEXT(2) 
PARAMETRIC_REPRESENTATION_CONTEXT() REPRESENTATION_CONTEXT('2D SPACE',''
  ) );
#9982 = PCURVE('',#9983,#9988);
#9983 = CYLINDRICAL_SURFACE('',#9984,29.9);
#9984 = AXIS2_PLACEMENT_3D('',#9985,#9986,#9987);
#9985 = CARTESIAN_POINT('',(0.,0.,34.));
#9986 = DIRECTION('',(0.,0.,-1.));
#9987 = DIRECTION('',(1.,0.,0.));
#9988 = DEFINITIONAL_REPRESENTATION('',(#9989),#9993);
#9989 = LINE('',#9990,#9991);
#9990 = CARTESIAN_POINT('',(4.336413086184,0.));
#9991 = VECTOR('',#9992,1.);
#9992 = DIRECTION('',(0.,-1.));
#9993 = ( GEOMETRIC_REPRESENTATION_CONTEXT(2) 
PARAMETRIC_REPRESENTATION_CONTEXT() REPRESENTATION_CONTEXT('2D SPACE',''
  ) );
#9994 = ORIENTED_EDGE('',*,*,#9995,.F.);
#9995 = EDGE_CURVE('',#9996,#9968,#9998,.T.);
#9996 = VERTEX_POINT('',#9997);
#9997 = CARTESIAN_POINT('',(-11.05683154793,28.000115644772,29.8));
#9998 = SURFACE_CURVE('',#9999,(#10003,#10010),.PCURVE_S1.);
#9999 = LINE('',#10000,#10001);
#10000 = CARTESIAN_POINT('',(-10.90375817498,27.630563831768,29.8));
#10001 = VECTOR('',#10002,1.);
#10002 = DIRECTION('',(0.382683432365,-0.923879532511,0.));
#10003 = PCURVE('',#9944,#10004);
#10004 = DEFINITIONAL_REPRESENTATION('',(#10005),#10009);
#10005 = LINE('',#10006,#10007);
#10006 = CARTESIAN_POINT('',(0.4,4.2));
#10007 = VECTOR('',#10008,1.);
#10008 = DIRECTION('',(1.,0.));
#10009 = ( GEOMETRIC_REPRESENTATION_CONTEXT(2) 
PARAMETRIC_REPRESENTATION_CONTEXT() REPRESENTATION_CONTEXT('2D SPACE',''
  ) );
#10010 = PCURVE('',#10011,#10016);
#10011 = PLANE('',#10012);
#10012 = AXIS2_PLACEMENT_3D('',#10013,#10014,#10015);
#10013 = CARTESIAN_POINT('',(-11.44223462771,27.623998022087,29.8));
#10014 = DIRECTION('',(0.,0.,-1.));
#10015 = DIRECTION('',(-1.,0.,0.));
#10016 = DEFINITIONAL_REPRESENTATION('',(#10017),#10021);
#10017 = LINE('',#10018,#10019);
#10018 = CARTESIAN_POINT('',(-0.538476452729,6.565809680303E-03));
#10019 = VECTOR('',#10020,1.);
#10020 = DIRECTION('',(-0.382683432365,-0.923879532511));
#10021 = ( GEOMETRIC_REPRESENTATION_CONTEXT(2) 
PARAMETRIC_REPRESENTATION_CONTEXT() REPRESENTATION_CONTEXT('2D SPACE',''
  ) );
#10022 = ORIENTED_EDGE('',*,*,#10023,.F.);
#10023 = EDGE_CURVE('',#9936,#9996,#10024,.T.);
#10024 = SURFACE_CURVE('',#10025,(#10029,#10036),.PCURVE_S1.);
#10025 = LINE('',#10026,#10027);
#10026 = CARTESIAN_POINT('',(-11.05683154793,28.000115644772,34.));
#10027 = VECTOR('',#10028,1.);
#10028 = DIRECTION('',(0.,0.,-1.));
#10029 = PCURVE('',#9944,#10030);
#10030 = DEFINITIONAL_REPRESENTATION('',(#10031),#10035);
#10031 = LINE('',#10032,#10033);
#10032 = CARTESIAN_POINT('',(0.,0.));
#10033 = VECTOR('',#10034,1.);
#10034 = DIRECTION('',(0.,1.));
#10035 = ( GEOMETRIC_REPRESENTATION_CONTEXT(2) 
PARAMETRIC_REPRESENTATION_CONTEXT() REPRESENTATION_CONTEXT('2D SPACE',''
  ) );
#10036 = PCURVE('',#10037,#10042);
#10037 = PLANE('',#10038);
#10038 = AXIS2_PLACEMENT_3D('',#10039,#10040,#10041);
#10039 = CARTESIAN_POINT('',(-11.98071108044,27.617432212407,34.));
#10040 = DIRECTION('',(-0.382683432365,0.923879532511,0.));
#10041 = DIRECTION('',(0.923879532511,0.382683432365,0.));
#10042 = DEFINITIONAL_REPRESENTATION('',(#10043),#10047);
#10043 = LINE('',#10044,#10045);
#10044 = CARTESIAN_POINT('',(1.,0.));
#10045 = VECTOR('',#10046,1.);
#10046 = DIRECTION('',(0.,1.));
#10047 = ( GEOMETRIC_REPRESENTATION_CONTEXT(2) 
PARAMETRIC_REPRESENTATION_CONTEXT() REPRESENTATION_CONTEXT('2D SPACE',''
  ) );
#10048 = ADVANCED_FACE('',(#10049),#10063,.T.);
#10049 = FACE_BOUND('',#10050,.T.);
#10050 = EDGE_LOOP('',(#10051,#10086,#10113,#10141));
#10051 = ORIENTED_EDGE('',*,*,#10052,.F.);
#10052 = EDGE_CURVE('',#10053,#10055,#10057,.T.);
#10053 = VERTEX_POINT('',#10054);
#10054 = CARTESIAN_POINT('',(-10.97869490247,27.811477095587,32.875));
#10055 = VERTEX_POINT('',#10056);
#10056 = CARTESIAN_POINT('',(-10.97869490247,27.811477095587,34.));
#10057 = SURFACE_CURVE('',#10058,(#10062,#10074),.PCURVE_S1.);
#10058 = LINE('',#10059,#10060);
#10059 = CARTESIAN_POINT('',(-10.97869490247,27.811477095587,34.));
#10060 = VECTOR('',#10061,1.);
#10061 = DIRECTION('',(0.,0.,1.));
#10062 = PCURVE('',#10063,#10068);
#10063 = PLANE('',#10064);
#10064 = AXIS2_PLACEMENT_3D('',#10065,#10066,#10067);
#10065 = CARTESIAN_POINT('',(-11.05683154793,28.000115644772,34.));
#10066 = DIRECTION('',(0.923879532511,0.382683432365,0.));
#10067 = DIRECTION('',(0.382683432365,-0.923879532511,0.));
#10068 = DEFINITIONAL_REPRESENTATION('',(#10069),#10073);
#10069 = LINE('',#10070,#10071);
#10070 = CARTESIAN_POINT('',(0.204180894312,0.));
#10071 = VECTOR('',#10072,1.);
#10072 = DIRECTION('',(0.,-1.));
#10073 = ( GEOMETRIC_REPRESENTATION_CONTEXT(2) 
PARAMETRIC_REPRESENTATION_CONTEXT() REPRESENTATION_CONTEXT('2D SPACE',''
  ) );
#10074 = PCURVE('',#10075,#10080);
#10075 = CYLINDRICAL_SURFACE('',#10076,29.9);
#10076 = AXIS2_PLACEMENT_3D('',#10077,#10078,#10079);
#10077 = CARTESIAN_POINT('',(0.,0.,34.));
#10078 = DIRECTION('',(0.,0.,-1.));
#10079 = DIRECTION('',(1.,0.,0.));
#10080 = DEFINITIONAL_REPRESENTATION('',(#10081),#10085);
#10081 = LINE('',#10082,#10083);
#10082 = CARTESIAN_POINT('',(4.336413086184,0.));
#10083 = VECTOR('',#10084,1.);
#10084 = DIRECTION('',(0.,-1.));
#10085 = ( GEOMETRIC_REPRESENTATION_CONTEXT(2) 
PARAMETRIC_REPRESENTATION_CONTEXT() REPRESENTATION_CONTEXT('2D SPACE',''
  ) );
#10086 = ORIENTED_EDGE('',*,*,#10087,.F.);
#10087 = EDGE_CURVE('',#10088,#10053,#10090,.T.);
#10088 = VERTEX_POINT('',#10089);
#10089 = CARTESIAN_POINT('',(-11.05683154793,28.000115644772,
    32.619809328147));
#10090 = SURFACE_CURVE('',#10091,(#10095,#10102),.PCURVE_S1.);
#10091 = LINE('',#10092,#10093);
#10092 = CARTESIAN_POINT('',(-11.03610536524,27.950078213419,32.6875));
#10093 = VECTOR('',#10094,1.);
#10094 = DIRECTION('',(0.239080626355,-0.577191690646,0.780826617343));
#10095 = PCURVE('',#10063,#10096);
#10096 = DEFINITIONAL_REPRESENTATION('',(#10097),#10101);
#10097 = LINE('',#10098,#10099);
#10098 = CARTESIAN_POINT('',(5.416012542003E-02,1.3125));
#10099 = VECTOR('',#10100,1.);
#10100 = DIRECTION('',(0.624747784029,-0.780826617343));
#10101 = ( GEOMETRIC_REPRESENTATION_CONTEXT(2) 
PARAMETRIC_REPRESENTATION_CONTEXT() REPRESENTATION_CONTEXT('2D SPACE',''
  ) );
#10102 = PCURVE('',#10103,#10108);
#10103 = CONICAL_SURFACE('',#10104,30.,0.674740942224);
#10104 = AXIS2_PLACEMENT_3D('',#10105,#10106,#10107);
#10105 = CARTESIAN_POINT('',(0.,0.,32.75));
#10106 = DIRECTION('',(0.,0.,-1.));
#10107 = DIRECTION('',(1.,0.,0.));
#10108 = DEFINITIONAL_REPRESENTATION('',(#10109),#10112);
#10109 = B_SPLINE_CURVE_WITH_KNOTS('',1,(#10110,#10111),.UNSPECIFIED.,
  .F.,.F.,(2,2),(-8.669109666738E-02,0.240130133676),
  .PIECEWISE_BEZIER_KNOTS.);
#10110 = CARTESIAN_POINT('',(4.33629966677,0.13019067186));
#10111 = CARTESIAN_POINT('',(4.336413086184,-0.125));
#10112 = ( GEOMETRIC_REPRESENTATION_CONTEXT(2) 
PARAMETRIC_REPRESENTATION_CONTEXT() REPRESENTATION_CONTEXT('2D SPACE',''
  ) );
#10113 = ORIENTED_EDGE('',*,*,#10114,.F.);
#10114 = EDGE_CURVE('',#10115,#10088,#10117,.T.);
#10115 = VERTEX_POINT('',#10116);
#10116 = CARTESIAN_POINT('',(-11.05683154793,28.000115644772,34.));
#10117 = SURFACE_CURVE('',#10118,(#10122,#10129),.PCURVE_S1.);
#10118 = LINE('',#10119,#10120);
#10119 = CARTESIAN_POINT('',(-11.05683154793,28.000115644772,34.));
#10120 = VECTOR('',#10121,1.);
#10121 = DIRECTION('',(0.,0.,-1.));
#10122 = PCURVE('',#10063,#10123);
#10123 = DEFINITIONAL_REPRESENTATION('',(#10124),#10128);
#10124 = LINE('',#10125,#10126);
#10125 = CARTESIAN_POINT('',(0.,0.));
#10126 = VECTOR('',#10127,1.);
#10127 = DIRECTION('',(0.,1.));
#10128 = ( GEOMETRIC_REPRESENTATION_CONTEXT(2) 
PARAMETRIC_REPRESENTATION_CONTEXT() REPRESENTATION_CONTEXT('2D SPACE',''
  ) );
#10129 = PCURVE('',#10130,#10135);
#10130 = PLANE('',#10131);
#10131 = AXIS2_PLACEMENT_3D('',#10132,#10133,#10134);
#10132 = CARTESIAN_POINT('',(-11.98071108044,27.617432212407,34.));
#10133 = DIRECTION('',(-0.382683432365,0.923879532511,0.));
#10134 = DIRECTION('',(0.923879532511,0.382683432365,0.));
#10135 = DEFINITIONAL_REPRESENTATION('',(#10136),#10140);
#10136 = LINE('',#10137,#10138);
#10137 = CARTESIAN_POINT('',(1.,0.));
#10138 = VECTOR('',#10139,1.);
#10139 = DIRECTION('',(0.,1.));
#10140 = ( GEOMETRIC_REPRESENTATION_CONTEXT(2) 
PARAMETRIC_REPRESENTATION_CONTEXT() REPRESENTATION_CONTEXT('2D SPACE',''
  ) );
#10141 = ORIENTED_EDGE('',*,*,#10142,.F.);
#10142 = EDGE_CURVE('',#10055,#10115,#10143,.T.);
#10143 = SURFACE_CURVE('',#10144,(#10148,#10155),.PCURVE_S1.);
#10144 = LINE('',#10145,#10146);
#10145 = CARTESIAN_POINT('',(-5.297445890839,14.095728680477,34.));
#10146 = VECTOR('',#10147,1.);
#10147 = DIRECTION('',(-0.382683432365,0.923879532511,0.));
#10148 = PCURVE('',#10063,#10149);
#10149 = DEFINITIONAL_REPRESENTATION('',(#10150),#10154);
#10150 = LINE('',#10151,#10152);
#10151 = CARTESIAN_POINT('',(15.05,0.));
#10152 = VECTOR('',#10153,1.);
#10153 = DIRECTION('',(-1.,0.));
#10154 = ( GEOMETRIC_REPRESENTATION_CONTEXT(2) 
PARAMETRIC_REPRESENTATION_CONTEXT() REPRESENTATION_CONTEXT('2D SPACE',''
  ) );
#10155 = PCURVE('',#3330,#10156);
#10156 = DEFINITIONAL_REPRESENTATION('',(#10157),#10161);
#10157 = LINE('',#10158,#10159);
#10158 = CARTESIAN_POINT('',(-5.297445890839,14.095728680477));
#10159 = VECTOR('',#10160,1.);
#10160 = DIRECTION('',(-0.382683432365,0.923879532511));
#10161 = ( GEOMETRIC_REPRESENTATION_CONTEXT(2) 
PARAMETRIC_REPRESENTATION_CONTEXT() REPRESENTATION_CONTEXT('2D SPACE',''
  ) );
#10162 = ADVANCED_FACE('',(#10163),#10037,.T.);
#10163 = FACE_BOUND('',#10164,.T.);
#10164 = EDGE_LOOP('',(#10165,#10187,#10188,#10211));
#10165 = ORIENTED_EDGE('',*,*,#10166,.F.);
#10166 = EDGE_CURVE('',#9936,#10167,#10169,.T.);
#10167 = VERTEX_POINT('',#10168);
#10168 = CARTESIAN_POINT('',(-11.98071108044,27.617432212407,
    32.380190671853));
#10169 = SURFACE_CURVE('',#10170,(#10174,#10181),.PCURVE_S1.);
#10170 = ( BOUNDED_CURVE() B_SPLINE_CURVE(2,(#10171,#10172,#10173),
.UNSPECIFIED.,.F.,.F.) B_SPLINE_CURVE_WITH_KNOTS((3,3),(0.195734083462,
0.296022970376),.PIECEWISE_BEZIER_KNOTS.) CURVE() 
GEOMETRIC_REPRESENTATION_ITEM() RATIONAL_B_SPLINE_CURVE((1.001592040723,
1.001730218413,1.001592040723)) REPRESENTATION_ITEM('') );
#10171 = CARTESIAN_POINT('',(-11.05683154793,28.000115644772,
    32.380190671853));
#10172 = CARTESIAN_POINT('',(-11.51877131418,27.80877392859,
    32.369810044143));
#10173 = CARTESIAN_POINT('',(-11.98071108044,27.617432212407,
    32.380190671853));
#10174 = PCURVE('',#10037,#10175);
#10175 = DEFINITIONAL_REPRESENTATION('',(#10176),#10180);
#10176 = ( BOUNDED_CURVE() B_SPLINE_CURVE(2,(#10177,#10178,#10179),
.UNSPECIFIED.,.F.,.F.) B_SPLINE_CURVE_WITH_KNOTS((3,3),(0.195734083462,
0.296022970376),.PIECEWISE_BEZIER_KNOTS.) CURVE() 
GEOMETRIC_REPRESENTATION_ITEM() RATIONAL_B_SPLINE_CURVE((1.001592040723,
1.001730218413,1.001592040723)) REPRESENTATION_ITEM('') );
#10177 = CARTESIAN_POINT('',(1.,1.619809328147));
#10178 = CARTESIAN_POINT('',(0.5,1.630189955857));
#10179 = CARTESIAN_POINT('',(0.,1.619809328147));
#10180 = ( GEOMETRIC_REPRESENTATION_CONTEXT(2) 
PARAMETRIC_REPRESENTATION_CONTEXT() REPRESENTATION_CONTEXT('2D SPACE',''
  ) );
#10181 = PCURVE('',#9956,#10182);
#10182 = DEFINITIONAL_REPRESENTATION('',(#10183),#10186);
#10183 = B_SPLINE_CURVE_WITH_KNOTS('',1,(#10184,#10185),.UNSPECIFIED.,
  .F.,.F.,(2,2),(0.195734083462,0.296022970376),
  .PIECEWISE_BEZIER_KNOTS.);
#10184 = CARTESIAN_POINT('',(1.94688564044,0.130190671853));
#10185 = CARTESIAN_POINT('',(1.980105176548,0.130190671853));
#10186 = ( GEOMETRIC_REPRESENTATION_CONTEXT(2) 
PARAMETRIC_REPRESENTATION_CONTEXT() REPRESENTATION_CONTEXT('2D SPACE',''
  ) );
#10187 = ORIENTED_EDGE('',*,*,#10023,.T.);
#10188 = ORIENTED_EDGE('',*,*,#10189,.F.);
#10189 = EDGE_CURVE('',#10190,#9996,#10192,.T.);
#10190 = VERTEX_POINT('',#10191);
#10191 = CARTESIAN_POINT('',(-11.98071108044,27.617432212407,29.8));
#10192 = SURFACE_CURVE('',#10193,(#10197,#10204),.PCURVE_S1.);
#10193 = LINE('',#10194,#10195);
#10194 = CARTESIAN_POINT('',(-11.05683154793,28.000115644772,29.8));
#10195 = VECTOR('',#10196,1.);
#10196 = DIRECTION('',(0.923879532511,0.382683432365,0.));
#10197 = PCURVE('',#10037,#10198);
#10198 = DEFINITIONAL_REPRESENTATION('',(#10199),#10203);
#10199 = LINE('',#10200,#10201);
#10200 = CARTESIAN_POINT('',(1.,4.2));
#10201 = VECTOR('',#10202,1.);
#10202 = DIRECTION('',(1.,0.));
#10203 = ( GEOMETRIC_REPRESENTATION_CONTEXT(2) 
PARAMETRIC_REPRESENTATION_CONTEXT() REPRESENTATION_CONTEXT('2D SPACE',''
  ) );
#10204 = PCURVE('',#10011,#10205);
#10205 = DEFINITIONAL_REPRESENTATION('',(#10206),#10210);
#10206 = LINE('',#10207,#10208);
#10207 = CARTESIAN_POINT('',(-0.385403079783,0.376117622685));
#10208 = VECTOR('',#10209,1.);
#10209 = DIRECTION('',(-0.923879532511,0.382683432365));
#10210 = ( GEOMETRIC_REPRESENTATION_CONTEXT(2) 
PARAMETRIC_REPRESENTATION_CONTEXT() REPRESENTATION_CONTEXT('2D SPACE',''
  ) );
#10211 = ORIENTED_EDGE('',*,*,#10212,.F.);
#10212 = EDGE_CURVE('',#10167,#10190,#10213,.T.);
#10213 = SURFACE_CURVE('',#10214,(#10218,#10225),.PCURVE_S1.);
#10214 = LINE('',#10215,#10216);
#10215 = CARTESIAN_POINT('',(-11.98071108044,27.617432212407,34.));
#10216 = VECTOR('',#10217,1.);
#10217 = DIRECTION('',(0.,0.,-1.));
#10218 = PCURVE('',#10037,#10219);
#10219 = DEFINITIONAL_REPRESENTATION('',(#10220),#10224);
#10220 = LINE('',#10221,#10222);
#10221 = CARTESIAN_POINT('',(0.,0.));
#10222 = VECTOR('',#10223,1.);
#10223 = DIRECTION('',(0.,1.));
#10224 = ( GEOMETRIC_REPRESENTATION_CONTEXT(2) 
PARAMETRIC_REPRESENTATION_CONTEXT() REPRESENTATION_CONTEXT('2D SPACE',''
  ) );
#10225 = PCURVE('',#10226,#10231);
#10226 = PLANE('',#10227);
#10227 = AXIS2_PLACEMENT_3D('',#10228,#10229,#10230);
#10228 = CARTESIAN_POINT('',(-11.82763770749,27.247880399403,34.));
#10229 = DIRECTION('',(-0.923879532511,-0.382683432365,0.));
#10230 = DIRECTION('',(-0.382683432365,0.923879532511,0.));
#10231 = DEFINITIONAL_REPRESENTATION('',(#10232),#10236);
#10232 = LINE('',#10233,#10234);
#10233 = CARTESIAN_POINT('',(0.4,0.));
#10234 = VECTOR('',#10235,1.);
#10235 = DIRECTION('',(0.,1.));
#10236 = ( GEOMETRIC_REPRESENTATION_CONTEXT(2) 
PARAMETRIC_REPRESENTATION_CONTEXT() REPRESENTATION_CONTEXT('2D SPACE',''
  ) );
#10237 = ADVANCED_FACE('',(#10238),#10011,.T.);
#10238 = FACE_BOUND('',#10239,.T.);
#10239 = EDGE_LOOP('',(#10240,#10264,#10285,#10286));
#10240 = ORIENTED_EDGE('',*,*,#10241,.F.);
#10241 = EDGE_CURVE('',#10242,#9968,#10244,.T.);
#10242 = VERTEX_POINT('',#10243);
#10243 = CARTESIAN_POINT('',(-11.90257443498,27.428793663222,29.8));
#10244 = SURFACE_CURVE('',#10245,(#10250,#10257),.PCURVE_S1.);
#10245 = CIRCLE('',#10246,29.9);
#10246 = AXIS2_PLACEMENT_3D('',#10247,#10248,#10249);
#10247 = CARTESIAN_POINT('',(0.,0.,29.8));
#10248 = DIRECTION('',(0.,0.,-1.));
#10249 = DIRECTION('',(1.,0.,0.));
#10250 = PCURVE('',#10011,#10251);
#10251 = DEFINITIONAL_REPRESENTATION('',(#10252),#10256);
#10252 = CIRCLE('',#10253,29.9);
#10253 = AXIS2_PLACEMENT_2D('',#10254,#10255);
#10254 = CARTESIAN_POINT('',(-11.44223462771,-27.62399802208));
#10255 = DIRECTION('',(-1.,0.));
#10256 = ( GEOMETRIC_REPRESENTATION_CONTEXT(2) 
PARAMETRIC_REPRESENTATION_CONTEXT() REPRESENTATION_CONTEXT('2D SPACE',''
  ) );
#10257 = PCURVE('',#9983,#10258);
#10258 = DEFINITIONAL_REPRESENTATION('',(#10259),#10263);
#10259 = LINE('',#10260,#10261);
#10260 = CARTESIAN_POINT('',(0.,4.2));
#10261 = VECTOR('',#10262,1.);
#10262 = DIRECTION('',(1.,0.));
#10263 = ( GEOMETRIC_REPRESENTATION_CONTEXT(2) 
PARAMETRIC_REPRESENTATION_CONTEXT() REPRESENTATION_CONTEXT('2D SPACE',''
  ) );
#10264 = ORIENTED_EDGE('',*,*,#10265,.T.);
#10265 = EDGE_CURVE('',#10242,#10190,#10266,.T.);
#10266 = SURFACE_CURVE('',#10267,(#10271,#10278),.PCURVE_S1.);
#10267 = LINE('',#10268,#10269);
#10268 = CARTESIAN_POINT('',(-11.98071108044,27.617432212407,29.8));
#10269 = VECTOR('',#10270,1.);
#10270 = DIRECTION('',(-0.382683432365,0.923879532511,0.));
#10271 = PCURVE('',#10011,#10272);
#10272 = DEFINITIONAL_REPRESENTATION('',(#10273),#10277);
#10273 = LINE('',#10274,#10275);
#10274 = CARTESIAN_POINT('',(0.538476452729,-6.5658096803E-03));
#10275 = VECTOR('',#10276,1.);
#10276 = DIRECTION('',(0.382683432365,0.923879532511));
#10277 = ( GEOMETRIC_REPRESENTATION_CONTEXT(2) 
PARAMETRIC_REPRESENTATION_CONTEXT() REPRESENTATION_CONTEXT('2D SPACE',''
  ) );
#10278 = PCURVE('',#10226,#10279);
#10279 = DEFINITIONAL_REPRESENTATION('',(#10280),#10284);
#10280 = LINE('',#10281,#10282);
#10281 = CARTESIAN_POINT('',(0.4,4.2));
#10282 = VECTOR('',#10283,1.);
#10283 = DIRECTION('',(1.,0.));
#10284 = ( GEOMETRIC_REPRESENTATION_CONTEXT(2) 
PARAMETRIC_REPRESENTATION_CONTEXT() REPRESENTATION_CONTEXT('2D SPACE',''
  ) );
#10285 = ORIENTED_EDGE('',*,*,#10189,.T.);
#10286 = ORIENTED_EDGE('',*,*,#9995,.T.);
#10287 = ADVANCED_FACE('',(#10288),#10226,.T.);
#10288 = FACE_BOUND('',#10289,.T.);
#10289 = EDGE_LOOP('',(#10290,#10312,#10313,#10314));
#10290 = ORIENTED_EDGE('',*,*,#10291,.F.);
#10291 = EDGE_CURVE('',#10167,#10292,#10294,.T.);
#10292 = VERTEX_POINT('',#10293);
#10293 = CARTESIAN_POINT('',(-11.90257443498,27.428793663222,32.125));
#10294 = SURFACE_CURVE('',#10295,(#10299,#10306),.PCURVE_S1.);
#10295 = LINE('',#10296,#10297);
#10296 = CARTESIAN_POINT('',(-11.95998489775,27.567394781053,32.3125));
#10297 = VECTOR('',#10298,1.);
#10298 = DIRECTION('',(0.239080626355,-0.577191690646,-0.780826617343));
#10299 = PCURVE('',#10226,#10300);
#10300 = DEFINITIONAL_REPRESENTATION('',(#10301),#10305);
#10301 = LINE('',#10302,#10303);
#10302 = CARTESIAN_POINT('',(0.34583987458,1.6875));
#10303 = VECTOR('',#10304,1.);
#10304 = DIRECTION('',(-0.624747784029,0.780826617343));
#10305 = ( GEOMETRIC_REPRESENTATION_CONTEXT(2) 
PARAMETRIC_REPRESENTATION_CONTEXT() REPRESENTATION_CONTEXT('2D SPACE',''
  ) );
#10306 = PCURVE('',#9956,#10307);
#10307 = DEFINITIONAL_REPRESENTATION('',(#10308),#10311);
#10308 = B_SPLINE_CURVE_WITH_KNOTS('',1,(#10309,#10310),.UNSPECIFIED.,
  .F.,.F.,(2,2),(-8.669109666735E-02,0.240130133676),
  .PIECEWISE_BEZIER_KNOTS.);
#10309 = CARTESIAN_POINT('',(1.980105176578,0.13019067186));
#10310 = CARTESIAN_POINT('',(1.980218595991,-0.125));
#10311 = ( GEOMETRIC_REPRESENTATION_CONTEXT(2) 
PARAMETRIC_REPRESENTATION_CONTEXT() REPRESENTATION_CONTEXT('2D SPACE',''
  ) );
#10312 = ORIENTED_EDGE('',*,*,#10212,.T.);
#10313 = ORIENTED_EDGE('',*,*,#10265,.F.);
#10314 = ORIENTED_EDGE('',*,*,#10315,.F.);
#10315 = EDGE_CURVE('',#10292,#10242,#10316,.T.);
#10316 = SURFACE_CURVE('',#10317,(#10321,#10328),.PCURVE_S1.);
#10317 = LINE('',#10318,#10319);
#10318 = CARTESIAN_POINT('',(-11.90257443498,27.428793663222,34.));
#10319 = VECTOR('',#10320,1.);
#10320 = DIRECTION('',(0.,0.,-1.));
#10321 = PCURVE('',#10226,#10322);
#10322 = DEFINITIONAL_REPRESENTATION('',(#10323),#10327);
#10323 = LINE('',#10324,#10325);
#10324 = CARTESIAN_POINT('',(0.195819105688,0.));
#10325 = VECTOR('',#10326,1.);
#10326 = DIRECTION('',(0.,1.));
#10327 = ( GEOMETRIC_REPRESENTATION_CONTEXT(2) 
PARAMETRIC_REPRESENTATION_CONTEXT() REPRESENTATION_CONTEXT('2D SPACE',''
  ) );
#10328 = PCURVE('',#9983,#10329);
#10329 = DEFINITIONAL_REPRESENTATION('',(#10330),#10334);
#10330 = LINE('',#10331,#10332);
#10331 = CARTESIAN_POINT('',(4.302966711188,0.));
#10332 = VECTOR('',#10333,1.);
#10333 = DIRECTION('',(0.,1.));
#10334 = ( GEOMETRIC_REPRESENTATION_CONTEXT(2) 
PARAMETRIC_REPRESENTATION_CONTEXT() REPRESENTATION_CONTEXT('2D SPACE',''
  ) );
#10335 = ADVANCED_FACE('',(#10336),#10130,.T.);
#10336 = FACE_BOUND('',#10337,.T.);
#10337 = EDGE_LOOP('',(#10338,#10360,#10388,#10409));
#10338 = ORIENTED_EDGE('',*,*,#10339,.F.);
#10339 = EDGE_CURVE('',#10340,#10088,#10342,.T.);
#10340 = VERTEX_POINT('',#10341);
#10341 = CARTESIAN_POINT('',(-11.98071108044,27.617432212407,
    32.619809328147));
#10342 = SURFACE_CURVE('',#10343,(#10347,#10354),.PCURVE_S1.);
#10343 = ( BOUNDED_CURVE() B_SPLINE_CURVE(2,(#10344,#10345,#10346),
.UNSPECIFIED.,.F.,.F.) B_SPLINE_CURVE_WITH_KNOTS((3,3),(0.195734083462,
0.296022970376),.PIECEWISE_BEZIER_KNOTS.) CURVE() 
GEOMETRIC_REPRESENTATION_ITEM() RATIONAL_B_SPLINE_CURVE((1.001592040723,
1.001730218413,1.001592040723)) REPRESENTATION_ITEM('') );
#10344 = CARTESIAN_POINT('',(-11.98071108044,27.617432212407,
    32.619809328147));
#10345 = CARTESIAN_POINT('',(-11.51877131418,27.80877392859,
    32.630189955857));
#10346 = CARTESIAN_POINT('',(-11.05683154793,28.000115644772,
    32.619809328147));
#10347 = PCURVE('',#10130,#10348);
#10348 = DEFINITIONAL_REPRESENTATION('',(#10349),#10353);
#10349 = ( BOUNDED_CURVE() B_SPLINE_CURVE(2,(#10350,#10351,#10352),
.UNSPECIFIED.,.F.,.F.) B_SPLINE_CURVE_WITH_KNOTS((3,3),(0.195734083462,
0.296022970376),.PIECEWISE_BEZIER_KNOTS.) CURVE() 
GEOMETRIC_REPRESENTATION_ITEM() RATIONAL_B_SPLINE_CURVE((1.001592040723,
1.001730218413,1.001592040723)) REPRESENTATION_ITEM('') );
#10350 = CARTESIAN_POINT('',(0.,1.380190671853));
#10351 = CARTESIAN_POINT('',(0.5,1.369810044143));
#10352 = CARTESIAN_POINT('',(1.,1.380190671853));
#10353 = ( GEOMETRIC_REPRESENTATION_CONTEXT(2) 
PARAMETRIC_REPRESENTATION_CONTEXT() REPRESENTATION_CONTEXT('2D SPACE',''
  ) );
#10354 = PCURVE('',#10103,#10355);
#10355 = DEFINITIONAL_REPRESENTATION('',(#10356),#10359);
#10356 = B_SPLINE_CURVE_WITH_KNOTS('',1,(#10357,#10358),.UNSPECIFIED.,
  .F.,.F.,(2,2),(0.195734083462,0.296022970376),
  .PIECEWISE_BEZIER_KNOTS.);
#10357 = CARTESIAN_POINT('',(4.303080130632,0.130190671853));
#10358 = CARTESIAN_POINT('',(4.33629966674,0.130190671853));
#10359 = ( GEOMETRIC_REPRESENTATION_CONTEXT(2) 
PARAMETRIC_REPRESENTATION_CONTEXT() REPRESENTATION_CONTEXT('2D SPACE',''
  ) );
#10360 = ORIENTED_EDGE('',*,*,#10361,.F.);
#10361 = EDGE_CURVE('',#10362,#10340,#10364,.T.);
#10362 = VERTEX_POINT('',#10363);
#10363 = CARTESIAN_POINT('',(-11.98071108044,27.617432212407,34.));
#10364 = SURFACE_CURVE('',#10365,(#10369,#10376),.PCURVE_S1.);
#10365 = LINE('',#10366,#10367);
#10366 = CARTESIAN_POINT('',(-11.98071108044,27.617432212407,34.));
#10367 = VECTOR('',#10368,1.);
#10368 = DIRECTION('',(0.,0.,-1.));
#10369 = PCURVE('',#10130,#10370);
#10370 = DEFINITIONAL_REPRESENTATION('',(#10371),#10375);
#10371 = LINE('',#10372,#10373);
#10372 = CARTESIAN_POINT('',(0.,0.));
#10373 = VECTOR('',#10374,1.);
#10374 = DIRECTION('',(0.,1.));
#10375 = ( GEOMETRIC_REPRESENTATION_CONTEXT(2) 
PARAMETRIC_REPRESENTATION_CONTEXT() REPRESENTATION_CONTEXT('2D SPACE',''
  ) );
#10376 = PCURVE('',#10377,#10382);
#10377 = PLANE('',#10378);
#10378 = AXIS2_PLACEMENT_3D('',#10379,#10380,#10381);
#10379 = CARTESIAN_POINT('',(-11.82763770749,27.247880399403,34.));
#10380 = DIRECTION('',(-0.923879532511,-0.382683432365,0.));
#10381 = DIRECTION('',(-0.382683432365,0.923879532511,0.));
#10382 = DEFINITIONAL_REPRESENTATION('',(#10383),#10387);
#10383 = LINE('',#10384,#10385);
#10384 = CARTESIAN_POINT('',(0.4,0.));
#10385 = VECTOR('',#10386,1.);
#10386 = DIRECTION('',(0.,1.));
#10387 = ( GEOMETRIC_REPRESENTATION_CONTEXT(2) 
PARAMETRIC_REPRESENTATION_CONTEXT() REPRESENTATION_CONTEXT('2D SPACE',''
  ) );
#10388 = ORIENTED_EDGE('',*,*,#10389,.F.);
#10389 = EDGE_CURVE('',#10115,#10362,#10390,.T.);
#10390 = SURFACE_CURVE('',#10391,(#10395,#10402),.PCURVE_S1.);
#10391 = LINE('',#10392,#10393);
#10392 = CARTESIAN_POINT('',(-11.74974119731,27.713103070498,34.));
#10393 = VECTOR('',#10394,1.);
#10394 = DIRECTION('',(-0.923879532511,-0.382683432365,0.));
#10395 = PCURVE('',#10130,#10396);
#10396 = DEFINITIONAL_REPRESENTATION('',(#10397),#10401);
#10397 = LINE('',#10398,#10399);
#10398 = CARTESIAN_POINT('',(0.25,0.));
#10399 = VECTOR('',#10400,1.);
#10400 = DIRECTION('',(-1.,-0.));
#10401 = ( GEOMETRIC_REPRESENTATION_CONTEXT(2) 
PARAMETRIC_REPRESENTATION_CONTEXT() REPRESENTATION_CONTEXT('2D SPACE',''
  ) );
#10402 = PCURVE('',#3330,#10403);
#10403 = DEFINITIONAL_REPRESENTATION('',(#10404),#10408);
#10404 = LINE('',#10405,#10406);
#10405 = CARTESIAN_POINT('',(-11.74974119731,27.713103070498));
#10406 = VECTOR('',#10407,1.);
#10407 = DIRECTION('',(-0.923879532511,-0.382683432365));
#10408 = ( GEOMETRIC_REPRESENTATION_CONTEXT(2) 
PARAMETRIC_REPRESENTATION_CONTEXT() REPRESENTATION_CONTEXT('2D SPACE',''
  ) );
#10409 = ORIENTED_EDGE('',*,*,#10114,.T.);
#10410 = ADVANCED_FACE('',(#10411),#10377,.T.);
#10411 = FACE_BOUND('',#10412,.T.);
#10412 = EDGE_LOOP('',(#10413,#10443,#10464,#10465));
#10413 = ORIENTED_EDGE('',*,*,#10414,.F.);
#10414 = EDGE_CURVE('',#10415,#10417,#10419,.T.);
#10415 = VERTEX_POINT('',#10416);
#10416 = CARTESIAN_POINT('',(-11.90257443498,27.428793663222,34.));
#10417 = VERTEX_POINT('',#10418);
#10418 = CARTESIAN_POINT('',(-11.90257443498,27.428793663222,32.875));
#10419 = SURFACE_CURVE('',#10420,(#10424,#10431),.PCURVE_S1.);
#10420 = LINE('',#10421,#10422);
#10421 = CARTESIAN_POINT('',(-11.90257443498,27.428793663222,34.));
#10422 = VECTOR('',#10423,1.);
#10423 = DIRECTION('',(0.,0.,-1.));
#10424 = PCURVE('',#10377,#10425);
#10425 = DEFINITIONAL_REPRESENTATION('',(#10426),#10430);
#10426 = LINE('',#10427,#10428);
#10427 = CARTESIAN_POINT('',(0.195819105688,0.));
#10428 = VECTOR('',#10429,1.);
#10429 = DIRECTION('',(0.,1.));
#10430 = ( GEOMETRIC_REPRESENTATION_CONTEXT(2) 
PARAMETRIC_REPRESENTATION_CONTEXT() REPRESENTATION_CONTEXT('2D SPACE',''
  ) );
#10431 = PCURVE('',#10432,#10437);
#10432 = CYLINDRICAL_SURFACE('',#10433,29.9);
#10433 = AXIS2_PLACEMENT_3D('',#10434,#10435,#10436);
#10434 = CARTESIAN_POINT('',(0.,0.,34.));
#10435 = DIRECTION('',(0.,0.,-1.));
#10436 = DIRECTION('',(1.,0.,0.));
#10437 = DEFINITIONAL_REPRESENTATION('',(#10438),#10442);
#10438 = LINE('',#10439,#10440);
#10439 = CARTESIAN_POINT('',(4.302966711188,0.));
#10440 = VECTOR('',#10441,1.);
#10441 = DIRECTION('',(0.,1.));
#10442 = ( GEOMETRIC_REPRESENTATION_CONTEXT(2) 
PARAMETRIC_REPRESENTATION_CONTEXT() REPRESENTATION_CONTEXT('2D SPACE',''
  ) );
#10443 = ORIENTED_EDGE('',*,*,#10444,.F.);
#10444 = EDGE_CURVE('',#10362,#10415,#10445,.T.);
#10445 = SURFACE_CURVE('',#10446,(#10450,#10457),.PCURVE_S1.);
#10446 = LINE('',#10447,#10448);
#10447 = CARTESIAN_POINT('',(-6.144788736877,13.52826934161,34.));
#10448 = VECTOR('',#10449,1.);
#10449 = DIRECTION('',(0.382683432365,-0.923879532511,0.));
#10450 = PCURVE('',#10377,#10451);
#10451 = DEFINITIONAL_REPRESENTATION('',(#10452),#10456);
#10452 = LINE('',#10453,#10454);
#10453 = CARTESIAN_POINT('',(-14.85,-0.));
#10454 = VECTOR('',#10455,1.);
#10455 = DIRECTION('',(-1.,-0.));
#10456 = ( GEOMETRIC_REPRESENTATION_CONTEXT(2) 
PARAMETRIC_REPRESENTATION_CONTEXT() REPRESENTATION_CONTEXT('2D SPACE',''
  ) );
#10457 = PCURVE('',#3330,#10458);
#10458 = DEFINITIONAL_REPRESENTATION('',(#10459),#10463);
#10459 = LINE('',#10460,#10461);
#10460 = CARTESIAN_POINT('',(-6.144788736877,13.52826934161));
#10461 = VECTOR('',#10462,1.);
#10462 = DIRECTION('',(0.382683432365,-0.923879532511));
#10463 = ( GEOMETRIC_REPRESENTATION_CONTEXT(2) 
PARAMETRIC_REPRESENTATION_CONTEXT() REPRESENTATION_CONTEXT('2D SPACE',''
  ) );
#10464 = ORIENTED_EDGE('',*,*,#10361,.T.);
#10465 = ORIENTED_EDGE('',*,*,#10466,.F.);
#10466 = EDGE_CURVE('',#10417,#10340,#10467,.T.);
#10467 = SURFACE_CURVE('',#10468,(#10472,#10479),.PCURVE_S1.);
#10468 = LINE('',#10469,#10470);
#10469 = CARTESIAN_POINT('',(-11.95998489775,27.567394781053,32.6875));
#10470 = VECTOR('',#10471,1.);
#10471 = DIRECTION('',(-0.239080626355,0.577191690646,-0.780826617343));
#10472 = PCURVE('',#10377,#10473);
#10473 = DEFINITIONAL_REPRESENTATION('',(#10474),#10478);
#10474 = LINE('',#10475,#10476);
#10475 = CARTESIAN_POINT('',(0.34583987458,1.3125));
#10476 = VECTOR('',#10477,1.);
#10477 = DIRECTION('',(0.624747784029,0.780826617343));
#10478 = ( GEOMETRIC_REPRESENTATION_CONTEXT(2) 
PARAMETRIC_REPRESENTATION_CONTEXT() REPRESENTATION_CONTEXT('2D SPACE',''
  ) );
#10479 = PCURVE('',#10103,#10480);
#10480 = DEFINITIONAL_REPRESENTATION('',(#10481),#10484);
#10481 = B_SPLINE_CURVE_WITH_KNOTS('',1,(#10482,#10483),.UNSPECIFIED.,
  .F.,.F.,(2,2),(-0.240130133676,8.669109666735E-02),
  .PIECEWISE_BEZIER_KNOTS.);
#10482 = CARTESIAN_POINT('',(4.302966711188,-0.125));
#10483 = CARTESIAN_POINT('',(4.303080130602,0.13019067186));
#10484 = ( GEOMETRIC_REPRESENTATION_CONTEXT(2) 
PARAMETRIC_REPRESENTATION_CONTEXT() REPRESENTATION_CONTEXT('2D SPACE',''
  ) );
#10485 = ADVANCED_FACE('',(#10486),#10103,.T.);
#10486 = FACE_BOUND('',#10487,.T.);
#10487 = EDGE_LOOP('',(#10488,#10489,#10490,#10491,#10515,#10542,#10566,
    #10593,#10622,#10649,#10676,#10703));
#10488 = ORIENTED_EDGE('',*,*,#10466,.T.);
#10489 = ORIENTED_EDGE('',*,*,#10339,.T.);
#10490 = ORIENTED_EDGE('',*,*,#10087,.T.);
#10491 = ORIENTED_EDGE('',*,*,#10492,.F.);
#10492 = EDGE_CURVE('',#10493,#10053,#10495,.T.);
#10493 = VERTEX_POINT('',#10494);
#10494 = CARTESIAN_POINT('',(-1.8,29.845770219581,32.875));
#10495 = SURFACE_CURVE('',#10496,(#10501,#10508),.PCURVE_S1.);
#10496 = CIRCLE('',#10497,29.9);
#10497 = AXIS2_PLACEMENT_3D('',#10498,#10499,#10500);
#10498 = CARTESIAN_POINT('',(0.,0.,32.875));
#10499 = DIRECTION('',(0.,0.,1.));
#10500 = DIRECTION('',(1.,0.,-0.));
#10501 = PCURVE('',#10103,#10502);
#10502 = DEFINITIONAL_REPRESENTATION('',(#10503),#10507);
#10503 = LINE('',#10504,#10505);
#10504 = CARTESIAN_POINT('',(6.28318530718,-0.125));
#10505 = VECTOR('',#10506,1.);
#10506 = DIRECTION('',(-1.,0.));
#10507 = ( GEOMETRIC_REPRESENTATION_CONTEXT(2) 
PARAMETRIC_REPRESENTATION_CONTEXT() REPRESENTATION_CONTEXT('2D SPACE',''
  ) );
#10508 = PCURVE('',#10075,#10509);
#10509 = DEFINITIONAL_REPRESENTATION('',(#10510),#10514);
#10510 = LINE('',#10511,#10512);
#10511 = CARTESIAN_POINT('',(6.28318530718,1.125));
#10512 = VECTOR('',#10513,1.);
#10513 = DIRECTION('',(-1.,0.));
#10514 = ( GEOMETRIC_REPRESENTATION_CONTEXT(2) 
PARAMETRIC_REPRESENTATION_CONTEXT() REPRESENTATION_CONTEXT('2D SPACE',''
  ) );
#10515 = ORIENTED_EDGE('',*,*,#10516,.T.);
#10516 = EDGE_CURVE('',#10493,#10517,#10519,.T.);
#10517 = VERTEX_POINT('',#10518);
#10518 = CARTESIAN_POINT('',(-1.8,30.146309890267,32.5));
#10519 = SURFACE_CURVE('',#10520,(#10524,#10530),.PCURVE_S1.);
#10520 = LINE('',#10521,#10522);
#10521 = CARTESIAN_POINT('',(-1.8,29.996040054924,32.6875));
#10522 = VECTOR('',#10523,1.);
#10523 = DIRECTION('',(5.775533501575E-16,0.62537954919,-0.780320715767)
  );
#10524 = PCURVE('',#10103,#10525);
#10525 = DEFINITIONAL_REPRESENTATION('',(#10526),#10529);
#10526 = B_SPLINE_CURVE_WITH_KNOTS('',1,(#10527,#10528),.UNSPECIFIED.,
  .F.,.F.,(2,2),(-0.24028581609,0.24028581609),
  .PIECEWISE_BEZIER_KNOTS.);
#10527 = CARTESIAN_POINT('',(4.652151889645,-0.125));
#10528 = CARTESIAN_POINT('',(4.65275098535,0.25));
#10529 = ( GEOMETRIC_REPRESENTATION_CONTEXT(2) 
PARAMETRIC_REPRESENTATION_CONTEXT() REPRESENTATION_CONTEXT('2D SPACE',''
  ) );
#10530 = PCURVE('',#10531,#10536);
#10531 = PLANE('',#10532);
#10532 = AXIS2_PLACEMENT_3D('',#10533,#10534,#10535);
#10533 = CARTESIAN_POINT('',(-1.8,28.2,34.));
#10534 = DIRECTION('',(-1.,8.410780489585E-17,0.));
#10535 = DIRECTION('',(8.410780489585E-17,1.,0.));
#10536 = DEFINITIONAL_REPRESENTATION('',(#10537),#10541);
#10537 = LINE('',#10538,#10539);
#10538 = CARTESIAN_POINT('',(1.796040054924,1.3125));
#10539 = VECTOR('',#10540,1.);
#10540 = DIRECTION('',(0.62537954919,0.780320715767));
#10541 = ( GEOMETRIC_REPRESENTATION_CONTEXT(2) 
PARAMETRIC_REPRESENTATION_CONTEXT() REPRESENTATION_CONTEXT('2D SPACE',''
  ) );
#10542 = ORIENTED_EDGE('',*,*,#10543,.T.);
#10543 = EDGE_CURVE('',#10517,#10544,#10546,.T.);
#10544 = VERTEX_POINT('',#10545);
#10545 = CARTESIAN_POINT('',(-30.19068564971,0.75,32.5));
#10546 = SURFACE_CURVE('',#10547,(#10552,#10559),.PCURVE_S1.);
#10547 = CIRCLE('',#10548,30.2);
#10548 = AXIS2_PLACEMENT_3D('',#10549,#10550,#10551);
#10549 = CARTESIAN_POINT('',(0.,0.,32.5));
#10550 = DIRECTION('',(0.,0.,1.));
#10551 = DIRECTION('',(1.,0.,-0.));
#10552 = PCURVE('',#10103,#10553);
#10553 = DEFINITIONAL_REPRESENTATION('',(#10554),#10558);
#10554 = LINE('',#10555,#10556);
#10555 = CARTESIAN_POINT('',(6.28318530718,0.25));
#10556 = VECTOR('',#10557,1.);
#10557 = DIRECTION('',(-1.,2.303948079286E-15));
#10558 = ( GEOMETRIC_REPRESENTATION_CONTEXT(2) 
PARAMETRIC_REPRESENTATION_CONTEXT() REPRESENTATION_CONTEXT('2D SPACE',''
  ) );
#10559 = PCURVE('',#9956,#10560);
#10560 = DEFINITIONAL_REPRESENTATION('',(#10561),#10565);
#10561 = LINE('',#10562,#10563);
#10562 = CARTESIAN_POINT('',(0.,0.25));
#10563 = VECTOR('',#10564,1.);
#10564 = DIRECTION('',(1.,3.470504068798E-15));
#10565 = ( GEOMETRIC_REPRESENTATION_CONTEXT(2) 
PARAMETRIC_REPRESENTATION_CONTEXT() REPRESENTATION_CONTEXT('2D SPACE',''
  ) );
#10566 = ORIENTED_EDGE('',*,*,#10567,.T.);
#10567 = EDGE_CURVE('',#10544,#10568,#10570,.T.);
#10568 = VERTEX_POINT('',#10569);
#10569 = CARTESIAN_POINT('',(-29.89059216542,0.75,32.875));
#10570 = SURFACE_CURVE('',#10571,(#10575,#10581),.PCURVE_S1.);
#10571 = LINE('',#10572,#10573);
#10572 = CARTESIAN_POINT('',(-30.04063890757,0.75,32.6875));
#10573 = VECTOR('',#10574,1.);
#10574 = DIRECTION('',(0.624813723408,-2.889443699004E-16,0.780773853968
    ));
#10575 = PCURVE('',#10103,#10576);
#10576 = DEFINITIONAL_REPRESENTATION('',(#10577),#10580);
#10577 = B_SPLINE_CURVE_WITH_KNOTS('',1,(#10578,#10579),.UNSPECIFIED.,
  .F.,.F.,(2,2),(-0.240146361263,0.240146361263),
  .PIECEWISE_BEZIER_KNOTS.);
#10578 = CARTESIAN_POINT('',(3.166429644155,0.25));
#10579 = CARTESIAN_POINT('',(3.166678896758,-0.125));
#10580 = ( GEOMETRIC_REPRESENTATION_CONTEXT(2) 
PARAMETRIC_REPRESENTATION_CONTEXT() REPRESENTATION_CONTEXT('2D SPACE',''
  ) );
#10581 = PCURVE('',#10582,#10587);
#10582 = PLANE('',#10583);
#10583 = AXIS2_PLACEMENT_3D('',#10584,#10585,#10586);
#10584 = CARTESIAN_POINT('',(-31.5,0.75,34.));
#10585 = DIRECTION('',(1.261617073438E-16,1.,0.));
#10586 = DIRECTION('',(1.,-1.261617073438E-16,0.));
#10587 = DEFINITIONAL_REPRESENTATION('',(#10588),#10592);
#10588 = LINE('',#10589,#10590);
#10589 = CARTESIAN_POINT('',(1.459361092427,1.3125));
#10590 = VECTOR('',#10591,1.);
#10591 = DIRECTION('',(0.624813723408,-0.780773853968));
#10592 = ( GEOMETRIC_REPRESENTATION_CONTEXT(2) 
PARAMETRIC_REPRESENTATION_CONTEXT() REPRESENTATION_CONTEXT('2D SPACE',''
  ) );
#10593 = ORIENTED_EDGE('',*,*,#10594,.F.);
#10594 = EDGE_CURVE('',#10595,#10568,#10597,.T.);
#10595 = VERTEX_POINT('',#10596);
#10596 = CARTESIAN_POINT('',(-27.81147709558,10.978694902475,32.875));
#10597 = SURFACE_CURVE('',#10598,(#10603,#10610),.PCURVE_S1.);
#10598 = CIRCLE('',#10599,29.9);
#10599 = AXIS2_PLACEMENT_3D('',#10600,#10601,#10602);
#10600 = CARTESIAN_POINT('',(0.,0.,32.875));
#10601 = DIRECTION('',(0.,0.,1.));
#10602 = DIRECTION('',(1.,0.,-0.));
#10603 = PCURVE('',#10103,#10604);
#10604 = DEFINITIONAL_REPRESENTATION('',(#10605),#10609);
#10605 = LINE('',#10606,#10607);
#10606 = CARTESIAN_POINT('',(6.28318530718,-0.125));
#10607 = VECTOR('',#10608,1.);
#10608 = DIRECTION('',(-1.,0.));
#10609 = ( GEOMETRIC_REPRESENTATION_CONTEXT(2) 
PARAMETRIC_REPRESENTATION_CONTEXT() REPRESENTATION_CONTEXT('2D SPACE',''
  ) );
#10610 = PCURVE('',#10611,#10616);
#10611 = CYLINDRICAL_SURFACE('',#10612,29.9);
#10612 = AXIS2_PLACEMENT_3D('',#10613,#10614,#10615);
#10613 = CARTESIAN_POINT('',(0.,0.,34.));
#10614 = DIRECTION('',(0.,0.,-1.));
#10615 = DIRECTION('',(1.,0.,0.));
#10616 = DEFINITIONAL_REPRESENTATION('',(#10617),#10621);
#10617 = LINE('',#10618,#10619);
#10618 = CARTESIAN_POINT('',(6.28318530718,1.125));
#10619 = VECTOR('',#10620,1.);
#10620 = DIRECTION('',(-1.,0.));
#10621 = ( GEOMETRIC_REPRESENTATION_CONTEXT(2) 
PARAMETRIC_REPRESENTATION_CONTEXT() REPRESENTATION_CONTEXT('2D SPACE',''
  ) );
#10622 = ORIENTED_EDGE('',*,*,#10623,.T.);
#10623 = EDGE_CURVE('',#10595,#10624,#10626,.T.);
#10624 = VERTEX_POINT('',#10625);
#10625 = CARTESIAN_POINT('',(-28.00011564477,11.056831547934,
    32.619809328147));
#10626 = SURFACE_CURVE('',#10627,(#10631,#10637),.PCURVE_S1.);
#10627 = LINE('',#10628,#10629);
#10628 = CARTESIAN_POINT('',(-27.95007821341,11.036105365241,32.6875));
#10629 = VECTOR('',#10630,1.);
#10630 = DIRECTION('',(-0.577191690646,0.239080626355,-0.780826617343));
#10631 = PCURVE('',#10103,#10632);
#10632 = DEFINITIONAL_REPRESENTATION('',(#10633),#10636);
#10633 = B_SPLINE_CURVE_WITH_KNOTS('',1,(#10634,#10635),.UNSPECIFIED.,
  .F.,.F.,(2,2),(-0.240130133676,8.669109666738E-02),
  .PIECEWISE_BEZIER_KNOTS.);
#10634 = CARTESIAN_POINT('',(3.517568547791,-0.125));
#10635 = CARTESIAN_POINT('',(3.517681967204,0.13019067186));
#10636 = ( GEOMETRIC_REPRESENTATION_CONTEXT(2) 
PARAMETRIC_REPRESENTATION_CONTEXT() REPRESENTATION_CONTEXT('2D SPACE',''
  ) );
#10637 = PCURVE('',#10638,#10643);
#10638 = PLANE('',#10639);
#10639 = AXIS2_PLACEMENT_3D('',#10640,#10641,#10642);
#10640 = CARTESIAN_POINT('',(-27.63056383176,10.903758174987,34.));
#10641 = DIRECTION('',(-0.382683432365,-0.923879532511,0.));
#10642 = DIRECTION('',(-0.923879532511,0.382683432365,0.));
#10643 = DEFINITIONAL_REPRESENTATION('',(#10644),#10648);
#10644 = LINE('',#10645,#10646);
#10645 = CARTESIAN_POINT('',(0.34583987458,1.3125));
#10646 = VECTOR('',#10647,1.);
#10647 = DIRECTION('',(0.624747784029,0.780826617343));
#10648 = ( GEOMETRIC_REPRESENTATION_CONTEXT(2) 
PARAMETRIC_REPRESENTATION_CONTEXT() REPRESENTATION_CONTEXT('2D SPACE',''
  ) );
#10649 = ORIENTED_EDGE('',*,*,#10650,.T.);
#10650 = EDGE_CURVE('',#10624,#10651,#10653,.T.);
#10651 = VERTEX_POINT('',#10652);
#10652 = CARTESIAN_POINT('',(-27.6174322124,11.980711080445,
    32.619809328147));
#10653 = SURFACE_CURVE('',#10654,(#10658,#10664),.PCURVE_S1.);
#10654 = ( BOUNDED_CURVE() B_SPLINE_CURVE(2,(#10655,#10656,#10657),
.UNSPECIFIED.,.F.,.F.) B_SPLINE_CURVE_WITH_KNOTS((3,3),(0.195734083462,
0.296022970376),.PIECEWISE_BEZIER_KNOTS.) CURVE() 
GEOMETRIC_REPRESENTATION_ITEM() RATIONAL_B_SPLINE_CURVE((1.001592040723,
1.001730218413,1.001592040723)) REPRESENTATION_ITEM('') );
#10655 = CARTESIAN_POINT('',(-28.00011564477,11.056831547934,
    32.619809328147));
#10656 = CARTESIAN_POINT('',(-27.80877392859,11.518771314189,
    32.630189955857));
#10657 = CARTESIAN_POINT('',(-27.6174322124,11.980711080445,
    32.619809328147));
#10658 = PCURVE('',#10103,#10659);
#10659 = DEFINITIONAL_REPRESENTATION('',(#10660),#10663);
#10660 = B_SPLINE_CURVE_WITH_KNOTS('',1,(#10661,#10662),.UNSPECIFIED.,
  .F.,.F.,(2,2),(0.195734083462,0.296022970376),
  .PIECEWISE_BEZIER_KNOTS.);
#10661 = CARTESIAN_POINT('',(3.517681967235,0.130190671853));
#10662 = CARTESIAN_POINT('',(3.550901503342,0.130190671853));
#10663 = ( GEOMETRIC_REPRESENTATION_CONTEXT(2) 
PARAMETRIC_REPRESENTATION_CONTEXT() REPRESENTATION_CONTEXT('2D SPACE',''
  ) );
#10664 = PCURVE('',#10665,#10670);
#10665 = PLANE('',#10666);
#10666 = AXIS2_PLACEMENT_3D('',#10667,#10668,#10669);
#10667 = CARTESIAN_POINT('',(-28.00011564477,11.056831547934,34.));
#10668 = DIRECTION('',(-0.923879532511,0.382683432365,0.));
#10669 = DIRECTION('',(0.382683432365,0.923879532511,0.));
#10670 = DEFINITIONAL_REPRESENTATION('',(#10671),#10675);
#10671 = ( BOUNDED_CURVE() B_SPLINE_CURVE(2,(#10672,#10673,#10674),
.UNSPECIFIED.,.F.,.F.) B_SPLINE_CURVE_WITH_KNOTS((3,3),(0.195734083462,
0.296022970376),.PIECEWISE_BEZIER_KNOTS.) CURVE() 
GEOMETRIC_REPRESENTATION_ITEM() RATIONAL_B_SPLINE_CURVE((1.001592040723,
1.001730218413,1.001592040723)) REPRESENTATION_ITEM('') );
#10672 = CARTESIAN_POINT('',(0.,1.380190671853));
#10673 = CARTESIAN_POINT('',(0.5,1.369810044143));
#10674 = CARTESIAN_POINT('',(1.,1.380190671853));
#10675 = ( GEOMETRIC_REPRESENTATION_CONTEXT(2) 
PARAMETRIC_REPRESENTATION_CONTEXT() REPRESENTATION_CONTEXT('2D SPACE',''
  ) );
#10676 = ORIENTED_EDGE('',*,*,#10677,.T.);
#10677 = EDGE_CURVE('',#10651,#10678,#10680,.T.);
#10678 = VERTEX_POINT('',#10679);
#10679 = CARTESIAN_POINT('',(-27.42879366322,11.902574434986,32.875));
#10680 = SURFACE_CURVE('',#10681,(#10685,#10691),.PCURVE_S1.);
#10681 = LINE('',#10682,#10683);
#10682 = CARTESIAN_POINT('',(-27.56739478105,11.959984897752,32.6875));
#10683 = VECTOR('',#10684,1.);
#10684 = DIRECTION('',(0.577191690646,-0.239080626355,0.780826617343));
#10685 = PCURVE('',#10103,#10686);
#10686 = DEFINITIONAL_REPRESENTATION('',(#10687),#10690);
#10687 = B_SPLINE_CURVE_WITH_KNOTS('',1,(#10688,#10689),.UNSPECIFIED.,
  .F.,.F.,(2,2),(-8.669109666735E-02,0.240130133676),
  .PIECEWISE_BEZIER_KNOTS.);
#10688 = CARTESIAN_POINT('',(3.550901503373,0.13019067186));
#10689 = CARTESIAN_POINT('',(3.551014922786,-0.125));
#10690 = ( GEOMETRIC_REPRESENTATION_CONTEXT(2) 
PARAMETRIC_REPRESENTATION_CONTEXT() REPRESENTATION_CONTEXT('2D SPACE',''
  ) );
#10691 = PCURVE('',#10692,#10697);
#10692 = PLANE('',#10693);
#10693 = AXIS2_PLACEMENT_3D('',#10694,#10695,#10696);
#10694 = CARTESIAN_POINT('',(-27.6174322124,11.980711080445,34.));
#10695 = DIRECTION('',(0.382683432365,0.923879532511,0.));
#10696 = DIRECTION('',(0.923879532511,-0.382683432365,0.));
#10697 = DEFINITIONAL_REPRESENTATION('',(#10698),#10702);
#10698 = LINE('',#10699,#10700);
#10699 = CARTESIAN_POINT('',(5.416012541999E-02,1.3125));
#10700 = VECTOR('',#10701,1.);
#10701 = DIRECTION('',(0.624747784029,-0.780826617343));
#10702 = ( GEOMETRIC_REPRESENTATION_CONTEXT(2) 
PARAMETRIC_REPRESENTATION_CONTEXT() REPRESENTATION_CONTEXT('2D SPACE',''
  ) );
#10703 = ORIENTED_EDGE('',*,*,#10704,.F.);
#10704 = EDGE_CURVE('',#10417,#10678,#10705,.T.);
#10705 = SURFACE_CURVE('',#10706,(#10711,#10718),.PCURVE_S1.);
#10706 = CIRCLE('',#10707,29.9);
#10707 = AXIS2_PLACEMENT_3D('',#10708,#10709,#10710);
#10708 = CARTESIAN_POINT('',(0.,0.,32.875));
#10709 = DIRECTION('',(0.,0.,1.));
#10710 = DIRECTION('',(1.,0.,-0.));
#10711 = PCURVE('',#10103,#10712);
#10712 = DEFINITIONAL_REPRESENTATION('',(#10713),#10717);
#10713 = LINE('',#10714,#10715);
#10714 = CARTESIAN_POINT('',(6.28318530718,-0.125));
#10715 = VECTOR('',#10716,1.);
#10716 = DIRECTION('',(-1.,2.305835413457E-15));
#10717 = ( GEOMETRIC_REPRESENTATION_CONTEXT(2) 
PARAMETRIC_REPRESENTATION_CONTEXT() REPRESENTATION_CONTEXT('2D SPACE',''
  ) );
#10718 = PCURVE('',#10432,#10719);
#10719 = DEFINITIONAL_REPRESENTATION('',(#10720),#10724);
#10720 = LINE('',#10721,#10722);
#10721 = CARTESIAN_POINT('',(6.28318530718,1.125));
#10722 = VECTOR('',#10723,1.);
#10723 = DIRECTION('',(-1.,0.));
#10724 = ( GEOMETRIC_REPRESENTATION_CONTEXT(2) 
PARAMETRIC_REPRESENTATION_CONTEXT() REPRESENTATION_CONTEXT('2D SPACE',''
  ) );
#10725 = ADVANCED_FACE('',(#10726),#10075,.T.);
#10726 = FACE_BOUND('',#10727,.T.);
#10727 = EDGE_LOOP('',(#10728,#10729,#10753,#10774));
#10728 = ORIENTED_EDGE('',*,*,#10052,.T.);
#10729 = ORIENTED_EDGE('',*,*,#10730,.F.);
#10730 = EDGE_CURVE('',#10731,#10055,#10733,.T.);
#10731 = VERTEX_POINT('',#10732);
#10732 = CARTESIAN_POINT('',(-1.8,29.845770219581,34.));
#10733 = SURFACE_CURVE('',#10734,(#10739,#10746),.PCURVE_S1.);
#10734 = CIRCLE('',#10735,29.9);
#10735 = AXIS2_PLACEMENT_3D('',#10736,#10737,#10738);
#10736 = CARTESIAN_POINT('',(0.,0.,34.));
#10737 = DIRECTION('',(0.,0.,1.));
#10738 = DIRECTION('',(1.,0.,-0.));
#10739 = PCURVE('',#10075,#10740);
#10740 = DEFINITIONAL_REPRESENTATION('',(#10741),#10745);
#10741 = LINE('',#10742,#10743);
#10742 = CARTESIAN_POINT('',(6.28318530718,0.));
#10743 = VECTOR('',#10744,1.);
#10744 = DIRECTION('',(-1.,0.));
#10745 = ( GEOMETRIC_REPRESENTATION_CONTEXT(2) 
PARAMETRIC_REPRESENTATION_CONTEXT() REPRESENTATION_CONTEXT('2D SPACE',''
  ) );
#10746 = PCURVE('',#3330,#10747);
#10747 = DEFINITIONAL_REPRESENTATION('',(#10748),#10752);
#10748 = CIRCLE('',#10749,29.9);
#10749 = AXIS2_PLACEMENT_2D('',#10750,#10751);
#10750 = CARTESIAN_POINT('',(0.,0.));
#10751 = DIRECTION('',(1.,0.));
#10752 = ( GEOMETRIC_REPRESENTATION_CONTEXT(2) 
PARAMETRIC_REPRESENTATION_CONTEXT() REPRESENTATION_CONTEXT('2D SPACE',''
  ) );
#10753 = ORIENTED_EDGE('',*,*,#10754,.T.);
#10754 = EDGE_CURVE('',#10731,#10493,#10755,.T.);
#10755 = SURFACE_CURVE('',#10756,(#10760,#10767),.PCURVE_S1.);
#10756 = LINE('',#10757,#10758);
#10757 = CARTESIAN_POINT('',(-1.8,29.845770219581,34.));
#10758 = VECTOR('',#10759,1.);
#10759 = DIRECTION('',(0.,0.,-1.));
#10760 = PCURVE('',#10075,#10761);
#10761 = DEFINITIONAL_REPRESENTATION('',(#10762),#10766);
#10762 = LINE('',#10763,#10764);
#10763 = CARTESIAN_POINT('',(4.652151889645,0.));
#10764 = VECTOR('',#10765,1.);
#10765 = DIRECTION('',(0.,1.));
#10766 = ( GEOMETRIC_REPRESENTATION_CONTEXT(2) 
PARAMETRIC_REPRESENTATION_CONTEXT() REPRESENTATION_CONTEXT('2D SPACE',''
  ) );
#10767 = PCURVE('',#10531,#10768);
#10768 = DEFINITIONAL_REPRESENTATION('',(#10769),#10773);
#10769 = LINE('',#10770,#10771);
#10770 = CARTESIAN_POINT('',(1.645770219581,0.));
#10771 = VECTOR('',#10772,1.);
#10772 = DIRECTION('',(0.,1.));
#10773 = ( GEOMETRIC_REPRESENTATION_CONTEXT(2) 
PARAMETRIC_REPRESENTATION_CONTEXT() REPRESENTATION_CONTEXT('2D SPACE',''
  ) );
#10774 = ORIENTED_EDGE('',*,*,#10492,.T.);
#10775 = ADVANCED_FACE('',(#10776),#10432,.T.);
#10776 = FACE_BOUND('',#10777,.T.);
#10777 = EDGE_LOOP('',(#10778,#10779,#10780,#10803));
#10778 = ORIENTED_EDGE('',*,*,#10414,.T.);
#10779 = ORIENTED_EDGE('',*,*,#10704,.T.);
#10780 = ORIENTED_EDGE('',*,*,#10781,.T.);
#10781 = EDGE_CURVE('',#10678,#10782,#10784,.T.);
#10782 = VERTEX_POINT('',#10783);
#10783 = CARTESIAN_POINT('',(-27.42879366322,11.902574434986,34.));
#10784 = SURFACE_CURVE('',#10785,(#10789,#10796),.PCURVE_S1.);
#10785 = LINE('',#10786,#10787);
#10786 = CARTESIAN_POINT('',(-27.42879366322,11.902574434986,34.));
#10787 = VECTOR('',#10788,1.);
#10788 = DIRECTION('',(0.,0.,1.));
#10789 = PCURVE('',#10432,#10790);
#10790 = DEFINITIONAL_REPRESENTATION('',(#10791),#10795);
#10791 = LINE('',#10792,#10793);
#10792 = CARTESIAN_POINT('',(3.551014922786,0.));
#10793 = VECTOR('',#10794,1.);
#10794 = DIRECTION('',(0.,-1.));
#10795 = ( GEOMETRIC_REPRESENTATION_CONTEXT(2) 
PARAMETRIC_REPRESENTATION_CONTEXT() REPRESENTATION_CONTEXT('2D SPACE',''
  ) );
#10796 = PCURVE('',#10692,#10797);
#10797 = DEFINITIONAL_REPRESENTATION('',(#10798),#10802);
#10798 = LINE('',#10799,#10800);
#10799 = CARTESIAN_POINT('',(0.204180894312,0.));
#10800 = VECTOR('',#10801,1.);
#10801 = DIRECTION('',(0.,-1.));
#10802 = ( GEOMETRIC_REPRESENTATION_CONTEXT(2) 
PARAMETRIC_REPRESENTATION_CONTEXT() REPRESENTATION_CONTEXT('2D SPACE',''
  ) );
#10803 = ORIENTED_EDGE('',*,*,#10804,.F.);
#10804 = EDGE_CURVE('',#10415,#10782,#10805,.T.);
#10805 = SURFACE_CURVE('',#10806,(#10811,#10818),.PCURVE_S1.);
#10806 = CIRCLE('',#10807,29.9);
#10807 = AXIS2_PLACEMENT_3D('',#10808,#10809,#10810);
#10808 = CARTESIAN_POINT('',(0.,0.,34.));
#10809 = DIRECTION('',(0.,0.,1.));
#10810 = DIRECTION('',(1.,0.,-0.));
#10811 = PCURVE('',#10432,#10812);
#10812 = DEFINITIONAL_REPRESENTATION('',(#10813),#10817);
#10813 = LINE('',#10814,#10815);
#10814 = CARTESIAN_POINT('',(6.28318530718,0.));
#10815 = VECTOR('',#10816,1.);
#10816 = DIRECTION('',(-1.,0.));
#10817 = ( GEOMETRIC_REPRESENTATION_CONTEXT(2) 
PARAMETRIC_REPRESENTATION_CONTEXT() REPRESENTATION_CONTEXT('2D SPACE',''
  ) );
#10818 = PCURVE('',#3330,#10819);
#10819 = DEFINITIONAL_REPRESENTATION('',(#10820),#10824);
#10820 = CIRCLE('',#10821,29.9);
#10821 = AXIS2_PLACEMENT_2D('',#10822,#10823);
#10822 = CARTESIAN_POINT('',(0.,0.));
#10823 = DIRECTION('',(1.,0.));
#10824 = ( GEOMETRIC_REPRESENTATION_CONTEXT(2) 
PARAMETRIC_REPRESENTATION_CONTEXT() REPRESENTATION_CONTEXT('2D SPACE',''
  ) );
#10825 = ADVANCED_FACE('',(#10826),#9956,.T.);
#10826 = FACE_BOUND('',#10827,.T.);
#10827 = EDGE_LOOP('',(#10828,#10829,#10830,#10831,#10855,#10882,#10909,
    #10936,#10960,#10980,#10981,#11003));
#10828 = ORIENTED_EDGE('',*,*,#9933,.T.);
#10829 = ORIENTED_EDGE('',*,*,#10166,.T.);
#10830 = ORIENTED_EDGE('',*,*,#10291,.T.);
#10831 = ORIENTED_EDGE('',*,*,#10832,.F.);
#10832 = EDGE_CURVE('',#10833,#10292,#10835,.T.);
#10833 = VERTEX_POINT('',#10834);
#10834 = CARTESIAN_POINT('',(-27.42879366322,11.902574434986,32.125));
#10835 = SURFACE_CURVE('',#10836,(#10841,#10848),.PCURVE_S1.);
#10836 = CIRCLE('',#10837,29.9);
#10837 = AXIS2_PLACEMENT_3D('',#10838,#10839,#10840);
#10838 = CARTESIAN_POINT('',(0.,0.,32.125));
#10839 = DIRECTION('',(0.,0.,-1.));
#10840 = DIRECTION('',(1.,0.,0.));
#10841 = PCURVE('',#9956,#10842);
#10842 = DEFINITIONAL_REPRESENTATION('',(#10843),#10847);
#10843 = LINE('',#10844,#10845);
#10844 = CARTESIAN_POINT('',(6.28318530718,-0.125));
#10845 = VECTOR('',#10846,1.);
#10846 = DIRECTION('',(-1.,-2.305835413457E-15));
#10847 = ( GEOMETRIC_REPRESENTATION_CONTEXT(2) 
PARAMETRIC_REPRESENTATION_CONTEXT() REPRESENTATION_CONTEXT('2D SPACE',''
  ) );
#10848 = PCURVE('',#9983,#10849);
#10849 = DEFINITIONAL_REPRESENTATION('',(#10850),#10854);
#10850 = LINE('',#10851,#10852);
#10851 = CARTESIAN_POINT('',(-4.440892098501E-16,1.875));
#10852 = VECTOR('',#10853,1.);
#10853 = DIRECTION('',(1.,0.));
#10854 = ( GEOMETRIC_REPRESENTATION_CONTEXT(2) 
PARAMETRIC_REPRESENTATION_CONTEXT() REPRESENTATION_CONTEXT('2D SPACE',''
  ) );
#10855 = ORIENTED_EDGE('',*,*,#10856,.T.);
#10856 = EDGE_CURVE('',#10833,#10857,#10859,.T.);
#10857 = VERTEX_POINT('',#10858);
#10858 = CARTESIAN_POINT('',(-27.6174322124,11.980711080445,
    32.380190671853));
#10859 = SURFACE_CURVE('',#10860,(#10864,#10870),.PCURVE_S1.);
#10860 = LINE('',#10861,#10862);
#10861 = CARTESIAN_POINT('',(-27.56739478105,11.959984897752,32.3125));
#10862 = VECTOR('',#10863,1.);
#10863 = DIRECTION('',(-0.577191690646,0.239080626355,0.780826617343));
#10864 = PCURVE('',#9956,#10865);
#10865 = DEFINITIONAL_REPRESENTATION('',(#10866),#10869);
#10866 = B_SPLINE_CURVE_WITH_KNOTS('',1,(#10867,#10868),.UNSPECIFIED.,
  .F.,.F.,(2,2),(-0.240130133676,8.669109666735E-02),
  .PIECEWISE_BEZIER_KNOTS.);
#10867 = CARTESIAN_POINT('',(2.732170384394,-0.125));
#10868 = CARTESIAN_POINT('',(2.732283803807,0.13019067186));
#10869 = ( GEOMETRIC_REPRESENTATION_CONTEXT(2) 
PARAMETRIC_REPRESENTATION_CONTEXT() REPRESENTATION_CONTEXT('2D SPACE',''
  ) );
#10870 = PCURVE('',#10871,#10876);
#10871 = PLANE('',#10872);
#10872 = AXIS2_PLACEMENT_3D('',#10873,#10874,#10875);
#10873 = CARTESIAN_POINT('',(-27.6174322124,11.980711080445,34.));
#10874 = DIRECTION('',(0.382683432365,0.923879532511,0.));
#10875 = DIRECTION('',(0.923879532511,-0.382683432365,0.));
#10876 = DEFINITIONAL_REPRESENTATION('',(#10877),#10881);
#10877 = LINE('',#10878,#10879);
#10878 = CARTESIAN_POINT('',(5.416012541999E-02,1.6875));
#10879 = VECTOR('',#10880,1.);
#10880 = DIRECTION('',(-0.624747784029,-0.780826617343));
#10881 = ( GEOMETRIC_REPRESENTATION_CONTEXT(2) 
PARAMETRIC_REPRESENTATION_CONTEXT() REPRESENTATION_CONTEXT('2D SPACE',''
  ) );
#10882 = ORIENTED_EDGE('',*,*,#10883,.T.);
#10883 = EDGE_CURVE('',#10857,#10884,#10886,.T.);
#10884 = VERTEX_POINT('',#10885);
#10885 = CARTESIAN_POINT('',(-28.00011564477,11.056831547934,
    32.380190671853));
#10886 = SURFACE_CURVE('',#10887,(#10891,#10897),.PCURVE_S1.);
#10887 = ( BOUNDED_CURVE() B_SPLINE_CURVE(2,(#10888,#10889,#10890),
.UNSPECIFIED.,.F.,.F.) B_SPLINE_CURVE_WITH_KNOTS((3,3),(0.195734083462,
0.296022970376),.PIECEWISE_BEZIER_KNOTS.) CURVE() 
GEOMETRIC_REPRESENTATION_ITEM() RATIONAL_B_SPLINE_CURVE((1.001592040723,
1.001730218413,1.001592040723)) REPRESENTATION_ITEM('') );
#10888 = CARTESIAN_POINT('',(-27.6174322124,11.980711080445,
    32.380190671853));
#10889 = CARTESIAN_POINT('',(-27.80877392859,11.518771314189,
    32.369810044143));
#10890 = CARTESIAN_POINT('',(-28.00011564477,11.056831547934,
    32.380190671853));
#10891 = PCURVE('',#9956,#10892);
#10892 = DEFINITIONAL_REPRESENTATION('',(#10893),#10896);
#10893 = B_SPLINE_CURVE_WITH_KNOTS('',1,(#10894,#10895),.UNSPECIFIED.,
  .F.,.F.,(2,2),(0.195734083462,0.296022970376),
  .PIECEWISE_BEZIER_KNOTS.);
#10894 = CARTESIAN_POINT('',(2.732283803837,0.130190671853));
#10895 = CARTESIAN_POINT('',(2.765503339945,0.130190671853));
#10896 = ( GEOMETRIC_REPRESENTATION_CONTEXT(2) 
PARAMETRIC_REPRESENTATION_CONTEXT() REPRESENTATION_CONTEXT('2D SPACE',''
  ) );
#10897 = PCURVE('',#10898,#10903);
#10898 = PLANE('',#10899);
#10899 = AXIS2_PLACEMENT_3D('',#10900,#10901,#10902);
#10900 = CARTESIAN_POINT('',(-28.00011564477,11.056831547934,34.));
#10901 = DIRECTION('',(-0.923879532511,0.382683432365,0.));
#10902 = DIRECTION('',(0.382683432365,0.923879532511,0.));
#10903 = DEFINITIONAL_REPRESENTATION('',(#10904),#10908);
#10904 = ( BOUNDED_CURVE() B_SPLINE_CURVE(2,(#10905,#10906,#10907),
.UNSPECIFIED.,.F.,.F.) B_SPLINE_CURVE_WITH_KNOTS((3,3),(0.195734083462,
0.296022970376),.PIECEWISE_BEZIER_KNOTS.) CURVE() 
GEOMETRIC_REPRESENTATION_ITEM() RATIONAL_B_SPLINE_CURVE((1.001592040723,
1.001730218413,1.001592040723)) REPRESENTATION_ITEM('') );
#10905 = CARTESIAN_POINT('',(1.,1.619809328147));
#10906 = CARTESIAN_POINT('',(0.5,1.630189955857));
#10907 = CARTESIAN_POINT('',(0.,1.619809328147));
#10908 = ( GEOMETRIC_REPRESENTATION_CONTEXT(2) 
PARAMETRIC_REPRESENTATION_CONTEXT() REPRESENTATION_CONTEXT('2D SPACE',''
  ) );
#10909 = ORIENTED_EDGE('',*,*,#10910,.T.);
#10910 = EDGE_CURVE('',#10884,#10911,#10913,.T.);
#10911 = VERTEX_POINT('',#10912);
#10912 = CARTESIAN_POINT('',(-27.81147709558,10.978694902475,32.125));
#10913 = SURFACE_CURVE('',#10914,(#10918,#10924),.PCURVE_S1.);
#10914 = LINE('',#10915,#10916);
#10915 = CARTESIAN_POINT('',(-27.95007821341,11.036105365241,32.3125));
#10916 = VECTOR('',#10917,1.);
#10917 = DIRECTION('',(0.577191690646,-0.239080626355,-0.780826617343));
#10918 = PCURVE('',#9956,#10919);
#10919 = DEFINITIONAL_REPRESENTATION('',(#10920),#10923);
#10920 = B_SPLINE_CURVE_WITH_KNOTS('',1,(#10921,#10922),.UNSPECIFIED.,
  .F.,.F.,(2,2),(-8.669109666738E-02,0.240130133676),
  .PIECEWISE_BEZIER_KNOTS.);
#10921 = CARTESIAN_POINT('',(2.765503339975,0.13019067186));
#10922 = CARTESIAN_POINT('',(2.765616759389,-0.125));
#10923 = ( GEOMETRIC_REPRESENTATION_CONTEXT(2) 
PARAMETRIC_REPRESENTATION_CONTEXT() REPRESENTATION_CONTEXT('2D SPACE',''
  ) );
#10924 = PCURVE('',#10925,#10930);
#10925 = PLANE('',#10926);
#10926 = AXIS2_PLACEMENT_3D('',#10927,#10928,#10929);
#10927 = CARTESIAN_POINT('',(-27.63056383176,10.903758174987,34.));
#10928 = DIRECTION('',(-0.382683432365,-0.923879532511,0.));
#10929 = DIRECTION('',(-0.923879532511,0.382683432365,0.));
#10930 = DEFINITIONAL_REPRESENTATION('',(#10931),#10935);
#10931 = LINE('',#10932,#10933);
#10932 = CARTESIAN_POINT('',(0.34583987458,1.6875));
#10933 = VECTOR('',#10934,1.);
#10934 = DIRECTION('',(-0.624747784029,0.780826617343));
#10935 = ( GEOMETRIC_REPRESENTATION_CONTEXT(2) 
PARAMETRIC_REPRESENTATION_CONTEXT() REPRESENTATION_CONTEXT('2D SPACE',''
  ) );
#10936 = ORIENTED_EDGE('',*,*,#10937,.F.);
#10937 = EDGE_CURVE('',#10938,#10911,#10940,.T.);
#10938 = VERTEX_POINT('',#10939);
#10939 = CARTESIAN_POINT('',(-29.89059216542,0.75,32.125));
#10940 = SURFACE_CURVE('',#10941,(#10946,#10953),.PCURVE_S1.);
#10941 = CIRCLE('',#10942,29.9);
#10942 = AXIS2_PLACEMENT_3D('',#10943,#10944,#10945);
#10943 = CARTESIAN_POINT('',(0.,0.,32.125));
#10944 = DIRECTION('',(0.,0.,-1.));
#10945 = DIRECTION('',(1.,0.,0.));
#10946 = PCURVE('',#9956,#10947);
#10947 = DEFINITIONAL_REPRESENTATION('',(#10948),#10952);
#10948 = LINE('',#10949,#10950);
#10949 = CARTESIAN_POINT('',(6.28318530718,-0.125));
#10950 = VECTOR('',#10951,1.);
#10951 = DIRECTION('',(-1.,0.));
#10952 = ( GEOMETRIC_REPRESENTATION_CONTEXT(2) 
PARAMETRIC_REPRESENTATION_CONTEXT() REPRESENTATION_CONTEXT('2D SPACE',''
  ) );
#10953 = PCURVE('',#9983,#10954);
#10954 = DEFINITIONAL_REPRESENTATION('',(#10955),#10959);
#10955 = LINE('',#10956,#10957);
#10956 = CARTESIAN_POINT('',(-4.440892098501E-16,1.875));
#10957 = VECTOR('',#10958,1.);
#10958 = DIRECTION('',(1.,0.));
#10959 = ( GEOMETRIC_REPRESENTATION_CONTEXT(2) 
PARAMETRIC_REPRESENTATION_CONTEXT() REPRESENTATION_CONTEXT('2D SPACE',''
  ) );
#10960 = ORIENTED_EDGE('',*,*,#10961,.T.);
#10961 = EDGE_CURVE('',#10938,#10544,#10962,.T.);
#10962 = SURFACE_CURVE('',#10963,(#10967,#10973),.PCURVE_S1.);
#10963 = LINE('',#10964,#10965);
#10964 = CARTESIAN_POINT('',(-30.04063890757,0.75,32.3125));
#10965 = VECTOR('',#10966,1.);
#10966 = DIRECTION('',(-0.624813723408,2.889443699004E-16,0.780773853968
    ));
#10967 = PCURVE('',#9956,#10968);
#10968 = DEFINITIONAL_REPRESENTATION('',(#10969),#10972);
#10969 = B_SPLINE_CURVE_WITH_KNOTS('',1,(#10970,#10971),.UNSPECIFIED.,
  .F.,.F.,(2,2),(-0.240146361263,0.240146361263),
  .PIECEWISE_BEZIER_KNOTS.);
#10970 = CARTESIAN_POINT('',(3.116506410422,-0.125));
#10971 = CARTESIAN_POINT('',(3.116755663025,0.25));
#10972 = ( GEOMETRIC_REPRESENTATION_CONTEXT(2) 
PARAMETRIC_REPRESENTATION_CONTEXT() REPRESENTATION_CONTEXT('2D SPACE',''
  ) );
#10973 = PCURVE('',#10582,#10974);
#10974 = DEFINITIONAL_REPRESENTATION('',(#10975),#10979);
#10975 = LINE('',#10976,#10977);
#10976 = CARTESIAN_POINT('',(1.459361092427,1.6875));
#10977 = VECTOR('',#10978,1.);
#10978 = DIRECTION('',(-0.624813723408,-0.780773853968));
#10979 = ( GEOMETRIC_REPRESENTATION_CONTEXT(2) 
PARAMETRIC_REPRESENTATION_CONTEXT() REPRESENTATION_CONTEXT('2D SPACE',''
  ) );
#10980 = ORIENTED_EDGE('',*,*,#10543,.F.);
#10981 = ORIENTED_EDGE('',*,*,#10982,.T.);
#10982 = EDGE_CURVE('',#10517,#10983,#10985,.T.);
#10983 = VERTEX_POINT('',#10984);
#10984 = CARTESIAN_POINT('',(-1.8,29.845770219581,32.125));
#10985 = SURFACE_CURVE('',#10986,(#10990,#10996),.PCURVE_S1.);
#10986 = LINE('',#10987,#10988);
#10987 = CARTESIAN_POINT('',(-1.8,29.996040054924,32.3125));
#10988 = VECTOR('',#10989,1.);
#10989 = DIRECTION('',(-5.775533501575E-16,-0.62537954919,
    -0.780320715767));
#10990 = PCURVE('',#9956,#10991);
#10991 = DEFINITIONAL_REPRESENTATION('',(#10992),#10995);
#10992 = B_SPLINE_CURVE_WITH_KNOTS('',1,(#10993,#10994),.UNSPECIFIED.,
  .F.,.F.,(2,2),(-0.24028581609,0.24028581609),
  .PIECEWISE_BEZIER_KNOTS.);
#10993 = CARTESIAN_POINT('',(1.63043432183,0.25));
#10994 = CARTESIAN_POINT('',(1.631033417535,-0.125));
#10995 = ( GEOMETRIC_REPRESENTATION_CONTEXT(2) 
PARAMETRIC_REPRESENTATION_CONTEXT() REPRESENTATION_CONTEXT('2D SPACE',''
  ) );
#10996 = PCURVE('',#10531,#10997);
#10997 = DEFINITIONAL_REPRESENTATION('',(#10998),#11002);
#10998 = LINE('',#10999,#11000);
#10999 = CARTESIAN_POINT('',(1.796040054924,1.6875));
#11000 = VECTOR('',#11001,1.);
#11001 = DIRECTION('',(-0.62537954919,0.780320715767));
#11002 = ( GEOMETRIC_REPRESENTATION_CONTEXT(2) 
PARAMETRIC_REPRESENTATION_CONTEXT() REPRESENTATION_CONTEXT('2D SPACE',''
  ) );
#11003 = ORIENTED_EDGE('',*,*,#11004,.F.);
#11004 = EDGE_CURVE('',#9934,#10983,#11005,.T.);
#11005 = SURFACE_CURVE('',#11006,(#11011,#11018),.PCURVE_S1.);
#11006 = CIRCLE('',#11007,29.9);
#11007 = AXIS2_PLACEMENT_3D('',#11008,#11009,#11010);
#11008 = CARTESIAN_POINT('',(0.,0.,32.125));
#11009 = DIRECTION('',(0.,0.,-1.));
#11010 = DIRECTION('',(1.,0.,0.));
#11011 = PCURVE('',#9956,#11012);
#11012 = DEFINITIONAL_REPRESENTATION('',(#11013),#11017);
#11013 = LINE('',#11014,#11015);
#11014 = CARTESIAN_POINT('',(6.28318530718,-0.125));
#11015 = VECTOR('',#11016,1.);
#11016 = DIRECTION('',(-1.,0.));
#11017 = ( GEOMETRIC_REPRESENTATION_CONTEXT(2) 
PARAMETRIC_REPRESENTATION_CONTEXT() REPRESENTATION_CONTEXT('2D SPACE',''
  ) );
#11018 = PCURVE('',#9983,#11019);
#11019 = DEFINITIONAL_REPRESENTATION('',(#11020),#11024);
#11020 = LINE('',#11021,#11022);
#11021 = CARTESIAN_POINT('',(0.,1.875));
#11022 = VECTOR('',#11023,1.);
#11023 = DIRECTION('',(1.,0.));
#11024 = ( GEOMETRIC_REPRESENTATION_CONTEXT(2) 
PARAMETRIC_REPRESENTATION_CONTEXT() REPRESENTATION_CONTEXT('2D SPACE',''
  ) );
#11025 = ADVANCED_FACE('',(#11026),#9829,.T.);
#11026 = FACE_BOUND('',#11027,.T.);
#11027 = EDGE_LOOP('',(#11028,#11051,#11052,#11075));
#11028 = ORIENTED_EDGE('',*,*,#11029,.F.);
#11029 = EDGE_CURVE('',#9815,#11030,#11032,.T.);
#11030 = VERTEX_POINT('',#11031);
#11031 = CARTESIAN_POINT('',(10.978694902475,27.811477095587,29.8));
#11032 = SURFACE_CURVE('',#11033,(#11037,#11044),.PCURVE_S1.);
#11033 = LINE('',#11034,#11035);
#11034 = CARTESIAN_POINT('',(10.978694902475,27.811477095587,34.));
#11035 = VECTOR('',#11036,1.);
#11036 = DIRECTION('',(0.,0.,-1.));
#11037 = PCURVE('',#9829,#11038);
#11038 = DEFINITIONAL_REPRESENTATION('',(#11039),#11043);
#11039 = LINE('',#11040,#11041);
#11040 = CARTESIAN_POINT('',(0.195819105688,0.));
#11041 = VECTOR('',#11042,1.);
#11042 = DIRECTION('',(0.,1.));
#11043 = ( GEOMETRIC_REPRESENTATION_CONTEXT(2) 
PARAMETRIC_REPRESENTATION_CONTEXT() REPRESENTATION_CONTEXT('2D SPACE',''
  ) );
#11044 = PCURVE('',#8887,#11045);
#11045 = DEFINITIONAL_REPRESENTATION('',(#11046),#11050);
#11046 = LINE('',#11047,#11048);
#11047 = CARTESIAN_POINT('',(5.088364874586,0.));
#11048 = VECTOR('',#11049,1.);
#11049 = DIRECTION('',(0.,1.));
#11050 = ( GEOMETRIC_REPRESENTATION_CONTEXT(2) 
PARAMETRIC_REPRESENTATION_CONTEXT() REPRESENTATION_CONTEXT('2D SPACE',''
  ) );
#11051 = ORIENTED_EDGE('',*,*,#9814,.F.);
#11052 = ORIENTED_EDGE('',*,*,#11053,.T.);
#11053 = EDGE_CURVE('',#9788,#11054,#11056,.T.);
#11054 = VERTEX_POINT('',#11055);
#11055 = CARTESIAN_POINT('',(11.056831547934,28.000115644772,29.8));
#11056 = SURFACE_CURVE('',#11057,(#11061,#11068),.PCURVE_S1.);
#11057 = LINE('',#11058,#11059);
#11058 = CARTESIAN_POINT('',(11.056831547934,28.000115644772,34.));
#11059 = VECTOR('',#11060,1.);
#11060 = DIRECTION('',(0.,0.,-1.));
#11061 = PCURVE('',#9829,#11062);
#11062 = DEFINITIONAL_REPRESENTATION('',(#11063),#11067);
#11063 = LINE('',#11064,#11065);
#11064 = CARTESIAN_POINT('',(0.4,0.));
#11065 = VECTOR('',#11066,1.);
#11066 = DIRECTION('',(0.,1.));
#11067 = ( GEOMETRIC_REPRESENTATION_CONTEXT(2) 
PARAMETRIC_REPRESENTATION_CONTEXT() REPRESENTATION_CONTEXT('2D SPACE',''
  ) );
#11068 = PCURVE('',#9802,#11069);
#11069 = DEFINITIONAL_REPRESENTATION('',(#11070),#11074);
#11070 = LINE('',#11071,#11072);
#11071 = CARTESIAN_POINT('',(0.,0.));
#11072 = VECTOR('',#11073,1.);
#11073 = DIRECTION('',(0.,1.));
#11074 = ( GEOMETRIC_REPRESENTATION_CONTEXT(2) 
PARAMETRIC_REPRESENTATION_CONTEXT() REPRESENTATION_CONTEXT('2D SPACE',''
  ) );
#11075 = ORIENTED_EDGE('',*,*,#11076,.F.);
#11076 = EDGE_CURVE('',#11030,#11054,#11077,.T.);
#11077 = SURFACE_CURVE('',#11078,(#11082,#11089),.PCURVE_S1.);
#11078 = LINE('',#11079,#11080);
#11079 = CARTESIAN_POINT('',(11.056831547934,28.000115644772,29.8));
#11080 = VECTOR('',#11081,1.);
#11081 = DIRECTION('',(0.382683432365,0.923879532511,0.));
#11082 = PCURVE('',#9829,#11083);
#11083 = DEFINITIONAL_REPRESENTATION('',(#11084),#11088);
#11084 = LINE('',#11085,#11086);
#11085 = CARTESIAN_POINT('',(0.4,4.2));
#11086 = VECTOR('',#11087,1.);
#11087 = DIRECTION('',(1.,0.));
#11088 = ( GEOMETRIC_REPRESENTATION_CONTEXT(2) 
PARAMETRIC_REPRESENTATION_CONTEXT() REPRESENTATION_CONTEXT('2D SPACE',''
  ) );
#11089 = PCURVE('',#11090,#11095);
#11090 = PLANE('',#11091);
#11091 = AXIS2_PLACEMENT_3D('',#11092,#11093,#11094);
#11092 = CARTESIAN_POINT('',(11.442234627716,27.623998022087,29.8));
#11093 = DIRECTION('',(0.,0.,-1.));
#11094 = DIRECTION('',(-1.,0.,0.));
#11095 = DEFINITIONAL_REPRESENTATION('',(#11096),#11100);
#11096 = LINE('',#11097,#11098);
#11097 = CARTESIAN_POINT('',(0.385403079783,0.376117622685));
#11098 = VECTOR('',#11099,1.);
#11099 = DIRECTION('',(-0.382683432365,0.923879532511));
#11100 = ( GEOMETRIC_REPRESENTATION_CONTEXT(2) 
PARAMETRIC_REPRESENTATION_CONTEXT() REPRESENTATION_CONTEXT('2D SPACE',''
  ) );
#11101 = ADVANCED_FACE('',(#11102),#9542,.T.);
#11102 = FACE_BOUND('',#11103,.T.);
#11103 = EDGE_LOOP('',(#11104,#11105,#11128,#11151));
#11104 = ORIENTED_EDGE('',*,*,#9527,.F.);
#11105 = ORIENTED_EDGE('',*,*,#11106,.F.);
#11106 = EDGE_CURVE('',#11107,#9499,#11109,.T.);
#11107 = VERTEX_POINT('',#11108);
#11108 = CARTESIAN_POINT('',(10.978694902475,27.811477095587,34.));
#11109 = SURFACE_CURVE('',#11110,(#11114,#11121),.PCURVE_S1.);
#11110 = LINE('',#11111,#11112);
#11111 = CARTESIAN_POINT('',(10.978694902475,27.811477095587,34.));
#11112 = VECTOR('',#11113,1.);
#11113 = DIRECTION('',(0.,0.,-1.));
#11114 = PCURVE('',#9542,#11115);
#11115 = DEFINITIONAL_REPRESENTATION('',(#11116),#11120);
#11116 = LINE('',#11117,#11118);
#11117 = CARTESIAN_POINT('',(0.195819105688,0.));
#11118 = VECTOR('',#11119,1.);
#11119 = DIRECTION('',(0.,1.));
#11120 = ( GEOMETRIC_REPRESENTATION_CONTEXT(2) 
PARAMETRIC_REPRESENTATION_CONTEXT() REPRESENTATION_CONTEXT('2D SPACE',''
  ) );
#11121 = PCURVE('',#9515,#11122);
#11122 = DEFINITIONAL_REPRESENTATION('',(#11123),#11127);
#11123 = LINE('',#11124,#11125);
#11124 = CARTESIAN_POINT('',(5.088364874586,0.));
#11125 = VECTOR('',#11126,1.);
#11126 = DIRECTION('',(0.,1.));
#11127 = ( GEOMETRIC_REPRESENTATION_CONTEXT(2) 
PARAMETRIC_REPRESENTATION_CONTEXT() REPRESENTATION_CONTEXT('2D SPACE',''
  ) );
#11128 = ORIENTED_EDGE('',*,*,#11129,.F.);
#11129 = EDGE_CURVE('',#11130,#11107,#11132,.T.);
#11130 = VERTEX_POINT('',#11131);
#11131 = CARTESIAN_POINT('',(11.056831547934,28.000115644772,34.));
#11132 = SURFACE_CURVE('',#11133,(#11137,#11144),.PCURVE_S1.);
#11133 = LINE('',#11134,#11135);
#11134 = CARTESIAN_POINT('',(5.220909204366,13.910952773975,34.));
#11135 = VECTOR('',#11136,1.);
#11136 = DIRECTION('',(-0.382683432365,-0.923879532511,0.));
#11137 = PCURVE('',#9542,#11138);
#11138 = DEFINITIONAL_REPRESENTATION('',(#11139),#11143);
#11139 = LINE('',#11140,#11141);
#11140 = CARTESIAN_POINT('',(-14.85,-0.));
#11141 = VECTOR('',#11142,1.);
#11142 = DIRECTION('',(-1.,-0.));
#11143 = ( GEOMETRIC_REPRESENTATION_CONTEXT(2) 
PARAMETRIC_REPRESENTATION_CONTEXT() REPRESENTATION_CONTEXT('2D SPACE',''
  ) );
#11144 = PCURVE('',#3330,#11145);
#11145 = DEFINITIONAL_REPRESENTATION('',(#11146),#11150);
#11146 = LINE('',#11147,#11148);
#11147 = CARTESIAN_POINT('',(5.220909204366,13.910952773975));
#11148 = VECTOR('',#11149,1.);
#11149 = DIRECTION('',(-0.382683432365,-0.923879532511));
#11150 = ( GEOMETRIC_REPRESENTATION_CONTEXT(2) 
PARAMETRIC_REPRESENTATION_CONTEXT() REPRESENTATION_CONTEXT('2D SPACE',''
  ) );
#11151 = ORIENTED_EDGE('',*,*,#11152,.T.);
#11152 = EDGE_CURVE('',#11130,#9528,#11153,.T.);
#11153 = SURFACE_CURVE('',#11154,(#11158,#11165),.PCURVE_S1.);
#11154 = LINE('',#11155,#11156);
#11155 = CARTESIAN_POINT('',(11.056831547934,28.000115644772,34.));
#11156 = VECTOR('',#11157,1.);
#11157 = DIRECTION('',(0.,0.,-1.));
#11158 = PCURVE('',#9542,#11159);
#11159 = DEFINITIONAL_REPRESENTATION('',(#11160),#11164);
#11160 = LINE('',#11161,#11162);
#11161 = CARTESIAN_POINT('',(0.4,0.));
#11162 = VECTOR('',#11163,1.);
#11163 = DIRECTION('',(0.,1.));
#11164 = ( GEOMETRIC_REPRESENTATION_CONTEXT(2) 
PARAMETRIC_REPRESENTATION_CONTEXT() REPRESENTATION_CONTEXT('2D SPACE',''
  ) );
#11165 = PCURVE('',#9569,#11166);
#11166 = DEFINITIONAL_REPRESENTATION('',(#11167),#11171);
#11167 = LINE('',#11168,#11169);
#11168 = CARTESIAN_POINT('',(0.,0.));
#11169 = VECTOR('',#11170,1.);
#11170 = DIRECTION('',(0.,1.));
#11171 = ( GEOMETRIC_REPRESENTATION_CONTEXT(2) 
PARAMETRIC_REPRESENTATION_CONTEXT() REPRESENTATION_CONTEXT('2D SPACE',''
  ) );
#11172 = ADVANCED_FACE('',(#11173),#9802,.T.);
#11173 = FACE_BOUND('',#11174,.T.);
#11174 = EDGE_LOOP('',(#11175,#11176,#11199,#11220));
#11175 = ORIENTED_EDGE('',*,*,#9787,.F.);
#11176 = ORIENTED_EDGE('',*,*,#11177,.T.);
#11177 = EDGE_CURVE('',#9761,#11178,#11180,.T.);
#11178 = VERTEX_POINT('',#11179);
#11179 = CARTESIAN_POINT('',(11.980711080445,27.617432212407,29.8));
#11180 = SURFACE_CURVE('',#11181,(#11185,#11192),.PCURVE_S1.);
#11181 = LINE('',#11182,#11183);
#11182 = CARTESIAN_POINT('',(11.980711080445,27.617432212407,34.));
#11183 = VECTOR('',#11184,1.);
#11184 = DIRECTION('',(0.,0.,-1.));
#11185 = PCURVE('',#9802,#11186);
#11186 = DEFINITIONAL_REPRESENTATION('',(#11187),#11191);
#11187 = LINE('',#11188,#11189);
#11188 = CARTESIAN_POINT('',(1.,0.));
#11189 = VECTOR('',#11190,1.);
#11190 = DIRECTION('',(0.,1.));
#11191 = ( GEOMETRIC_REPRESENTATION_CONTEXT(2) 
PARAMETRIC_REPRESENTATION_CONTEXT() REPRESENTATION_CONTEXT('2D SPACE',''
  ) );
#11192 = PCURVE('',#9775,#11193);
#11193 = DEFINITIONAL_REPRESENTATION('',(#11194),#11198);
#11194 = LINE('',#11195,#11196);
#11195 = CARTESIAN_POINT('',(0.,0.));
#11196 = VECTOR('',#11197,1.);
#11197 = DIRECTION('',(-0.,1.));
#11198 = ( GEOMETRIC_REPRESENTATION_CONTEXT(2) 
PARAMETRIC_REPRESENTATION_CONTEXT() REPRESENTATION_CONTEXT('2D SPACE',''
  ) );
#11199 = ORIENTED_EDGE('',*,*,#11200,.F.);
#11200 = EDGE_CURVE('',#11054,#11178,#11201,.T.);
#11201 = SURFACE_CURVE('',#11202,(#11206,#11213),.PCURVE_S1.);
#11202 = LINE('',#11203,#11204);
#11203 = CARTESIAN_POINT('',(11.980711080445,27.617432212407,29.8));
#11204 = VECTOR('',#11205,1.);
#11205 = DIRECTION('',(0.923879532511,-0.382683432365,0.));
#11206 = PCURVE('',#9802,#11207);
#11207 = DEFINITIONAL_REPRESENTATION('',(#11208),#11212);
#11208 = LINE('',#11209,#11210);
#11209 = CARTESIAN_POINT('',(1.,4.2));
#11210 = VECTOR('',#11211,1.);
#11211 = DIRECTION('',(1.,0.));
#11212 = ( GEOMETRIC_REPRESENTATION_CONTEXT(2) 
PARAMETRIC_REPRESENTATION_CONTEXT() REPRESENTATION_CONTEXT('2D SPACE',''
  ) );
#11213 = PCURVE('',#11090,#11214);
#11214 = DEFINITIONAL_REPRESENTATION('',(#11215),#11219);
#11215 = LINE('',#11216,#11217);
#11216 = CARTESIAN_POINT('',(-0.538476452729,-6.5658096803E-03));
#11217 = VECTOR('',#11218,1.);
#11218 = DIRECTION('',(-0.923879532511,-0.382683432365));
#11219 = ( GEOMETRIC_REPRESENTATION_CONTEXT(2) 
PARAMETRIC_REPRESENTATION_CONTEXT() REPRESENTATION_CONTEXT('2D SPACE',''
  ) );
#11220 = ORIENTED_EDGE('',*,*,#11053,.F.);
#11221 = ADVANCED_FACE('',(#11222),#9775,.T.);
#11222 = FACE_BOUND('',#11223,.T.);
#11223 = EDGE_LOOP('',(#11224,#11247,#11268,#11269));
#11224 = ORIENTED_EDGE('',*,*,#11225,.F.);
#11225 = EDGE_CURVE('',#11226,#9737,#11228,.T.);
#11226 = VERTEX_POINT('',#11227);
#11227 = CARTESIAN_POINT('',(11.902574434986,27.428793663222,29.8));
#11228 = SURFACE_CURVE('',#11229,(#11233,#11240),.PCURVE_S1.);
#11229 = LINE('',#11230,#11231);
#11230 = CARTESIAN_POINT('',(11.902574434986,27.428793663222,34.));
#11231 = VECTOR('',#11232,1.);
#11232 = DIRECTION('',(0.,0.,1.));
#11233 = PCURVE('',#9775,#11234);
#11234 = DEFINITIONAL_REPRESENTATION('',(#11235),#11239);
#11235 = LINE('',#11236,#11237);
#11236 = CARTESIAN_POINT('',(0.204180894312,0.));
#11237 = VECTOR('',#11238,1.);
#11238 = DIRECTION('',(0.,-1.));
#11239 = ( GEOMETRIC_REPRESENTATION_CONTEXT(2) 
PARAMETRIC_REPRESENTATION_CONTEXT() REPRESENTATION_CONTEXT('2D SPACE',''
  ) );
#11240 = PCURVE('',#8887,#11241);
#11241 = DEFINITIONAL_REPRESENTATION('',(#11242),#11246);
#11242 = LINE('',#11243,#11244);
#11243 = CARTESIAN_POINT('',(5.121811249581,0.));
#11244 = VECTOR('',#11245,1.);
#11245 = DIRECTION('',(0.,-1.));
#11246 = ( GEOMETRIC_REPRESENTATION_CONTEXT(2) 
PARAMETRIC_REPRESENTATION_CONTEXT() REPRESENTATION_CONTEXT('2D SPACE',''
  ) );
#11247 = ORIENTED_EDGE('',*,*,#11248,.F.);
#11248 = EDGE_CURVE('',#11178,#11226,#11249,.T.);
#11249 = SURFACE_CURVE('',#11250,(#11254,#11261),.PCURVE_S1.);
#11250 = LINE('',#11251,#11252);
#11251 = CARTESIAN_POINT('',(11.827637707499,27.247880399403,29.8));
#11252 = VECTOR('',#11253,1.);
#11253 = DIRECTION('',(-0.382683432365,-0.923879532511,0.));
#11254 = PCURVE('',#9775,#11255);
#11255 = DEFINITIONAL_REPRESENTATION('',(#11256),#11260);
#11256 = LINE('',#11257,#11258);
#11257 = CARTESIAN_POINT('',(0.4,4.2));
#11258 = VECTOR('',#11259,1.);
#11259 = DIRECTION('',(1.,0.));
#11260 = ( GEOMETRIC_REPRESENTATION_CONTEXT(2) 
PARAMETRIC_REPRESENTATION_CONTEXT() REPRESENTATION_CONTEXT('2D SPACE',''
  ) );
#11261 = PCURVE('',#11090,#11262);
#11262 = DEFINITIONAL_REPRESENTATION('',(#11263),#11267);
#11263 = LINE('',#11264,#11265);
#11264 = CARTESIAN_POINT('',(-0.385403079783,-0.376117622685));
#11265 = VECTOR('',#11266,1.);
#11266 = DIRECTION('',(0.382683432365,-0.923879532511));
#11267 = ( GEOMETRIC_REPRESENTATION_CONTEXT(2) 
PARAMETRIC_REPRESENTATION_CONTEXT() REPRESENTATION_CONTEXT('2D SPACE',''
  ) );
#11268 = ORIENTED_EDGE('',*,*,#11177,.F.);
#11269 = ORIENTED_EDGE('',*,*,#9760,.F.);
#11270 = ADVANCED_FACE('',(#11271),#9596,.T.);
#11271 = FACE_BOUND('',#11272,.T.);
#11272 = EDGE_LOOP('',(#11273,#11274,#11297,#11318));
#11273 = ORIENTED_EDGE('',*,*,#9581,.F.);
#11274 = ORIENTED_EDGE('',*,*,#11275,.F.);
#11275 = EDGE_CURVE('',#11276,#9555,#11278,.T.);
#11276 = VERTEX_POINT('',#11277);
#11277 = CARTESIAN_POINT('',(11.980711080445,27.617432212407,34.));
#11278 = SURFACE_CURVE('',#11279,(#11283,#11290),.PCURVE_S1.);
#11279 = LINE('',#11280,#11281);
#11280 = CARTESIAN_POINT('',(11.980711080445,27.617432212407,34.));
#11281 = VECTOR('',#11282,1.);
#11282 = DIRECTION('',(0.,0.,-1.));
#11283 = PCURVE('',#9596,#11284);
#11284 = DEFINITIONAL_REPRESENTATION('',(#11285),#11289);
#11285 = LINE('',#11286,#11287);
#11286 = CARTESIAN_POINT('',(0.,0.));
#11287 = VECTOR('',#11288,1.);
#11288 = DIRECTION('',(-0.,1.));
#11289 = ( GEOMETRIC_REPRESENTATION_CONTEXT(2) 
PARAMETRIC_REPRESENTATION_CONTEXT() REPRESENTATION_CONTEXT('2D SPACE',''
  ) );
#11290 = PCURVE('',#9569,#11291);
#11291 = DEFINITIONAL_REPRESENTATION('',(#11292),#11296);
#11292 = LINE('',#11293,#11294);
#11293 = CARTESIAN_POINT('',(1.,0.));
#11294 = VECTOR('',#11295,1.);
#11295 = DIRECTION('',(0.,1.));
#11296 = ( GEOMETRIC_REPRESENTATION_CONTEXT(2) 
PARAMETRIC_REPRESENTATION_CONTEXT() REPRESENTATION_CONTEXT('2D SPACE',''
  ) );
#11297 = ORIENTED_EDGE('',*,*,#11298,.F.);
#11298 = EDGE_CURVE('',#9686,#11276,#11299,.T.);
#11299 = SURFACE_CURVE('',#11300,(#11304,#11311),.PCURVE_S1.);
#11300 = LINE('',#11301,#11302);
#11301 = CARTESIAN_POINT('',(6.22132542335,13.713045248112,34.));
#11302 = VECTOR('',#11303,1.);
#11303 = DIRECTION('',(0.382683432365,0.923879532511,0.));
#11304 = PCURVE('',#9596,#11305);
#11305 = DEFINITIONAL_REPRESENTATION('',(#11306),#11310);
#11306 = LINE('',#11307,#11308);
#11307 = CARTESIAN_POINT('',(15.05,0.));
#11308 = VECTOR('',#11309,1.);
#11309 = DIRECTION('',(-1.,0.));
#11310 = ( GEOMETRIC_REPRESENTATION_CONTEXT(2) 
PARAMETRIC_REPRESENTATION_CONTEXT() REPRESENTATION_CONTEXT('2D SPACE',''
  ) );
#11311 = PCURVE('',#3330,#11312);
#11312 = DEFINITIONAL_REPRESENTATION('',(#11313),#11317);
#11313 = LINE('',#11314,#11315);
#11314 = CARTESIAN_POINT('',(6.22132542335,13.713045248112));
#11315 = VECTOR('',#11316,1.);
#11316 = DIRECTION('',(0.382683432365,0.923879532511));
#11317 = ( GEOMETRIC_REPRESENTATION_CONTEXT(2) 
PARAMETRIC_REPRESENTATION_CONTEXT() REPRESENTATION_CONTEXT('2D SPACE',''
  ) );
#11318 = ORIENTED_EDGE('',*,*,#9685,.F.);
#11319 = ADVANCED_FACE('',(#11320),#9569,.T.);
#11320 = FACE_BOUND('',#11321,.T.);
#11321 = EDGE_LOOP('',(#11322,#11323,#11324,#11345));
#11322 = ORIENTED_EDGE('',*,*,#9554,.F.);
#11323 = ORIENTED_EDGE('',*,*,#11152,.F.);
#11324 = ORIENTED_EDGE('',*,*,#11325,.F.);
#11325 = EDGE_CURVE('',#11276,#11130,#11326,.T.);
#11326 = SURFACE_CURVE('',#11327,(#11331,#11338),.PCURVE_S1.);
#11327 = LINE('',#11328,#11329);
#11328 = CARTESIAN_POINT('',(11.287801431061,27.904444786681,34.));
#11329 = VECTOR('',#11330,1.);
#11330 = DIRECTION('',(-0.923879532511,0.382683432365,0.));
#11331 = PCURVE('',#9569,#11332);
#11332 = DEFINITIONAL_REPRESENTATION('',(#11333),#11337);
#11333 = LINE('',#11334,#11335);
#11334 = CARTESIAN_POINT('',(0.25,0.));
#11335 = VECTOR('',#11336,1.);
#11336 = DIRECTION('',(-1.,0.));
#11337 = ( GEOMETRIC_REPRESENTATION_CONTEXT(2) 
PARAMETRIC_REPRESENTATION_CONTEXT() REPRESENTATION_CONTEXT('2D SPACE',''
  ) );
#11338 = PCURVE('',#3330,#11339);
#11339 = DEFINITIONAL_REPRESENTATION('',(#11340),#11344);
#11340 = LINE('',#11341,#11342);
#11341 = CARTESIAN_POINT('',(11.287801431061,27.904444786681));
#11342 = VECTOR('',#11343,1.);
#11343 = DIRECTION('',(-0.923879532511,0.382683432365));
#11344 = ( GEOMETRIC_REPRESENTATION_CONTEXT(2) 
PARAMETRIC_REPRESENTATION_CONTEXT() REPRESENTATION_CONTEXT('2D SPACE',''
  ) );
#11345 = ORIENTED_EDGE('',*,*,#11275,.T.);
#11346 = ADVANCED_FACE('',(#11347),#11090,.T.);
#11347 = FACE_BOUND('',#11348,.T.);
#11348 = EDGE_LOOP('',(#11349,#11371,#11372,#11373));
#11349 = ORIENTED_EDGE('',*,*,#11350,.F.);
#11350 = EDGE_CURVE('',#11030,#11226,#11351,.T.);
#11351 = SURFACE_CURVE('',#11352,(#11357,#11364),.PCURVE_S1.);
#11352 = CIRCLE('',#11353,29.9);
#11353 = AXIS2_PLACEMENT_3D('',#11354,#11355,#11356);
#11354 = CARTESIAN_POINT('',(0.,0.,29.8));
#11355 = DIRECTION('',(0.,0.,-1.));
#11356 = DIRECTION('',(1.,0.,0.));
#11357 = PCURVE('',#11090,#11358);
#11358 = DEFINITIONAL_REPRESENTATION('',(#11359),#11363);
#11359 = CIRCLE('',#11360,29.9);
#11360 = AXIS2_PLACEMENT_2D('',#11361,#11362);
#11361 = CARTESIAN_POINT('',(11.442234627716,-27.62399802208));
#11362 = DIRECTION('',(-1.,0.));
#11363 = ( GEOMETRIC_REPRESENTATION_CONTEXT(2) 
PARAMETRIC_REPRESENTATION_CONTEXT() REPRESENTATION_CONTEXT('2D SPACE',''
  ) );
#11364 = PCURVE('',#8887,#11365);
#11365 = DEFINITIONAL_REPRESENTATION('',(#11366),#11370);
#11366 = LINE('',#11367,#11368);
#11367 = CARTESIAN_POINT('',(0.,4.2));
#11368 = VECTOR('',#11369,1.);
#11369 = DIRECTION('',(1.,0.));
#11370 = ( GEOMETRIC_REPRESENTATION_CONTEXT(2) 
PARAMETRIC_REPRESENTATION_CONTEXT() REPRESENTATION_CONTEXT('2D SPACE',''
  ) );
#11371 = ORIENTED_EDGE('',*,*,#11076,.T.);
#11372 = ORIENTED_EDGE('',*,*,#11200,.T.);
#11373 = ORIENTED_EDGE('',*,*,#11248,.T.);
#11374 = ADVANCED_FACE('',(#11375),#8887,.T.);
#11375 = FACE_BOUND('',#11376,.T.);
#11376 = EDGE_LOOP('',(#11377,#11378,#11379,#11402,#11435,#11456,#11457,
    #11458,#11459,#11460,#11461,#11462));
#11377 = ORIENTED_EDGE('',*,*,#8871,.T.);
#11378 = ORIENTED_EDGE('',*,*,#9908,.T.);
#11379 = ORIENTED_EDGE('',*,*,#11380,.T.);
#11380 = EDGE_CURVE('',#9887,#11381,#11383,.T.);
#11381 = VERTEX_POINT('',#11382);
#11382 = CARTESIAN_POINT('',(29.890592165429,0.75,29.));
#11383 = SURFACE_CURVE('',#11384,(#11388,#11395),.PCURVE_S1.);
#11384 = LINE('',#11385,#11386);
#11385 = CARTESIAN_POINT('',(29.890592165429,0.75,34.));
#11386 = VECTOR('',#11387,1.);
#11387 = DIRECTION('',(0.,0.,-1.));
#11388 = PCURVE('',#8887,#11389);
#11389 = DEFINITIONAL_REPRESENTATION('',(#11390),#11394);
#11390 = LINE('',#11391,#11392);
#11391 = CARTESIAN_POINT('',(6.258099064012,0.));
#11392 = VECTOR('',#11393,1.);
#11393 = DIRECTION('',(0.,1.));
#11394 = ( GEOMETRIC_REPRESENTATION_CONTEXT(2) 
PARAMETRIC_REPRESENTATION_CONTEXT() REPRESENTATION_CONTEXT('2D SPACE',''
  ) );
#11395 = PCURVE('',#9435,#11396);
#11396 = DEFINITIONAL_REPRESENTATION('',(#11397),#11401);
#11397 = LINE('',#11398,#11399);
#11398 = CARTESIAN_POINT('',(1.690592165429,0.));
#11399 = VECTOR('',#11400,1.);
#11400 = DIRECTION('',(0.,1.));
#11401 = ( GEOMETRIC_REPRESENTATION_CONTEXT(2) 
PARAMETRIC_REPRESENTATION_CONTEXT() REPRESENTATION_CONTEXT('2D SPACE',''
  ) );
#11402 = ORIENTED_EDGE('',*,*,#11403,.F.);
#11403 = EDGE_CURVE('',#11404,#11381,#11406,.T.);
#11404 = VERTEX_POINT('',#11405);
#11405 = CARTESIAN_POINT('',(1.8,29.845770219581,29.));
#11406 = SURFACE_CURVE('',#11407,(#11412,#11419),.PCURVE_S1.);
#11407 = CIRCLE('',#11408,29.9);
#11408 = AXIS2_PLACEMENT_3D('',#11409,#11410,#11411);
#11409 = CARTESIAN_POINT('',(0.,0.,29.));
#11410 = DIRECTION('',(0.,0.,-1.));
#11411 = DIRECTION('',(1.,0.,0.));
#11412 = PCURVE('',#8887,#11413);
#11413 = DEFINITIONAL_REPRESENTATION('',(#11414),#11418);
#11414 = LINE('',#11415,#11416);
#11415 = CARTESIAN_POINT('',(0.,5.));
#11416 = VECTOR('',#11417,1.);
#11417 = DIRECTION('',(1.,0.));
#11418 = ( GEOMETRIC_REPRESENTATION_CONTEXT(2) 
PARAMETRIC_REPRESENTATION_CONTEXT() REPRESENTATION_CONTEXT('2D SPACE',''
  ) );
#11419 = PCURVE('',#11420,#11425);
#11420 = PLANE('',#11421);
#11421 = AXIS2_PLACEMENT_3D('',#11422,#11423,#11424);
#11422 = CARTESIAN_POINT('',(0.,0.,29.));
#11423 = DIRECTION('',(0.,0.,1.));
#11424 = DIRECTION('',(1.,0.,-0.));
#11425 = DEFINITIONAL_REPRESENTATION('',(#11426),#11434);
#11426 = ( BOUNDED_CURVE() B_SPLINE_CURVE(2,(#11427,#11428,#11429,#11430
    ,#11431,#11432,#11433),.UNSPECIFIED.,.T.,.F.) 
B_SPLINE_CURVE_WITH_KNOTS((1,2,2,2,2,1),(-2.094395102393,0.,
    2.094395102393,4.188790204786,6.28318530718,8.377580409573),
.UNSPECIFIED.) CURVE() GEOMETRIC_REPRESENTATION_ITEM() 
RATIONAL_B_SPLINE_CURVE((1.,0.5,1.,0.5,1.,0.5,1.)) REPRESENTATION_ITEM(
  '') );
#11427 = CARTESIAN_POINT('',(29.9,0.));
#11428 = CARTESIAN_POINT('',(29.9,-51.7883191463));
#11429 = CARTESIAN_POINT('',(-14.95,-25.89415957315));
#11430 = CARTESIAN_POINT('',(-59.8,-7.323387858901E-15));
#11431 = CARTESIAN_POINT('',(-14.95,25.894159573155));
#11432 = CARTESIAN_POINT('',(29.9,51.788319146309));
#11433 = CARTESIAN_POINT('',(29.9,0.));
#11434 = ( GEOMETRIC_REPRESENTATION_CONTEXT(2) 
PARAMETRIC_REPRESENTATION_CONTEXT() REPRESENTATION_CONTEXT('2D SPACE',''
  ) );
#11435 = ORIENTED_EDGE('',*,*,#11436,.T.);
#11436 = EDGE_CURVE('',#11404,#9842,#11437,.T.);
#11437 = SURFACE_CURVE('',#11438,(#11442,#11449),.PCURVE_S1.);
#11438 = LINE('',#11439,#11440);
#11439 = CARTESIAN_POINT('',(1.8,29.845770219581,34.));
#11440 = VECTOR('',#11441,1.);
#11441 = DIRECTION('',(0.,0.,1.));
#11442 = PCURVE('',#8887,#11443);
#11443 = DEFINITIONAL_REPRESENTATION('',(#11444),#11448);
#11444 = LINE('',#11445,#11446);
#11445 = CARTESIAN_POINT('',(4.772626071124,0.));
#11446 = VECTOR('',#11447,1.);
#11447 = DIRECTION('',(0.,-1.));
#11448 = ( GEOMETRIC_REPRESENTATION_CONTEXT(2) 
PARAMETRIC_REPRESENTATION_CONTEXT() REPRESENTATION_CONTEXT('2D SPACE',''
  ) );
#11449 = PCURVE('',#9486,#11450);
#11450 = DEFINITIONAL_REPRESENTATION('',(#11451),#11455);
#11451 = LINE('',#11452,#11453);
#11452 = CARTESIAN_POINT('',(1.654229780419,0.));
#11453 = VECTOR('',#11454,1.);
#11454 = DIRECTION('',(0.,-1.));
#11455 = ( GEOMETRIC_REPRESENTATION_CONTEXT(2) 
PARAMETRIC_REPRESENTATION_CONTEXT() REPRESENTATION_CONTEXT('2D SPACE',''
  ) );
#11456 = ORIENTED_EDGE('',*,*,#9841,.T.);
#11457 = ORIENTED_EDGE('',*,*,#11029,.T.);
#11458 = ORIENTED_EDGE('',*,*,#11350,.T.);
#11459 = ORIENTED_EDGE('',*,*,#11225,.T.);
#11460 = ORIENTED_EDGE('',*,*,#9736,.T.);
#11461 = ORIENTED_EDGE('',*,*,#9219,.T.);
#11462 = ORIENTED_EDGE('',*,*,#9145,.T.);
#11463 = ADVANCED_FACE('',(#11464),#10925,.T.);
#11464 = FACE_BOUND('',#11465,.T.);
#11465 = EDGE_LOOP('',(#11466,#11489,#11490,#11513));
#11466 = ORIENTED_EDGE('',*,*,#11467,.F.);
#11467 = EDGE_CURVE('',#10911,#11468,#11470,.T.);
#11468 = VERTEX_POINT('',#11469);
#11469 = CARTESIAN_POINT('',(-27.81147709558,10.978694902475,29.8));
#11470 = SURFACE_CURVE('',#11471,(#11475,#11482),.PCURVE_S1.);
#11471 = LINE('',#11472,#11473);
#11472 = CARTESIAN_POINT('',(-27.81147709558,10.978694902475,34.));
#11473 = VECTOR('',#11474,1.);
#11474 = DIRECTION('',(0.,0.,-1.));
#11475 = PCURVE('',#10925,#11476);
#11476 = DEFINITIONAL_REPRESENTATION('',(#11477),#11481);
#11477 = LINE('',#11478,#11479);
#11478 = CARTESIAN_POINT('',(0.195819105688,0.));
#11479 = VECTOR('',#11480,1.);
#11480 = DIRECTION('',(0.,1.));
#11481 = ( GEOMETRIC_REPRESENTATION_CONTEXT(2) 
PARAMETRIC_REPRESENTATION_CONTEXT() REPRESENTATION_CONTEXT('2D SPACE',''
  ) );
#11482 = PCURVE('',#9983,#11483);
#11483 = DEFINITIONAL_REPRESENTATION('',(#11484),#11488);
#11484 = LINE('',#11485,#11486);
#11485 = CARTESIAN_POINT('',(3.517568547791,0.));
#11486 = VECTOR('',#11487,1.);
#11487 = DIRECTION('',(0.,1.));
#11488 = ( GEOMETRIC_REPRESENTATION_CONTEXT(2) 
PARAMETRIC_REPRESENTATION_CONTEXT() REPRESENTATION_CONTEXT('2D SPACE',''
  ) );
#11489 = ORIENTED_EDGE('',*,*,#10910,.F.);
#11490 = ORIENTED_EDGE('',*,*,#11491,.T.);
#11491 = EDGE_CURVE('',#10884,#11492,#11494,.T.);
#11492 = VERTEX_POINT('',#11493);
#11493 = CARTESIAN_POINT('',(-28.00011564477,11.056831547934,29.8));
#11494 = SURFACE_CURVE('',#11495,(#11499,#11506),.PCURVE_S1.);
#11495 = LINE('',#11496,#11497);
#11496 = CARTESIAN_POINT('',(-28.00011564477,11.056831547934,34.));
#11497 = VECTOR('',#11498,1.);
#11498 = DIRECTION('',(0.,0.,-1.));
#11499 = PCURVE('',#10925,#11500);
#11500 = DEFINITIONAL_REPRESENTATION('',(#11501),#11505);
#11501 = LINE('',#11502,#11503);
#11502 = CARTESIAN_POINT('',(0.4,0.));
#11503 = VECTOR('',#11504,1.);
#11504 = DIRECTION('',(0.,1.));
#11505 = ( GEOMETRIC_REPRESENTATION_CONTEXT(2) 
PARAMETRIC_REPRESENTATION_CONTEXT() REPRESENTATION_CONTEXT('2D SPACE',''
  ) );
#11506 = PCURVE('',#10898,#11507);
#11507 = DEFINITIONAL_REPRESENTATION('',(#11508),#11512);
#11508 = LINE('',#11509,#11510);
#11509 = CARTESIAN_POINT('',(0.,0.));
#11510 = VECTOR('',#11511,1.);
#11511 = DIRECTION('',(0.,1.));
#11512 = ( GEOMETRIC_REPRESENTATION_CONTEXT(2) 
PARAMETRIC_REPRESENTATION_CONTEXT() REPRESENTATION_CONTEXT('2D SPACE',''
  ) );
#11513 = ORIENTED_EDGE('',*,*,#11514,.F.);
#11514 = EDGE_CURVE('',#11468,#11492,#11515,.T.);
#11515 = SURFACE_CURVE('',#11516,(#11520,#11527),.PCURVE_S1.);
#11516 = LINE('',#11517,#11518);
#11517 = CARTESIAN_POINT('',(-28.00011564477,11.056831547934,29.8));
#11518 = VECTOR('',#11519,1.);
#11519 = DIRECTION('',(-0.923879532511,0.382683432365,0.));
#11520 = PCURVE('',#10925,#11521);
#11521 = DEFINITIONAL_REPRESENTATION('',(#11522),#11526);
#11522 = LINE('',#11523,#11524);
#11523 = CARTESIAN_POINT('',(0.4,4.2));
#11524 = VECTOR('',#11525,1.);
#11525 = DIRECTION('',(1.,0.));
#11526 = ( GEOMETRIC_REPRESENTATION_CONTEXT(2) 
PARAMETRIC_REPRESENTATION_CONTEXT() REPRESENTATION_CONTEXT('2D SPACE',''
  ) );
#11527 = PCURVE('',#11528,#11533);
#11528 = PLANE('',#11529);
#11529 = AXIS2_PLACEMENT_3D('',#11530,#11531,#11532);
#11530 = CARTESIAN_POINT('',(-27.62399802208,11.442234627716,29.8));
#11531 = DIRECTION('',(0.,0.,-1.));
#11532 = DIRECTION('',(-1.,0.,0.));
#11533 = DEFINITIONAL_REPRESENTATION('',(#11534),#11538);
#11534 = LINE('',#11535,#11536);
#11535 = CARTESIAN_POINT('',(0.376117622685,-0.385403079783));
#11536 = VECTOR('',#11537,1.);
#11537 = DIRECTION('',(0.923879532511,0.382683432365));
#11538 = ( GEOMETRIC_REPRESENTATION_CONTEXT(2) 
PARAMETRIC_REPRESENTATION_CONTEXT() REPRESENTATION_CONTEXT('2D SPACE',''
  ) );
#11539 = ADVANCED_FACE('',(#11540),#10638,.T.);
#11540 = FACE_BOUND('',#11541,.T.);
#11541 = EDGE_LOOP('',(#11542,#11543,#11566,#11589));
#11542 = ORIENTED_EDGE('',*,*,#10623,.F.);
#11543 = ORIENTED_EDGE('',*,*,#11544,.F.);
#11544 = EDGE_CURVE('',#11545,#10595,#11547,.T.);
#11545 = VERTEX_POINT('',#11546);
#11546 = CARTESIAN_POINT('',(-27.81147709558,10.978694902475,34.));
#11547 = SURFACE_CURVE('',#11548,(#11552,#11559),.PCURVE_S1.);
#11548 = LINE('',#11549,#11550);
#11549 = CARTESIAN_POINT('',(-27.81147709558,10.978694902475,34.));
#11550 = VECTOR('',#11551,1.);
#11551 = DIRECTION('',(0.,0.,-1.));
#11552 = PCURVE('',#10638,#11553);
#11553 = DEFINITIONAL_REPRESENTATION('',(#11554),#11558);
#11554 = LINE('',#11555,#11556);
#11555 = CARTESIAN_POINT('',(0.195819105688,0.));
#11556 = VECTOR('',#11557,1.);
#11557 = DIRECTION('',(0.,1.));
#11558 = ( GEOMETRIC_REPRESENTATION_CONTEXT(2) 
PARAMETRIC_REPRESENTATION_CONTEXT() REPRESENTATION_CONTEXT('2D SPACE',''
  ) );
#11559 = PCURVE('',#10611,#11560);
#11560 = DEFINITIONAL_REPRESENTATION('',(#11561),#11565);
#11561 = LINE('',#11562,#11563);
#11562 = CARTESIAN_POINT('',(3.517568547791,0.));
#11563 = VECTOR('',#11564,1.);
#11564 = DIRECTION('',(0.,1.));
#11565 = ( GEOMETRIC_REPRESENTATION_CONTEXT(2) 
PARAMETRIC_REPRESENTATION_CONTEXT() REPRESENTATION_CONTEXT('2D SPACE',''
  ) );
#11566 = ORIENTED_EDGE('',*,*,#11567,.F.);
#11567 = EDGE_CURVE('',#11568,#11545,#11570,.T.);
#11568 = VERTEX_POINT('',#11569);
#11569 = CARTESIAN_POINT('',(-28.00011564477,11.056831547934,34.));
#11570 = SURFACE_CURVE('',#11571,(#11575,#11582),.PCURVE_S1.);
#11571 = LINE('',#11572,#11573);
#11572 = CARTESIAN_POINT('',(-13.91095277397,5.220909204366,34.));
#11573 = VECTOR('',#11574,1.);
#11574 = DIRECTION('',(0.923879532511,-0.382683432365,0.));
#11575 = PCURVE('',#10638,#11576);
#11576 = DEFINITIONAL_REPRESENTATION('',(#11577),#11581);
#11577 = LINE('',#11578,#11579);
#11578 = CARTESIAN_POINT('',(-14.85,-0.));
#11579 = VECTOR('',#11580,1.);
#11580 = DIRECTION('',(-1.,-0.));
#11581 = ( GEOMETRIC_REPRESENTATION_CONTEXT(2) 
PARAMETRIC_REPRESENTATION_CONTEXT() REPRESENTATION_CONTEXT('2D SPACE',''
  ) );
#11582 = PCURVE('',#3330,#11583);
#11583 = DEFINITIONAL_REPRESENTATION('',(#11584),#11588);
#11584 = LINE('',#11585,#11586);
#11585 = CARTESIAN_POINT('',(-13.91095277397,5.220909204366));
#11586 = VECTOR('',#11587,1.);
#11587 = DIRECTION('',(0.923879532511,-0.382683432365));
#11588 = ( GEOMETRIC_REPRESENTATION_CONTEXT(2) 
PARAMETRIC_REPRESENTATION_CONTEXT() REPRESENTATION_CONTEXT('2D SPACE',''
  ) );
#11589 = ORIENTED_EDGE('',*,*,#11590,.T.);
#11590 = EDGE_CURVE('',#11568,#10624,#11591,.T.);
#11591 = SURFACE_CURVE('',#11592,(#11596,#11603),.PCURVE_S1.);
#11592 = LINE('',#11593,#11594);
#11593 = CARTESIAN_POINT('',(-28.00011564477,11.056831547934,34.));
#11594 = VECTOR('',#11595,1.);
#11595 = DIRECTION('',(0.,0.,-1.));
#11596 = PCURVE('',#10638,#11597);
#11597 = DEFINITIONAL_REPRESENTATION('',(#11598),#11602);
#11598 = LINE('',#11599,#11600);
#11599 = CARTESIAN_POINT('',(0.4,0.));
#11600 = VECTOR('',#11601,1.);
#11601 = DIRECTION('',(0.,1.));
#11602 = ( GEOMETRIC_REPRESENTATION_CONTEXT(2) 
PARAMETRIC_REPRESENTATION_CONTEXT() REPRESENTATION_CONTEXT('2D SPACE',''
  ) );
#11603 = PCURVE('',#10665,#11604);
#11604 = DEFINITIONAL_REPRESENTATION('',(#11605),#11609);
#11605 = LINE('',#11606,#11607);
#11606 = CARTESIAN_POINT('',(0.,0.));
#11607 = VECTOR('',#11608,1.);
#11608 = DIRECTION('',(0.,1.));
#11609 = ( GEOMETRIC_REPRESENTATION_CONTEXT(2) 
PARAMETRIC_REPRESENTATION_CONTEXT() REPRESENTATION_CONTEXT('2D SPACE',''
  ) );
#11610 = ADVANCED_FACE('',(#11611),#10898,.T.);
#11611 = FACE_BOUND('',#11612,.T.);
#11612 = EDGE_LOOP('',(#11613,#11614,#11637,#11658));
#11613 = ORIENTED_EDGE('',*,*,#10883,.F.);
#11614 = ORIENTED_EDGE('',*,*,#11615,.T.);
#11615 = EDGE_CURVE('',#10857,#11616,#11618,.T.);
#11616 = VERTEX_POINT('',#11617);
#11617 = CARTESIAN_POINT('',(-27.6174322124,11.980711080445,29.8));
#11618 = SURFACE_CURVE('',#11619,(#11623,#11630),.PCURVE_S1.);
#11619 = LINE('',#11620,#11621);
#11620 = CARTESIAN_POINT('',(-27.6174322124,11.980711080445,34.));
#11621 = VECTOR('',#11622,1.);
#11622 = DIRECTION('',(0.,0.,-1.));
#11623 = PCURVE('',#10898,#11624);
#11624 = DEFINITIONAL_REPRESENTATION('',(#11625),#11629);
#11625 = LINE('',#11626,#11627);
#11626 = CARTESIAN_POINT('',(1.,0.));
#11627 = VECTOR('',#11628,1.);
#11628 = DIRECTION('',(0.,1.));
#11629 = ( GEOMETRIC_REPRESENTATION_CONTEXT(2) 
PARAMETRIC_REPRESENTATION_CONTEXT() REPRESENTATION_CONTEXT('2D SPACE',''
  ) );
#11630 = PCURVE('',#10871,#11631);
#11631 = DEFINITIONAL_REPRESENTATION('',(#11632),#11636);
#11632 = LINE('',#11633,#11634);
#11633 = CARTESIAN_POINT('',(0.,0.));
#11634 = VECTOR('',#11635,1.);
#11635 = DIRECTION('',(0.,1.));
#11636 = ( GEOMETRIC_REPRESENTATION_CONTEXT(2) 
PARAMETRIC_REPRESENTATION_CONTEXT() REPRESENTATION_CONTEXT('2D SPACE',''
  ) );
#11637 = ORIENTED_EDGE('',*,*,#11638,.F.);
#11638 = EDGE_CURVE('',#11492,#11616,#11639,.T.);
#11639 = SURFACE_CURVE('',#11640,(#11644,#11651),.PCURVE_S1.);
#11640 = LINE('',#11641,#11642);
#11641 = CARTESIAN_POINT('',(-27.6174322124,11.980711080445,29.8));
#11642 = VECTOR('',#11643,1.);
#11643 = DIRECTION('',(0.382683432365,0.923879532511,0.));
#11644 = PCURVE('',#10898,#11645);
#11645 = DEFINITIONAL_REPRESENTATION('',(#11646),#11650);
#11646 = LINE('',#11647,#11648);
#11647 = CARTESIAN_POINT('',(1.,4.2));
#11648 = VECTOR('',#11649,1.);
#11649 = DIRECTION('',(1.,0.));
#11650 = ( GEOMETRIC_REPRESENTATION_CONTEXT(2) 
PARAMETRIC_REPRESENTATION_CONTEXT() REPRESENTATION_CONTEXT('2D SPACE',''
  ) );
#11651 = PCURVE('',#11528,#11652);
#11652 = DEFINITIONAL_REPRESENTATION('',(#11653),#11657);
#11653 = LINE('',#11654,#11655);
#11654 = CARTESIAN_POINT('',(-6.5658096803E-03,0.538476452729));
#11655 = VECTOR('',#11656,1.);
#11656 = DIRECTION('',(-0.382683432365,0.923879532511));
#11657 = ( GEOMETRIC_REPRESENTATION_CONTEXT(2) 
PARAMETRIC_REPRESENTATION_CONTEXT() REPRESENTATION_CONTEXT('2D SPACE',''
  ) );
#11658 = ORIENTED_EDGE('',*,*,#11491,.F.);
#11659 = ADVANCED_FACE('',(#11660),#10871,.T.);
#11660 = FACE_BOUND('',#11661,.T.);
#11661 = EDGE_LOOP('',(#11662,#11685,#11706,#11707));
#11662 = ORIENTED_EDGE('',*,*,#11663,.F.);
#11663 = EDGE_CURVE('',#11664,#10833,#11666,.T.);
#11664 = VERTEX_POINT('',#11665);
#11665 = CARTESIAN_POINT('',(-27.42879366322,11.902574434986,29.8));
#11666 = SURFACE_CURVE('',#11667,(#11671,#11678),.PCURVE_S1.);
#11667 = LINE('',#11668,#11669);
#11668 = CARTESIAN_POINT('',(-27.42879366322,11.902574434986,34.));
#11669 = VECTOR('',#11670,1.);
#11670 = DIRECTION('',(0.,0.,1.));
#11671 = PCURVE('',#10871,#11672);
#11672 = DEFINITIONAL_REPRESENTATION('',(#11673),#11677);
#11673 = LINE('',#11674,#11675);
#11674 = CARTESIAN_POINT('',(0.204180894312,0.));
#11675 = VECTOR('',#11676,1.);
#11676 = DIRECTION('',(0.,-1.));
#11677 = ( GEOMETRIC_REPRESENTATION_CONTEXT(2) 
PARAMETRIC_REPRESENTATION_CONTEXT() REPRESENTATION_CONTEXT('2D SPACE',''
  ) );
#11678 = PCURVE('',#9983,#11679);
#11679 = DEFINITIONAL_REPRESENTATION('',(#11680),#11684);
#11680 = LINE('',#11681,#11682);
#11681 = CARTESIAN_POINT('',(3.551014922786,0.));
#11682 = VECTOR('',#11683,1.);
#11683 = DIRECTION('',(0.,-1.));
#11684 = ( GEOMETRIC_REPRESENTATION_CONTEXT(2) 
PARAMETRIC_REPRESENTATION_CONTEXT() REPRESENTATION_CONTEXT('2D SPACE',''
  ) );
#11685 = ORIENTED_EDGE('',*,*,#11686,.F.);
#11686 = EDGE_CURVE('',#11616,#11664,#11687,.T.);
#11687 = SURFACE_CURVE('',#11688,(#11692,#11699),.PCURVE_S1.);
#11688 = LINE('',#11689,#11690);
#11689 = CARTESIAN_POINT('',(-27.2478803994,11.827637707499,29.8));
#11690 = VECTOR('',#11691,1.);
#11691 = DIRECTION('',(0.923879532511,-0.382683432365,0.));
#11692 = PCURVE('',#10871,#11693);
#11693 = DEFINITIONAL_REPRESENTATION('',(#11694),#11698);
#11694 = LINE('',#11695,#11696);
#11695 = CARTESIAN_POINT('',(0.4,4.2));
#11696 = VECTOR('',#11697,1.);
#11697 = DIRECTION('',(1.,0.));
#11698 = ( GEOMETRIC_REPRESENTATION_CONTEXT(2) 
PARAMETRIC_REPRESENTATION_CONTEXT() REPRESENTATION_CONTEXT('2D SPACE',''
  ) );
#11699 = PCURVE('',#11528,#11700);
#11700 = DEFINITIONAL_REPRESENTATION('',(#11701),#11705);
#11701 = LINE('',#11702,#11703);
#11702 = CARTESIAN_POINT('',(-0.376117622685,0.385403079783));
#11703 = VECTOR('',#11704,1.);
#11704 = DIRECTION('',(-0.923879532511,-0.382683432365));
#11705 = ( GEOMETRIC_REPRESENTATION_CONTEXT(2) 
PARAMETRIC_REPRESENTATION_CONTEXT() REPRESENTATION_CONTEXT('2D SPACE',''
  ) );
#11706 = ORIENTED_EDGE('',*,*,#11615,.F.);
#11707 = ORIENTED_EDGE('',*,*,#10856,.F.);
#11708 = ADVANCED_FACE('',(#11709),#10692,.T.);
#11709 = FACE_BOUND('',#11710,.T.);
#11710 = EDGE_LOOP('',(#11711,#11712,#11735,#11756));
#11711 = ORIENTED_EDGE('',*,*,#10677,.F.);
#11712 = ORIENTED_EDGE('',*,*,#11713,.F.);
#11713 = EDGE_CURVE('',#11714,#10651,#11716,.T.);
#11714 = VERTEX_POINT('',#11715);
#11715 = CARTESIAN_POINT('',(-27.6174322124,11.980711080445,34.));
#11716 = SURFACE_CURVE('',#11717,(#11721,#11728),.PCURVE_S1.);
#11717 = LINE('',#11718,#11719);
#11718 = CARTESIAN_POINT('',(-27.6174322124,11.980711080445,34.));
#11719 = VECTOR('',#11720,1.);
#11720 = DIRECTION('',(0.,0.,-1.));
#11721 = PCURVE('',#10692,#11722);
#11722 = DEFINITIONAL_REPRESENTATION('',(#11723),#11727);
#11723 = LINE('',#11724,#11725);
#11724 = CARTESIAN_POINT('',(0.,0.));
#11725 = VECTOR('',#11726,1.);
#11726 = DIRECTION('',(0.,1.));
#11727 = ( GEOMETRIC_REPRESENTATION_CONTEXT(2) 
PARAMETRIC_REPRESENTATION_CONTEXT() REPRESENTATION_CONTEXT('2D SPACE',''
  ) );
#11728 = PCURVE('',#10665,#11729);
#11729 = DEFINITIONAL_REPRESENTATION('',(#11730),#11734);
#11730 = LINE('',#11731,#11732);
#11731 = CARTESIAN_POINT('',(1.,0.));
#11732 = VECTOR('',#11733,1.);
#11733 = DIRECTION('',(0.,1.));
#11734 = ( GEOMETRIC_REPRESENTATION_CONTEXT(2) 
PARAMETRIC_REPRESENTATION_CONTEXT() REPRESENTATION_CONTEXT('2D SPACE',''
  ) );
#11735 = ORIENTED_EDGE('',*,*,#11736,.F.);
#11736 = EDGE_CURVE('',#10782,#11714,#11737,.T.);
#11737 = SURFACE_CURVE('',#11738,(#11742,#11749),.PCURVE_S1.);
#11738 = LINE('',#11739,#11740);
#11739 = CARTESIAN_POINT('',(-13.71304524811,6.22132542335,34.));
#11740 = VECTOR('',#11741,1.);
#11741 = DIRECTION('',(-0.923879532511,0.382683432365,0.));
#11742 = PCURVE('',#10692,#11743);
#11743 = DEFINITIONAL_REPRESENTATION('',(#11744),#11748);
#11744 = LINE('',#11745,#11746);
#11745 = CARTESIAN_POINT('',(15.05,0.));
#11746 = VECTOR('',#11747,1.);
#11747 = DIRECTION('',(-1.,0.));
#11748 = ( GEOMETRIC_REPRESENTATION_CONTEXT(2) 
PARAMETRIC_REPRESENTATION_CONTEXT() REPRESENTATION_CONTEXT('2D SPACE',''
  ) );
#11749 = PCURVE('',#3330,#11750);
#11750 = DEFINITIONAL_REPRESENTATION('',(#11751),#11755);
#11751 = LINE('',#11752,#11753);
#11752 = CARTESIAN_POINT('',(-13.71304524811,6.22132542335));
#11753 = VECTOR('',#11754,1.);
#11754 = DIRECTION('',(-0.923879532511,0.382683432365));
#11755 = ( GEOMETRIC_REPRESENTATION_CONTEXT(2) 
PARAMETRIC_REPRESENTATION_CONTEXT() REPRESENTATION_CONTEXT('2D SPACE',''
  ) );
#11756 = ORIENTED_EDGE('',*,*,#10781,.F.);
#11757 = ADVANCED_FACE('',(#11758),#10665,.T.);
#11758 = FACE_BOUND('',#11759,.T.);
#11759 = EDGE_LOOP('',(#11760,#11761,#11762,#11783));
#11760 = ORIENTED_EDGE('',*,*,#10650,.F.);
#11761 = ORIENTED_EDGE('',*,*,#11590,.F.);
#11762 = ORIENTED_EDGE('',*,*,#11763,.F.);
#11763 = EDGE_CURVE('',#11714,#11568,#11764,.T.);
#11764 = SURFACE_CURVE('',#11765,(#11769,#11776),.PCURVE_S1.);
#11765 = LINE('',#11766,#11767);
#11766 = CARTESIAN_POINT('',(-27.90444478668,11.287801431061,34.));
#11767 = VECTOR('',#11768,1.);
#11768 = DIRECTION('',(-0.382683432365,-0.923879532511,0.));
#11769 = PCURVE('',#10665,#11770);
#11770 = DEFINITIONAL_REPRESENTATION('',(#11771),#11775);
#11771 = LINE('',#11772,#11773);
#11772 = CARTESIAN_POINT('',(0.25,0.));
#11773 = VECTOR('',#11774,1.);
#11774 = DIRECTION('',(-1.,-0.));
#11775 = ( GEOMETRIC_REPRESENTATION_CONTEXT(2) 
PARAMETRIC_REPRESENTATION_CONTEXT() REPRESENTATION_CONTEXT('2D SPACE',''
  ) );
#11776 = PCURVE('',#3330,#11777);
#11777 = DEFINITIONAL_REPRESENTATION('',(#11778),#11782);
#11778 = LINE('',#11779,#11780);
#11779 = CARTESIAN_POINT('',(-27.90444478668,11.287801431061));
#11780 = VECTOR('',#11781,1.);
#11781 = DIRECTION('',(-0.382683432365,-0.923879532511));
#11782 = ( GEOMETRIC_REPRESENTATION_CONTEXT(2) 
PARAMETRIC_REPRESENTATION_CONTEXT() REPRESENTATION_CONTEXT('2D SPACE',''
  ) );
#11783 = ORIENTED_EDGE('',*,*,#11713,.T.);
#11784 = ADVANCED_FACE('',(#11785),#11528,.T.);
#11785 = FACE_BOUND('',#11786,.T.);
#11786 = EDGE_LOOP('',(#11787,#11809,#11810,#11811));
#11787 = ORIENTED_EDGE('',*,*,#11788,.F.);
#11788 = EDGE_CURVE('',#11468,#11664,#11789,.T.);
#11789 = SURFACE_CURVE('',#11790,(#11795,#11802),.PCURVE_S1.);
#11790 = CIRCLE('',#11791,29.9);
#11791 = AXIS2_PLACEMENT_3D('',#11792,#11793,#11794);
#11792 = CARTESIAN_POINT('',(0.,0.,29.8));
#11793 = DIRECTION('',(0.,0.,-1.));
#11794 = DIRECTION('',(1.,0.,0.));
#11795 = PCURVE('',#11528,#11796);
#11796 = DEFINITIONAL_REPRESENTATION('',(#11797),#11801);
#11797 = CIRCLE('',#11798,29.9);
#11798 = AXIS2_PLACEMENT_2D('',#11799,#11800);
#11799 = CARTESIAN_POINT('',(-27.62399802208,-11.44223462771));
#11800 = DIRECTION('',(-1.,0.));
#11801 = ( GEOMETRIC_REPRESENTATION_CONTEXT(2) 
PARAMETRIC_REPRESENTATION_CONTEXT() REPRESENTATION_CONTEXT('2D SPACE',''
  ) );
#11802 = PCURVE('',#9983,#11803);
#11803 = DEFINITIONAL_REPRESENTATION('',(#11804),#11808);
#11804 = LINE('',#11805,#11806);
#11805 = CARTESIAN_POINT('',(-4.440892098501E-16,4.2));
#11806 = VECTOR('',#11807,1.);
#11807 = DIRECTION('',(1.,0.));
#11808 = ( GEOMETRIC_REPRESENTATION_CONTEXT(2) 
PARAMETRIC_REPRESENTATION_CONTEXT() REPRESENTATION_CONTEXT('2D SPACE',''
  ) );
#11809 = ORIENTED_EDGE('',*,*,#11514,.T.);
#11810 = ORIENTED_EDGE('',*,*,#11638,.T.);
#11811 = ORIENTED_EDGE('',*,*,#11686,.T.);
#11812 = ADVANCED_FACE('',(#11813),#9983,.T.);
#11813 = FACE_BOUND('',#11814,.T.);
#11814 = EDGE_LOOP('',(#11815,#11816,#11817,#11840,#11873,#11894,#11895,
    #11896,#11897,#11898,#11899,#11900));
#11815 = ORIENTED_EDGE('',*,*,#9967,.T.);
#11816 = ORIENTED_EDGE('',*,*,#11004,.T.);
#11817 = ORIENTED_EDGE('',*,*,#11818,.T.);
#11818 = EDGE_CURVE('',#10983,#11819,#11821,.T.);
#11819 = VERTEX_POINT('',#11820);
#11820 = CARTESIAN_POINT('',(-1.8,29.845770219581,29.));
#11821 = SURFACE_CURVE('',#11822,(#11826,#11833),.PCURVE_S1.);
#11822 = LINE('',#11823,#11824);
#11823 = CARTESIAN_POINT('',(-1.8,29.845770219581,34.));
#11824 = VECTOR('',#11825,1.);
#11825 = DIRECTION('',(0.,0.,-1.));
#11826 = PCURVE('',#9983,#11827);
#11827 = DEFINITIONAL_REPRESENTATION('',(#11828),#11832);
#11828 = LINE('',#11829,#11830);
#11829 = CARTESIAN_POINT('',(4.652151889645,0.));
#11830 = VECTOR('',#11831,1.);
#11831 = DIRECTION('',(0.,1.));
#11832 = ( GEOMETRIC_REPRESENTATION_CONTEXT(2) 
PARAMETRIC_REPRESENTATION_CONTEXT() REPRESENTATION_CONTEXT('2D SPACE',''
  ) );
#11833 = PCURVE('',#10531,#11834);
#11834 = DEFINITIONAL_REPRESENTATION('',(#11835),#11839);
#11835 = LINE('',#11836,#11837);
#11836 = CARTESIAN_POINT('',(1.645770219581,0.));
#11837 = VECTOR('',#11838,1.);
#11838 = DIRECTION('',(0.,1.));
#11839 = ( GEOMETRIC_REPRESENTATION_CONTEXT(2) 
PARAMETRIC_REPRESENTATION_CONTEXT() REPRESENTATION_CONTEXT('2D SPACE',''
  ) );
#11840 = ORIENTED_EDGE('',*,*,#11841,.F.);
#11841 = EDGE_CURVE('',#11842,#11819,#11844,.T.);
#11842 = VERTEX_POINT('',#11843);
#11843 = CARTESIAN_POINT('',(-29.89059216542,0.75,29.));
#11844 = SURFACE_CURVE('',#11845,(#11850,#11857),.PCURVE_S1.);
#11845 = CIRCLE('',#11846,29.9);
#11846 = AXIS2_PLACEMENT_3D('',#11847,#11848,#11849);
#11847 = CARTESIAN_POINT('',(0.,0.,29.));
#11848 = DIRECTION('',(0.,0.,-1.));
#11849 = DIRECTION('',(1.,0.,0.));
#11850 = PCURVE('',#9983,#11851);
#11851 = DEFINITIONAL_REPRESENTATION('',(#11852),#11856);
#11852 = LINE('',#11853,#11854);
#11853 = CARTESIAN_POINT('',(-4.440892098501E-16,5.));
#11854 = VECTOR('',#11855,1.);
#11855 = DIRECTION('',(1.,0.));
#11856 = ( GEOMETRIC_REPRESENTATION_CONTEXT(2) 
PARAMETRIC_REPRESENTATION_CONTEXT() REPRESENTATION_CONTEXT('2D SPACE',''
  ) );
#11857 = PCURVE('',#11858,#11863);
#11858 = PLANE('',#11859);
#11859 = AXIS2_PLACEMENT_3D('',#11860,#11861,#11862);
#11860 = CARTESIAN_POINT('',(0.,0.,29.));
#11861 = DIRECTION('',(0.,0.,1.));
#11862 = DIRECTION('',(1.,0.,-0.));
#11863 = DEFINITIONAL_REPRESENTATION('',(#11864),#11872);
#11864 = ( BOUNDED_CURVE() B_SPLINE_CURVE(2,(#11865,#11866,#11867,#11868
    ,#11869,#11870,#11871),.UNSPECIFIED.,.T.,.F.) 
B_SPLINE_CURVE_WITH_KNOTS((1,2,2,2,2,1),(-2.094395102393,0.,
    2.094395102393,4.188790204786,6.28318530718,8.377580409573),
.UNSPECIFIED.) CURVE() GEOMETRIC_REPRESENTATION_ITEM() 
RATIONAL_B_SPLINE_CURVE((1.,0.5,1.,0.5,1.,0.5,1.)) REPRESENTATION_ITEM(
  '') );
#11865 = CARTESIAN_POINT('',(29.9,0.));
#11866 = CARTESIAN_POINT('',(29.9,-51.7883191463));
#11867 = CARTESIAN_POINT('',(-14.95,-25.89415957315));
#11868 = CARTESIAN_POINT('',(-59.8,-7.323387858901E-15));
#11869 = CARTESIAN_POINT('',(-14.95,25.894159573155));
#11870 = CARTESIAN_POINT('',(29.9,51.788319146309));
#11871 = CARTESIAN_POINT('',(29.9,0.));
#11872 = ( GEOMETRIC_REPRESENTATION_CONTEXT(2) 
PARAMETRIC_REPRESENTATION_CONTEXT() REPRESENTATION_CONTEXT('2D SPACE',''
  ) );
#11873 = ORIENTED_EDGE('',*,*,#11874,.T.);
#11874 = EDGE_CURVE('',#11842,#10938,#11875,.T.);
#11875 = SURFACE_CURVE('',#11876,(#11880,#11887),.PCURVE_S1.);
#11876 = LINE('',#11877,#11878);
#11877 = CARTESIAN_POINT('',(-29.89059216542,0.75,34.));
#11878 = VECTOR('',#11879,1.);
#11879 = DIRECTION('',(0.,0.,1.));
#11880 = PCURVE('',#9983,#11881);
#11881 = DEFINITIONAL_REPRESENTATION('',(#11882),#11886);
#11882 = LINE('',#11883,#11884);
#11883 = CARTESIAN_POINT('',(3.166678896758,0.));
#11884 = VECTOR('',#11885,1.);
#11885 = DIRECTION('',(0.,-1.));
#11886 = ( GEOMETRIC_REPRESENTATION_CONTEXT(2) 
PARAMETRIC_REPRESENTATION_CONTEXT() REPRESENTATION_CONTEXT('2D SPACE',''
  ) );
#11887 = PCURVE('',#10582,#11888);
#11888 = DEFINITIONAL_REPRESENTATION('',(#11889),#11893);
#11889 = LINE('',#11890,#11891);
#11890 = CARTESIAN_POINT('',(1.609407834571,0.));
#11891 = VECTOR('',#11892,1.);
#11892 = DIRECTION('',(0.,-1.));
#11893 = ( GEOMETRIC_REPRESENTATION_CONTEXT(2) 
PARAMETRIC_REPRESENTATION_CONTEXT() REPRESENTATION_CONTEXT('2D SPACE',''
  ) );
#11894 = ORIENTED_EDGE('',*,*,#10937,.T.);
#11895 = ORIENTED_EDGE('',*,*,#11467,.T.);
#11896 = ORIENTED_EDGE('',*,*,#11788,.T.);
#11897 = ORIENTED_EDGE('',*,*,#11663,.T.);
#11898 = ORIENTED_EDGE('',*,*,#10832,.T.);
#11899 = ORIENTED_EDGE('',*,*,#10315,.T.);
#11900 = ORIENTED_EDGE('',*,*,#10241,.T.);
#11901 = ADVANCED_FACE('',(#11902),#8800,.T.);
#11902 = FACE_BOUND('',#11903,.T.);
#11903 = EDGE_LOOP('',(#11904,#11927,#11928,#11951));
#11904 = ORIENTED_EDGE('',*,*,#11905,.F.);
#11905 = EDGE_CURVE('',#8786,#11906,#11908,.T.);
#11906 = VERTEX_POINT('',#11907);
#11907 = CARTESIAN_POINT('',(-27.42879366322,-11.90257443498,29.8));
#11908 = SURFACE_CURVE('',#11909,(#11913,#11920),.PCURVE_S1.);
#11909 = LINE('',#11910,#11911);
#11910 = CARTESIAN_POINT('',(-27.42879366322,-11.90257443498,34.));
#11911 = VECTOR('',#11912,1.);
#11912 = DIRECTION('',(0.,0.,-1.));
#11913 = PCURVE('',#8800,#11914);
#11914 = DEFINITIONAL_REPRESENTATION('',(#11915),#11919);
#11915 = LINE('',#11916,#11917);
#11916 = CARTESIAN_POINT('',(0.195819105688,0.));
#11917 = VECTOR('',#11918,1.);
#11918 = DIRECTION('',(-0.,1.));
#11919 = ( GEOMETRIC_REPRESENTATION_CONTEXT(2) 
PARAMETRIC_REPRESENTATION_CONTEXT() REPRESENTATION_CONTEXT('2D SPACE',''
  ) );
#11920 = PCURVE('',#7841,#11921);
#11921 = DEFINITIONAL_REPRESENTATION('',(#11922),#11926);
#11922 = LINE('',#11923,#11924);
#11923 = CARTESIAN_POINT('',(2.732170384394,0.));
#11924 = VECTOR('',#11925,1.);
#11925 = DIRECTION('',(0.,1.));
#11926 = ( GEOMETRIC_REPRESENTATION_CONTEXT(2) 
PARAMETRIC_REPRESENTATION_CONTEXT() REPRESENTATION_CONTEXT('2D SPACE',''
  ) );
#11927 = ORIENTED_EDGE('',*,*,#8785,.F.);
#11928 = ORIENTED_EDGE('',*,*,#11929,.T.);
#11929 = EDGE_CURVE('',#8759,#11930,#11932,.T.);
#11930 = VERTEX_POINT('',#11931);
#11931 = CARTESIAN_POINT('',(-27.6174322124,-11.98071108044,29.8));
#11932 = SURFACE_CURVE('',#11933,(#11937,#11944),.PCURVE_S1.);
#11933 = LINE('',#11934,#11935);
#11934 = CARTESIAN_POINT('',(-27.6174322124,-11.98071108044,34.));
#11935 = VECTOR('',#11936,1.);
#11936 = DIRECTION('',(0.,0.,-1.));
#11937 = PCURVE('',#8800,#11938);
#11938 = DEFINITIONAL_REPRESENTATION('',(#11939),#11943);
#11939 = LINE('',#11940,#11941);
#11940 = CARTESIAN_POINT('',(0.4,0.));
#11941 = VECTOR('',#11942,1.);
#11942 = DIRECTION('',(-0.,1.));
#11943 = ( GEOMETRIC_REPRESENTATION_CONTEXT(2) 
PARAMETRIC_REPRESENTATION_CONTEXT() REPRESENTATION_CONTEXT('2D SPACE',''
  ) );
#11944 = PCURVE('',#8773,#11945);
#11945 = DEFINITIONAL_REPRESENTATION('',(#11946),#11950);
#11946 = LINE('',#11947,#11948);
#11947 = CARTESIAN_POINT('',(0.,0.));
#11948 = VECTOR('',#11949,1.);
#11949 = DIRECTION('',(0.,1.));
#11950 = ( GEOMETRIC_REPRESENTATION_CONTEXT(2) 
PARAMETRIC_REPRESENTATION_CONTEXT() REPRESENTATION_CONTEXT('2D SPACE',''
  ) );
#11951 = ORIENTED_EDGE('',*,*,#11952,.F.);
#11952 = EDGE_CURVE('',#11906,#11930,#11953,.T.);
#11953 = SURFACE_CURVE('',#11954,(#11958,#11965),.PCURVE_S1.);
#11954 = LINE('',#11955,#11956);
#11955 = CARTESIAN_POINT('',(-27.6174322124,-11.98071108044,29.8));
#11956 = VECTOR('',#11957,1.);
#11957 = DIRECTION('',(-0.923879532511,-0.382683432365,0.));
#11958 = PCURVE('',#8800,#11959);
#11959 = DEFINITIONAL_REPRESENTATION('',(#11960),#11964);
#11960 = LINE('',#11961,#11962);
#11961 = CARTESIAN_POINT('',(0.4,4.2));
#11962 = VECTOR('',#11963,1.);
#11963 = DIRECTION('',(1.,0.));
#11964 = ( GEOMETRIC_REPRESENTATION_CONTEXT(2) 
PARAMETRIC_REPRESENTATION_CONTEXT() REPRESENTATION_CONTEXT('2D SPACE',''
  ) );
#11965 = PCURVE('',#11966,#11971);
#11966 = PLANE('',#11967);
#11967 = AXIS2_PLACEMENT_3D('',#11968,#11969,#11970);
#11968 = CARTESIAN_POINT('',(-27.62399802208,-11.44223462771,29.8));
#11969 = DIRECTION('',(0.,0.,-1.));
#11970 = DIRECTION('',(-1.,0.,0.));
#11971 = DEFINITIONAL_REPRESENTATION('',(#11972),#11976);
#11972 = LINE('',#11973,#11974);
#11973 = CARTESIAN_POINT('',(-6.5658096803E-03,-0.538476452729));
#11974 = VECTOR('',#11975,1.);
#11975 = DIRECTION('',(0.923879532511,-0.382683432365));
#11976 = ( GEOMETRIC_REPRESENTATION_CONTEXT(2) 
PARAMETRIC_REPRESENTATION_CONTEXT() REPRESENTATION_CONTEXT('2D SPACE',''
  ) );
#11977 = ADVANCED_FACE('',(#11978),#8389,.T.);
#11978 = FACE_BOUND('',#11979,.T.);
#11979 = EDGE_LOOP('',(#11980,#11981,#11982,#12005));
#11980 = ORIENTED_EDGE('',*,*,#8374,.F.);
#11981 = ORIENTED_EDGE('',*,*,#8612,.F.);
#11982 = ORIENTED_EDGE('',*,*,#11983,.F.);
#11983 = EDGE_CURVE('',#11984,#8589,#11986,.T.);
#11984 = VERTEX_POINT('',#11985);
#11985 = CARTESIAN_POINT('',(-27.6174322124,-11.98071108044,34.));
#11986 = SURFACE_CURVE('',#11987,(#11991,#11998),.PCURVE_S1.);
#11987 = LINE('',#11988,#11989);
#11988 = CARTESIAN_POINT('',(-13.52826934161,-6.144788736877,34.));
#11989 = VECTOR('',#11990,1.);
#11990 = DIRECTION('',(0.923879532511,0.382683432365,0.));
#11991 = PCURVE('',#8389,#11992);
#11992 = DEFINITIONAL_REPRESENTATION('',(#11993),#11997);
#11993 = LINE('',#11994,#11995);
#11994 = CARTESIAN_POINT('',(-14.85,0.));
#11995 = VECTOR('',#11996,1.);
#11996 = DIRECTION('',(-1.,0.));
#11997 = ( GEOMETRIC_REPRESENTATION_CONTEXT(2) 
PARAMETRIC_REPRESENTATION_CONTEXT() REPRESENTATION_CONTEXT('2D SPACE',''
  ) );
#11998 = PCURVE('',#3330,#11999);
#11999 = DEFINITIONAL_REPRESENTATION('',(#12000),#12004);
#12000 = LINE('',#12001,#12002);
#12001 = CARTESIAN_POINT('',(-13.52826934161,-6.144788736877));
#12002 = VECTOR('',#12003,1.);
#12003 = DIRECTION('',(0.923879532511,0.382683432365));
#12004 = ( GEOMETRIC_REPRESENTATION_CONTEXT(2) 
PARAMETRIC_REPRESENTATION_CONTEXT() REPRESENTATION_CONTEXT('2D SPACE',''
  ) );
#12005 = ORIENTED_EDGE('',*,*,#12006,.T.);
#12006 = EDGE_CURVE('',#11984,#8375,#12007,.T.);
#12007 = SURFACE_CURVE('',#12008,(#12012,#12019),.PCURVE_S1.);
#12008 = LINE('',#12009,#12010);
#12009 = CARTESIAN_POINT('',(-27.6174322124,-11.98071108044,34.));
#12010 = VECTOR('',#12011,1.);
#12011 = DIRECTION('',(0.,0.,-1.));
#12012 = PCURVE('',#8389,#12013);
#12013 = DEFINITIONAL_REPRESENTATION('',(#12014),#12018);
#12014 = LINE('',#12015,#12016);
#12015 = CARTESIAN_POINT('',(0.4,0.));
#12016 = VECTOR('',#12017,1.);
#12017 = DIRECTION('',(-0.,1.));
#12018 = ( GEOMETRIC_REPRESENTATION_CONTEXT(2) 
PARAMETRIC_REPRESENTATION_CONTEXT() REPRESENTATION_CONTEXT('2D SPACE',''
  ) );
#12019 = PCURVE('',#8416,#12020);
#12020 = DEFINITIONAL_REPRESENTATION('',(#12021),#12025);
#12021 = LINE('',#12022,#12023);
#12022 = CARTESIAN_POINT('',(0.,0.));
#12023 = VECTOR('',#12024,1.);
#12024 = DIRECTION('',(0.,1.));
#12025 = ( GEOMETRIC_REPRESENTATION_CONTEXT(2) 
PARAMETRIC_REPRESENTATION_CONTEXT() REPRESENTATION_CONTEXT('2D SPACE',''
  ) );
#12026 = ADVANCED_FACE('',(#12027),#8773,.T.);
#12027 = FACE_BOUND('',#12028,.T.);
#12028 = EDGE_LOOP('',(#12029,#12030,#12053,#12074));
#12029 = ORIENTED_EDGE('',*,*,#8758,.F.);
#12030 = ORIENTED_EDGE('',*,*,#12031,.T.);
#12031 = EDGE_CURVE('',#8732,#12032,#12034,.T.);
#12032 = VERTEX_POINT('',#12033);
#12033 = CARTESIAN_POINT('',(-28.00011564477,-11.05683154793,29.8));
#12034 = SURFACE_CURVE('',#12035,(#12039,#12046),.PCURVE_S1.);
#12035 = LINE('',#12036,#12037);
#12036 = CARTESIAN_POINT('',(-28.00011564477,-11.05683154793,34.));
#12037 = VECTOR('',#12038,1.);
#12038 = DIRECTION('',(0.,0.,-1.));
#12039 = PCURVE('',#8773,#12040);
#12040 = DEFINITIONAL_REPRESENTATION('',(#12041),#12045);
#12041 = LINE('',#12042,#12043);
#12042 = CARTESIAN_POINT('',(1.,0.));
#12043 = VECTOR('',#12044,1.);
#12044 = DIRECTION('',(0.,1.));
#12045 = ( GEOMETRIC_REPRESENTATION_CONTEXT(2) 
PARAMETRIC_REPRESENTATION_CONTEXT() REPRESENTATION_CONTEXT('2D SPACE',''
  ) );
#12046 = PCURVE('',#8746,#12047);
#12047 = DEFINITIONAL_REPRESENTATION('',(#12048),#12052);
#12048 = LINE('',#12049,#12050);
#12049 = CARTESIAN_POINT('',(0.,0.));
#12050 = VECTOR('',#12051,1.);
#12051 = DIRECTION('',(0.,1.));
#12052 = ( GEOMETRIC_REPRESENTATION_CONTEXT(2) 
PARAMETRIC_REPRESENTATION_CONTEXT() REPRESENTATION_CONTEXT('2D SPACE',''
  ) );
#12053 = ORIENTED_EDGE('',*,*,#12054,.F.);
#12054 = EDGE_CURVE('',#11930,#12032,#12055,.T.);
#12055 = SURFACE_CURVE('',#12056,(#12060,#12067),.PCURVE_S1.);
#12056 = LINE('',#12057,#12058);
#12057 = CARTESIAN_POINT('',(-28.00011564477,-11.05683154793,29.8));
#12058 = VECTOR('',#12059,1.);
#12059 = DIRECTION('',(-0.382683432365,0.923879532511,0.));
#12060 = PCURVE('',#8773,#12061);
#12061 = DEFINITIONAL_REPRESENTATION('',(#12062),#12066);
#12062 = LINE('',#12063,#12064);
#12063 = CARTESIAN_POINT('',(1.,4.2));
#12064 = VECTOR('',#12065,1.);
#12065 = DIRECTION('',(1.,0.));
#12066 = ( GEOMETRIC_REPRESENTATION_CONTEXT(2) 
PARAMETRIC_REPRESENTATION_CONTEXT() REPRESENTATION_CONTEXT('2D SPACE',''
  ) );
#12067 = PCURVE('',#11966,#12068);
#12068 = DEFINITIONAL_REPRESENTATION('',(#12069),#12073);
#12069 = LINE('',#12070,#12071);
#12070 = CARTESIAN_POINT('',(0.376117622685,0.385403079783));
#12071 = VECTOR('',#12072,1.);
#12072 = DIRECTION('',(0.382683432365,0.923879532511));
#12073 = ( GEOMETRIC_REPRESENTATION_CONTEXT(2) 
PARAMETRIC_REPRESENTATION_CONTEXT() REPRESENTATION_CONTEXT('2D SPACE',''
  ) );
#12074 = ORIENTED_EDGE('',*,*,#11929,.F.);
#12075 = ADVANCED_FACE('',(#12076),#8746,.T.);
#12076 = FACE_BOUND('',#12077,.T.);
#12077 = EDGE_LOOP('',(#12078,#12101,#12122,#12123));
#12078 = ORIENTED_EDGE('',*,*,#12079,.F.);
#12079 = EDGE_CURVE('',#12080,#8708,#12082,.T.);
#12080 = VERTEX_POINT('',#12081);
#12081 = CARTESIAN_POINT('',(-27.81147709558,-10.97869490247,29.8));
#12082 = SURFACE_CURVE('',#12083,(#12087,#12094),.PCURVE_S1.);
#12083 = LINE('',#12084,#12085);
#12084 = CARTESIAN_POINT('',(-27.81147709558,-10.97869490247,34.));
#12085 = VECTOR('',#12086,1.);
#12086 = DIRECTION('',(0.,0.,1.));
#12087 = PCURVE('',#8746,#12088);
#12088 = DEFINITIONAL_REPRESENTATION('',(#12089),#12093);
#12089 = LINE('',#12090,#12091);
#12090 = CARTESIAN_POINT('',(0.204180894312,0.));
#12091 = VECTOR('',#12092,1.);
#12092 = DIRECTION('',(0.,-1.));
#12093 = ( GEOMETRIC_REPRESENTATION_CONTEXT(2) 
PARAMETRIC_REPRESENTATION_CONTEXT() REPRESENTATION_CONTEXT('2D SPACE',''
  ) );
#12094 = PCURVE('',#7841,#12095);
#12095 = DEFINITIONAL_REPRESENTATION('',(#12096),#12100);
#12096 = LINE('',#12097,#12098);
#12097 = CARTESIAN_POINT('',(2.765616759389,0.));
#12098 = VECTOR('',#12099,1.);
#12099 = DIRECTION('',(0.,-1.));
#12100 = ( GEOMETRIC_REPRESENTATION_CONTEXT(2) 
PARAMETRIC_REPRESENTATION_CONTEXT() REPRESENTATION_CONTEXT('2D SPACE',''
  ) );
#12101 = ORIENTED_EDGE('',*,*,#12102,.F.);
#12102 = EDGE_CURVE('',#12032,#12080,#12103,.T.);
#12103 = SURFACE_CURVE('',#12104,(#12108,#12115),.PCURVE_S1.);
#12104 = LINE('',#12105,#12106);
#12105 = CARTESIAN_POINT('',(-27.63056383176,-10.90375817498,29.8));
#12106 = VECTOR('',#12107,1.);
#12107 = DIRECTION('',(0.923879532511,0.382683432365,0.));
#12108 = PCURVE('',#8746,#12109);
#12109 = DEFINITIONAL_REPRESENTATION('',(#12110),#12114);
#12110 = LINE('',#12111,#12112);
#12111 = CARTESIAN_POINT('',(0.4,4.2));
#12112 = VECTOR('',#12113,1.);
#12113 = DIRECTION('',(1.,0.));
#12114 = ( GEOMETRIC_REPRESENTATION_CONTEXT(2) 
PARAMETRIC_REPRESENTATION_CONTEXT() REPRESENTATION_CONTEXT('2D SPACE',''
  ) );
#12115 = PCURVE('',#11966,#12116);
#12116 = DEFINITIONAL_REPRESENTATION('',(#12117),#12121);
#12117 = LINE('',#12118,#12119);
#12118 = CARTESIAN_POINT('',(6.565809680303E-03,0.538476452729));
#12119 = VECTOR('',#12120,1.);
#12120 = DIRECTION('',(-0.923879532511,0.382683432365));
#12121 = ( GEOMETRIC_REPRESENTATION_CONTEXT(2) 
PARAMETRIC_REPRESENTATION_CONTEXT() REPRESENTATION_CONTEXT('2D SPACE',''
  ) );
#12122 = ORIENTED_EDGE('',*,*,#12031,.F.);
#12123 = ORIENTED_EDGE('',*,*,#8731,.F.);
#12124 = ADVANCED_FACE('',(#12125),#8443,.T.);
#12125 = FACE_BOUND('',#12126,.T.);
#12126 = EDGE_LOOP('',(#12127,#12128,#12151,#12174));
#12127 = ORIENTED_EDGE('',*,*,#8428,.F.);
#12128 = ORIENTED_EDGE('',*,*,#12129,.F.);
#12129 = EDGE_CURVE('',#12130,#8402,#12132,.T.);
#12130 = VERTEX_POINT('',#12131);
#12131 = CARTESIAN_POINT('',(-28.00011564477,-11.05683154793,34.));
#12132 = SURFACE_CURVE('',#12133,(#12137,#12144),.PCURVE_S1.);
#12133 = LINE('',#12134,#12135);
#12134 = CARTESIAN_POINT('',(-28.00011564477,-11.05683154793,34.));
#12135 = VECTOR('',#12136,1.);
#12136 = DIRECTION('',(0.,0.,-1.));
#12137 = PCURVE('',#8443,#12138);
#12138 = DEFINITIONAL_REPRESENTATION('',(#12139),#12143);
#12139 = LINE('',#12140,#12141);
#12140 = CARTESIAN_POINT('',(0.,0.));
#12141 = VECTOR('',#12142,1.);
#12142 = DIRECTION('',(0.,1.));
#12143 = ( GEOMETRIC_REPRESENTATION_CONTEXT(2) 
PARAMETRIC_REPRESENTATION_CONTEXT() REPRESENTATION_CONTEXT('2D SPACE',''
  ) );
#12144 = PCURVE('',#8416,#12145);
#12145 = DEFINITIONAL_REPRESENTATION('',(#12146),#12150);
#12146 = LINE('',#12147,#12148);
#12147 = CARTESIAN_POINT('',(1.,0.));
#12148 = VECTOR('',#12149,1.);
#12149 = DIRECTION('',(0.,1.));
#12150 = ( GEOMETRIC_REPRESENTATION_CONTEXT(2) 
PARAMETRIC_REPRESENTATION_CONTEXT() REPRESENTATION_CONTEXT('2D SPACE',''
  ) );
#12151 = ORIENTED_EDGE('',*,*,#12152,.F.);
#12152 = EDGE_CURVE('',#12153,#12130,#12155,.T.);
#12153 = VERTEX_POINT('',#12154);
#12154 = CARTESIAN_POINT('',(-27.81147709558,-10.97869490247,34.));
#12155 = SURFACE_CURVE('',#12156,(#12160,#12167),.PCURVE_S1.);
#12156 = LINE('',#12157,#12158);
#12157 = CARTESIAN_POINT('',(-14.09572868047,-5.297445890839,34.));
#12158 = VECTOR('',#12159,1.);
#12159 = DIRECTION('',(-0.923879532511,-0.382683432365,0.));
#12160 = PCURVE('',#8443,#12161);
#12161 = DEFINITIONAL_REPRESENTATION('',(#12162),#12166);
#12162 = LINE('',#12163,#12164);
#12163 = CARTESIAN_POINT('',(15.05,0.));
#12164 = VECTOR('',#12165,1.);
#12165 = DIRECTION('',(-1.,-0.));
#12166 = ( GEOMETRIC_REPRESENTATION_CONTEXT(2) 
PARAMETRIC_REPRESENTATION_CONTEXT() REPRESENTATION_CONTEXT('2D SPACE',''
  ) );
#12167 = PCURVE('',#3330,#12168);
#12168 = DEFINITIONAL_REPRESENTATION('',(#12169),#12173);
#12169 = LINE('',#12170,#12171);
#12170 = CARTESIAN_POINT('',(-14.09572868047,-5.297445890839));
#12171 = VECTOR('',#12172,1.);
#12172 = DIRECTION('',(-0.923879532511,-0.382683432365));
#12173 = ( GEOMETRIC_REPRESENTATION_CONTEXT(2) 
PARAMETRIC_REPRESENTATION_CONTEXT() REPRESENTATION_CONTEXT('2D SPACE',''
  ) );
#12174 = ORIENTED_EDGE('',*,*,#12175,.F.);
#12175 = EDGE_CURVE('',#8429,#12153,#12176,.T.);
#12176 = SURFACE_CURVE('',#12177,(#12181,#12188),.PCURVE_S1.);
#12177 = LINE('',#12178,#12179);
#12178 = CARTESIAN_POINT('',(-27.81147709558,-10.97869490247,34.));
#12179 = VECTOR('',#12180,1.);
#12180 = DIRECTION('',(0.,0.,1.));
#12181 = PCURVE('',#8443,#12182);
#12182 = DEFINITIONAL_REPRESENTATION('',(#12183),#12187);
#12183 = LINE('',#12184,#12185);
#12184 = CARTESIAN_POINT('',(0.204180894312,0.));
#12185 = VECTOR('',#12186,1.);
#12186 = DIRECTION('',(0.,-1.));
#12187 = ( GEOMETRIC_REPRESENTATION_CONTEXT(2) 
PARAMETRIC_REPRESENTATION_CONTEXT() REPRESENTATION_CONTEXT('2D SPACE',''
  ) );
#12188 = PCURVE('',#8472,#12189);
#12189 = DEFINITIONAL_REPRESENTATION('',(#12190),#12194);
#12190 = LINE('',#12191,#12192);
#12191 = CARTESIAN_POINT('',(2.765616759389,0.));
#12192 = VECTOR('',#12193,1.);
#12193 = DIRECTION('',(0.,-1.));
#12194 = ( GEOMETRIC_REPRESENTATION_CONTEXT(2) 
PARAMETRIC_REPRESENTATION_CONTEXT() REPRESENTATION_CONTEXT('2D SPACE',''
  ) );
#12195 = ADVANCED_FACE('',(#12196),#8416,.T.);
#12196 = FACE_BOUND('',#12197,.T.);
#12197 = EDGE_LOOP('',(#12198,#12199,#12200,#12221));
#12198 = ORIENTED_EDGE('',*,*,#8401,.F.);
#12199 = ORIENTED_EDGE('',*,*,#12006,.F.);
#12200 = ORIENTED_EDGE('',*,*,#12201,.F.);
#12201 = EDGE_CURVE('',#12130,#11984,#12202,.T.);
#12202 = SURFACE_CURVE('',#12203,(#12207,#12214),.PCURVE_S1.);
#12203 = LINE('',#12204,#12205);
#12204 = CARTESIAN_POINT('',(-27.71310307049,-11.74974119731,34.));
#12205 = VECTOR('',#12206,1.);
#12206 = DIRECTION('',(0.382683432365,-0.923879532511,0.));
#12207 = PCURVE('',#8416,#12208);
#12208 = DEFINITIONAL_REPRESENTATION('',(#12209),#12213);
#12209 = LINE('',#12210,#12211);
#12210 = CARTESIAN_POINT('',(0.25,0.));
#12211 = VECTOR('',#12212,1.);
#12212 = DIRECTION('',(-1.,-0.));
#12213 = ( GEOMETRIC_REPRESENTATION_CONTEXT(2) 
PARAMETRIC_REPRESENTATION_CONTEXT() REPRESENTATION_CONTEXT('2D SPACE',''
  ) );
#12214 = PCURVE('',#3330,#12215);
#12215 = DEFINITIONAL_REPRESENTATION('',(#12216),#12220);
#12216 = LINE('',#12217,#12218);
#12217 = CARTESIAN_POINT('',(-27.71310307049,-11.74974119731));
#12218 = VECTOR('',#12219,1.);
#12219 = DIRECTION('',(0.382683432365,-0.923879532511));
#12220 = ( GEOMETRIC_REPRESENTATION_CONTEXT(2) 
PARAMETRIC_REPRESENTATION_CONTEXT() REPRESENTATION_CONTEXT('2D SPACE',''
  ) );
#12221 = ORIENTED_EDGE('',*,*,#12129,.T.);
#12222 = ADVANCED_FACE('',(#12223),#11966,.T.);
#12223 = FACE_BOUND('',#12224,.T.);
#12224 = EDGE_LOOP('',(#12225,#12247,#12248,#12249));
#12225 = ORIENTED_EDGE('',*,*,#12226,.F.);
#12226 = EDGE_CURVE('',#11906,#12080,#12227,.T.);
#12227 = SURFACE_CURVE('',#12228,(#12233,#12240),.PCURVE_S1.);
#12228 = CIRCLE('',#12229,29.9);
#12229 = AXIS2_PLACEMENT_3D('',#12230,#12231,#12232);
#12230 = CARTESIAN_POINT('',(0.,0.,29.8));
#12231 = DIRECTION('',(0.,0.,-1.));
#12232 = DIRECTION('',(1.,0.,0.));
#12233 = PCURVE('',#11966,#12234);
#12234 = DEFINITIONAL_REPRESENTATION('',(#12235),#12239);
#12235 = CIRCLE('',#12236,29.9);
#12236 = AXIS2_PLACEMENT_2D('',#12237,#12238);
#12237 = CARTESIAN_POINT('',(-27.62399802208,11.442234627716));
#12238 = DIRECTION('',(-1.,0.));
#12239 = ( GEOMETRIC_REPRESENTATION_CONTEXT(2) 
PARAMETRIC_REPRESENTATION_CONTEXT() REPRESENTATION_CONTEXT('2D SPACE',''
  ) );
#12240 = PCURVE('',#7841,#12241);
#12241 = DEFINITIONAL_REPRESENTATION('',(#12242),#12246);
#12242 = LINE('',#12243,#12244);
#12243 = CARTESIAN_POINT('',(0.,4.2));
#12244 = VECTOR('',#12245,1.);
#12245 = DIRECTION('',(1.,0.));
#12246 = ( GEOMETRIC_REPRESENTATION_CONTEXT(2) 
PARAMETRIC_REPRESENTATION_CONTEXT() REPRESENTATION_CONTEXT('2D SPACE',''
  ) );
#12247 = ORIENTED_EDGE('',*,*,#11952,.T.);
#12248 = ORIENTED_EDGE('',*,*,#12054,.T.);
#12249 = ORIENTED_EDGE('',*,*,#12102,.T.);
#12250 = ADVANCED_FACE('',(#12251),#8472,.T.);
#12251 = FACE_BOUND('',#12252,.T.);
#12252 = EDGE_LOOP('',(#12253,#12254,#12278,#12299));
#12253 = ORIENTED_EDGE('',*,*,#12175,.T.);
#12254 = ORIENTED_EDGE('',*,*,#12255,.F.);
#12255 = EDGE_CURVE('',#12256,#12153,#12258,.T.);
#12256 = VERTEX_POINT('',#12257);
#12257 = CARTESIAN_POINT('',(-29.89059216542,-0.75,34.));
#12258 = SURFACE_CURVE('',#12259,(#12264,#12271),.PCURVE_S1.);
#12259 = CIRCLE('',#12260,29.9);
#12260 = AXIS2_PLACEMENT_3D('',#12261,#12262,#12263);
#12261 = CARTESIAN_POINT('',(0.,0.,34.));
#12262 = DIRECTION('',(0.,0.,1.));
#12263 = DIRECTION('',(1.,0.,-0.));
#12264 = PCURVE('',#8472,#12265);
#12265 = DEFINITIONAL_REPRESENTATION('',(#12266),#12270);
#12266 = LINE('',#12267,#12268);
#12267 = CARTESIAN_POINT('',(6.28318530718,0.));
#12268 = VECTOR('',#12269,1.);
#12269 = DIRECTION('',(-1.,0.));
#12270 = ( GEOMETRIC_REPRESENTATION_CONTEXT(2) 
PARAMETRIC_REPRESENTATION_CONTEXT() REPRESENTATION_CONTEXT('2D SPACE',''
  ) );
#12271 = PCURVE('',#3330,#12272);
#12272 = DEFINITIONAL_REPRESENTATION('',(#12273),#12277);
#12273 = CIRCLE('',#12274,29.9);
#12274 = AXIS2_PLACEMENT_2D('',#12275,#12276);
#12275 = CARTESIAN_POINT('',(0.,0.));
#12276 = DIRECTION('',(1.,0.));
#12277 = ( GEOMETRIC_REPRESENTATION_CONTEXT(2) 
PARAMETRIC_REPRESENTATION_CONTEXT() REPRESENTATION_CONTEXT('2D SPACE',''
  ) );
#12278 = ORIENTED_EDGE('',*,*,#12279,.T.);
#12279 = EDGE_CURVE('',#12256,#8456,#12280,.T.);
#12280 = SURFACE_CURVE('',#12281,(#12285,#12292),.PCURVE_S1.);
#12281 = LINE('',#12282,#12283);
#12282 = CARTESIAN_POINT('',(-29.89059216542,-0.75,34.));
#12283 = VECTOR('',#12284,1.);
#12284 = DIRECTION('',(0.,0.,-1.));
#12285 = PCURVE('',#8472,#12286);
#12286 = DEFINITIONAL_REPRESENTATION('',(#12287),#12291);
#12287 = LINE('',#12288,#12289);
#12288 = CARTESIAN_POINT('',(3.116506410422,0.));
#12289 = VECTOR('',#12290,1.);
#12290 = DIRECTION('',(0.,1.));
#12291 = ( GEOMETRIC_REPRESENTATION_CONTEXT(2) 
PARAMETRIC_REPRESENTATION_CONTEXT() REPRESENTATION_CONTEXT('2D SPACE',''
  ) );
#12292 = PCURVE('',#8499,#12293);
#12293 = DEFINITIONAL_REPRESENTATION('',(#12294),#12298);
#12294 = LINE('',#12295,#12296);
#12295 = CARTESIAN_POINT('',(1.690592165429,0.));
#12296 = VECTOR('',#12297,1.);
#12297 = DIRECTION('',(0.,1.));
#12298 = ( GEOMETRIC_REPRESENTATION_CONTEXT(2) 
PARAMETRIC_REPRESENTATION_CONTEXT() REPRESENTATION_CONTEXT('2D SPACE',''
  ) );
#12299 = ORIENTED_EDGE('',*,*,#8455,.T.);
#12300 = ADVANCED_FACE('',(#12301),#7841,.T.);
#12301 = FACE_BOUND('',#12302,.T.);
#12302 = EDGE_LOOP('',(#12303,#12304,#12305,#12306,#12307,#12308,#12309,
    #12332,#12365,#12386,#12387,#12388));
#12303 = ORIENTED_EDGE('',*,*,#7825,.T.);
#12304 = ORIENTED_EDGE('',*,*,#8812,.T.);
#12305 = ORIENTED_EDGE('',*,*,#11905,.T.);
#12306 = ORIENTED_EDGE('',*,*,#12226,.T.);
#12307 = ORIENTED_EDGE('',*,*,#12079,.T.);
#12308 = ORIENTED_EDGE('',*,*,#8707,.T.);
#12309 = ORIENTED_EDGE('',*,*,#12310,.T.);
#12310 = EDGE_CURVE('',#8686,#12311,#12313,.T.);
#12311 = VERTEX_POINT('',#12312);
#12312 = CARTESIAN_POINT('',(-29.89059216542,-0.75,29.));
#12313 = SURFACE_CURVE('',#12314,(#12318,#12325),.PCURVE_S1.);
#12314 = LINE('',#12315,#12316);
#12315 = CARTESIAN_POINT('',(-29.89059216542,-0.75,34.));
#12316 = VECTOR('',#12317,1.);
#12317 = DIRECTION('',(0.,0.,-1.));
#12318 = PCURVE('',#7841,#12319);
#12319 = DEFINITIONAL_REPRESENTATION('',(#12320),#12324);
#12320 = LINE('',#12321,#12322);
#12321 = CARTESIAN_POINT('',(3.116506410422,0.));
#12322 = VECTOR('',#12323,1.);
#12323 = DIRECTION('',(0.,1.));
#12324 = ( GEOMETRIC_REPRESENTATION_CONTEXT(2) 
PARAMETRIC_REPRESENTATION_CONTEXT() REPRESENTATION_CONTEXT('2D SPACE',''
  ) );
#12325 = PCURVE('',#8499,#12326);
#12326 = DEFINITIONAL_REPRESENTATION('',(#12327),#12331);
#12327 = LINE('',#12328,#12329);
#12328 = CARTESIAN_POINT('',(1.690592165429,0.));
#12329 = VECTOR('',#12330,1.);
#12330 = DIRECTION('',(0.,1.));
#12331 = ( GEOMETRIC_REPRESENTATION_CONTEXT(2) 
PARAMETRIC_REPRESENTATION_CONTEXT() REPRESENTATION_CONTEXT('2D SPACE',''
  ) );
#12332 = ORIENTED_EDGE('',*,*,#12333,.F.);
#12333 = EDGE_CURVE('',#12334,#12311,#12336,.T.);
#12334 = VERTEX_POINT('',#12335);
#12335 = CARTESIAN_POINT('',(-0.75,-29.89059216542,29.));
#12336 = SURFACE_CURVE('',#12337,(#12342,#12349),.PCURVE_S1.);
#12337 = CIRCLE('',#12338,29.9);
#12338 = AXIS2_PLACEMENT_3D('',#12339,#12340,#12341);
#12339 = CARTESIAN_POINT('',(0.,0.,29.));
#12340 = DIRECTION('',(0.,0.,-1.));
#12341 = DIRECTION('',(1.,0.,0.));
#12342 = PCURVE('',#7841,#12343);
#12343 = DEFINITIONAL_REPRESENTATION('',(#12344),#12348);
#12344 = LINE('',#12345,#12346);
#12345 = CARTESIAN_POINT('',(0.,5.));
#12346 = VECTOR('',#12347,1.);
#12347 = DIRECTION('',(1.,0.));
#12348 = ( GEOMETRIC_REPRESENTATION_CONTEXT(2) 
PARAMETRIC_REPRESENTATION_CONTEXT() REPRESENTATION_CONTEXT('2D SPACE',''
  ) );
#12349 = PCURVE('',#12350,#12355);
#12350 = PLANE('',#12351);
#12351 = AXIS2_PLACEMENT_3D('',#12352,#12353,#12354);
#12352 = CARTESIAN_POINT('',(0.,0.,29.));
#12353 = DIRECTION('',(0.,0.,1.));
#12354 = DIRECTION('',(1.,0.,-0.));
#12355 = DEFINITIONAL_REPRESENTATION('',(#12356),#12364);
#12356 = ( BOUNDED_CURVE() B_SPLINE_CURVE(2,(#12357,#12358,#12359,#12360
    ,#12361,#12362,#12363),.UNSPECIFIED.,.T.,.F.) 
B_SPLINE_CURVE_WITH_KNOTS((1,2,2,2,2,1),(-2.094395102393,0.,
    2.094395102393,4.188790204786,6.28318530718,8.377580409573),
.UNSPECIFIED.) CURVE() GEOMETRIC_REPRESENTATION_ITEM() 
RATIONAL_B_SPLINE_CURVE((1.,0.5,1.,0.5,1.,0.5,1.)) REPRESENTATION_ITEM(
  '') );
#12357 = CARTESIAN_POINT('',(29.9,0.));
#12358 = CARTESIAN_POINT('',(29.9,-51.7883191463));
#12359 = CARTESIAN_POINT('',(-14.95,-25.89415957315));
#12360 = CARTESIAN_POINT('',(-59.8,-7.323387858901E-15));
#12361 = CARTESIAN_POINT('',(-14.95,25.894159573155));
#12362 = CARTESIAN_POINT('',(29.9,51.788319146309));
#12363 = CARTESIAN_POINT('',(29.9,0.));
#12364 = ( GEOMETRIC_REPRESENTATION_CONTEXT(2) 
PARAMETRIC_REPRESENTATION_CONTEXT() REPRESENTATION_CONTEXT('2D SPACE',''
  ) );
#12365 = ORIENTED_EDGE('',*,*,#12366,.T.);
#12366 = EDGE_CURVE('',#12334,#8641,#12367,.T.);
#12367 = SURFACE_CURVE('',#12368,(#12372,#12379),.PCURVE_S1.);
#12368 = LINE('',#12369,#12370);
#12369 = CARTESIAN_POINT('',(-0.75,-29.89059216542,34.));
#12370 = VECTOR('',#12371,1.);
#12371 = DIRECTION('',(0.,0.,1.));
#12372 = PCURVE('',#7841,#12373);
#12373 = DEFINITIONAL_REPRESENTATION('',(#12374),#12378);
#12374 = LINE('',#12375,#12376);
#12375 = CARTESIAN_POINT('',(1.595882569963,0.));
#12376 = VECTOR('',#12377,1.);
#12377 = DIRECTION('',(0.,-1.));
#12378 = ( GEOMETRIC_REPRESENTATION_CONTEXT(2) 
PARAMETRIC_REPRESENTATION_CONTEXT() REPRESENTATION_CONTEXT('2D SPACE',''
  ) );
#12379 = PCURVE('',#8550,#12380);
#12380 = DEFINITIONAL_REPRESENTATION('',(#12381),#12385);
#12381 = LINE('',#12382,#12383);
#12382 = CARTESIAN_POINT('',(1.609407834571,0.));
#12383 = VECTOR('',#12384,1.);
#12384 = DIRECTION('',(0.,-1.));
#12385 = ( GEOMETRIC_REPRESENTATION_CONTEXT(2) 
PARAMETRIC_REPRESENTATION_CONTEXT() REPRESENTATION_CONTEXT('2D SPACE',''
  ) );
#12386 = ORIENTED_EDGE('',*,*,#8640,.T.);
#12387 = ORIENTED_EDGE('',*,*,#8059,.T.);
#12388 = ORIENTED_EDGE('',*,*,#7985,.T.);
#12389 = ADVANCED_FACE('',(#12390),#7754,.T.);
#12390 = FACE_BOUND('',#12391,.T.);
#12391 = EDGE_LOOP('',(#12392,#12415,#12416,#12439));
#12392 = ORIENTED_EDGE('',*,*,#12393,.F.);
#12393 = EDGE_CURVE('',#7740,#12394,#12396,.T.);
#12394 = VERTEX_POINT('',#12395);
#12395 = CARTESIAN_POINT('',(11.902574434986,-27.42879366322,29.8));
#12396 = SURFACE_CURVE('',#12397,(#12401,#12408),.PCURVE_S1.);
#12397 = LINE('',#12398,#12399);
#12398 = CARTESIAN_POINT('',(11.902574434986,-27.42879366322,34.));
#12399 = VECTOR('',#12400,1.);
#12400 = DIRECTION('',(0.,0.,-1.));
#12401 = PCURVE('',#7754,#12402);
#12402 = DEFINITIONAL_REPRESENTATION('',(#12403),#12407);
#12403 = LINE('',#12404,#12405);
#12404 = CARTESIAN_POINT('',(0.195819105688,0.));
#12405 = VECTOR('',#12406,1.);
#12406 = DIRECTION('',(0.,1.));
#12407 = ( GEOMETRIC_REPRESENTATION_CONTEXT(2) 
PARAMETRIC_REPRESENTATION_CONTEXT() REPRESENTATION_CONTEXT('2D SPACE',''
  ) );
#12408 = PCURVE('',#6795,#12409);
#12409 = DEFINITIONAL_REPRESENTATION('',(#12410),#12414);
#12410 = LINE('',#12411,#12412);
#12411 = CARTESIAN_POINT('',(1.161374057599,0.));
#12412 = VECTOR('',#12413,1.);
#12413 = DIRECTION('',(0.,1.));
#12414 = ( GEOMETRIC_REPRESENTATION_CONTEXT(2) 
PARAMETRIC_REPRESENTATION_CONTEXT() REPRESENTATION_CONTEXT('2D SPACE',''
  ) );
#12415 = ORIENTED_EDGE('',*,*,#7739,.F.);
#12416 = ORIENTED_EDGE('',*,*,#12417,.T.);
#12417 = EDGE_CURVE('',#7713,#12418,#12420,.T.);
#12418 = VERTEX_POINT('',#12419);
#12419 = CARTESIAN_POINT('',(11.980711080445,-27.6174322124,29.8));
#12420 = SURFACE_CURVE('',#12421,(#12425,#12432),.PCURVE_S1.);
#12421 = LINE('',#12422,#12423);
#12422 = CARTESIAN_POINT('',(11.980711080445,-27.6174322124,34.));
#12423 = VECTOR('',#12424,1.);
#12424 = DIRECTION('',(0.,0.,-1.));
#12425 = PCURVE('',#7754,#12426);
#12426 = DEFINITIONAL_REPRESENTATION('',(#12427),#12431);
#12427 = LINE('',#12428,#12429);
#12428 = CARTESIAN_POINT('',(0.4,0.));
#12429 = VECTOR('',#12430,1.);
#12430 = DIRECTION('',(0.,1.));
#12431 = ( GEOMETRIC_REPRESENTATION_CONTEXT(2) 
PARAMETRIC_REPRESENTATION_CONTEXT() REPRESENTATION_CONTEXT('2D SPACE',''
  ) );
#12432 = PCURVE('',#7727,#12433);
#12433 = DEFINITIONAL_REPRESENTATION('',(#12434),#12438);
#12434 = LINE('',#12435,#12436);
#12435 = CARTESIAN_POINT('',(0.,0.));
#12436 = VECTOR('',#12437,1.);
#12437 = DIRECTION('',(-0.,1.));
#12438 = ( GEOMETRIC_REPRESENTATION_CONTEXT(2) 
PARAMETRIC_REPRESENTATION_CONTEXT() REPRESENTATION_CONTEXT('2D SPACE',''
  ) );
#12439 = ORIENTED_EDGE('',*,*,#12440,.F.);
#12440 = EDGE_CURVE('',#12394,#12418,#12441,.T.);
#12441 = SURFACE_CURVE('',#12442,(#12446,#12453),.PCURVE_S1.);
#12442 = LINE('',#12443,#12444);
#12443 = CARTESIAN_POINT('',(11.980711080445,-27.6174322124,29.8));
#12444 = VECTOR('',#12445,1.);
#12445 = DIRECTION('',(0.382683432365,-0.923879532511,0.));
#12446 = PCURVE('',#7754,#12447);
#12447 = DEFINITIONAL_REPRESENTATION('',(#12448),#12452);
#12448 = LINE('',#12449,#12450);
#12449 = CARTESIAN_POINT('',(0.4,4.2));
#12450 = VECTOR('',#12451,1.);
#12451 = DIRECTION('',(1.,0.));
#12452 = ( GEOMETRIC_REPRESENTATION_CONTEXT(2) 
PARAMETRIC_REPRESENTATION_CONTEXT() REPRESENTATION_CONTEXT('2D SPACE',''
  ) );
#12453 = PCURVE('',#12454,#12459);
#12454 = PLANE('',#12455);
#12455 = AXIS2_PLACEMENT_3D('',#12456,#12457,#12458);
#12456 = CARTESIAN_POINT('',(11.442234627716,-27.62399802208,29.8));
#12457 = DIRECTION('',(0.,0.,-1.));
#12458 = DIRECTION('',(-1.,0.,0.));
#12459 = DEFINITIONAL_REPRESENTATION('',(#12460),#12464);
#12460 = LINE('',#12461,#12462);
#12461 = CARTESIAN_POINT('',(-0.538476452729,6.5658096803E-03));
#12462 = VECTOR('',#12463,1.);
#12463 = DIRECTION('',(-0.382683432365,-0.923879532511));
#12464 = ( GEOMETRIC_REPRESENTATION_CONTEXT(2) 
PARAMETRIC_REPRESENTATION_CONTEXT() REPRESENTATION_CONTEXT('2D SPACE',''
  ) );
#12465 = ADVANCED_FACE('',(#12466),#7343,.T.);
#12466 = FACE_BOUND('',#12467,.T.);
#12467 = EDGE_LOOP('',(#12468,#12469,#12470,#12493));
#12468 = ORIENTED_EDGE('',*,*,#7328,.F.);
#12469 = ORIENTED_EDGE('',*,*,#7566,.F.);
#12470 = ORIENTED_EDGE('',*,*,#12471,.F.);
#12471 = EDGE_CURVE('',#12472,#7543,#12474,.T.);
#12472 = VERTEX_POINT('',#12473);
#12473 = CARTESIAN_POINT('',(11.980711080445,-27.6174322124,34.));
#12474 = SURFACE_CURVE('',#12475,(#12479,#12486),.PCURVE_S1.);
#12475 = LINE('',#12476,#12477);
#12476 = CARTESIAN_POINT('',(6.144788736877,-13.52826934161,34.));
#12477 = VECTOR('',#12478,1.);
#12478 = DIRECTION('',(-0.382683432365,0.923879532511,0.));
#12479 = PCURVE('',#7343,#12480);
#12480 = DEFINITIONAL_REPRESENTATION('',(#12481),#12485);
#12481 = LINE('',#12482,#12483);
#12482 = CARTESIAN_POINT('',(-14.85,0.));
#12483 = VECTOR('',#12484,1.);
#12484 = DIRECTION('',(-1.,0.));
#12485 = ( GEOMETRIC_REPRESENTATION_CONTEXT(2) 
PARAMETRIC_REPRESENTATION_CONTEXT() REPRESENTATION_CONTEXT('2D SPACE',''
  ) );
#12486 = PCURVE('',#3330,#12487);
#12487 = DEFINITIONAL_REPRESENTATION('',(#12488),#12492);
#12488 = LINE('',#12489,#12490);
#12489 = CARTESIAN_POINT('',(6.144788736877,-13.52826934161));
#12490 = VECTOR('',#12491,1.);
#12491 = DIRECTION('',(-0.382683432365,0.923879532511));
#12492 = ( GEOMETRIC_REPRESENTATION_CONTEXT(2) 
PARAMETRIC_REPRESENTATION_CONTEXT() REPRESENTATION_CONTEXT('2D SPACE',''
  ) );
#12493 = ORIENTED_EDGE('',*,*,#12494,.T.);
#12494 = EDGE_CURVE('',#12472,#7329,#12495,.T.);
#12495 = SURFACE_CURVE('',#12496,(#12500,#12507),.PCURVE_S1.);
#12496 = LINE('',#12497,#12498);
#12497 = CARTESIAN_POINT('',(11.980711080445,-27.6174322124,34.));
#12498 = VECTOR('',#12499,1.);
#12499 = DIRECTION('',(0.,0.,-1.));
#12500 = PCURVE('',#7343,#12501);
#12501 = DEFINITIONAL_REPRESENTATION('',(#12502),#12506);
#12502 = LINE('',#12503,#12504);
#12503 = CARTESIAN_POINT('',(0.4,0.));
#12504 = VECTOR('',#12505,1.);
#12505 = DIRECTION('',(0.,1.));
#12506 = ( GEOMETRIC_REPRESENTATION_CONTEXT(2) 
PARAMETRIC_REPRESENTATION_CONTEXT() REPRESENTATION_CONTEXT('2D SPACE',''
  ) );
#12507 = PCURVE('',#7370,#12508);
#12508 = DEFINITIONAL_REPRESENTATION('',(#12509),#12513);
#12509 = LINE('',#12510,#12511);
#12510 = CARTESIAN_POINT('',(0.,0.));
#12511 = VECTOR('',#12512,1.);
#12512 = DIRECTION('',(-0.,1.));
#12513 = ( GEOMETRIC_REPRESENTATION_CONTEXT(2) 
PARAMETRIC_REPRESENTATION_CONTEXT() REPRESENTATION_CONTEXT('2D SPACE',''
  ) );
#12514 = ADVANCED_FACE('',(#12515),#7727,.T.);
#12515 = FACE_BOUND('',#12516,.T.);
#12516 = EDGE_LOOP('',(#12517,#12518,#12541,#12562));
#12517 = ORIENTED_EDGE('',*,*,#7712,.F.);
#12518 = ORIENTED_EDGE('',*,*,#12519,.T.);
#12519 = EDGE_CURVE('',#7686,#12520,#12522,.T.);
#12520 = VERTEX_POINT('',#12521);
#12521 = CARTESIAN_POINT('',(11.056831547934,-28.00011564477,29.8));
#12522 = SURFACE_CURVE('',#12523,(#12527,#12534),.PCURVE_S1.);
#12523 = LINE('',#12524,#12525);
#12524 = CARTESIAN_POINT('',(11.056831547934,-28.00011564477,34.));
#12525 = VECTOR('',#12526,1.);
#12526 = DIRECTION('',(0.,0.,-1.));
#12527 = PCURVE('',#7727,#12528);
#12528 = DEFINITIONAL_REPRESENTATION('',(#12529),#12533);
#12529 = LINE('',#12530,#12531);
#12530 = CARTESIAN_POINT('',(1.,0.));
#12531 = VECTOR('',#12532,1.);
#12532 = DIRECTION('',(-0.,1.));
#12533 = ( GEOMETRIC_REPRESENTATION_CONTEXT(2) 
PARAMETRIC_REPRESENTATION_CONTEXT() REPRESENTATION_CONTEXT('2D SPACE',''
  ) );
#12534 = PCURVE('',#7700,#12535);
#12535 = DEFINITIONAL_REPRESENTATION('',(#12536),#12540);
#12536 = LINE('',#12537,#12538);
#12537 = CARTESIAN_POINT('',(0.,0.));
#12538 = VECTOR('',#12539,1.);
#12539 = DIRECTION('',(0.,1.));
#12540 = ( GEOMETRIC_REPRESENTATION_CONTEXT(2) 
PARAMETRIC_REPRESENTATION_CONTEXT() REPRESENTATION_CONTEXT('2D SPACE',''
  ) );
#12541 = ORIENTED_EDGE('',*,*,#12542,.F.);
#12542 = EDGE_CURVE('',#12418,#12520,#12543,.T.);
#12543 = SURFACE_CURVE('',#12544,(#12548,#12555),.PCURVE_S1.);
#12544 = LINE('',#12545,#12546);
#12545 = CARTESIAN_POINT('',(11.056831547934,-28.00011564477,29.8));
#12546 = VECTOR('',#12547,1.);
#12547 = DIRECTION('',(-0.923879532511,-0.382683432365,0.));
#12548 = PCURVE('',#7727,#12549);
#12549 = DEFINITIONAL_REPRESENTATION('',(#12550),#12554);
#12550 = LINE('',#12551,#12552);
#12551 = CARTESIAN_POINT('',(1.,4.2));
#12552 = VECTOR('',#12553,1.);
#12553 = DIRECTION('',(1.,0.));
#12554 = ( GEOMETRIC_REPRESENTATION_CONTEXT(2) 
PARAMETRIC_REPRESENTATION_CONTEXT() REPRESENTATION_CONTEXT('2D SPACE',''
  ) );
#12555 = PCURVE('',#12454,#12556);
#12556 = DEFINITIONAL_REPRESENTATION('',(#12557),#12561);
#12557 = LINE('',#12558,#12559);
#12558 = CARTESIAN_POINT('',(0.385403079783,-0.376117622685));
#12559 = VECTOR('',#12560,1.);
#12560 = DIRECTION('',(0.923879532511,-0.382683432365));
#12561 = ( GEOMETRIC_REPRESENTATION_CONTEXT(2) 
PARAMETRIC_REPRESENTATION_CONTEXT() REPRESENTATION_CONTEXT('2D SPACE',''
  ) );
#12562 = ORIENTED_EDGE('',*,*,#12417,.F.);
#12563 = ADVANCED_FACE('',(#12564),#7700,.T.);
#12564 = FACE_BOUND('',#12565,.T.);
#12565 = EDGE_LOOP('',(#12566,#12589,#12610,#12611));
#12566 = ORIENTED_EDGE('',*,*,#12567,.F.);
#12567 = EDGE_CURVE('',#12568,#7662,#12570,.T.);
#12568 = VERTEX_POINT('',#12569);
#12569 = CARTESIAN_POINT('',(10.978694902475,-27.81147709558,29.8));
#12570 = SURFACE_CURVE('',#12571,(#12575,#12582),.PCURVE_S1.);
#12571 = LINE('',#12572,#12573);
#12572 = CARTESIAN_POINT('',(10.978694902475,-27.81147709558,34.));
#12573 = VECTOR('',#12574,1.);
#12574 = DIRECTION('',(0.,0.,1.));
#12575 = PCURVE('',#7700,#12576);
#12576 = DEFINITIONAL_REPRESENTATION('',(#12577),#12581);
#12577 = LINE('',#12578,#12579);
#12578 = CARTESIAN_POINT('',(0.204180894312,0.));
#12579 = VECTOR('',#12580,1.);
#12580 = DIRECTION('',(0.,-1.));
#12581 = ( GEOMETRIC_REPRESENTATION_CONTEXT(2) 
PARAMETRIC_REPRESENTATION_CONTEXT() REPRESENTATION_CONTEXT('2D SPACE',''
  ) );
#12582 = PCURVE('',#6795,#12583);
#12583 = DEFINITIONAL_REPRESENTATION('',(#12584),#12588);
#12584 = LINE('',#12585,#12586);
#12585 = CARTESIAN_POINT('',(1.194820432594,0.));
#12586 = VECTOR('',#12587,1.);
#12587 = DIRECTION('',(0.,-1.));
#12588 = ( GEOMETRIC_REPRESENTATION_CONTEXT(2) 
PARAMETRIC_REPRESENTATION_CONTEXT() REPRESENTATION_CONTEXT('2D SPACE',''
  ) );
#12589 = ORIENTED_EDGE('',*,*,#12590,.F.);
#12590 = EDGE_CURVE('',#12520,#12568,#12591,.T.);
#12591 = SURFACE_CURVE('',#12592,(#12596,#12603),.PCURVE_S1.);
#12592 = LINE('',#12593,#12594);
#12593 = CARTESIAN_POINT('',(10.903758174987,-27.63056383176,29.8));
#12594 = VECTOR('',#12595,1.);
#12595 = DIRECTION('',(-0.382683432365,0.923879532511,0.));
#12596 = PCURVE('',#7700,#12597);
#12597 = DEFINITIONAL_REPRESENTATION('',(#12598),#12602);
#12598 = LINE('',#12599,#12600);
#12599 = CARTESIAN_POINT('',(0.4,4.2));
#12600 = VECTOR('',#12601,1.);
#12601 = DIRECTION('',(1.,0.));
#12602 = ( GEOMETRIC_REPRESENTATION_CONTEXT(2) 
PARAMETRIC_REPRESENTATION_CONTEXT() REPRESENTATION_CONTEXT('2D SPACE',''
  ) );
#12603 = PCURVE('',#12454,#12604);
#12604 = DEFINITIONAL_REPRESENTATION('',(#12605),#12609);
#12605 = LINE('',#12606,#12607);
#12606 = CARTESIAN_POINT('',(0.538476452729,-6.565809680303E-03));
#12607 = VECTOR('',#12608,1.);
#12608 = DIRECTION('',(0.382683432365,0.923879532511));
#12609 = ( GEOMETRIC_REPRESENTATION_CONTEXT(2) 
PARAMETRIC_REPRESENTATION_CONTEXT() REPRESENTATION_CONTEXT('2D SPACE',''
  ) );
#12610 = ORIENTED_EDGE('',*,*,#12519,.F.);
#12611 = ORIENTED_EDGE('',*,*,#7685,.F.);
#12612 = ADVANCED_FACE('',(#12613),#7397,.T.);
#12613 = FACE_BOUND('',#12614,.T.);
#12614 = EDGE_LOOP('',(#12615,#12616,#12639,#12662));
#12615 = ORIENTED_EDGE('',*,*,#7382,.F.);
#12616 = ORIENTED_EDGE('',*,*,#12617,.F.);
#12617 = EDGE_CURVE('',#12618,#7356,#12620,.T.);
#12618 = VERTEX_POINT('',#12619);
#12619 = CARTESIAN_POINT('',(11.056831547934,-28.00011564477,34.));
#12620 = SURFACE_CURVE('',#12621,(#12625,#12632),.PCURVE_S1.);
#12621 = LINE('',#12622,#12623);
#12622 = CARTESIAN_POINT('',(11.056831547934,-28.00011564477,34.));
#12623 = VECTOR('',#12624,1.);
#12624 = DIRECTION('',(0.,0.,-1.));
#12625 = PCURVE('',#7397,#12626);
#12626 = DEFINITIONAL_REPRESENTATION('',(#12627),#12631);
#12627 = LINE('',#12628,#12629);
#12628 = CARTESIAN_POINT('',(0.,0.));
#12629 = VECTOR('',#12630,1.);
#12630 = DIRECTION('',(0.,1.));
#12631 = ( GEOMETRIC_REPRESENTATION_CONTEXT(2) 
PARAMETRIC_REPRESENTATION_CONTEXT() REPRESENTATION_CONTEXT('2D SPACE',''
  ) );
#12632 = PCURVE('',#7370,#12633);
#12633 = DEFINITIONAL_REPRESENTATION('',(#12634),#12638);
#12634 = LINE('',#12635,#12636);
#12635 = CARTESIAN_POINT('',(1.,0.));
#12636 = VECTOR('',#12637,1.);
#12637 = DIRECTION('',(-0.,1.));
#12638 = ( GEOMETRIC_REPRESENTATION_CONTEXT(2) 
PARAMETRIC_REPRESENTATION_CONTEXT() REPRESENTATION_CONTEXT('2D SPACE',''
  ) );
#12639 = ORIENTED_EDGE('',*,*,#12640,.F.);
#12640 = EDGE_CURVE('',#12641,#12618,#12643,.T.);
#12641 = VERTEX_POINT('',#12642);
#12642 = CARTESIAN_POINT('',(10.978694902475,-27.81147709558,34.));
#12643 = SURFACE_CURVE('',#12644,(#12648,#12655),.PCURVE_S1.);
#12644 = LINE('',#12645,#12646);
#12645 = CARTESIAN_POINT('',(5.297445890839,-14.09572868047,34.));
#12646 = VECTOR('',#12647,1.);
#12647 = DIRECTION('',(0.382683432365,-0.923879532511,0.));
#12648 = PCURVE('',#7397,#12649);
#12649 = DEFINITIONAL_REPRESENTATION('',(#12650),#12654);
#12650 = LINE('',#12651,#12652);
#12651 = CARTESIAN_POINT('',(15.05,0.));
#12652 = VECTOR('',#12653,1.);
#12653 = DIRECTION('',(-1.,-0.));
#12654 = ( GEOMETRIC_REPRESENTATION_CONTEXT(2) 
PARAMETRIC_REPRESENTATION_CONTEXT() REPRESENTATION_CONTEXT('2D SPACE',''
  ) );
#12655 = PCURVE('',#3330,#12656);
#12656 = DEFINITIONAL_REPRESENTATION('',(#12657),#12661);
#12657 = LINE('',#12658,#12659);
#12658 = CARTESIAN_POINT('',(5.297445890839,-14.09572868047));
#12659 = VECTOR('',#12660,1.);
#12660 = DIRECTION('',(0.382683432365,-0.923879532511));
#12661 = ( GEOMETRIC_REPRESENTATION_CONTEXT(2) 
PARAMETRIC_REPRESENTATION_CONTEXT() REPRESENTATION_CONTEXT('2D SPACE',''
  ) );
#12662 = ORIENTED_EDGE('',*,*,#12663,.F.);
#12663 = EDGE_CURVE('',#7383,#12641,#12664,.T.);
#12664 = SURFACE_CURVE('',#12665,(#12669,#12676),.PCURVE_S1.);
#12665 = LINE('',#12666,#12667);
#12666 = CARTESIAN_POINT('',(10.978694902475,-27.81147709558,34.));
#12667 = VECTOR('',#12668,1.);
#12668 = DIRECTION('',(0.,0.,1.));
#12669 = PCURVE('',#7397,#12670);
#12670 = DEFINITIONAL_REPRESENTATION('',(#12671),#12675);
#12671 = LINE('',#12672,#12673);
#12672 = CARTESIAN_POINT('',(0.204180894312,0.));
#12673 = VECTOR('',#12674,1.);
#12674 = DIRECTION('',(0.,-1.));
#12675 = ( GEOMETRIC_REPRESENTATION_CONTEXT(2) 
PARAMETRIC_REPRESENTATION_CONTEXT() REPRESENTATION_CONTEXT('2D SPACE',''
  ) );
#12676 = PCURVE('',#7426,#12677);
#12677 = DEFINITIONAL_REPRESENTATION('',(#12678),#12682);
#12678 = LINE('',#12679,#12680);
#12679 = CARTESIAN_POINT('',(1.194820432594,0.));
#12680 = VECTOR('',#12681,1.);
#12681 = DIRECTION('',(0.,-1.));
#12682 = ( GEOMETRIC_REPRESENTATION_CONTEXT(2) 
PARAMETRIC_REPRESENTATION_CONTEXT() REPRESENTATION_CONTEXT('2D SPACE',''
  ) );
#12683 = ADVANCED_FACE('',(#12684),#7370,.T.);
#12684 = FACE_BOUND('',#12685,.T.);
#12685 = EDGE_LOOP('',(#12686,#12687,#12688,#12709));
#12686 = ORIENTED_EDGE('',*,*,#7355,.F.);
#12687 = ORIENTED_EDGE('',*,*,#12494,.F.);
#12688 = ORIENTED_EDGE('',*,*,#12689,.F.);
#12689 = EDGE_CURVE('',#12618,#12472,#12690,.T.);
#12690 = SURFACE_CURVE('',#12691,(#12695,#12702),.PCURVE_S1.);
#12691 = LINE('',#12692,#12693);
#12692 = CARTESIAN_POINT('',(11.749741197317,-27.71310307049,34.));
#12693 = VECTOR('',#12694,1.);
#12694 = DIRECTION('',(0.923879532511,0.382683432365,0.));
#12695 = PCURVE('',#7370,#12696);
#12696 = DEFINITIONAL_REPRESENTATION('',(#12697),#12701);
#12697 = LINE('',#12698,#12699);
#12698 = CARTESIAN_POINT('',(0.25,0.));
#12699 = VECTOR('',#12700,1.);
#12700 = DIRECTION('',(-1.,0.));
#12701 = ( GEOMETRIC_REPRESENTATION_CONTEXT(2) 
PARAMETRIC_REPRESENTATION_CONTEXT() REPRESENTATION_CONTEXT('2D SPACE',''
  ) );
#12702 = PCURVE('',#3330,#12703);
#12703 = DEFINITIONAL_REPRESENTATION('',(#12704),#12708);
#12704 = LINE('',#12705,#12706);
#12705 = CARTESIAN_POINT('',(11.749741197317,-27.71310307049));
#12706 = VECTOR('',#12707,1.);
#12707 = DIRECTION('',(0.923879532511,0.382683432365));
#12708 = ( GEOMETRIC_REPRESENTATION_CONTEXT(2) 
PARAMETRIC_REPRESENTATION_CONTEXT() REPRESENTATION_CONTEXT('2D SPACE',''
  ) );
#12709 = ORIENTED_EDGE('',*,*,#12617,.T.);
#12710 = ADVANCED_FACE('',(#12711),#12454,.T.);
#12711 = FACE_BOUND('',#12712,.T.);
#12712 = EDGE_LOOP('',(#12713,#12735,#12736,#12737));
#12713 = ORIENTED_EDGE('',*,*,#12714,.F.);
#12714 = EDGE_CURVE('',#12394,#12568,#12715,.T.);
#12715 = SURFACE_CURVE('',#12716,(#12721,#12728),.PCURVE_S1.);
#12716 = CIRCLE('',#12717,29.9);
#12717 = AXIS2_PLACEMENT_3D('',#12718,#12719,#12720);
#12718 = CARTESIAN_POINT('',(0.,0.,29.8));
#12719 = DIRECTION('',(0.,0.,-1.));
#12720 = DIRECTION('',(1.,0.,0.));
#12721 = PCURVE('',#12454,#12722);
#12722 = DEFINITIONAL_REPRESENTATION('',(#12723),#12727);
#12723 = CIRCLE('',#12724,29.9);
#12724 = AXIS2_PLACEMENT_2D('',#12725,#12726);
#12725 = CARTESIAN_POINT('',(11.442234627716,27.623998022087));
#12726 = DIRECTION('',(-1.,0.));
#12727 = ( GEOMETRIC_REPRESENTATION_CONTEXT(2) 
PARAMETRIC_REPRESENTATION_CONTEXT() REPRESENTATION_CONTEXT('2D SPACE',''
  ) );
#12728 = PCURVE('',#6795,#12729);
#12729 = DEFINITIONAL_REPRESENTATION('',(#12730),#12734);
#12730 = LINE('',#12731,#12732);
#12731 = CARTESIAN_POINT('',(0.,4.2));
#12732 = VECTOR('',#12733,1.);
#12733 = DIRECTION('',(1.,0.));
#12734 = ( GEOMETRIC_REPRESENTATION_CONTEXT(2) 
PARAMETRIC_REPRESENTATION_CONTEXT() REPRESENTATION_CONTEXT('2D SPACE',''
  ) );
#12735 = ORIENTED_EDGE('',*,*,#12440,.T.);
#12736 = ORIENTED_EDGE('',*,*,#12542,.T.);
#12737 = ORIENTED_EDGE('',*,*,#12590,.T.);
#12738 = ADVANCED_FACE('',(#12739),#7426,.T.);
#12739 = FACE_BOUND('',#12740,.T.);
#12740 = EDGE_LOOP('',(#12741,#12742,#12766,#12787));
#12741 = ORIENTED_EDGE('',*,*,#12663,.T.);
#12742 = ORIENTED_EDGE('',*,*,#12743,.F.);
#12743 = EDGE_CURVE('',#12744,#12641,#12746,.T.);
#12744 = VERTEX_POINT('',#12745);
#12745 = CARTESIAN_POINT('',(0.75,-29.89059216542,34.));
#12746 = SURFACE_CURVE('',#12747,(#12752,#12759),.PCURVE_S1.);
#12747 = CIRCLE('',#12748,29.9);
#12748 = AXIS2_PLACEMENT_3D('',#12749,#12750,#12751);
#12749 = CARTESIAN_POINT('',(0.,0.,34.));
#12750 = DIRECTION('',(0.,0.,1.));
#12751 = DIRECTION('',(1.,0.,-0.));
#12752 = PCURVE('',#7426,#12753);
#12753 = DEFINITIONAL_REPRESENTATION('',(#12754),#12758);
#12754 = LINE('',#12755,#12756);
#12755 = CARTESIAN_POINT('',(6.28318530718,0.));
#12756 = VECTOR('',#12757,1.);
#12757 = DIRECTION('',(-1.,0.));
#12758 = ( GEOMETRIC_REPRESENTATION_CONTEXT(2) 
PARAMETRIC_REPRESENTATION_CONTEXT() REPRESENTATION_CONTEXT('2D SPACE',''
  ) );
#12759 = PCURVE('',#3330,#12760);
#12760 = DEFINITIONAL_REPRESENTATION('',(#12761),#12765);
#12761 = CIRCLE('',#12762,29.9);
#12762 = AXIS2_PLACEMENT_2D('',#12763,#12764);
#12763 = CARTESIAN_POINT('',(0.,0.));
#12764 = DIRECTION('',(1.,0.));
#12765 = ( GEOMETRIC_REPRESENTATION_CONTEXT(2) 
PARAMETRIC_REPRESENTATION_CONTEXT() REPRESENTATION_CONTEXT('2D SPACE',''
  ) );
#12766 = ORIENTED_EDGE('',*,*,#12767,.T.);
#12767 = EDGE_CURVE('',#12744,#7410,#12768,.T.);
#12768 = SURFACE_CURVE('',#12769,(#12773,#12780),.PCURVE_S1.);
#12769 = LINE('',#12770,#12771);
#12770 = CARTESIAN_POINT('',(0.75,-29.89059216542,34.));
#12771 = VECTOR('',#12772,1.);
#12772 = DIRECTION('',(0.,0.,-1.));
#12773 = PCURVE('',#7426,#12774);
#12774 = DEFINITIONAL_REPRESENTATION('',(#12775),#12779);
#12775 = LINE('',#12776,#12777);
#12776 = CARTESIAN_POINT('',(1.545710083627,0.));
#12777 = VECTOR('',#12778,1.);
#12778 = DIRECTION('',(0.,1.));
#12779 = ( GEOMETRIC_REPRESENTATION_CONTEXT(2) 
PARAMETRIC_REPRESENTATION_CONTEXT() REPRESENTATION_CONTEXT('2D SPACE',''
  ) );
#12780 = PCURVE('',#7453,#12781);
#12781 = DEFINITIONAL_REPRESENTATION('',(#12782),#12786);
#12782 = LINE('',#12783,#12784);
#12783 = CARTESIAN_POINT('',(1.690592165429,0.));
#12784 = VECTOR('',#12785,1.);
#12785 = DIRECTION('',(-0.,1.));
#12786 = ( GEOMETRIC_REPRESENTATION_CONTEXT(2) 
PARAMETRIC_REPRESENTATION_CONTEXT() REPRESENTATION_CONTEXT('2D SPACE',''
  ) );
#12787 = ORIENTED_EDGE('',*,*,#7409,.T.);
#12788 = ADVANCED_FACE('',(#12789),#6795,.T.);
#12789 = FACE_BOUND('',#12790,.T.);
#12790 = EDGE_LOOP('',(#12791,#12792,#12793,#12794,#12795,#12796,#12797,
    #12820,#12853,#12874,#12875,#12876));
#12791 = ORIENTED_EDGE('',*,*,#6779,.T.);
#12792 = ORIENTED_EDGE('',*,*,#7766,.T.);
#12793 = ORIENTED_EDGE('',*,*,#12393,.T.);
#12794 = ORIENTED_EDGE('',*,*,#12714,.T.);
#12795 = ORIENTED_EDGE('',*,*,#12567,.T.);
#12796 = ORIENTED_EDGE('',*,*,#7661,.T.);
#12797 = ORIENTED_EDGE('',*,*,#12798,.T.);
#12798 = EDGE_CURVE('',#7640,#12799,#12801,.T.);
#12799 = VERTEX_POINT('',#12800);
#12800 = CARTESIAN_POINT('',(0.75,-29.89059216542,29.));
#12801 = SURFACE_CURVE('',#12802,(#12806,#12813),.PCURVE_S1.);
#12802 = LINE('',#12803,#12804);
#12803 = CARTESIAN_POINT('',(0.75,-29.89059216542,34.));
#12804 = VECTOR('',#12805,1.);
#12805 = DIRECTION('',(0.,0.,-1.));
#12806 = PCURVE('',#6795,#12807);
#12807 = DEFINITIONAL_REPRESENTATION('',(#12808),#12812);
#12808 = LINE('',#12809,#12810);
#12809 = CARTESIAN_POINT('',(1.545710083627,0.));
#12810 = VECTOR('',#12811,1.);
#12811 = DIRECTION('',(0.,1.));
#12812 = ( GEOMETRIC_REPRESENTATION_CONTEXT(2) 
PARAMETRIC_REPRESENTATION_CONTEXT() REPRESENTATION_CONTEXT('2D SPACE',''
  ) );
#12813 = PCURVE('',#7453,#12814);
#12814 = DEFINITIONAL_REPRESENTATION('',(#12815),#12819);
#12815 = LINE('',#12816,#12817);
#12816 = CARTESIAN_POINT('',(1.690592165429,0.));
#12817 = VECTOR('',#12818,1.);
#12818 = DIRECTION('',(-0.,1.));
#12819 = ( GEOMETRIC_REPRESENTATION_CONTEXT(2) 
PARAMETRIC_REPRESENTATION_CONTEXT() REPRESENTATION_CONTEXT('2D SPACE',''
  ) );
#12820 = ORIENTED_EDGE('',*,*,#12821,.F.);
#12821 = EDGE_CURVE('',#12822,#12799,#12824,.T.);
#12822 = VERTEX_POINT('',#12823);
#12823 = CARTESIAN_POINT('',(29.890592165429,-0.75,29.));
#12824 = SURFACE_CURVE('',#12825,(#12830,#12837),.PCURVE_S1.);
#12825 = CIRCLE('',#12826,29.9);
#12826 = AXIS2_PLACEMENT_3D('',#12827,#12828,#12829);
#12827 = CARTESIAN_POINT('',(0.,0.,29.));
#12828 = DIRECTION('',(0.,0.,-1.));
#12829 = DIRECTION('',(1.,0.,0.));
#12830 = PCURVE('',#6795,#12831);
#12831 = DEFINITIONAL_REPRESENTATION('',(#12832),#12836);
#12832 = LINE('',#12833,#12834);
#12833 = CARTESIAN_POINT('',(3.469446951954E-18,5.));
#12834 = VECTOR('',#12835,1.);
#12835 = DIRECTION('',(1.,0.));
#12836 = ( GEOMETRIC_REPRESENTATION_CONTEXT(2) 
PARAMETRIC_REPRESENTATION_CONTEXT() REPRESENTATION_CONTEXT('2D SPACE',''
  ) );
#12837 = PCURVE('',#12838,#12843);
#12838 = PLANE('',#12839);
#12839 = AXIS2_PLACEMENT_3D('',#12840,#12841,#12842);
#12840 = CARTESIAN_POINT('',(0.,0.,29.));
#12841 = DIRECTION('',(0.,0.,1.));
#12842 = DIRECTION('',(1.,0.,-0.));
#12843 = DEFINITIONAL_REPRESENTATION('',(#12844),#12852);
#12844 = ( BOUNDED_CURVE() B_SPLINE_CURVE(2,(#12845,#12846,#12847,#12848
    ,#12849,#12850,#12851),.UNSPECIFIED.,.T.,.F.) 
B_SPLINE_CURVE_WITH_KNOTS((1,2,2,2,2,1),(-2.094395102393,0.,
    2.094395102393,4.188790204786,6.28318530718,8.377580409573),
.UNSPECIFIED.) CURVE() GEOMETRIC_REPRESENTATION_ITEM() 
RATIONAL_B_SPLINE_CURVE((1.,0.5,1.,0.5,1.,0.5,1.)) REPRESENTATION_ITEM(
  '') );
#12845 = CARTESIAN_POINT('',(29.9,0.));
#12846 = CARTESIAN_POINT('',(29.9,-51.7883191463));
#12847 = CARTESIAN_POINT('',(-14.95,-25.89415957315));
#12848 = CARTESIAN_POINT('',(-59.8,-7.323387858901E-15));
#12849 = CARTESIAN_POINT('',(-14.95,25.894159573155));
#12850 = CARTESIAN_POINT('',(29.9,51.788319146309));
#12851 = CARTESIAN_POINT('',(29.9,0.));
#12852 = ( GEOMETRIC_REPRESENTATION_CONTEXT(2) 
PARAMETRIC_REPRESENTATION_CONTEXT() REPRESENTATION_CONTEXT('2D SPACE',''
  ) );
#12853 = ORIENTED_EDGE('',*,*,#12854,.T.);
#12854 = EDGE_CURVE('',#12822,#7595,#12855,.T.);
#12855 = SURFACE_CURVE('',#12856,(#12860,#12867),.PCURVE_S1.);
#12856 = LINE('',#12857,#12858);
#12857 = CARTESIAN_POINT('',(29.890592165429,-0.75,34.));
#12858 = VECTOR('',#12859,1.);
#12859 = DIRECTION('',(0.,0.,1.));
#12860 = PCURVE('',#6795,#12861);
#12861 = DEFINITIONAL_REPRESENTATION('',(#12862),#12866);
#12862 = LINE('',#12863,#12864);
#12863 = CARTESIAN_POINT('',(2.508624316808E-02,0.));
#12864 = VECTOR('',#12865,1.);
#12865 = DIRECTION('',(0.,-1.));
#12866 = ( GEOMETRIC_REPRESENTATION_CONTEXT(2) 
PARAMETRIC_REPRESENTATION_CONTEXT() REPRESENTATION_CONTEXT('2D SPACE',''
  ) );
#12867 = PCURVE('',#7504,#12868);
#12868 = DEFINITIONAL_REPRESENTATION('',(#12869),#12873);
#12869 = LINE('',#12870,#12871);
#12870 = CARTESIAN_POINT('',(1.609407834571,0.));
#12871 = VECTOR('',#12872,1.);
#12872 = DIRECTION('',(0.,-1.));
#12873 = ( GEOMETRIC_REPRESENTATION_CONTEXT(2) 
PARAMETRIC_REPRESENTATION_CONTEXT() REPRESENTATION_CONTEXT('2D SPACE',''
  ) );
#12874 = ORIENTED_EDGE('',*,*,#7594,.T.);
#12875 = ORIENTED_EDGE('',*,*,#7013,.T.);
#12876 = ORIENTED_EDGE('',*,*,#6939,.T.);
#12877 = ADVANCED_FACE('',(#12878),#7453,.F.);
#12878 = FACE_BOUND('',#12879,.T.);
#12879 = EDGE_LOOP('',(#12880,#12881,#12904,#12932,#12953,#12954,#12955)
  );
#12880 = ORIENTED_EDGE('',*,*,#12767,.F.);
#12881 = ORIENTED_EDGE('',*,*,#12882,.T.);
#12882 = EDGE_CURVE('',#12744,#12883,#12885,.T.);
#12883 = VERTEX_POINT('',#12884);
#12884 = CARTESIAN_POINT('',(0.75,-28.6901986748,34.));
#12885 = SURFACE_CURVE('',#12886,(#12890,#12897),.PCURVE_S1.);
#12886 = LINE('',#12887,#12888);
#12887 = CARTESIAN_POINT('',(0.75,-31.5,34.));
#12888 = VECTOR('',#12889,1.);
#12889 = DIRECTION('',(1.682156097917E-16,1.,0.));
#12890 = PCURVE('',#7453,#12891);
#12891 = DEFINITIONAL_REPRESENTATION('',(#12892),#12896);
#12892 = LINE('',#12893,#12894);
#12893 = CARTESIAN_POINT('',(3.3,0.));
#12894 = VECTOR('',#12895,1.);
#12895 = DIRECTION('',(-1.,0.));
#12896 = ( GEOMETRIC_REPRESENTATION_CONTEXT(2) 
PARAMETRIC_REPRESENTATION_CONTEXT() REPRESENTATION_CONTEXT('2D SPACE',''
  ) );
#12897 = PCURVE('',#3330,#12898);
#12898 = DEFINITIONAL_REPRESENTATION('',(#12899),#12903);
#12899 = LINE('',#12900,#12901);
#12900 = CARTESIAN_POINT('',(0.75,-31.5));
#12901 = VECTOR('',#12902,1.);
#12902 = DIRECTION('',(1.682156097917E-16,1.));
#12903 = ( GEOMETRIC_REPRESENTATION_CONTEXT(2) 
PARAMETRIC_REPRESENTATION_CONTEXT() REPRESENTATION_CONTEXT('2D SPACE',''
  ) );
#12904 = ORIENTED_EDGE('',*,*,#12905,.F.);
#12905 = EDGE_CURVE('',#12906,#12883,#12908,.T.);
#12906 = VERTEX_POINT('',#12907);
#12907 = CARTESIAN_POINT('',(0.75,-28.6901986748,29.));
#12908 = SURFACE_CURVE('',#12909,(#12913,#12920),.PCURVE_S1.);
#12909 = LINE('',#12910,#12911);
#12910 = CARTESIAN_POINT('',(0.75,-28.6901986748,34.));
#12911 = VECTOR('',#12912,1.);
#12912 = DIRECTION('',(0.,0.,1.));
#12913 = PCURVE('',#7453,#12914);
#12914 = DEFINITIONAL_REPRESENTATION('',(#12915),#12919);
#12915 = LINE('',#12916,#12917);
#12916 = CARTESIAN_POINT('',(0.490198674809,0.));
#12917 = VECTOR('',#12918,1.);
#12918 = DIRECTION('',(0.,-1.));
#12919 = ( GEOMETRIC_REPRESENTATION_CONTEXT(2) 
PARAMETRIC_REPRESENTATION_CONTEXT() REPRESENTATION_CONTEXT('2D SPACE',''
  ) );
#12920 = PCURVE('',#12921,#12926);
#12921 = CYLINDRICAL_SURFACE('',#12922,28.7);
#12922 = AXIS2_PLACEMENT_3D('',#12923,#12924,#12925);
#12923 = CARTESIAN_POINT('',(0.,0.,34.));
#12924 = DIRECTION('',(0.,0.,-1.));
#12925 = DIRECTION('',(1.,0.,0.));
#12926 = DEFINITIONAL_REPRESENTATION('',(#12927),#12931);
#12927 = LINE('',#12928,#12929);
#12928 = CARTESIAN_POINT('',(1.544660947385,0.));
#12929 = VECTOR('',#12930,1.);
#12930 = DIRECTION('',(0.,-1.));
#12931 = ( GEOMETRIC_REPRESENTATION_CONTEXT(2) 
PARAMETRIC_REPRESENTATION_CONTEXT() REPRESENTATION_CONTEXT('2D SPACE',''
  ) );
#12932 = ORIENTED_EDGE('',*,*,#12933,.F.);
#12933 = EDGE_CURVE('',#12799,#12906,#12934,.T.);
#12934 = SURFACE_CURVE('',#12935,(#12939,#12946),.PCURVE_S1.);
#12935 = LINE('',#12936,#12937);
#12936 = CARTESIAN_POINT('',(0.75,-14.1,29.));
#12937 = VECTOR('',#12938,1.);
#12938 = DIRECTION('',(1.682156097917E-16,1.,0.));
#12939 = PCURVE('',#7453,#12940);
#12940 = DEFINITIONAL_REPRESENTATION('',(#12941),#12945);
#12941 = LINE('',#12942,#12943);
#12942 = CARTESIAN_POINT('',(-14.1,5.));
#12943 = VECTOR('',#12944,1.);
#12944 = DIRECTION('',(-1.,0.));
#12945 = ( GEOMETRIC_REPRESENTATION_CONTEXT(2) 
PARAMETRIC_REPRESENTATION_CONTEXT() REPRESENTATION_CONTEXT('2D SPACE',''
  ) );
#12946 = PCURVE('',#12838,#12947);
#12947 = DEFINITIONAL_REPRESENTATION('',(#12948),#12952);
#12948 = LINE('',#12949,#12950);
#12949 = CARTESIAN_POINT('',(0.75,-14.1));
#12950 = VECTOR('',#12951,1.);
#12951 = DIRECTION('',(1.682156097917E-16,1.));
#12952 = ( GEOMETRIC_REPRESENTATION_CONTEXT(2) 
PARAMETRIC_REPRESENTATION_CONTEXT() REPRESENTATION_CONTEXT('2D SPACE',''
  ) );
#12953 = ORIENTED_EDGE('',*,*,#12798,.F.);
#12954 = ORIENTED_EDGE('',*,*,#7639,.F.);
#12955 = ORIENTED_EDGE('',*,*,#7438,.F.);
#12956 = ADVANCED_FACE('',(#12957),#8550,.F.);
#12957 = FACE_BOUND('',#12958,.T.);
#12958 = EDGE_LOOP('',(#12959,#12982,#12983,#12984,#12985,#13008,#13036)
  );
#12959 = ORIENTED_EDGE('',*,*,#12960,.F.);
#12960 = EDGE_CURVE('',#8536,#12961,#12963,.T.);
#12961 = VERTEX_POINT('',#12962);
#12962 = CARTESIAN_POINT('',(-0.75,-29.89059216542,34.));
#12963 = SURFACE_CURVE('',#12964,(#12968,#12975),.PCURVE_S1.);
#12964 = LINE('',#12965,#12966);
#12965 = CARTESIAN_POINT('',(-0.75,-29.89059216542,34.));
#12966 = VECTOR('',#12967,1.);
#12967 = DIRECTION('',(0.,0.,1.));
#12968 = PCURVE('',#8550,#12969);
#12969 = DEFINITIONAL_REPRESENTATION('',(#12970),#12974);
#12970 = LINE('',#12971,#12972);
#12971 = CARTESIAN_POINT('',(1.609407834571,0.));
#12972 = VECTOR('',#12973,1.);
#12973 = DIRECTION('',(0.,-1.));
#12974 = ( GEOMETRIC_REPRESENTATION_CONTEXT(2) 
PARAMETRIC_REPRESENTATION_CONTEXT() REPRESENTATION_CONTEXT('2D SPACE',''
  ) );
#12975 = PCURVE('',#8133,#12976);
#12976 = DEFINITIONAL_REPRESENTATION('',(#12977),#12981);
#12977 = LINE('',#12978,#12979);
#12978 = CARTESIAN_POINT('',(1.595882569963,0.));
#12979 = VECTOR('',#12980,1.);
#12980 = DIRECTION('',(0.,-1.));
#12981 = ( GEOMETRIC_REPRESENTATION_CONTEXT(2) 
PARAMETRIC_REPRESENTATION_CONTEXT() REPRESENTATION_CONTEXT('2D SPACE',''
  ) );
#12982 = ORIENTED_EDGE('',*,*,#8535,.F.);
#12983 = ORIENTED_EDGE('',*,*,#8664,.F.);
#12984 = ORIENTED_EDGE('',*,*,#12366,.F.);
#12985 = ORIENTED_EDGE('',*,*,#12986,.F.);
#12986 = EDGE_CURVE('',#12987,#12334,#12989,.T.);
#12987 = VERTEX_POINT('',#12988);
#12988 = CARTESIAN_POINT('',(-0.75,-28.6901986748,29.));
#12989 = SURFACE_CURVE('',#12990,(#12994,#13001),.PCURVE_S1.);
#12990 = LINE('',#12991,#12992);
#12991 = CARTESIAN_POINT('',(-0.75,-15.75,29.));
#12992 = VECTOR('',#12993,1.);
#12993 = DIRECTION('',(-1.682156097917E-16,-1.,0.));
#12994 = PCURVE('',#8550,#12995);
#12995 = DEFINITIONAL_REPRESENTATION('',(#12996),#13000);
#12996 = LINE('',#12997,#12998);
#12997 = CARTESIAN_POINT('',(15.75,5.));
#12998 = VECTOR('',#12999,1.);
#12999 = DIRECTION('',(-1.,-0.));
#13000 = ( GEOMETRIC_REPRESENTATION_CONTEXT(2) 
PARAMETRIC_REPRESENTATION_CONTEXT() REPRESENTATION_CONTEXT('2D SPACE',''
  ) );
#13001 = PCURVE('',#12350,#13002);
#13002 = DEFINITIONAL_REPRESENTATION('',(#13003),#13007);
#13003 = LINE('',#13004,#13005);
#13004 = CARTESIAN_POINT('',(-0.75,-15.75));
#13005 = VECTOR('',#13006,1.);
#13006 = DIRECTION('',(-1.682156097917E-16,-1.));
#13007 = ( GEOMETRIC_REPRESENTATION_CONTEXT(2) 
PARAMETRIC_REPRESENTATION_CONTEXT() REPRESENTATION_CONTEXT('2D SPACE',''
  ) );
#13008 = ORIENTED_EDGE('',*,*,#13009,.F.);
#13009 = EDGE_CURVE('',#13010,#12987,#13012,.T.);
#13010 = VERTEX_POINT('',#13011);
#13011 = CARTESIAN_POINT('',(-0.75,-28.6901986748,34.));
#13012 = SURFACE_CURVE('',#13013,(#13017,#13024),.PCURVE_S1.);
#13013 = LINE('',#13014,#13015);
#13014 = CARTESIAN_POINT('',(-0.75,-28.6901986748,34.));
#13015 = VECTOR('',#13016,1.);
#13016 = DIRECTION('',(0.,0.,-1.));
#13017 = PCURVE('',#8550,#13018);
#13018 = DEFINITIONAL_REPRESENTATION('',(#13019),#13023);
#13019 = LINE('',#13020,#13021);
#13020 = CARTESIAN_POINT('',(2.809801325191,0.));
#13021 = VECTOR('',#13022,1.);
#13022 = DIRECTION('',(0.,1.));
#13023 = ( GEOMETRIC_REPRESENTATION_CONTEXT(2) 
PARAMETRIC_REPRESENTATION_CONTEXT() REPRESENTATION_CONTEXT('2D SPACE',''
  ) );
#13024 = PCURVE('',#13025,#13030);
#13025 = CYLINDRICAL_SURFACE('',#13026,28.7);
#13026 = AXIS2_PLACEMENT_3D('',#13027,#13028,#13029);
#13027 = CARTESIAN_POINT('',(0.,0.,34.));
#13028 = DIRECTION('',(0.,0.,-1.));
#13029 = DIRECTION('',(1.,0.,0.));
#13030 = DEFINITIONAL_REPRESENTATION('',(#13031),#13035);
#13031 = LINE('',#13032,#13033);
#13032 = CARTESIAN_POINT('',(1.596931706205,0.));
#13033 = VECTOR('',#13034,1.);
#13034 = DIRECTION('',(0.,1.));
#13035 = ( GEOMETRIC_REPRESENTATION_CONTEXT(2) 
PARAMETRIC_REPRESENTATION_CONTEXT() REPRESENTATION_CONTEXT('2D SPACE',''
  ) );
#13036 = ORIENTED_EDGE('',*,*,#13037,.T.);
#13037 = EDGE_CURVE('',#13010,#12961,#13038,.T.);
#13038 = SURFACE_CURVE('',#13039,(#13043,#13050),.PCURVE_S1.);
#13039 = LINE('',#13040,#13041);
#13040 = CARTESIAN_POINT('',(-0.75,-28.2,34.));
#13041 = VECTOR('',#13042,1.);
#13042 = DIRECTION('',(-1.682156097917E-16,-1.,0.));
#13043 = PCURVE('',#8550,#13044);
#13044 = DEFINITIONAL_REPRESENTATION('',(#13045),#13049);
#13045 = LINE('',#13046,#13047);
#13046 = CARTESIAN_POINT('',(3.3,0.));
#13047 = VECTOR('',#13048,1.);
#13048 = DIRECTION('',(-1.,-0.));
#13049 = ( GEOMETRIC_REPRESENTATION_CONTEXT(2) 
PARAMETRIC_REPRESENTATION_CONTEXT() REPRESENTATION_CONTEXT('2D SPACE',''
  ) );
#13050 = PCURVE('',#3330,#13051);
#13051 = DEFINITIONAL_REPRESENTATION('',(#13052),#13056);
#13052 = LINE('',#13053,#13054);
#13053 = CARTESIAN_POINT('',(-0.75,-28.2));
#13054 = VECTOR('',#13055,1.);
#13055 = DIRECTION('',(-1.682156097917E-16,-1.));
#13056 = ( GEOMETRIC_REPRESENTATION_CONTEXT(2) 
PARAMETRIC_REPRESENTATION_CONTEXT() REPRESENTATION_CONTEXT('2D SPACE',''
  ) );
#13057 = ADVANCED_FACE('',(#13058),#8499,.F.);
#13058 = FACE_BOUND('',#13059,.T.);
#13059 = EDGE_LOOP('',(#13060,#13061,#13084,#13107,#13128,#13129,#13130)
  );
#13060 = ORIENTED_EDGE('',*,*,#12279,.F.);
#13061 = ORIENTED_EDGE('',*,*,#13062,.T.);
#13062 = EDGE_CURVE('',#12256,#13063,#13065,.T.);
#13063 = VERTEX_POINT('',#13064);
#13064 = CARTESIAN_POINT('',(-28.6901986748,-0.75,34.));
#13065 = SURFACE_CURVE('',#13066,(#13070,#13077),.PCURVE_S1.);
#13066 = LINE('',#13067,#13068);
#13067 = CARTESIAN_POINT('',(-31.5,-0.75,34.));
#13068 = VECTOR('',#13069,1.);
#13069 = DIRECTION('',(1.,-1.261617073438E-16,0.));
#13070 = PCURVE('',#8499,#13071);
#13071 = DEFINITIONAL_REPRESENTATION('',(#13072),#13076);
#13072 = LINE('',#13073,#13074);
#13073 = CARTESIAN_POINT('',(3.3,0.));
#13074 = VECTOR('',#13075,1.);
#13075 = DIRECTION('',(-1.,-0.));
#13076 = ( GEOMETRIC_REPRESENTATION_CONTEXT(2) 
PARAMETRIC_REPRESENTATION_CONTEXT() REPRESENTATION_CONTEXT('2D SPACE',''
  ) );
#13077 = PCURVE('',#3330,#13078);
#13078 = DEFINITIONAL_REPRESENTATION('',(#13079),#13083);
#13079 = LINE('',#13080,#13081);
#13080 = CARTESIAN_POINT('',(-31.5,-0.75));
#13081 = VECTOR('',#13082,1.);
#13082 = DIRECTION('',(1.,-1.261617073438E-16));
#13083 = ( GEOMETRIC_REPRESENTATION_CONTEXT(2) 
PARAMETRIC_REPRESENTATION_CONTEXT() REPRESENTATION_CONTEXT('2D SPACE',''
  ) );
#13084 = ORIENTED_EDGE('',*,*,#13085,.F.);
#13085 = EDGE_CURVE('',#13086,#13063,#13088,.T.);
#13086 = VERTEX_POINT('',#13087);
#13087 = CARTESIAN_POINT('',(-28.6901986748,-0.75,29.));
#13088 = SURFACE_CURVE('',#13089,(#13093,#13100),.PCURVE_S1.);
#13089 = LINE('',#13090,#13091);
#13090 = CARTESIAN_POINT('',(-28.6901986748,-0.75,34.));
#13091 = VECTOR('',#13092,1.);
#13092 = DIRECTION('',(0.,0.,1.));
#13093 = PCURVE('',#8499,#13094);
#13094 = DEFINITIONAL_REPRESENTATION('',(#13095),#13099);
#13095 = LINE('',#13096,#13097);
#13096 = CARTESIAN_POINT('',(0.490198674809,0.));
#13097 = VECTOR('',#13098,1.);
#13098 = DIRECTION('',(0.,-1.));
#13099 = ( GEOMETRIC_REPRESENTATION_CONTEXT(2) 
PARAMETRIC_REPRESENTATION_CONTEXT() REPRESENTATION_CONTEXT('2D SPACE',''
  ) );
#13100 = PCURVE('',#13025,#13101);
#13101 = DEFINITIONAL_REPRESENTATION('',(#13102),#13106);
#13102 = LINE('',#13103,#13104);
#13103 = CARTESIAN_POINT('',(3.11545727418,0.));
#13104 = VECTOR('',#13105,1.);
#13105 = DIRECTION('',(0.,-1.));
#13106 = ( GEOMETRIC_REPRESENTATION_CONTEXT(2) 
PARAMETRIC_REPRESENTATION_CONTEXT() REPRESENTATION_CONTEXT('2D SPACE',''
  ) );
#13107 = ORIENTED_EDGE('',*,*,#13108,.F.);
#13108 = EDGE_CURVE('',#12311,#13086,#13109,.T.);
#13109 = SURFACE_CURVE('',#13110,(#13114,#13121),.PCURVE_S1.);
#13110 = LINE('',#13111,#13112);
#13111 = CARTESIAN_POINT('',(-14.1,-0.75,29.));
#13112 = VECTOR('',#13113,1.);
#13113 = DIRECTION('',(1.,-1.261617073438E-16,0.));
#13114 = PCURVE('',#8499,#13115);
#13115 = DEFINITIONAL_REPRESENTATION('',(#13116),#13120);
#13116 = LINE('',#13117,#13118);
#13117 = CARTESIAN_POINT('',(-14.1,5.));
#13118 = VECTOR('',#13119,1.);
#13119 = DIRECTION('',(-1.,-0.));
#13120 = ( GEOMETRIC_REPRESENTATION_CONTEXT(2) 
PARAMETRIC_REPRESENTATION_CONTEXT() REPRESENTATION_CONTEXT('2D SPACE',''
  ) );
#13121 = PCURVE('',#12350,#13122);
#13122 = DEFINITIONAL_REPRESENTATION('',(#13123),#13127);
#13123 = LINE('',#13124,#13125);
#13124 = CARTESIAN_POINT('',(-14.1,-0.75));
#13125 = VECTOR('',#13126,1.);
#13126 = DIRECTION('',(1.,-1.261617073438E-16));
#13127 = ( GEOMETRIC_REPRESENTATION_CONTEXT(2) 
PARAMETRIC_REPRESENTATION_CONTEXT() REPRESENTATION_CONTEXT('2D SPACE',''
  ) );
#13128 = ORIENTED_EDGE('',*,*,#12310,.F.);
#13129 = ORIENTED_EDGE('',*,*,#8685,.F.);
#13130 = ORIENTED_EDGE('',*,*,#8484,.F.);
#13131 = ADVANCED_FACE('',(#13132),#10582,.F.);
#13132 = FACE_BOUND('',#13133,.T.);
#13133 = EDGE_LOOP('',(#13134,#13157,#13158,#13159,#13160,#13183,#13211)
  );
#13134 = ORIENTED_EDGE('',*,*,#13135,.F.);
#13135 = EDGE_CURVE('',#10568,#13136,#13138,.T.);
#13136 = VERTEX_POINT('',#13137);
#13137 = CARTESIAN_POINT('',(-29.89059216542,0.75,34.));
#13138 = SURFACE_CURVE('',#13139,(#13143,#13150),.PCURVE_S1.);
#13139 = LINE('',#13140,#13141);
#13140 = CARTESIAN_POINT('',(-29.89059216542,0.75,34.));
#13141 = VECTOR('',#13142,1.);
#13142 = DIRECTION('',(0.,0.,1.));
#13143 = PCURVE('',#10582,#13144);
#13144 = DEFINITIONAL_REPRESENTATION('',(#13145),#13149);
#13145 = LINE('',#13146,#13147);
#13146 = CARTESIAN_POINT('',(1.609407834571,0.));
#13147 = VECTOR('',#13148,1.);
#13148 = DIRECTION('',(0.,-1.));
#13149 = ( GEOMETRIC_REPRESENTATION_CONTEXT(2) 
PARAMETRIC_REPRESENTATION_CONTEXT() REPRESENTATION_CONTEXT('2D SPACE',''
  ) );
#13150 = PCURVE('',#10611,#13151);
#13151 = DEFINITIONAL_REPRESENTATION('',(#13152),#13156);
#13152 = LINE('',#13153,#13154);
#13153 = CARTESIAN_POINT('',(3.166678896758,0.));
#13154 = VECTOR('',#13155,1.);
#13155 = DIRECTION('',(0.,-1.));
#13156 = ( GEOMETRIC_REPRESENTATION_CONTEXT(2) 
PARAMETRIC_REPRESENTATION_CONTEXT() REPRESENTATION_CONTEXT('2D SPACE',''
  ) );
#13157 = ORIENTED_EDGE('',*,*,#10567,.F.);
#13158 = ORIENTED_EDGE('',*,*,#10961,.F.);
#13159 = ORIENTED_EDGE('',*,*,#11874,.F.);
#13160 = ORIENTED_EDGE('',*,*,#13161,.F.);
#13161 = EDGE_CURVE('',#13162,#11842,#13164,.T.);
#13162 = VERTEX_POINT('',#13163);
#13163 = CARTESIAN_POINT('',(-28.6901986748,0.75,29.));
#13164 = SURFACE_CURVE('',#13165,(#13169,#13176),.PCURVE_S1.);
#13165 = LINE('',#13166,#13167);
#13166 = CARTESIAN_POINT('',(-15.75,0.75,29.));
#13167 = VECTOR('',#13168,1.);
#13168 = DIRECTION('',(-1.,1.261617073438E-16,0.));
#13169 = PCURVE('',#10582,#13170);
#13170 = DEFINITIONAL_REPRESENTATION('',(#13171),#13175);
#13171 = LINE('',#13172,#13173);
#13172 = CARTESIAN_POINT('',(15.75,5.));
#13173 = VECTOR('',#13174,1.);
#13174 = DIRECTION('',(-1.,0.));
#13175 = ( GEOMETRIC_REPRESENTATION_CONTEXT(2) 
PARAMETRIC_REPRESENTATION_CONTEXT() REPRESENTATION_CONTEXT('2D SPACE',''
  ) );
#13176 = PCURVE('',#11858,#13177);
#13177 = DEFINITIONAL_REPRESENTATION('',(#13178),#13182);
#13178 = LINE('',#13179,#13180);
#13179 = CARTESIAN_POINT('',(-15.75,0.75));
#13180 = VECTOR('',#13181,1.);
#13181 = DIRECTION('',(-1.,1.261617073438E-16));
#13182 = ( GEOMETRIC_REPRESENTATION_CONTEXT(2) 
PARAMETRIC_REPRESENTATION_CONTEXT() REPRESENTATION_CONTEXT('2D SPACE',''
  ) );
#13183 = ORIENTED_EDGE('',*,*,#13184,.F.);
#13184 = EDGE_CURVE('',#13185,#13162,#13187,.T.);
#13185 = VERTEX_POINT('',#13186);
#13186 = CARTESIAN_POINT('',(-28.6901986748,0.75,34.));
#13187 = SURFACE_CURVE('',#13188,(#13192,#13199),.PCURVE_S1.);
#13188 = LINE('',#13189,#13190);
#13189 = CARTESIAN_POINT('',(-28.6901986748,0.75,34.));
#13190 = VECTOR('',#13191,1.);
#13191 = DIRECTION('',(0.,0.,-1.));
#13192 = PCURVE('',#10582,#13193);
#13193 = DEFINITIONAL_REPRESENTATION('',(#13194),#13198);
#13194 = LINE('',#13195,#13196);
#13195 = CARTESIAN_POINT('',(2.809801325191,0.));
#13196 = VECTOR('',#13197,1.);
#13197 = DIRECTION('',(0.,1.));
#13198 = ( GEOMETRIC_REPRESENTATION_CONTEXT(2) 
PARAMETRIC_REPRESENTATION_CONTEXT() REPRESENTATION_CONTEXT('2D SPACE',''
  ) );
#13199 = PCURVE('',#13200,#13205);
#13200 = CYLINDRICAL_SURFACE('',#13201,28.7);
#13201 = AXIS2_PLACEMENT_3D('',#13202,#13203,#13204);
#13202 = CARTESIAN_POINT('',(0.,0.,34.));
#13203 = DIRECTION('',(0.,0.,-1.));
#13204 = DIRECTION('',(1.,0.,0.));
#13205 = DEFINITIONAL_REPRESENTATION('',(#13206),#13210);
#13206 = LINE('',#13207,#13208);
#13207 = CARTESIAN_POINT('',(3.167728033,0.));
#13208 = VECTOR('',#13209,1.);
#13209 = DIRECTION('',(0.,1.));
#13210 = ( GEOMETRIC_REPRESENTATION_CONTEXT(2) 
PARAMETRIC_REPRESENTATION_CONTEXT() REPRESENTATION_CONTEXT('2D SPACE',''
  ) );
#13211 = ORIENTED_EDGE('',*,*,#13212,.T.);
#13212 = EDGE_CURVE('',#13185,#13136,#13213,.T.);
#13213 = SURFACE_CURVE('',#13214,(#13218,#13225),.PCURVE_S1.);
#13214 = LINE('',#13215,#13216);
#13215 = CARTESIAN_POINT('',(-28.2,0.75,34.));
#13216 = VECTOR('',#13217,1.);
#13217 = DIRECTION('',(-1.,1.261617073438E-16,0.));
#13218 = PCURVE('',#10582,#13219);
#13219 = DEFINITIONAL_REPRESENTATION('',(#13220),#13224);
#13220 = LINE('',#13221,#13222);
#13221 = CARTESIAN_POINT('',(3.3,0.));
#13222 = VECTOR('',#13223,1.);
#13223 = DIRECTION('',(-1.,0.));
#13224 = ( GEOMETRIC_REPRESENTATION_CONTEXT(2) 
PARAMETRIC_REPRESENTATION_CONTEXT() REPRESENTATION_CONTEXT('2D SPACE',''
  ) );
#13225 = PCURVE('',#3330,#13226);
#13226 = DEFINITIONAL_REPRESENTATION('',(#13227),#13231);
#13227 = LINE('',#13228,#13229);
#13228 = CARTESIAN_POINT('',(-28.2,0.75));
#13229 = VECTOR('',#13230,1.);
#13230 = DIRECTION('',(-1.,1.261617073438E-16));
#13231 = ( GEOMETRIC_REPRESENTATION_CONTEXT(2) 
PARAMETRIC_REPRESENTATION_CONTEXT() REPRESENTATION_CONTEXT('2D SPACE',''
  ) );
#13232 = ADVANCED_FACE('',(#13233),#9435,.F.);
#13233 = FACE_BOUND('',#13234,.T.);
#13234 = EDGE_LOOP('',(#13235,#13236,#13259,#13287,#13308,#13309,#13310)
  );
#13235 = ORIENTED_EDGE('',*,*,#9658,.F.);
#13236 = ORIENTED_EDGE('',*,*,#13237,.T.);
#13237 = EDGE_CURVE('',#9635,#13238,#13240,.T.);
#13238 = VERTEX_POINT('',#13239);
#13239 = CARTESIAN_POINT('',(28.690198674809,0.75,34.));
#13240 = SURFACE_CURVE('',#13241,(#13245,#13252),.PCURVE_S1.);
#13241 = LINE('',#13242,#13243);
#13242 = CARTESIAN_POINT('',(31.5,0.75,34.));
#13243 = VECTOR('',#13244,1.);
#13244 = DIRECTION('',(-1.,0.,0.));
#13245 = PCURVE('',#9435,#13246);
#13246 = DEFINITIONAL_REPRESENTATION('',(#13247),#13251);
#13247 = LINE('',#13248,#13249);
#13248 = CARTESIAN_POINT('',(3.3,0.));
#13249 = VECTOR('',#13250,1.);
#13250 = DIRECTION('',(-1.,0.));
#13251 = ( GEOMETRIC_REPRESENTATION_CONTEXT(2) 
PARAMETRIC_REPRESENTATION_CONTEXT() REPRESENTATION_CONTEXT('2D SPACE',''
  ) );
#13252 = PCURVE('',#3330,#13253);
#13253 = DEFINITIONAL_REPRESENTATION('',(#13254),#13258);
#13254 = LINE('',#13255,#13256);
#13255 = CARTESIAN_POINT('',(31.5,0.75));
#13256 = VECTOR('',#13257,1.);
#13257 = DIRECTION('',(-1.,0.));
#13258 = ( GEOMETRIC_REPRESENTATION_CONTEXT(2) 
PARAMETRIC_REPRESENTATION_CONTEXT() REPRESENTATION_CONTEXT('2D SPACE',''
  ) );
#13259 = ORIENTED_EDGE('',*,*,#13260,.F.);
#13260 = EDGE_CURVE('',#13261,#13238,#13263,.T.);
#13261 = VERTEX_POINT('',#13262);
#13262 = CARTESIAN_POINT('',(28.690198674809,0.75,29.));
#13263 = SURFACE_CURVE('',#13264,(#13268,#13275),.PCURVE_S1.);
#13264 = LINE('',#13265,#13266);
#13265 = CARTESIAN_POINT('',(28.690198674809,0.75,34.));
#13266 = VECTOR('',#13267,1.);
#13267 = DIRECTION('',(0.,0.,1.));
#13268 = PCURVE('',#9435,#13269);
#13269 = DEFINITIONAL_REPRESENTATION('',(#13270),#13274);
#13270 = LINE('',#13271,#13272);
#13271 = CARTESIAN_POINT('',(0.490198674809,0.));
#13272 = VECTOR('',#13273,1.);
#13273 = DIRECTION('',(0.,-1.));
#13274 = ( GEOMETRIC_REPRESENTATION_CONTEXT(2) 
PARAMETRIC_REPRESENTATION_CONTEXT() REPRESENTATION_CONTEXT('2D SPACE',''
  ) );
#13275 = PCURVE('',#13276,#13281);
#13276 = CYLINDRICAL_SURFACE('',#13277,28.7);
#13277 = AXIS2_PLACEMENT_3D('',#13278,#13279,#13280);
#13278 = CARTESIAN_POINT('',(0.,0.,34.));
#13279 = DIRECTION('',(0.,0.,-1.));
#13280 = DIRECTION('',(1.,0.,0.));
#13281 = DEFINITIONAL_REPRESENTATION('',(#13282),#13286);
#13282 = LINE('',#13283,#13284);
#13283 = CARTESIAN_POINT('',(6.25704992777,0.));
#13284 = VECTOR('',#13285,1.);
#13285 = DIRECTION('',(0.,-1.));
#13286 = ( GEOMETRIC_REPRESENTATION_CONTEXT(2) 
PARAMETRIC_REPRESENTATION_CONTEXT() REPRESENTATION_CONTEXT('2D SPACE',''
  ) );
#13287 = ORIENTED_EDGE('',*,*,#13288,.F.);
#13288 = EDGE_CURVE('',#11381,#13261,#13289,.T.);
#13289 = SURFACE_CURVE('',#13290,(#13294,#13301),.PCURVE_S1.);
#13290 = LINE('',#13291,#13292);
#13291 = CARTESIAN_POINT('',(14.1,0.75,29.));
#13292 = VECTOR('',#13293,1.);
#13293 = DIRECTION('',(-1.,0.,0.));
#13294 = PCURVE('',#9435,#13295);
#13295 = DEFINITIONAL_REPRESENTATION('',(#13296),#13300);
#13296 = LINE('',#13297,#13298);
#13297 = CARTESIAN_POINT('',(-14.1,5.));
#13298 = VECTOR('',#13299,1.);
#13299 = DIRECTION('',(-1.,0.));
#13300 = ( GEOMETRIC_REPRESENTATION_CONTEXT(2) 
PARAMETRIC_REPRESENTATION_CONTEXT() REPRESENTATION_CONTEXT('2D SPACE',''
  ) );
#13301 = PCURVE('',#11420,#13302);
#13302 = DEFINITIONAL_REPRESENTATION('',(#13303),#13307);
#13303 = LINE('',#13304,#13305);
#13304 = CARTESIAN_POINT('',(14.1,0.75));
#13305 = VECTOR('',#13306,1.);
#13306 = DIRECTION('',(-1.,0.));
#13307 = ( GEOMETRIC_REPRESENTATION_CONTEXT(2) 
PARAMETRIC_REPRESENTATION_CONTEXT() REPRESENTATION_CONTEXT('2D SPACE',''
  ) );
#13308 = ORIENTED_EDGE('',*,*,#11380,.F.);
#13309 = ORIENTED_EDGE('',*,*,#9886,.F.);
#13310 = ORIENTED_EDGE('',*,*,#9420,.F.);
#13311 = ADVANCED_FACE('',(#13312),#7504,.F.);
#13312 = FACE_BOUND('',#13313,.T.);
#13313 = EDGE_LOOP('',(#13314,#13337,#13338,#13339,#13340,#13363,#13386)
  );
#13314 = ORIENTED_EDGE('',*,*,#13315,.F.);
#13315 = EDGE_CURVE('',#7490,#13316,#13318,.T.);
#13316 = VERTEX_POINT('',#13317);
#13317 = CARTESIAN_POINT('',(29.890592165429,-0.75,34.));
#13318 = SURFACE_CURVE('',#13319,(#13323,#13330),.PCURVE_S1.);
#13319 = LINE('',#13320,#13321);
#13320 = CARTESIAN_POINT('',(29.890592165429,-0.75,34.));
#13321 = VECTOR('',#13322,1.);
#13322 = DIRECTION('',(0.,0.,1.));
#13323 = PCURVE('',#7504,#13324);
#13324 = DEFINITIONAL_REPRESENTATION('',(#13325),#13329);
#13325 = LINE('',#13326,#13327);
#13326 = CARTESIAN_POINT('',(1.609407834571,0.));
#13327 = VECTOR('',#13328,1.);
#13328 = DIRECTION('',(0.,-1.));
#13329 = ( GEOMETRIC_REPRESENTATION_CONTEXT(2) 
PARAMETRIC_REPRESENTATION_CONTEXT() REPRESENTATION_CONTEXT('2D SPACE',''
  ) );
#13330 = PCURVE('',#7087,#13331);
#13331 = DEFINITIONAL_REPRESENTATION('',(#13332),#13336);
#13332 = LINE('',#13333,#13334);
#13333 = CARTESIAN_POINT('',(2.508624316808E-02,0.));
#13334 = VECTOR('',#13335,1.);
#13335 = DIRECTION('',(0.,-1.));
#13336 = ( GEOMETRIC_REPRESENTATION_CONTEXT(2) 
PARAMETRIC_REPRESENTATION_CONTEXT() REPRESENTATION_CONTEXT('2D SPACE',''
  ) );
#13337 = ORIENTED_EDGE('',*,*,#7489,.F.);
#13338 = ORIENTED_EDGE('',*,*,#7618,.F.);
#13339 = ORIENTED_EDGE('',*,*,#12854,.F.);
#13340 = ORIENTED_EDGE('',*,*,#13341,.F.);
#13341 = EDGE_CURVE('',#13342,#12822,#13344,.T.);
#13342 = VERTEX_POINT('',#13343);
#13343 = CARTESIAN_POINT('',(28.690198674809,-0.75,29.));
#13344 = SURFACE_CURVE('',#13345,(#13349,#13356),.PCURVE_S1.);
#13345 = LINE('',#13346,#13347);
#13346 = CARTESIAN_POINT('',(15.75,-0.75,29.));
#13347 = VECTOR('',#13348,1.);
#13348 = DIRECTION('',(1.,0.,0.));
#13349 = PCURVE('',#7504,#13350);
#13350 = DEFINITIONAL_REPRESENTATION('',(#13351),#13355);
#13351 = LINE('',#13352,#13353);
#13352 = CARTESIAN_POINT('',(15.75,5.));
#13353 = VECTOR('',#13354,1.);
#13354 = DIRECTION('',(-1.,-0.));
#13355 = ( GEOMETRIC_REPRESENTATION_CONTEXT(2) 
PARAMETRIC_REPRESENTATION_CONTEXT() REPRESENTATION_CONTEXT('2D SPACE',''
  ) );
#13356 = PCURVE('',#12838,#13357);
#13357 = DEFINITIONAL_REPRESENTATION('',(#13358),#13362);
#13358 = LINE('',#13359,#13360);
#13359 = CARTESIAN_POINT('',(15.75,-0.75));
#13360 = VECTOR('',#13361,1.);
#13361 = DIRECTION('',(1.,0.));
#13362 = ( GEOMETRIC_REPRESENTATION_CONTEXT(2) 
PARAMETRIC_REPRESENTATION_CONTEXT() REPRESENTATION_CONTEXT('2D SPACE',''
  ) );
#13363 = ORIENTED_EDGE('',*,*,#13364,.F.);
#13364 = EDGE_CURVE('',#13365,#13342,#13367,.T.);
#13365 = VERTEX_POINT('',#13366);
#13366 = CARTESIAN_POINT('',(28.690198674809,-0.75,34.));
#13367 = SURFACE_CURVE('',#13368,(#13372,#13379),.PCURVE_S1.);
#13368 = LINE('',#13369,#13370);
#13369 = CARTESIAN_POINT('',(28.690198674809,-0.75,34.));
#13370 = VECTOR('',#13371,1.);
#13371 = DIRECTION('',(0.,0.,-1.));
#13372 = PCURVE('',#7504,#13373);
#13373 = DEFINITIONAL_REPRESENTATION('',(#13374),#13378);
#13374 = LINE('',#13375,#13376);
#13375 = CARTESIAN_POINT('',(2.809801325191,0.));
#13376 = VECTOR('',#13377,1.);
#13377 = DIRECTION('',(0.,1.));
#13378 = ( GEOMETRIC_REPRESENTATION_CONTEXT(2) 
PARAMETRIC_REPRESENTATION_CONTEXT() REPRESENTATION_CONTEXT('2D SPACE',''
  ) );
#13379 = PCURVE('',#12921,#13380);
#13380 = DEFINITIONAL_REPRESENTATION('',(#13381),#13385);
#13381 = LINE('',#13382,#13383);
#13382 = CARTESIAN_POINT('',(2.613537940982E-02,0.));
#13383 = VECTOR('',#13384,1.);
#13384 = DIRECTION('',(0.,1.));
#13385 = ( GEOMETRIC_REPRESENTATION_CONTEXT(2) 
PARAMETRIC_REPRESENTATION_CONTEXT() REPRESENTATION_CONTEXT('2D SPACE',''
  ) );
#13386 = ORIENTED_EDGE('',*,*,#13387,.T.);
#13387 = EDGE_CURVE('',#13365,#13316,#13388,.T.);
#13388 = SURFACE_CURVE('',#13389,(#13393,#13400),.PCURVE_S1.);
#13389 = LINE('',#13390,#13391);
#13390 = CARTESIAN_POINT('',(28.2,-0.75,34.));
#13391 = VECTOR('',#13392,1.);
#13392 = DIRECTION('',(1.,0.,0.));
#13393 = PCURVE('',#7504,#13394);
#13394 = DEFINITIONAL_REPRESENTATION('',(#13395),#13399);
#13395 = LINE('',#13396,#13397);
#13396 = CARTESIAN_POINT('',(3.3,0.));
#13397 = VECTOR('',#13398,1.);
#13398 = DIRECTION('',(-1.,-0.));
#13399 = ( GEOMETRIC_REPRESENTATION_CONTEXT(2) 
PARAMETRIC_REPRESENTATION_CONTEXT() REPRESENTATION_CONTEXT('2D SPACE',''
  ) );
#13400 = PCURVE('',#3330,#13401);
#13401 = DEFINITIONAL_REPRESENTATION('',(#13402),#13406);
#13402 = LINE('',#13403,#13404);
#13403 = CARTESIAN_POINT('',(28.2,-0.75));
#13404 = VECTOR('',#13405,1.);
#13405 = DIRECTION('',(1.,0.));
#13406 = ( GEOMETRIC_REPRESENTATION_CONTEXT(2) 
PARAMETRIC_REPRESENTATION_CONTEXT() REPRESENTATION_CONTEXT('2D SPACE',''
  ) );
#13407 = ADVANCED_FACE('',(#13408),#10531,.F.);
#13408 = FACE_BOUND('',#13409,.T.);
#13409 = EDGE_LOOP('',(#13410,#13411,#13434,#13457,#13478,#13479,#13480)
  );
#13410 = ORIENTED_EDGE('',*,*,#10754,.F.);
#13411 = ORIENTED_EDGE('',*,*,#13412,.T.);
#13412 = EDGE_CURVE('',#10731,#13413,#13415,.T.);
#13413 = VERTEX_POINT('',#13414);
#13414 = CARTESIAN_POINT('',(-1.8,28.643498389687,34.));
#13415 = SURFACE_CURVE('',#13416,(#13420,#13427),.PCURVE_S1.);
#13416 = LINE('',#13417,#13418);
#13417 = CARTESIAN_POINT('',(-1.8,31.5,34.));
#13418 = VECTOR('',#13419,1.);
#13419 = DIRECTION('',(-8.410780489585E-17,-1.,0.));
#13420 = PCURVE('',#10531,#13421);
#13421 = DEFINITIONAL_REPRESENTATION('',(#13422),#13426);
#13422 = LINE('',#13423,#13424);
#13423 = CARTESIAN_POINT('',(3.3,0.));
#13424 = VECTOR('',#13425,1.);
#13425 = DIRECTION('',(-1.,-0.));
#13426 = ( GEOMETRIC_REPRESENTATION_CONTEXT(2) 
PARAMETRIC_REPRESENTATION_CONTEXT() REPRESENTATION_CONTEXT('2D SPACE',''
  ) );
#13427 = PCURVE('',#3330,#13428);
#13428 = DEFINITIONAL_REPRESENTATION('',(#13429),#13433);
#13429 = LINE('',#13430,#13431);
#13430 = CARTESIAN_POINT('',(-1.8,31.5));
#13431 = VECTOR('',#13432,1.);
#13432 = DIRECTION('',(-8.410780489585E-17,-1.));
#13433 = ( GEOMETRIC_REPRESENTATION_CONTEXT(2) 
PARAMETRIC_REPRESENTATION_CONTEXT() REPRESENTATION_CONTEXT('2D SPACE',''
  ) );
#13434 = ORIENTED_EDGE('',*,*,#13435,.F.);
#13435 = EDGE_CURVE('',#13436,#13413,#13438,.T.);
#13436 = VERTEX_POINT('',#13437);
#13437 = CARTESIAN_POINT('',(-1.8,28.643498389687,29.));
#13438 = SURFACE_CURVE('',#13439,(#13443,#13450),.PCURVE_S1.);
#13439 = LINE('',#13440,#13441);
#13440 = CARTESIAN_POINT('',(-1.8,28.643498389687,34.));
#13441 = VECTOR('',#13442,1.);
#13442 = DIRECTION('',(0.,0.,1.));
#13443 = PCURVE('',#10531,#13444);
#13444 = DEFINITIONAL_REPRESENTATION('',(#13445),#13449);
#13445 = LINE('',#13446,#13447);
#13446 = CARTESIAN_POINT('',(0.443498389687,0.));
#13447 = VECTOR('',#13448,1.);
#13448 = DIRECTION('',(0.,-1.));
#13449 = ( GEOMETRIC_REPRESENTATION_CONTEXT(2) 
PARAMETRIC_REPRESENTATION_CONTEXT() REPRESENTATION_CONTEXT('2D SPACE',''
  ) );
#13450 = PCURVE('',#13200,#13451);
#13451 = DEFINITIONAL_REPRESENTATION('',(#13452),#13456);
#13452 = LINE('',#13453,#13454);
#13453 = CARTESIAN_POINT('',(4.649630020479,0.));
#13454 = VECTOR('',#13455,1.);
#13455 = DIRECTION('',(0.,-1.));
#13456 = ( GEOMETRIC_REPRESENTATION_CONTEXT(2) 
PARAMETRIC_REPRESENTATION_CONTEXT() REPRESENTATION_CONTEXT('2D SPACE',''
  ) );
#13457 = ORIENTED_EDGE('',*,*,#13458,.F.);
#13458 = EDGE_CURVE('',#11819,#13436,#13459,.T.);
#13459 = SURFACE_CURVE('',#13460,(#13464,#13471),.PCURVE_S1.);
#13460 = LINE('',#13461,#13462);
#13461 = CARTESIAN_POINT('',(-1.8,14.1,29.));
#13462 = VECTOR('',#13463,1.);
#13463 = DIRECTION('',(-8.410780489585E-17,-1.,0.));
#13464 = PCURVE('',#10531,#13465);
#13465 = DEFINITIONAL_REPRESENTATION('',(#13466),#13470);
#13466 = LINE('',#13467,#13468);
#13467 = CARTESIAN_POINT('',(-14.1,5.));
#13468 = VECTOR('',#13469,1.);
#13469 = DIRECTION('',(-1.,-0.));
#13470 = ( GEOMETRIC_REPRESENTATION_CONTEXT(2) 
PARAMETRIC_REPRESENTATION_CONTEXT() REPRESENTATION_CONTEXT('2D SPACE',''
  ) );
#13471 = PCURVE('',#11858,#13472);
#13472 = DEFINITIONAL_REPRESENTATION('',(#13473),#13477);
#13473 = LINE('',#13474,#13475);
#13474 = CARTESIAN_POINT('',(-1.8,14.1));
#13475 = VECTOR('',#13476,1.);
#13476 = DIRECTION('',(-8.410780489585E-17,-1.));
#13477 = ( GEOMETRIC_REPRESENTATION_CONTEXT(2) 
PARAMETRIC_REPRESENTATION_CONTEXT() REPRESENTATION_CONTEXT('2D SPACE',''
  ) );
#13478 = ORIENTED_EDGE('',*,*,#11818,.F.);
#13479 = ORIENTED_EDGE('',*,*,#10982,.F.);
#13480 = ORIENTED_EDGE('',*,*,#10516,.F.);
#13481 = ADVANCED_FACE('',(#13482),#9486,.F.);
#13482 = FACE_BOUND('',#13483,.T.);
#13483 = EDGE_LOOP('',(#13484,#13507,#13508,#13509,#13510,#13533,#13556)
  );
#13484 = ORIENTED_EDGE('',*,*,#13485,.F.);
#13485 = EDGE_CURVE('',#9472,#13486,#13488,.T.);
#13486 = VERTEX_POINT('',#13487);
#13487 = CARTESIAN_POINT('',(1.8,29.845770219581,34.));
#13488 = SURFACE_CURVE('',#13489,(#13493,#13500),.PCURVE_S1.);
#13489 = LINE('',#13490,#13491);
#13490 = CARTESIAN_POINT('',(1.8,29.845770219581,34.));
#13491 = VECTOR('',#13492,1.);
#13492 = DIRECTION('',(0.,0.,1.));
#13493 = PCURVE('',#9486,#13494);
#13494 = DEFINITIONAL_REPRESENTATION('',(#13495),#13499);
#13495 = LINE('',#13496,#13497);
#13496 = CARTESIAN_POINT('',(1.654229780419,0.));
#13497 = VECTOR('',#13498,1.);
#13498 = DIRECTION('',(0.,-1.));
#13499 = ( GEOMETRIC_REPRESENTATION_CONTEXT(2) 
PARAMETRIC_REPRESENTATION_CONTEXT() REPRESENTATION_CONTEXT('2D SPACE',''
  ) );
#13500 = PCURVE('',#9515,#13501);
#13501 = DEFINITIONAL_REPRESENTATION('',(#13502),#13506);
#13502 = LINE('',#13503,#13504);
#13503 = CARTESIAN_POINT('',(4.772626071124,0.));
#13504 = VECTOR('',#13505,1.);
#13505 = DIRECTION('',(0.,-1.));
#13506 = ( GEOMETRIC_REPRESENTATION_CONTEXT(2) 
PARAMETRIC_REPRESENTATION_CONTEXT() REPRESENTATION_CONTEXT('2D SPACE',''
  ) );
#13507 = ORIENTED_EDGE('',*,*,#9471,.F.);
#13508 = ORIENTED_EDGE('',*,*,#9865,.F.);
#13509 = ORIENTED_EDGE('',*,*,#11436,.F.);
#13510 = ORIENTED_EDGE('',*,*,#13511,.F.);
#13511 = EDGE_CURVE('',#13512,#11404,#13514,.T.);
#13512 = VERTEX_POINT('',#13513);
#13513 = CARTESIAN_POINT('',(1.8,28.643498389687,29.));
#13514 = SURFACE_CURVE('',#13515,(#13519,#13526),.PCURVE_S1.);
#13515 = LINE('',#13516,#13517);
#13516 = CARTESIAN_POINT('',(1.8,15.75,29.));
#13517 = VECTOR('',#13518,1.);
#13518 = DIRECTION('',(8.410780489585E-17,1.,0.));
#13519 = PCURVE('',#9486,#13520);
#13520 = DEFINITIONAL_REPRESENTATION('',(#13521),#13525);
#13521 = LINE('',#13522,#13523);
#13522 = CARTESIAN_POINT('',(15.75,5.));
#13523 = VECTOR('',#13524,1.);
#13524 = DIRECTION('',(-1.,0.));
#13525 = ( GEOMETRIC_REPRESENTATION_CONTEXT(2) 
PARAMETRIC_REPRESENTATION_CONTEXT() REPRESENTATION_CONTEXT('2D SPACE',''
  ) );
#13526 = PCURVE('',#11420,#13527);
#13527 = DEFINITIONAL_REPRESENTATION('',(#13528),#13532);
#13528 = LINE('',#13529,#13530);
#13529 = CARTESIAN_POINT('',(1.8,15.75));
#13530 = VECTOR('',#13531,1.);
#13531 = DIRECTION('',(8.410780489585E-17,1.));
#13532 = ( GEOMETRIC_REPRESENTATION_CONTEXT(2) 
PARAMETRIC_REPRESENTATION_CONTEXT() REPRESENTATION_CONTEXT('2D SPACE',''
  ) );
#13533 = ORIENTED_EDGE('',*,*,#13534,.F.);
#13534 = EDGE_CURVE('',#13535,#13512,#13537,.T.);
#13535 = VERTEX_POINT('',#13536);
#13536 = CARTESIAN_POINT('',(1.8,28.643498389687,34.));
#13537 = SURFACE_CURVE('',#13538,(#13542,#13549),.PCURVE_S1.);
#13538 = LINE('',#13539,#13540);
#13539 = CARTESIAN_POINT('',(1.8,28.643498389687,34.));
#13540 = VECTOR('',#13541,1.);
#13541 = DIRECTION('',(0.,0.,-1.));
#13542 = PCURVE('',#9486,#13543);
#13543 = DEFINITIONAL_REPRESENTATION('',(#13544),#13548);
#13544 = LINE('',#13545,#13546);
#13545 = CARTESIAN_POINT('',(2.856501610313,0.));
#13546 = VECTOR('',#13547,1.);
#13547 = DIRECTION('',(-0.,1.));
#13548 = ( GEOMETRIC_REPRESENTATION_CONTEXT(2) 
PARAMETRIC_REPRESENTATION_CONTEXT() REPRESENTATION_CONTEXT('2D SPACE',''
  ) );
#13549 = PCURVE('',#13276,#13550);
#13550 = DEFINITIONAL_REPRESENTATION('',(#13551),#13555);
#13551 = LINE('',#13552,#13553);
#13552 = CARTESIAN_POINT('',(4.775147940291,0.));
#13553 = VECTOR('',#13554,1.);
#13554 = DIRECTION('',(0.,1.));
#13555 = ( GEOMETRIC_REPRESENTATION_CONTEXT(2) 
PARAMETRIC_REPRESENTATION_CONTEXT() REPRESENTATION_CONTEXT('2D SPACE',''
  ) );
#13556 = ORIENTED_EDGE('',*,*,#13557,.T.);
#13557 = EDGE_CURVE('',#13535,#13486,#13558,.T.);
#13558 = SURFACE_CURVE('',#13559,(#13563,#13570),.PCURVE_S1.);
#13559 = LINE('',#13560,#13561);
#13560 = CARTESIAN_POINT('',(1.8,28.2,34.));
#13561 = VECTOR('',#13562,1.);
#13562 = DIRECTION('',(8.410780489585E-17,1.,0.));
#13563 = PCURVE('',#9486,#13564);
#13564 = DEFINITIONAL_REPRESENTATION('',(#13565),#13569);
#13565 = LINE('',#13566,#13567);
#13566 = CARTESIAN_POINT('',(3.3,0.));
#13567 = VECTOR('',#13568,1.);
#13568 = DIRECTION('',(-1.,0.));
#13569 = ( GEOMETRIC_REPRESENTATION_CONTEXT(2) 
PARAMETRIC_REPRESENTATION_CONTEXT() REPRESENTATION_CONTEXT('2D SPACE',''
  ) );
#13570 = PCURVE('',#3330,#13571);
#13571 = DEFINITIONAL_REPRESENTATION('',(#13572),#13576);
#13572 = LINE('',#13573,#13574);
#13573 = CARTESIAN_POINT('',(1.8,28.2));
#13574 = VECTOR('',#13575,1.);
#13575 = DIRECTION('',(8.410780489585E-17,1.));
#13576 = ( GEOMETRIC_REPRESENTATION_CONTEXT(2) 
PARAMETRIC_REPRESENTATION_CONTEXT() REPRESENTATION_CONTEXT('2D SPACE',''
  ) );
#13577 = ADVANCED_FACE('',(#13578,#13581,#13587,#13599,#13602,#13605,
    #13608,#13664,#13720,#13776,#13832,#13844),#3330,.F.);
#13578 = FACE_BOUND('',#13579,.T.);
#13579 = EDGE_LOOP('',(#13580));
#13580 = ORIENTED_EDGE('',*,*,#3315,.F.);
#13581 = FACE_BOUND('',#13582,.T.);
#13582 = EDGE_LOOP('',(#13583,#13584,#13585,#13586));
#13583 = ORIENTED_EDGE('',*,*,#4456,.T.);
#13584 = ORIENTED_EDGE('',*,*,#4301,.T.);
#13585 = ORIENTED_EDGE('',*,*,#4431,.T.);
#13586 = ORIENTED_EDGE('',*,*,#4599,.T.);
#13587 = FACE_BOUND('',#13588,.T.);
#13588 = EDGE_LOOP('',(#13589,#13590,#13591,#13592,#13593,#13594,#13595,
    #13596,#13597,#13598));
#13589 = ORIENTED_EDGE('',*,*,#5755,.T.);
#13590 = ORIENTED_EDGE('',*,*,#5679,.T.);
#13591 = ORIENTED_EDGE('',*,*,#5603,.T.);
#13592 = ORIENTED_EDGE('',*,*,#5527,.T.);
#13593 = ORIENTED_EDGE('',*,*,#5412,.T.);
#13594 = ORIENTED_EDGE('',*,*,#5831,.T.);
#13595 = ORIENTED_EDGE('',*,*,#5907,.T.);
#13596 = ORIENTED_EDGE('',*,*,#5983,.T.);
#13597 = ORIENTED_EDGE('',*,*,#6059,.T.);
#13598 = ORIENTED_EDGE('',*,*,#6130,.T.);
#13599 = FACE_BOUND('',#13600,.T.);
#13600 = EDGE_LOOP('',(#13601));
#13601 = ORIENTED_EDGE('',*,*,#6534,.T.);
#13602 = FACE_BOUND('',#13603,.T.);
#13603 = EDGE_LOOP('',(#13604));
#13604 = ORIENTED_EDGE('',*,*,#6623,.T.);
#13605 = FACE_BOUND('',#13606,.T.);
#13606 = EDGE_LOOP('',(#13607));
#13607 = ORIENTED_EDGE('',*,*,#6712,.T.);
#13608 = FACE_BOUND('',#13609,.T.);
#13609 = EDGE_LOOP('',(#13610,#13611,#13633,#13634,#13656,#13657,#13658,
    #13659,#13660,#13661,#13662,#13663));
#13610 = ORIENTED_EDGE('',*,*,#7099,.T.);
#13611 = ORIENTED_EDGE('',*,*,#13612,.T.);
#13612 = EDGE_CURVE('',#7072,#13316,#13613,.T.);
#13613 = SURFACE_CURVE('',#13614,(#13619,#13626),.PCURVE_S1.);
#13614 = CIRCLE('',#13615,29.9);
#13615 = AXIS2_PLACEMENT_3D('',#13616,#13617,#13618);
#13616 = CARTESIAN_POINT('',(0.,0.,34.));
#13617 = DIRECTION('',(0.,0.,1.));
#13618 = DIRECTION('',(1.,0.,-0.));
#13619 = PCURVE('',#3330,#13620);
#13620 = DEFINITIONAL_REPRESENTATION('',(#13621),#13625);
#13621 = CIRCLE('',#13622,29.9);
#13622 = AXIS2_PLACEMENT_2D('',#13623,#13624);
#13623 = CARTESIAN_POINT('',(0.,0.));
#13624 = DIRECTION('',(1.,0.));
#13625 = ( GEOMETRIC_REPRESENTATION_CONTEXT(2) 
PARAMETRIC_REPRESENTATION_CONTEXT() REPRESENTATION_CONTEXT('2D SPACE',''
  ) );
#13626 = PCURVE('',#7087,#13627);
#13627 = DEFINITIONAL_REPRESENTATION('',(#13628),#13632);
#13628 = LINE('',#13629,#13630);
#13629 = CARTESIAN_POINT('',(6.28318530718,0.));
#13630 = VECTOR('',#13631,1.);
#13631 = DIRECTION('',(-1.,0.));
#13632 = ( GEOMETRIC_REPRESENTATION_CONTEXT(2) 
PARAMETRIC_REPRESENTATION_CONTEXT() REPRESENTATION_CONTEXT('2D SPACE',''
  ) );
#13633 = ORIENTED_EDGE('',*,*,#13387,.F.);
#13634 = ORIENTED_EDGE('',*,*,#13635,.F.);
#13635 = EDGE_CURVE('',#12883,#13365,#13636,.T.);
#13636 = SURFACE_CURVE('',#13637,(#13642,#13649),.PCURVE_S1.);
#13637 = CIRCLE('',#13638,28.7);
#13638 = AXIS2_PLACEMENT_3D('',#13639,#13640,#13641);
#13639 = CARTESIAN_POINT('',(0.,0.,34.));
#13640 = DIRECTION('',(0.,0.,1.));
#13641 = DIRECTION('',(1.,0.,-0.));
#13642 = PCURVE('',#3330,#13643);
#13643 = DEFINITIONAL_REPRESENTATION('',(#13644),#13648);
#13644 = CIRCLE('',#13645,28.7);
#13645 = AXIS2_PLACEMENT_2D('',#13646,#13647);
#13646 = CARTESIAN_POINT('',(0.,0.));
#13647 = DIRECTION('',(1.,0.));
#13648 = ( GEOMETRIC_REPRESENTATION_CONTEXT(2) 
PARAMETRIC_REPRESENTATION_CONTEXT() REPRESENTATION_CONTEXT('2D SPACE',''
  ) );
#13649 = PCURVE('',#12921,#13650);
#13650 = DEFINITIONAL_REPRESENTATION('',(#13651),#13655);
#13651 = LINE('',#13652,#13653);
#13652 = CARTESIAN_POINT('',(6.28318530718,0.));
#13653 = VECTOR('',#13654,1.);
#13654 = DIRECTION('',(-1.,0.));
#13655 = ( GEOMETRIC_REPRESENTATION_CONTEXT(2) 
PARAMETRIC_REPRESENTATION_CONTEXT() REPRESENTATION_CONTEXT('2D SPACE',''
  ) );
#13656 = ORIENTED_EDGE('',*,*,#12882,.F.);
#13657 = ORIENTED_EDGE('',*,*,#12743,.T.);
#13658 = ORIENTED_EDGE('',*,*,#12640,.T.);
#13659 = ORIENTED_EDGE('',*,*,#12689,.T.);
#13660 = ORIENTED_EDGE('',*,*,#12471,.T.);
#13661 = ORIENTED_EDGE('',*,*,#7542,.T.);
#13662 = ORIENTED_EDGE('',*,*,#7203,.T.);
#13663 = ORIENTED_EDGE('',*,*,#7276,.T.);
#13664 = FACE_BOUND('',#13665,.T.);
#13665 = EDGE_LOOP('',(#13666,#13667,#13689,#13690,#13712,#13713,#13714,
    #13715,#13716,#13717,#13718,#13719));
#13666 = ORIENTED_EDGE('',*,*,#8145,.T.);
#13667 = ORIENTED_EDGE('',*,*,#13668,.T.);
#13668 = EDGE_CURVE('',#8118,#12961,#13669,.T.);
#13669 = SURFACE_CURVE('',#13670,(#13675,#13682),.PCURVE_S1.);
#13670 = CIRCLE('',#13671,29.9);
#13671 = AXIS2_PLACEMENT_3D('',#13672,#13673,#13674);
#13672 = CARTESIAN_POINT('',(0.,0.,34.));
#13673 = DIRECTION('',(0.,0.,1.));
#13674 = DIRECTION('',(1.,0.,-0.));
#13675 = PCURVE('',#3330,#13676);
#13676 = DEFINITIONAL_REPRESENTATION('',(#13677),#13681);
#13677 = CIRCLE('',#13678,29.9);
#13678 = AXIS2_PLACEMENT_2D('',#13679,#13680);
#13679 = CARTESIAN_POINT('',(0.,0.));
#13680 = DIRECTION('',(1.,0.));
#13681 = ( GEOMETRIC_REPRESENTATION_CONTEXT(2) 
PARAMETRIC_REPRESENTATION_CONTEXT() REPRESENTATION_CONTEXT('2D SPACE',''
  ) );
#13682 = PCURVE('',#8133,#13683);
#13683 = DEFINITIONAL_REPRESENTATION('',(#13684),#13688);
#13684 = LINE('',#13685,#13686);
#13685 = CARTESIAN_POINT('',(6.28318530718,0.));
#13686 = VECTOR('',#13687,1.);
#13687 = DIRECTION('',(-1.,0.));
#13688 = ( GEOMETRIC_REPRESENTATION_CONTEXT(2) 
PARAMETRIC_REPRESENTATION_CONTEXT() REPRESENTATION_CONTEXT('2D SPACE',''
  ) );
#13689 = ORIENTED_EDGE('',*,*,#13037,.F.);
#13690 = ORIENTED_EDGE('',*,*,#13691,.F.);
#13691 = EDGE_CURVE('',#13063,#13010,#13692,.T.);
#13692 = SURFACE_CURVE('',#13693,(#13698,#13705),.PCURVE_S1.);
#13693 = CIRCLE('',#13694,28.7);
#13694 = AXIS2_PLACEMENT_3D('',#13695,#13696,#13697);
#13695 = CARTESIAN_POINT('',(0.,0.,34.));
#13696 = DIRECTION('',(0.,0.,1.));
#13697 = DIRECTION('',(1.,0.,-0.));
#13698 = PCURVE('',#3330,#13699);
#13699 = DEFINITIONAL_REPRESENTATION('',(#13700),#13704);
#13700 = CIRCLE('',#13701,28.7);
#13701 = AXIS2_PLACEMENT_2D('',#13702,#13703);
#13702 = CARTESIAN_POINT('',(0.,0.));
#13703 = DIRECTION('',(1.,0.));
#13704 = ( GEOMETRIC_REPRESENTATION_CONTEXT(2) 
PARAMETRIC_REPRESENTATION_CONTEXT() REPRESENTATION_CONTEXT('2D SPACE',''
  ) );
#13705 = PCURVE('',#13025,#13706);
#13706 = DEFINITIONAL_REPRESENTATION('',(#13707),#13711);
#13707 = LINE('',#13708,#13709);
#13708 = CARTESIAN_POINT('',(6.28318530718,0.));
#13709 = VECTOR('',#13710,1.);
#13710 = DIRECTION('',(-1.,0.));
#13711 = ( GEOMETRIC_REPRESENTATION_CONTEXT(2) 
PARAMETRIC_REPRESENTATION_CONTEXT() REPRESENTATION_CONTEXT('2D SPACE',''
  ) );
#13712 = ORIENTED_EDGE('',*,*,#13062,.F.);
#13713 = ORIENTED_EDGE('',*,*,#12255,.T.);
#13714 = ORIENTED_EDGE('',*,*,#12152,.T.);
#13715 = ORIENTED_EDGE('',*,*,#12201,.T.);
#13716 = ORIENTED_EDGE('',*,*,#11983,.T.);
#13717 = ORIENTED_EDGE('',*,*,#8588,.T.);
#13718 = ORIENTED_EDGE('',*,*,#8249,.T.);
#13719 = ORIENTED_EDGE('',*,*,#8322,.T.);
#13720 = FACE_BOUND('',#13721,.T.);
#13721 = EDGE_LOOP('',(#13722,#13723,#13724,#13725,#13726,#13727,#13749,
    #13750,#13772,#13773,#13774,#13775));
#13722 = ORIENTED_EDGE('',*,*,#9348,.T.);
#13723 = ORIENTED_EDGE('',*,*,#9708,.T.);
#13724 = ORIENTED_EDGE('',*,*,#11298,.T.);
#13725 = ORIENTED_EDGE('',*,*,#11325,.T.);
#13726 = ORIENTED_EDGE('',*,*,#11129,.T.);
#13727 = ORIENTED_EDGE('',*,*,#13728,.T.);
#13728 = EDGE_CURVE('',#11107,#13486,#13729,.T.);
#13729 = SURFACE_CURVE('',#13730,(#13735,#13742),.PCURVE_S1.);
#13730 = CIRCLE('',#13731,29.9);
#13731 = AXIS2_PLACEMENT_3D('',#13732,#13733,#13734);
#13732 = CARTESIAN_POINT('',(0.,0.,34.));
#13733 = DIRECTION('',(0.,0.,1.));
#13734 = DIRECTION('',(1.,0.,-0.));
#13735 = PCURVE('',#3330,#13736);
#13736 = DEFINITIONAL_REPRESENTATION('',(#13737),#13741);
#13737 = CIRCLE('',#13738,29.9);
#13738 = AXIS2_PLACEMENT_2D('',#13739,#13740);
#13739 = CARTESIAN_POINT('',(0.,0.));
#13740 = DIRECTION('',(1.,0.));
#13741 = ( GEOMETRIC_REPRESENTATION_CONTEXT(2) 
PARAMETRIC_REPRESENTATION_CONTEXT() REPRESENTATION_CONTEXT('2D SPACE',''
  ) );
#13742 = PCURVE('',#9515,#13743);
#13743 = DEFINITIONAL_REPRESENTATION('',(#13744),#13748);
#13744 = LINE('',#13745,#13746);
#13745 = CARTESIAN_POINT('',(6.28318530718,0.));
#13746 = VECTOR('',#13747,1.);
#13747 = DIRECTION('',(-1.,0.));
#13748 = ( GEOMETRIC_REPRESENTATION_CONTEXT(2) 
PARAMETRIC_REPRESENTATION_CONTEXT() REPRESENTATION_CONTEXT('2D SPACE',''
  ) );
#13749 = ORIENTED_EDGE('',*,*,#13557,.F.);
#13750 = ORIENTED_EDGE('',*,*,#13751,.F.);
#13751 = EDGE_CURVE('',#13238,#13535,#13752,.T.);
#13752 = SURFACE_CURVE('',#13753,(#13758,#13765),.PCURVE_S1.);
#13753 = CIRCLE('',#13754,28.7);
#13754 = AXIS2_PLACEMENT_3D('',#13755,#13756,#13757);
#13755 = CARTESIAN_POINT('',(0.,0.,34.));
#13756 = DIRECTION('',(0.,0.,1.));
#13757 = DIRECTION('',(1.,0.,-0.));
#13758 = PCURVE('',#3330,#13759);
#13759 = DEFINITIONAL_REPRESENTATION('',(#13760),#13764);
#13760 = CIRCLE('',#13761,28.7);
#13761 = AXIS2_PLACEMENT_2D('',#13762,#13763);
#13762 = CARTESIAN_POINT('',(0.,0.));
#13763 = DIRECTION('',(1.,0.));
#13764 = ( GEOMETRIC_REPRESENTATION_CONTEXT(2) 
PARAMETRIC_REPRESENTATION_CONTEXT() REPRESENTATION_CONTEXT('2D SPACE',''
  ) );
#13765 = PCURVE('',#13276,#13766);
#13766 = DEFINITIONAL_REPRESENTATION('',(#13767),#13771);
#13767 = LINE('',#13768,#13769);
#13768 = CARTESIAN_POINT('',(6.28318530718,0.));
#13769 = VECTOR('',#13770,1.);
#13770 = DIRECTION('',(-1.,0.));
#13771 = ( GEOMETRIC_REPRESENTATION_CONTEXT(2) 
PARAMETRIC_REPRESENTATION_CONTEXT() REPRESENTATION_CONTEXT('2D SPACE',''
  ) );
#13772 = ORIENTED_EDGE('',*,*,#13237,.F.);
#13773 = ORIENTED_EDGE('',*,*,#9634,.T.);
#13774 = ORIENTED_EDGE('',*,*,#9046,.T.);
#13775 = ORIENTED_EDGE('',*,*,#9293,.T.);
#13776 = FACE_BOUND('',#13777,.T.);
#13777 = EDGE_LOOP('',(#13778,#13779,#13780,#13781,#13782,#13783,#13805,
    #13806,#13828,#13829,#13830,#13831));
#13778 = ORIENTED_EDGE('',*,*,#10444,.T.);
#13779 = ORIENTED_EDGE('',*,*,#10804,.T.);
#13780 = ORIENTED_EDGE('',*,*,#11736,.T.);
#13781 = ORIENTED_EDGE('',*,*,#11763,.T.);
#13782 = ORIENTED_EDGE('',*,*,#11567,.T.);
#13783 = ORIENTED_EDGE('',*,*,#13784,.T.);
#13784 = EDGE_CURVE('',#11545,#13136,#13785,.T.);
#13785 = SURFACE_CURVE('',#13786,(#13791,#13798),.PCURVE_S1.);
#13786 = CIRCLE('',#13787,29.9);
#13787 = AXIS2_PLACEMENT_3D('',#13788,#13789,#13790);
#13788 = CARTESIAN_POINT('',(0.,0.,34.));
#13789 = DIRECTION('',(0.,0.,1.));
#13790 = DIRECTION('',(1.,0.,-0.));
#13791 = PCURVE('',#3330,#13792);
#13792 = DEFINITIONAL_REPRESENTATION('',(#13793),#13797);
#13793 = CIRCLE('',#13794,29.9);
#13794 = AXIS2_PLACEMENT_2D('',#13795,#13796);
#13795 = CARTESIAN_POINT('',(0.,0.));
#13796 = DIRECTION('',(1.,0.));
#13797 = ( GEOMETRIC_REPRESENTATION_CONTEXT(2) 
PARAMETRIC_REPRESENTATION_CONTEXT() REPRESENTATION_CONTEXT('2D SPACE',''
  ) );
#13798 = PCURVE('',#10611,#13799);
#13799 = DEFINITIONAL_REPRESENTATION('',(#13800),#13804);
#13800 = LINE('',#13801,#13802);
#13801 = CARTESIAN_POINT('',(6.28318530718,0.));
#13802 = VECTOR('',#13803,1.);
#13803 = DIRECTION('',(-1.,0.));
#13804 = ( GEOMETRIC_REPRESENTATION_CONTEXT(2) 
PARAMETRIC_REPRESENTATION_CONTEXT() REPRESENTATION_CONTEXT('2D SPACE',''
  ) );
#13805 = ORIENTED_EDGE('',*,*,#13212,.F.);
#13806 = ORIENTED_EDGE('',*,*,#13807,.F.);
#13807 = EDGE_CURVE('',#13413,#13185,#13808,.T.);
#13808 = SURFACE_CURVE('',#13809,(#13814,#13821),.PCURVE_S1.);
#13809 = CIRCLE('',#13810,28.7);
#13810 = AXIS2_PLACEMENT_3D('',#13811,#13812,#13813);
#13811 = CARTESIAN_POINT('',(0.,0.,34.));
#13812 = DIRECTION('',(0.,0.,1.));
#13813 = DIRECTION('',(1.,0.,-0.));
#13814 = PCURVE('',#3330,#13815);
#13815 = DEFINITIONAL_REPRESENTATION('',(#13816),#13820);
#13816 = CIRCLE('',#13817,28.7);
#13817 = AXIS2_PLACEMENT_2D('',#13818,#13819);
#13818 = CARTESIAN_POINT('',(0.,0.));
#13819 = DIRECTION('',(1.,0.));
#13820 = ( GEOMETRIC_REPRESENTATION_CONTEXT(2) 
PARAMETRIC_REPRESENTATION_CONTEXT() REPRESENTATION_CONTEXT('2D SPACE',''
  ) );
#13821 = PCURVE('',#13200,#13822);
#13822 = DEFINITIONAL_REPRESENTATION('',(#13823),#13827);
#13823 = LINE('',#13824,#13825);
#13824 = CARTESIAN_POINT('',(6.28318530718,0.));
#13825 = VECTOR('',#13826,1.);
#13826 = DIRECTION('',(-1.,0.));
#13827 = ( GEOMETRIC_REPRESENTATION_CONTEXT(2) 
PARAMETRIC_REPRESENTATION_CONTEXT() REPRESENTATION_CONTEXT('2D SPACE',''
  ) );
#13828 = ORIENTED_EDGE('',*,*,#13412,.F.);
#13829 = ORIENTED_EDGE('',*,*,#10730,.T.);
#13830 = ORIENTED_EDGE('',*,*,#10142,.T.);
#13831 = ORIENTED_EDGE('',*,*,#10389,.T.);
#13832 = FACE_BOUND('',#13833,.T.);
#13833 = EDGE_LOOP('',(#13834,#13835,#13836,#13837,#13838,#13839,#13840,
    #13841,#13842,#13843));
#13834 = ORIENTED_EDGE('',*,*,#4977,.T.);
#13835 = ORIENTED_EDGE('',*,*,#4901,.T.);
#13836 = ORIENTED_EDGE('',*,*,#4825,.T.);
#13837 = ORIENTED_EDGE('',*,*,#4749,.T.);
#13838 = ORIENTED_EDGE('',*,*,#4634,.T.);
#13839 = ORIENTED_EDGE('',*,*,#5053,.T.);
#13840 = ORIENTED_EDGE('',*,*,#5129,.T.);
#13841 = ORIENTED_EDGE('',*,*,#5205,.T.);
#13842 = ORIENTED_EDGE('',*,*,#5281,.T.);
#13843 = ORIENTED_EDGE('',*,*,#5352,.T.);
#13844 = FACE_BOUND('',#13845,.T.);
#13845 = EDGE_LOOP('',(#13846,#13847,#13848,#13849));
#13846 = ORIENTED_EDGE('',*,*,#3832,.T.);
#13847 = ORIENTED_EDGE('',*,*,#3880,.T.);
#13848 = ORIENTED_EDGE('',*,*,#3953,.T.);
#13849 = ORIENTED_EDGE('',*,*,#3979,.T.);
#13850 = ADVANCED_FACE('',(#13851),#9515,.T.);
#13851 = FACE_BOUND('',#13852,.T.);
#13852 = EDGE_LOOP('',(#13853,#13854,#13855,#13856));
#13853 = ORIENTED_EDGE('',*,*,#11106,.T.);
#13854 = ORIENTED_EDGE('',*,*,#9498,.T.);
#13855 = ORIENTED_EDGE('',*,*,#13485,.T.);
#13856 = ORIENTED_EDGE('',*,*,#13728,.F.);
#13857 = ADVANCED_FACE('',(#13858),#10611,.T.);
#13858 = FACE_BOUND('',#13859,.T.);
#13859 = EDGE_LOOP('',(#13860,#13861,#13862,#13863));
#13860 = ORIENTED_EDGE('',*,*,#11544,.T.);
#13861 = ORIENTED_EDGE('',*,*,#10594,.T.);
#13862 = ORIENTED_EDGE('',*,*,#13135,.T.);
#13863 = ORIENTED_EDGE('',*,*,#13784,.F.);
#13864 = ADVANCED_FACE('',(#13865),#7087,.T.);
#13865 = FACE_BOUND('',#13866,.T.);
#13866 = EDGE_LOOP('',(#13867,#13868,#13869,#13870));
#13867 = ORIENTED_EDGE('',*,*,#7071,.T.);
#13868 = ORIENTED_EDGE('',*,*,#7516,.T.);
#13869 = ORIENTED_EDGE('',*,*,#13315,.T.);
#13870 = ORIENTED_EDGE('',*,*,#13612,.F.);
#13871 = ADVANCED_FACE('',(#13872),#8133,.T.);
#13872 = FACE_BOUND('',#13873,.T.);
#13873 = EDGE_LOOP('',(#13874,#13875,#13876,#13877));
#13874 = ORIENTED_EDGE('',*,*,#8117,.T.);
#13875 = ORIENTED_EDGE('',*,*,#8562,.T.);
#13876 = ORIENTED_EDGE('',*,*,#12960,.T.);
#13877 = ORIENTED_EDGE('',*,*,#13668,.F.);
#13878 = ADVANCED_FACE('',(#13879),#11420,.F.);
#13879 = FACE_BOUND('',#13880,.T.);
#13880 = EDGE_LOOP('',(#13881,#13882,#13904,#13905));
#13881 = ORIENTED_EDGE('',*,*,#13288,.T.);
#13882 = ORIENTED_EDGE('',*,*,#13883,.T.);
#13883 = EDGE_CURVE('',#13261,#13512,#13884,.T.);
#13884 = SURFACE_CURVE('',#13885,(#13890,#13897),.PCURVE_S1.);
#13885 = CIRCLE('',#13886,28.7);
#13886 = AXIS2_PLACEMENT_3D('',#13887,#13888,#13889);
#13887 = CARTESIAN_POINT('',(0.,0.,29.));
#13888 = DIRECTION('',(0.,0.,1.));
#13889 = DIRECTION('',(1.,0.,-0.));
#13890 = PCURVE('',#11420,#13891);
#13891 = DEFINITIONAL_REPRESENTATION('',(#13892),#13896);
#13892 = CIRCLE('',#13893,28.7);
#13893 = AXIS2_PLACEMENT_2D('',#13894,#13895);
#13894 = CARTESIAN_POINT('',(0.,0.));
#13895 = DIRECTION('',(1.,0.));
#13896 = ( GEOMETRIC_REPRESENTATION_CONTEXT(2) 
PARAMETRIC_REPRESENTATION_CONTEXT() REPRESENTATION_CONTEXT('2D SPACE',''
  ) );
#13897 = PCURVE('',#13276,#13898);
#13898 = DEFINITIONAL_REPRESENTATION('',(#13899),#13903);
#13899 = LINE('',#13900,#13901);
#13900 = CARTESIAN_POINT('',(6.28318530718,5.));
#13901 = VECTOR('',#13902,1.);
#13902 = DIRECTION('',(-1.,0.));
#13903 = ( GEOMETRIC_REPRESENTATION_CONTEXT(2) 
PARAMETRIC_REPRESENTATION_CONTEXT() REPRESENTATION_CONTEXT('2D SPACE',''
  ) );
#13904 = ORIENTED_EDGE('',*,*,#13511,.T.);
#13905 = ORIENTED_EDGE('',*,*,#11403,.T.);
#13906 = ADVANCED_FACE('',(#13907),#12838,.F.);
#13907 = FACE_BOUND('',#13908,.T.);
#13908 = EDGE_LOOP('',(#13909,#13910,#13932,#13933));
#13909 = ORIENTED_EDGE('',*,*,#12933,.T.);
#13910 = ORIENTED_EDGE('',*,*,#13911,.T.);
#13911 = EDGE_CURVE('',#12906,#13342,#13912,.T.);
#13912 = SURFACE_CURVE('',#13913,(#13918,#13925),.PCURVE_S1.);
#13913 = CIRCLE('',#13914,28.7);
#13914 = AXIS2_PLACEMENT_3D('',#13915,#13916,#13917);
#13915 = CARTESIAN_POINT('',(0.,0.,29.));
#13916 = DIRECTION('',(0.,0.,1.));
#13917 = DIRECTION('',(1.,0.,-0.));
#13918 = PCURVE('',#12838,#13919);
#13919 = DEFINITIONAL_REPRESENTATION('',(#13920),#13924);
#13920 = CIRCLE('',#13921,28.7);
#13921 = AXIS2_PLACEMENT_2D('',#13922,#13923);
#13922 = CARTESIAN_POINT('',(0.,0.));
#13923 = DIRECTION('',(1.,0.));
#13924 = ( GEOMETRIC_REPRESENTATION_CONTEXT(2) 
PARAMETRIC_REPRESENTATION_CONTEXT() REPRESENTATION_CONTEXT('2D SPACE',''
  ) );
#13925 = PCURVE('',#12921,#13926);
#13926 = DEFINITIONAL_REPRESENTATION('',(#13927),#13931);
#13927 = LINE('',#13928,#13929);
#13928 = CARTESIAN_POINT('',(6.28318530718,5.));
#13929 = VECTOR('',#13930,1.);
#13930 = DIRECTION('',(-1.,0.));
#13931 = ( GEOMETRIC_REPRESENTATION_CONTEXT(2) 
PARAMETRIC_REPRESENTATION_CONTEXT() REPRESENTATION_CONTEXT('2D SPACE',''
  ) );
#13932 = ORIENTED_EDGE('',*,*,#13341,.T.);
#13933 = ORIENTED_EDGE('',*,*,#12821,.T.);
#13934 = ADVANCED_FACE('',(#13935),#11858,.F.);
#13935 = FACE_BOUND('',#13936,.T.);
#13936 = EDGE_LOOP('',(#13937,#13938,#13939,#13940));
#13937 = ORIENTED_EDGE('',*,*,#13161,.T.);
#13938 = ORIENTED_EDGE('',*,*,#11841,.T.);
#13939 = ORIENTED_EDGE('',*,*,#13458,.T.);
#13940 = ORIENTED_EDGE('',*,*,#13941,.T.);
#13941 = EDGE_CURVE('',#13436,#13162,#13942,.T.);
#13942 = SURFACE_CURVE('',#13943,(#13948,#13955),.PCURVE_S1.);
#13943 = CIRCLE('',#13944,28.7);
#13944 = AXIS2_PLACEMENT_3D('',#13945,#13946,#13947);
#13945 = CARTESIAN_POINT('',(0.,0.,29.));
#13946 = DIRECTION('',(0.,0.,1.));
#13947 = DIRECTION('',(1.,0.,-0.));
#13948 = PCURVE('',#11858,#13949);
#13949 = DEFINITIONAL_REPRESENTATION('',(#13950),#13954);
#13950 = CIRCLE('',#13951,28.7);
#13951 = AXIS2_PLACEMENT_2D('',#13952,#13953);
#13952 = CARTESIAN_POINT('',(0.,0.));
#13953 = DIRECTION('',(1.,0.));
#13954 = ( GEOMETRIC_REPRESENTATION_CONTEXT(2) 
PARAMETRIC_REPRESENTATION_CONTEXT() REPRESENTATION_CONTEXT('2D SPACE',''
  ) );
#13955 = PCURVE('',#13200,#13956);
#13956 = DEFINITIONAL_REPRESENTATION('',(#13957),#13961);
#13957 = LINE('',#13958,#13959);
#13958 = CARTESIAN_POINT('',(6.28318530718,5.));
#13959 = VECTOR('',#13960,1.);
#13960 = DIRECTION('',(-1.,0.));
#13961 = ( GEOMETRIC_REPRESENTATION_CONTEXT(2) 
PARAMETRIC_REPRESENTATION_CONTEXT() REPRESENTATION_CONTEXT('2D SPACE',''
  ) );
#13962 = ADVANCED_FACE('',(#13963),#13276,.F.);
#13963 = FACE_BOUND('',#13964,.F.);
#13964 = EDGE_LOOP('',(#13965,#13966,#13967,#13968));
#13965 = ORIENTED_EDGE('',*,*,#13883,.T.);
#13966 = ORIENTED_EDGE('',*,*,#13534,.F.);
#13967 = ORIENTED_EDGE('',*,*,#13751,.F.);
#13968 = ORIENTED_EDGE('',*,*,#13260,.F.);
#13969 = ADVANCED_FACE('',(#13970),#13200,.F.);
#13970 = FACE_BOUND('',#13971,.F.);
#13971 = EDGE_LOOP('',(#13972,#13973,#13974,#13975));
#13972 = ORIENTED_EDGE('',*,*,#13807,.F.);
#13973 = ORIENTED_EDGE('',*,*,#13435,.F.);
#13974 = ORIENTED_EDGE('',*,*,#13941,.T.);
#13975 = ORIENTED_EDGE('',*,*,#13184,.F.);
#13976 = ADVANCED_FACE('',(#13977),#12921,.F.);
#13977 = FACE_BOUND('',#13978,.F.);
#13978 = EDGE_LOOP('',(#13979,#13980,#13981,#13982));
#13979 = ORIENTED_EDGE('',*,*,#13911,.T.);
#13980 = ORIENTED_EDGE('',*,*,#13364,.F.);
#13981 = ORIENTED_EDGE('',*,*,#13635,.F.);
#13982 = ORIENTED_EDGE('',*,*,#12905,.F.);
#13983 = ADVANCED_FACE('',(#13984),#13025,.F.);
#13984 = FACE_BOUND('',#13985,.F.);
#13985 = EDGE_LOOP('',(#13986,#13987,#13988,#14010));
#13986 = ORIENTED_EDGE('',*,*,#13691,.F.);
#13987 = ORIENTED_EDGE('',*,*,#13085,.F.);
#13988 = ORIENTED_EDGE('',*,*,#13989,.T.);
#13989 = EDGE_CURVE('',#13086,#12987,#13990,.T.);
#13990 = SURFACE_CURVE('',#13991,(#13996,#14003),.PCURVE_S1.);
#13991 = CIRCLE('',#13992,28.7);
#13992 = AXIS2_PLACEMENT_3D('',#13993,#13994,#13995);
#13993 = CARTESIAN_POINT('',(0.,0.,29.));
#13994 = DIRECTION('',(0.,0.,1.));
#13995 = DIRECTION('',(1.,0.,-0.));
#13996 = PCURVE('',#13025,#13997);
#13997 = DEFINITIONAL_REPRESENTATION('',(#13998),#14002);
#13998 = LINE('',#13999,#14000);
#13999 = CARTESIAN_POINT('',(6.28318530718,5.));
#14000 = VECTOR('',#14001,1.);
#14001 = DIRECTION('',(-1.,0.));
#14002 = ( GEOMETRIC_REPRESENTATION_CONTEXT(2) 
PARAMETRIC_REPRESENTATION_CONTEXT() REPRESENTATION_CONTEXT('2D SPACE',''
  ) );
#14003 = PCURVE('',#12350,#14004);
#14004 = DEFINITIONAL_REPRESENTATION('',(#14005),#14009);
#14005 = CIRCLE('',#14006,28.7);
#14006 = AXIS2_PLACEMENT_2D('',#14007,#14008);
#14007 = CARTESIAN_POINT('',(0.,0.));
#14008 = DIRECTION('',(1.,0.));
#14009 = ( GEOMETRIC_REPRESENTATION_CONTEXT(2) 
PARAMETRIC_REPRESENTATION_CONTEXT() REPRESENTATION_CONTEXT('2D SPACE',''
  ) );
#14010 = ORIENTED_EDGE('',*,*,#13009,.F.);
#14011 = ADVANCED_FACE('',(#14012),#12350,.F.);
#14012 = FACE_BOUND('',#14013,.T.);
#14013 = EDGE_LOOP('',(#14014,#14015,#14016,#14017));
#14014 = ORIENTED_EDGE('',*,*,#12986,.T.);
#14015 = ORIENTED_EDGE('',*,*,#12333,.T.);
#14016 = ORIENTED_EDGE('',*,*,#13108,.T.);
#14017 = ORIENTED_EDGE('',*,*,#13989,.T.);
#14018 = ( GEOMETRIC_REPRESENTATION_CONTEXT(3) 
GLOBAL_UNCERTAINTY_ASSIGNED_CONTEXT((#14022)) 
GLOBAL_UNIT_ASSIGNED_CONTEXT((#14019,#14020,#14021)) 
REPRESENTATION_CONTEXT('Context #1',
  '3D Context with UNIT and UNCERTAINTY') );
#14019 = ( LENGTH_UNIT() NAMED_UNIT(*) SI_UNIT(.MILLI.,.METRE.) );
#14020 = ( NAMED_UNIT(*) PLANE_ANGLE_UNIT() SI_UNIT($,.RADIAN.) );
#14021 = ( NAMED_UNIT(*) SI_UNIT($,.STERADIAN.) SOLID_ANGLE_UNIT() );
#14022 = UNCERTAINTY_MEASURE_WITH_UNIT(LENGTH_MEASURE(5.E-04),#14019,
  'distance_accuracy_value','confusion accuracy');
#14023 = CONTEXT_DEPENDENT_SHAPE_REPRESENTATION(#14024,#14026);
#14024 = ( REPRESENTATION_RELATIONSHIP('','',#3192,#10) 
REPRESENTATION_RELATIONSHIP_WITH_TRANSFORMATION(#14025) 
SHAPE_REPRESENTATION_RELATIONSHIP() );
#14025 = ITEM_DEFINED_TRANSFORMATION('','',#11,#19);
#14026 = PRODUCT_DEFINITION_SHAPE('Placement','Placement of an item',
  #14027);
#14027 = NEXT_ASSEMBLY_USAGE_OCCURRENCE('2','Deckel','',#5,#3187,$);
#14028 = PRODUCT_RELATED_PRODUCT_CATEGORY('part',$,(#3189));
#14029 = SHAPE_DEFINITION_REPRESENTATION(#14030,#14036);
#14030 = PRODUCT_DEFINITION_SHAPE('','',#14031);
#14031 = PRODUCT_DEFINITION('design','',#14032,#14035);
#14032 = PRODUCT_DEFINITION_FORMATION('','',#14033);
#14033 = PRODUCT('Klemmring','Klemmring','',(#14034));
#14034 = PRODUCT_CONTEXT('',#2,'mechanical');
#14035 = PRODUCT_DEFINITION_CONTEXT('part definition',#2,'design');
#14036 = ADVANCED_BREP_SHAPE_REPRESENTATION('',(#11,#14037),#15473);
#14037 = MANIFOLD_SOLID_BREP('',#14038);
#14038 = CLOSED_SHELL('',(#14039,#14159,#14269,#14345,#14752,#14801,
    #14851,#14901,#14972,#15021,#15048,#15119,#15168,#15195,#15245,
    #15295,#15344,#15393,#15420,#15452));
#14039 = ADVANCED_FACE('',(#14040),#14054,.F.);
#14040 = FACE_BOUND('',#14041,.T.);
#14041 = EDGE_LOOP('',(#14042,#14077,#14105,#14133));
#14042 = ORIENTED_EDGE('',*,*,#14043,.F.);
#14043 = EDGE_CURVE('',#14044,#14046,#14048,.T.);
#14044 = VERTEX_POINT('',#14045);
#14045 = CARTESIAN_POINT('',(7.5,-17.78,5.1));
#14046 = VERTEX_POINT('',#14047);
#14047 = CARTESIAN_POINT('',(7.5,-17.78,7.3));
#14048 = SURFACE_CURVE('',#14049,(#14053,#14065),.PCURVE_S1.);
#14049 = LINE('',#14050,#14051);
#14050 = CARTESIAN_POINT('',(7.5,-17.78,5.1));
#14051 = VECTOR('',#14052,1.);
#14052 = DIRECTION('',(0.,0.,1.));
#14053 = PCURVE('',#14054,#14059);
#14054 = PLANE('',#14055);
#14055 = AXIS2_PLACEMENT_3D('',#14056,#14057,#14058);
#14056 = CARTESIAN_POINT('',(20.3,-17.78,5.1));
#14057 = DIRECTION('',(0.,1.,0.));
#14058 = DIRECTION('',(-1.,0.,0.));
#14059 = DEFINITIONAL_REPRESENTATION('',(#14060),#14064);
#14060 = LINE('',#14061,#14062);
#14061 = CARTESIAN_POINT('',(12.8,0.));
#14062 = VECTOR('',#14063,1.);
#14063 = DIRECTION('',(0.,1.));
#14064 = ( GEOMETRIC_REPRESENTATION_CONTEXT(2) 
PARAMETRIC_REPRESENTATION_CONTEXT() REPRESENTATION_CONTEXT('2D SPACE',''
  ) );
#14065 = PCURVE('',#14066,#14071);
#14066 = PLANE('',#14067);
#14067 = AXIS2_PLACEMENT_3D('',#14068,#14069,#14070);
#14068 = CARTESIAN_POINT('',(7.5,-20.3,5.1));
#14069 = DIRECTION('',(1.,0.,0.));
#14070 = DIRECTION('',(-0.,1.,0.));
#14071 = DEFINITIONAL_REPRESENTATION('',(#14072),#14076);
#14072 = LINE('',#14073,#14074);
#14073 = CARTESIAN_POINT('',(2.52,0.));
#14074 = VECTOR('',#14075,1.);
#14075 = DIRECTION('',(0.,1.));
#14076 = ( GEOMETRIC_REPRESENTATION_CONTEXT(2) 
PARAMETRIC_REPRESENTATION_CONTEXT() REPRESENTATION_CONTEXT('2D SPACE',''
  ) );
#14077 = ORIENTED_EDGE('',*,*,#14078,.F.);
#14078 = EDGE_CURVE('',#14079,#14044,#14081,.T.);
#14079 = VERTEX_POINT('',#14080);
#14080 = CARTESIAN_POINT('',(7.507436313416,-17.78,5.1));
#14081 = SURFACE_CURVE('',#14082,(#14086,#14093),.PCURVE_S1.);
#14082 = LINE('',#14083,#14084);
#14083 = CARTESIAN_POINT('',(10.15,-17.78,5.1));
#14084 = VECTOR('',#14085,1.);
#14085 = DIRECTION('',(-1.,0.,0.));
#14086 = PCURVE('',#14054,#14087);
#14087 = DEFINITIONAL_REPRESENTATION('',(#14088),#14092);
#14088 = LINE('',#14089,#14090);
#14089 = CARTESIAN_POINT('',(10.15,0.));
#14090 = VECTOR('',#14091,1.);
#14091 = DIRECTION('',(1.,0.));
#14092 = ( GEOMETRIC_REPRESENTATION_CONTEXT(2) 
PARAMETRIC_REPRESENTATION_CONTEXT() REPRESENTATION_CONTEXT('2D SPACE',''
  ) );
#14093 = PCURVE('',#14094,#14099);
#14094 = PLANE('',#14095);
#14095 = AXIS2_PLACEMENT_3D('',#14096,#14097,#14098);
#14096 = CARTESIAN_POINT('',(0.,0.,5.1));
#14097 = DIRECTION('',(0.,0.,1.));
#14098 = DIRECTION('',(1.,0.,-0.));
#14099 = DEFINITIONAL_REPRESENTATION('',(#14100),#14104);
#14100 = LINE('',#14101,#14102);
#14101 = CARTESIAN_POINT('',(10.15,-17.78));
#14102 = VECTOR('',#14103,1.);
#14103 = DIRECTION('',(-1.,0.));
#14104 = ( GEOMETRIC_REPRESENTATION_CONTEXT(2) 
PARAMETRIC_REPRESENTATION_CONTEXT() REPRESENTATION_CONTEXT('2D SPACE',''
  ) );
#14105 = ORIENTED_EDGE('',*,*,#14106,.F.);
#14106 = EDGE_CURVE('',#14107,#14079,#14109,.T.);
#14107 = VERTEX_POINT('',#14108);
#14108 = CARTESIAN_POINT('',(7.507436313416,-17.78,7.3));
#14109 = SURFACE_CURVE('',#14110,(#14114,#14121),.PCURVE_S1.);
#14110 = LINE('',#14111,#14112);
#14111 = CARTESIAN_POINT('',(7.507436313416,-17.78,5.1));
#14112 = VECTOR('',#14113,1.);
#14113 = DIRECTION('',(0.,0.,-1.));
#14114 = PCURVE('',#14054,#14115);
#14115 = DEFINITIONAL_REPRESENTATION('',(#14116),#14120);
#14116 = LINE('',#14117,#14118);
#14117 = CARTESIAN_POINT('',(12.792563686584,0.));
#14118 = VECTOR('',#14119,1.);
#14119 = DIRECTION('',(0.,-1.));
#14120 = ( GEOMETRIC_REPRESENTATION_CONTEXT(2) 
PARAMETRIC_REPRESENTATION_CONTEXT() REPRESENTATION_CONTEXT('2D SPACE',''
  ) );
#14121 = PCURVE('',#14122,#14127);
#14122 = CYLINDRICAL_SURFACE('',#14123,19.3);
#14123 = AXIS2_PLACEMENT_3D('',#14124,#14125,#14126);
#14124 = CARTESIAN_POINT('',(0.,0.,5.1));
#14125 = DIRECTION('',(0.,0.,1.));
#14126 = DIRECTION('',(1.,0.,-0.));
#14127 = DEFINITIONAL_REPRESENTATION('',(#14128),#14132);
#14128 = LINE('',#14129,#14130);
#14129 = CARTESIAN_POINT('',(5.111919997311,0.));
#14130 = VECTOR('',#14131,1.);
#14131 = DIRECTION('',(0.,-1.));
#14132 = ( GEOMETRIC_REPRESENTATION_CONTEXT(2) 
PARAMETRIC_REPRESENTATION_CONTEXT() REPRESENTATION_CONTEXT('2D SPACE',''
  ) );
#14133 = ORIENTED_EDGE('',*,*,#14134,.F.);
#14134 = EDGE_CURVE('',#14046,#14107,#14135,.T.);
#14135 = SURFACE_CURVE('',#14136,(#14140,#14147),.PCURVE_S1.);
#14136 = LINE('',#14137,#14138);
#14137 = CARTESIAN_POINT('',(10.15,-17.78,7.3));
#14138 = VECTOR('',#14139,1.);
#14139 = DIRECTION('',(1.,0.,0.));
#14140 = PCURVE('',#14054,#14141);
#14141 = DEFINITIONAL_REPRESENTATION('',(#14142),#14146);
#14142 = LINE('',#14143,#14144);
#14143 = CARTESIAN_POINT('',(10.15,2.2));
#14144 = VECTOR('',#14145,1.);
#14145 = DIRECTION('',(-1.,0.));
#14146 = ( GEOMETRIC_REPRESENTATION_CONTEXT(2) 
PARAMETRIC_REPRESENTATION_CONTEXT() REPRESENTATION_CONTEXT('2D SPACE',''
  ) );
#14147 = PCURVE('',#14148,#14153);
#14148 = PLANE('',#14149);
#14149 = AXIS2_PLACEMENT_3D('',#14150,#14151,#14152);
#14150 = CARTESIAN_POINT('',(0.,0.,7.3));
#14151 = DIRECTION('',(0.,0.,1.));
#14152 = DIRECTION('',(1.,0.,-0.));
#14153 = DEFINITIONAL_REPRESENTATION('',(#14154),#14158);
#14154 = LINE('',#14155,#14156);
#14155 = CARTESIAN_POINT('',(10.15,-17.78));
#14156 = VECTOR('',#14157,1.);
#14157 = DIRECTION('',(1.,0.));
#14158 = ( GEOMETRIC_REPRESENTATION_CONTEXT(2) 
PARAMETRIC_REPRESENTATION_CONTEXT() REPRESENTATION_CONTEXT('2D SPACE',''
  ) );
#14159 = ADVANCED_FACE('',(#14160),#14174,.F.);
#14160 = FACE_BOUND('',#14161,.T.);
#14161 = EDGE_LOOP('',(#14162,#14197,#14220,#14248));
#14162 = ORIENTED_EDGE('',*,*,#14163,.F.);
#14163 = EDGE_CURVE('',#14164,#14166,#14168,.T.);
#14164 = VERTEX_POINT('',#14165);
#14165 = CARTESIAN_POINT('',(-7.5,-17.78,7.3));
#14166 = VERTEX_POINT('',#14167);
#14167 = CARTESIAN_POINT('',(-7.5,-17.78,5.1));
#14168 = SURFACE_CURVE('',#14169,(#14173,#14185),.PCURVE_S1.);
#14169 = LINE('',#14170,#14171);
#14170 = CARTESIAN_POINT('',(-7.5,-17.78,5.1));
#14171 = VECTOR('',#14172,1.);
#14172 = DIRECTION('',(0.,0.,-1.));
#14173 = PCURVE('',#14174,#14179);
#14174 = PLANE('',#14175);
#14175 = AXIS2_PLACEMENT_3D('',#14176,#14177,#14178);
#14176 = CARTESIAN_POINT('',(20.3,-17.78,5.1));
#14177 = DIRECTION('',(0.,1.,0.));
#14178 = DIRECTION('',(-1.,0.,0.));
#14179 = DEFINITIONAL_REPRESENTATION('',(#14180),#14184);
#14180 = LINE('',#14181,#14182);
#14181 = CARTESIAN_POINT('',(27.8,0.));
#14182 = VECTOR('',#14183,1.);
#14183 = DIRECTION('',(0.,-1.));
#14184 = ( GEOMETRIC_REPRESENTATION_CONTEXT(2) 
PARAMETRIC_REPRESENTATION_CONTEXT() REPRESENTATION_CONTEXT('2D SPACE',''
  ) );
#14185 = PCURVE('',#14186,#14191);
#14186 = PLANE('',#14187);
#14187 = AXIS2_PLACEMENT_3D('',#14188,#14189,#14190);
#14188 = CARTESIAN_POINT('',(-7.5,-14.4,5.1));
#14189 = DIRECTION('',(-1.,0.,0.));
#14190 = DIRECTION('',(0.,-1.,0.));
#14191 = DEFINITIONAL_REPRESENTATION('',(#14192),#14196);
#14192 = LINE('',#14193,#14194);
#14193 = CARTESIAN_POINT('',(3.38,0.));
#14194 = VECTOR('',#14195,1.);
#14195 = DIRECTION('',(0.,-1.));
#14196 = ( GEOMETRIC_REPRESENTATION_CONTEXT(2) 
PARAMETRIC_REPRESENTATION_CONTEXT() REPRESENTATION_CONTEXT('2D SPACE',''
  ) );
#14197 = ORIENTED_EDGE('',*,*,#14198,.F.);
#14198 = EDGE_CURVE('',#14199,#14164,#14201,.T.);
#14199 = VERTEX_POINT('',#14200);
#14200 = CARTESIAN_POINT('',(-7.507436313416,-17.78,7.3));
#14201 = SURFACE_CURVE('',#14202,(#14206,#14213),.PCURVE_S1.);
#14202 = LINE('',#14203,#14204);
#14203 = CARTESIAN_POINT('',(10.15,-17.78,7.3));
#14204 = VECTOR('',#14205,1.);
#14205 = DIRECTION('',(1.,0.,0.));
#14206 = PCURVE('',#14174,#14207);
#14207 = DEFINITIONAL_REPRESENTATION('',(#14208),#14212);
#14208 = LINE('',#14209,#14210);
#14209 = CARTESIAN_POINT('',(10.15,2.2));
#14210 = VECTOR('',#14211,1.);
#14211 = DIRECTION('',(-1.,0.));
#14212 = ( GEOMETRIC_REPRESENTATION_CONTEXT(2) 
PARAMETRIC_REPRESENTATION_CONTEXT() REPRESENTATION_CONTEXT('2D SPACE',''
  ) );
#14213 = PCURVE('',#14148,#14214);
#14214 = DEFINITIONAL_REPRESENTATION('',(#14215),#14219);
#14215 = LINE('',#14216,#14217);
#14216 = CARTESIAN_POINT('',(10.15,-17.78));
#14217 = VECTOR('',#14218,1.);
#14218 = DIRECTION('',(1.,0.));
#14219 = ( GEOMETRIC_REPRESENTATION_CONTEXT(2) 
PARAMETRIC_REPRESENTATION_CONTEXT() REPRESENTATION_CONTEXT('2D SPACE',''
  ) );
#14220 = ORIENTED_EDGE('',*,*,#14221,.F.);
#14221 = EDGE_CURVE('',#14222,#14199,#14224,.T.);
#14222 = VERTEX_POINT('',#14223);
#14223 = CARTESIAN_POINT('',(-7.507436313416,-17.78,5.1));
#14224 = SURFACE_CURVE('',#14225,(#14229,#14236),.PCURVE_S1.);
#14225 = LINE('',#14226,#14227);
#14226 = CARTESIAN_POINT('',(-7.507436313416,-17.78,5.1));
#14227 = VECTOR('',#14228,1.);
#14228 = DIRECTION('',(0.,0.,1.));
#14229 = PCURVE('',#14174,#14230);
#14230 = DEFINITIONAL_REPRESENTATION('',(#14231),#14235);
#14231 = LINE('',#14232,#14233);
#14232 = CARTESIAN_POINT('',(27.807436313416,0.));
#14233 = VECTOR('',#14234,1.);
#14234 = DIRECTION('',(0.,1.));
#14235 = ( GEOMETRIC_REPRESENTATION_CONTEXT(2) 
PARAMETRIC_REPRESENTATION_CONTEXT() REPRESENTATION_CONTEXT('2D SPACE',''
  ) );
#14236 = PCURVE('',#14237,#14242);
#14237 = CYLINDRICAL_SURFACE('',#14238,19.3);
#14238 = AXIS2_PLACEMENT_3D('',#14239,#14240,#14241);
#14239 = CARTESIAN_POINT('',(0.,0.,5.1));
#14240 = DIRECTION('',(0.,0.,1.));
#14241 = DIRECTION('',(1.,0.,-0.));
#14242 = DEFINITIONAL_REPRESENTATION('',(#14243),#14247);
#14243 = LINE('',#14244,#14245);
#14244 = CARTESIAN_POINT('',(4.312857963459,0.));
#14245 = VECTOR('',#14246,1.);
#14246 = DIRECTION('',(0.,1.));
#14247 = ( GEOMETRIC_REPRESENTATION_CONTEXT(2) 
PARAMETRIC_REPRESENTATION_CONTEXT() REPRESENTATION_CONTEXT('2D SPACE',''
  ) );
#14248 = ORIENTED_EDGE('',*,*,#14249,.F.);
#14249 = EDGE_CURVE('',#14166,#14222,#14250,.T.);
#14250 = SURFACE_CURVE('',#14251,(#14255,#14262),.PCURVE_S1.);
#14251 = LINE('',#14252,#14253);
#14252 = CARTESIAN_POINT('',(10.15,-17.78,5.1));
#14253 = VECTOR('',#14254,1.);
#14254 = DIRECTION('',(-1.,0.,0.));
#14255 = PCURVE('',#14174,#14256);
#14256 = DEFINITIONAL_REPRESENTATION('',(#14257),#14261);
#14257 = LINE('',#14258,#14259);
#14258 = CARTESIAN_POINT('',(10.15,0.));
#14259 = VECTOR('',#14260,1.);
#14260 = DIRECTION('',(1.,0.));
#14261 = ( GEOMETRIC_REPRESENTATION_CONTEXT(2) 
PARAMETRIC_REPRESENTATION_CONTEXT() REPRESENTATION_CONTEXT('2D SPACE',''
  ) );
#14262 = PCURVE('',#14094,#14263);
#14263 = DEFINITIONAL_REPRESENTATION('',(#14264),#14268);
#14264 = LINE('',#14265,#14266);
#14265 = CARTESIAN_POINT('',(10.15,-17.78));
#14266 = VECTOR('',#14267,1.);
#14267 = DIRECTION('',(-1.,0.));
#14268 = ( GEOMETRIC_REPRESENTATION_CONTEXT(2) 
PARAMETRIC_REPRESENTATION_CONTEXT() REPRESENTATION_CONTEXT('2D SPACE',''
  ) );
#14269 = ADVANCED_FACE('',(#14270),#14186,.F.);
#14270 = FACE_BOUND('',#14271,.T.);
#14271 = EDGE_LOOP('',(#14272,#14273,#14296,#14324));
#14272 = ORIENTED_EDGE('',*,*,#14163,.T.);
#14273 = ORIENTED_EDGE('',*,*,#14274,.F.);
#14274 = EDGE_CURVE('',#14275,#14166,#14277,.T.);
#14275 = VERTEX_POINT('',#14276);
#14276 = CARTESIAN_POINT('',(-7.5,-14.58458089901,5.1));
#14277 = SURFACE_CURVE('',#14278,(#14282,#14289),.PCURVE_S1.);
#14278 = LINE('',#14279,#14280);
#14279 = CARTESIAN_POINT('',(-7.5,-7.2,5.1));
#14280 = VECTOR('',#14281,1.);
#14281 = DIRECTION('',(0.,-1.,0.));
#14282 = PCURVE('',#14186,#14283);
#14283 = DEFINITIONAL_REPRESENTATION('',(#14284),#14288);
#14284 = LINE('',#14285,#14286);
#14285 = CARTESIAN_POINT('',(-7.2,0.));
#14286 = VECTOR('',#14287,1.);
#14287 = DIRECTION('',(1.,0.));
#14288 = ( GEOMETRIC_REPRESENTATION_CONTEXT(2) 
PARAMETRIC_REPRESENTATION_CONTEXT() REPRESENTATION_CONTEXT('2D SPACE',''
  ) );
#14289 = PCURVE('',#14094,#14290);
#14290 = DEFINITIONAL_REPRESENTATION('',(#14291),#14295);
#14291 = LINE('',#14292,#14293);
#14292 = CARTESIAN_POINT('',(-7.5,-7.2));
#14293 = VECTOR('',#14294,1.);
#14294 = DIRECTION('',(0.,-1.));
#14295 = ( GEOMETRIC_REPRESENTATION_CONTEXT(2) 
PARAMETRIC_REPRESENTATION_CONTEXT() REPRESENTATION_CONTEXT('2D SPACE',''
  ) );
#14296 = ORIENTED_EDGE('',*,*,#14297,.F.);
#14297 = EDGE_CURVE('',#14298,#14275,#14300,.T.);
#14298 = VERTEX_POINT('',#14299);
#14299 = CARTESIAN_POINT('',(-7.5,-14.58458089901,7.3));
#14300 = SURFACE_CURVE('',#14301,(#14305,#14312),.PCURVE_S1.);
#14301 = LINE('',#14302,#14303);
#14302 = CARTESIAN_POINT('',(-7.5,-14.58458089901,5.1));
#14303 = VECTOR('',#14304,1.);
#14304 = DIRECTION('',(0.,0.,-1.));
#14305 = PCURVE('',#14186,#14306);
#14306 = DEFINITIONAL_REPRESENTATION('',(#14307),#14311);
#14307 = LINE('',#14308,#14309);
#14308 = CARTESIAN_POINT('',(0.184580899018,0.));
#14309 = VECTOR('',#14310,1.);
#14310 = DIRECTION('',(0.,-1.));
#14311 = ( GEOMETRIC_REPRESENTATION_CONTEXT(2) 
PARAMETRIC_REPRESENTATION_CONTEXT() REPRESENTATION_CONTEXT('2D SPACE',''
  ) );
#14312 = PCURVE('',#14313,#14318);
#14313 = CYLINDRICAL_SURFACE('',#14314,16.4);
#14314 = AXIS2_PLACEMENT_3D('',#14315,#14316,#14317);
#14315 = CARTESIAN_POINT('',(0.,0.,5.1));
#14316 = DIRECTION('',(0.,0.,1.));
#14317 = DIRECTION('',(6.123233995737E-17,1.,-0.));
#14318 = DEFINITIONAL_REPRESENTATION('',(#14319),#14323);
#14319 = LINE('',#14320,#14321);
#14320 = CARTESIAN_POINT('',(8.949801995461,0.));
#14321 = VECTOR('',#14322,1.);
#14322 = DIRECTION('',(0.,-1.));
#14323 = ( GEOMETRIC_REPRESENTATION_CONTEXT(2) 
PARAMETRIC_REPRESENTATION_CONTEXT() REPRESENTATION_CONTEXT('2D SPACE',''
  ) );
#14324 = ORIENTED_EDGE('',*,*,#14325,.F.);
#14325 = EDGE_CURVE('',#14164,#14298,#14326,.T.);
#14326 = SURFACE_CURVE('',#14327,(#14331,#14338),.PCURVE_S1.);
#14327 = LINE('',#14328,#14329);
#14328 = CARTESIAN_POINT('',(-7.5,-7.2,7.3));
#14329 = VECTOR('',#14330,1.);
#14330 = DIRECTION('',(0.,1.,0.));
#14331 = PCURVE('',#14186,#14332);
#14332 = DEFINITIONAL_REPRESENTATION('',(#14333),#14337);
#14333 = LINE('',#14334,#14335);
#14334 = CARTESIAN_POINT('',(-7.2,2.2));
#14335 = VECTOR('',#14336,1.);
#14336 = DIRECTION('',(-1.,0.));
#14337 = ( GEOMETRIC_REPRESENTATION_CONTEXT(2) 
PARAMETRIC_REPRESENTATION_CONTEXT() REPRESENTATION_CONTEXT('2D SPACE',''
  ) );
#14338 = PCURVE('',#14148,#14339);
#14339 = DEFINITIONAL_REPRESENTATION('',(#14340),#14344);
#14340 = LINE('',#14341,#14342);
#14341 = CARTESIAN_POINT('',(-7.5,-7.2));
#14342 = VECTOR('',#14343,1.);
#14343 = DIRECTION('',(0.,1.));
#14344 = ( GEOMETRIC_REPRESENTATION_CONTEXT(2) 
PARAMETRIC_REPRESENTATION_CONTEXT() REPRESENTATION_CONTEXT('2D SPACE',''
  ) );
#14345 = ADVANCED_FACE('',(#14346),#14094,.F.);
#14346 = FACE_BOUND('',#14347,.T.);
#14347 = EDGE_LOOP('',(#14348,#14349,#14373,#14401,#14429,#14457,#14486,
    #14514,#14542,#14570,#14599,#14627,#14655,#14683,#14705,#14706,
    #14729,#14751));
#14348 = ORIENTED_EDGE('',*,*,#14249,.T.);
#14349 = ORIENTED_EDGE('',*,*,#14350,.F.);
#14350 = EDGE_CURVE('',#14351,#14222,#14353,.T.);
#14351 = VERTEX_POINT('',#14352);
#14352 = CARTESIAN_POINT('',(-15.62430449673,-11.33009748384,5.1));
#14353 = SURFACE_CURVE('',#14354,(#14359,#14366),.PCURVE_S1.);
#14354 = CIRCLE('',#14355,19.3);
#14355 = AXIS2_PLACEMENT_3D('',#14356,#14357,#14358);
#14356 = CARTESIAN_POINT('',(0.,0.,5.1));
#14357 = DIRECTION('',(0.,0.,1.));
#14358 = DIRECTION('',(1.,0.,-0.));
#14359 = PCURVE('',#14094,#14360);
#14360 = DEFINITIONAL_REPRESENTATION('',(#14361),#14365);
#14361 = CIRCLE('',#14362,19.3);
#14362 = AXIS2_PLACEMENT_2D('',#14363,#14364);
#14363 = CARTESIAN_POINT('',(0.,0.));
#14364 = DIRECTION('',(1.,0.));
#14365 = ( GEOMETRIC_REPRESENTATION_CONTEXT(2) 
PARAMETRIC_REPRESENTATION_CONTEXT() REPRESENTATION_CONTEXT('2D SPACE',''
  ) );
#14366 = PCURVE('',#14237,#14367);
#14367 = DEFINITIONAL_REPRESENTATION('',(#14368),#14372);
#14368 = LINE('',#14369,#14370);
#14369 = CARTESIAN_POINT('',(0.,0.));
#14370 = VECTOR('',#14371,1.);
#14371 = DIRECTION('',(1.,0.));
#14372 = ( GEOMETRIC_REPRESENTATION_CONTEXT(2) 
PARAMETRIC_REPRESENTATION_CONTEXT() REPRESENTATION_CONTEXT('2D SPACE',''
  ) );
#14373 = ORIENTED_EDGE('',*,*,#14374,.F.);
#14374 = EDGE_CURVE('',#14375,#14351,#14377,.T.);
#14375 = VERTEX_POINT('',#14376);
#14376 = CARTESIAN_POINT('',(-15.97409791417,-11.53205080756,5.1));
#14377 = SURFACE_CURVE('',#14378,(#14382,#14389),.PCURVE_S1.);
#14378 = LINE('',#14379,#14380);
#14379 = CARTESIAN_POINT('',(-15.97409791417,-11.53205080756,5.1));
#14380 = VECTOR('',#14381,1.);
#14381 = DIRECTION('',(0.866025403784,0.5,0.));
#14382 = PCURVE('',#14094,#14383);
#14383 = DEFINITIONAL_REPRESENTATION('',(#14384),#14388);
#14384 = LINE('',#14385,#14386);
#14385 = CARTESIAN_POINT('',(-15.97409791417,-11.53205080756));
#14386 = VECTOR('',#14387,1.);
#14387 = DIRECTION('',(0.866025403784,0.5));
#14388 = ( GEOMETRIC_REPRESENTATION_CONTEXT(2) 
PARAMETRIC_REPRESENTATION_CONTEXT() REPRESENTATION_CONTEXT('2D SPACE',''
  ) );
#14389 = PCURVE('',#14390,#14395);
#14390 = PLANE('',#14391);
#14391 = AXIS2_PLACEMENT_3D('',#14392,#14393,#14394);
#14392 = CARTESIAN_POINT('',(-15.97409791417,-11.53205080756,5.1));
#14393 = DIRECTION('',(0.5,-0.866025403784,0.));
#14394 = DIRECTION('',(0.866025403784,0.5,0.));
#14395 = DEFINITIONAL_REPRESENTATION('',(#14396),#14400);
#14396 = LINE('',#14397,#14398);
#14397 = CARTESIAN_POINT('',(0.,0.));
#14398 = VECTOR('',#14399,1.);
#14399 = DIRECTION('',(1.,0.));
#14400 = ( GEOMETRIC_REPRESENTATION_CONTEXT(2) 
PARAMETRIC_REPRESENTATION_CONTEXT() REPRESENTATION_CONTEXT('2D SPACE',''
  ) );
#14401 = ORIENTED_EDGE('',*,*,#14402,.F.);
#14402 = EDGE_CURVE('',#14403,#14375,#14405,.T.);
#14403 = VERTEX_POINT('',#14404);
#14404 = CARTESIAN_POINT('',(-17.97409791417,-8.067949192431,5.1));
#14405 = SURFACE_CURVE('',#14406,(#14410,#14417),.PCURVE_S1.);
#14406 = LINE('',#14407,#14408);
#14407 = CARTESIAN_POINT('',(-17.97409791417,-8.067949192431,5.1));
#14408 = VECTOR('',#14409,1.);
#14409 = DIRECTION('',(0.5,-0.866025403784,0.));
#14410 = PCURVE('',#14094,#14411);
#14411 = DEFINITIONAL_REPRESENTATION('',(#14412),#14416);
#14412 = LINE('',#14413,#14414);
#14413 = CARTESIAN_POINT('',(-17.97409791417,-8.067949192431));
#14414 = VECTOR('',#14415,1.);
#14415 = DIRECTION('',(0.5,-0.866025403784));
#14416 = ( GEOMETRIC_REPRESENTATION_CONTEXT(2) 
PARAMETRIC_REPRESENTATION_CONTEXT() REPRESENTATION_CONTEXT('2D SPACE',''
  ) );
#14417 = PCURVE('',#14418,#14423);
#14418 = PLANE('',#14419);
#14419 = AXIS2_PLACEMENT_3D('',#14420,#14421,#14422);
#14420 = CARTESIAN_POINT('',(-17.97409791417,-8.067949192431,5.1));
#14421 = DIRECTION('',(-0.866025403784,-0.5,0.));
#14422 = DIRECTION('',(0.5,-0.866025403784,0.));
#14423 = DEFINITIONAL_REPRESENTATION('',(#14424),#14428);
#14424 = LINE('',#14425,#14426);
#14425 = CARTESIAN_POINT('',(0.,0.));
#14426 = VECTOR('',#14427,1.);
#14427 = DIRECTION('',(1.,0.));
#14428 = ( GEOMETRIC_REPRESENTATION_CONTEXT(2) 
PARAMETRIC_REPRESENTATION_CONTEXT() REPRESENTATION_CONTEXT('2D SPACE',''
  ) );
#14429 = ORIENTED_EDGE('',*,*,#14430,.F.);
#14430 = EDGE_CURVE('',#14431,#14403,#14433,.T.);
#14431 = VERTEX_POINT('',#14432);
#14432 = CARTESIAN_POINT('',(-17.62430449673,-7.865995868709,5.1));
#14433 = SURFACE_CURVE('',#14434,(#14438,#14445),.PCURVE_S1.);
#14434 = LINE('',#14435,#14436);
#14435 = CARTESIAN_POINT('',(-17.36788013152,-7.717949192431,5.1));
#14436 = VECTOR('',#14437,1.);
#14437 = DIRECTION('',(-0.866025403784,-0.5,0.));
#14438 = PCURVE('',#14094,#14439);
#14439 = DEFINITIONAL_REPRESENTATION('',(#14440),#14444);
#14440 = LINE('',#14441,#14442);
#14441 = CARTESIAN_POINT('',(-17.36788013152,-7.717949192431));
#14442 = VECTOR('',#14443,1.);
#14443 = DIRECTION('',(-0.866025403784,-0.5));
#14444 = ( GEOMETRIC_REPRESENTATION_CONTEXT(2) 
PARAMETRIC_REPRESENTATION_CONTEXT() REPRESENTATION_CONTEXT('2D SPACE',''
  ) );
#14445 = PCURVE('',#14446,#14451);
#14446 = PLANE('',#14447);
#14447 = AXIS2_PLACEMENT_3D('',#14448,#14449,#14450);
#14448 = CARTESIAN_POINT('',(-17.36788013152,-7.717949192431,5.1));
#14449 = DIRECTION('',(-0.5,0.866025403784,0.));
#14450 = DIRECTION('',(-0.866025403784,-0.5,0.));
#14451 = DEFINITIONAL_REPRESENTATION('',(#14452),#14456);
#14452 = LINE('',#14453,#14454);
#14453 = CARTESIAN_POINT('',(0.,0.));
#14454 = VECTOR('',#14455,1.);
#14455 = DIRECTION('',(1.,0.));
#14456 = ( GEOMETRIC_REPRESENTATION_CONTEXT(2) 
PARAMETRIC_REPRESENTATION_CONTEXT() REPRESENTATION_CONTEXT('2D SPACE',''
  ) );
#14457 = ORIENTED_EDGE('',*,*,#14458,.F.);
#14458 = EDGE_CURVE('',#14459,#14431,#14461,.T.);
#14459 = VERTEX_POINT('',#14460);
#14460 = CARTESIAN_POINT('',(-2.,19.196093352555,5.1));
#14461 = SURFACE_CURVE('',#14462,(#14467,#14474),.PCURVE_S1.);
#14462 = CIRCLE('',#14463,19.3);
#14463 = AXIS2_PLACEMENT_3D('',#14464,#14465,#14466);
#14464 = CARTESIAN_POINT('',(0.,0.,5.1));
#14465 = DIRECTION('',(0.,0.,1.));
#14466 = DIRECTION('',(1.,0.,-0.));
#14467 = PCURVE('',#14094,#14468);
#14468 = DEFINITIONAL_REPRESENTATION('',(#14469),#14473);
#14469 = CIRCLE('',#14470,19.3);
#14470 = AXIS2_PLACEMENT_2D('',#14471,#14472);
#14471 = CARTESIAN_POINT('',(0.,0.));
#14472 = DIRECTION('',(1.,0.));
#14473 = ( GEOMETRIC_REPRESENTATION_CONTEXT(2) 
PARAMETRIC_REPRESENTATION_CONTEXT() REPRESENTATION_CONTEXT('2D SPACE',''
  ) );
#14474 = PCURVE('',#14475,#14480);
#14475 = CYLINDRICAL_SURFACE('',#14476,19.3);
#14476 = AXIS2_PLACEMENT_3D('',#14477,#14478,#14479);
#14477 = CARTESIAN_POINT('',(0.,0.,5.1));
#14478 = DIRECTION('',(0.,0.,1.));
#14479 = DIRECTION('',(-0.866025403784,0.5,0.));
#14480 = DEFINITIONAL_REPRESENTATION('',(#14481),#14485);
#14481 = LINE('',#14482,#14483);
#14482 = CARTESIAN_POINT('',(-2.617993877991,0.));
#14483 = VECTOR('',#14484,1.);
#14484 = DIRECTION('',(1.,0.));
#14485 = ( GEOMETRIC_REPRESENTATION_CONTEXT(2) 
PARAMETRIC_REPRESENTATION_CONTEXT() REPRESENTATION_CONTEXT('2D SPACE',''
  ) );
#14486 = ORIENTED_EDGE('',*,*,#14487,.F.);
#14487 = EDGE_CURVE('',#14488,#14459,#14490,.T.);
#14488 = VERTEX_POINT('',#14489);
#14489 = CARTESIAN_POINT('',(-2.,19.6,5.1));
#14490 = SURFACE_CURVE('',#14491,(#14495,#14502),.PCURVE_S1.);
#14491 = LINE('',#14492,#14493);
#14492 = CARTESIAN_POINT('',(-2.,19.6,5.1));
#14493 = VECTOR('',#14494,1.);
#14494 = DIRECTION('',(0.,-1.,0.));
#14495 = PCURVE('',#14094,#14496);
#14496 = DEFINITIONAL_REPRESENTATION('',(#14497),#14501);
#14497 = LINE('',#14498,#14499);
#14498 = CARTESIAN_POINT('',(-2.,19.6));
#14499 = VECTOR('',#14500,1.);
#14500 = DIRECTION('',(0.,-1.));
#14501 = ( GEOMETRIC_REPRESENTATION_CONTEXT(2) 
PARAMETRIC_REPRESENTATION_CONTEXT() REPRESENTATION_CONTEXT('2D SPACE',''
  ) );
#14502 = PCURVE('',#14503,#14508);
#14503 = PLANE('',#14504);
#14504 = AXIS2_PLACEMENT_3D('',#14505,#14506,#14507);
#14505 = CARTESIAN_POINT('',(-2.,19.6,5.1));
#14506 = DIRECTION('',(-1.,0.,0.));
#14507 = DIRECTION('',(0.,-1.,0.));
#14508 = DEFINITIONAL_REPRESENTATION('',(#14509),#14513);
#14509 = LINE('',#14510,#14511);
#14510 = CARTESIAN_POINT('',(0.,0.));
#14511 = VECTOR('',#14512,1.);
#14512 = DIRECTION('',(1.,0.));
#14513 = ( GEOMETRIC_REPRESENTATION_CONTEXT(2) 
PARAMETRIC_REPRESENTATION_CONTEXT() REPRESENTATION_CONTEXT('2D SPACE',''
  ) );
#14514 = ORIENTED_EDGE('',*,*,#14515,.F.);
#14515 = EDGE_CURVE('',#14516,#14488,#14518,.T.);
#14516 = VERTEX_POINT('',#14517);
#14517 = CARTESIAN_POINT('',(2.,19.6,5.1));
#14518 = SURFACE_CURVE('',#14519,(#14523,#14530),.PCURVE_S1.);
#14519 = LINE('',#14520,#14521);
#14520 = CARTESIAN_POINT('',(2.,19.6,5.1));
#14521 = VECTOR('',#14522,1.);
#14522 = DIRECTION('',(-1.,0.,0.));
#14523 = PCURVE('',#14094,#14524);
#14524 = DEFINITIONAL_REPRESENTATION('',(#14525),#14529);
#14525 = LINE('',#14526,#14527);
#14526 = CARTESIAN_POINT('',(2.,19.6));
#14527 = VECTOR('',#14528,1.);
#14528 = DIRECTION('',(-1.,0.));
#14529 = ( GEOMETRIC_REPRESENTATION_CONTEXT(2) 
PARAMETRIC_REPRESENTATION_CONTEXT() REPRESENTATION_CONTEXT('2D SPACE',''
  ) );
#14530 = PCURVE('',#14531,#14536);
#14531 = PLANE('',#14532);
#14532 = AXIS2_PLACEMENT_3D('',#14533,#14534,#14535);
#14533 = CARTESIAN_POINT('',(2.,19.6,5.1));
#14534 = DIRECTION('',(0.,1.,0.));
#14535 = DIRECTION('',(-1.,0.,0.));
#14536 = DEFINITIONAL_REPRESENTATION('',(#14537),#14541);
#14537 = LINE('',#14538,#14539);
#14538 = CARTESIAN_POINT('',(0.,0.));
#14539 = VECTOR('',#14540,1.);
#14540 = DIRECTION('',(1.,0.));
#14541 = ( GEOMETRIC_REPRESENTATION_CONTEXT(2) 
PARAMETRIC_REPRESENTATION_CONTEXT() REPRESENTATION_CONTEXT('2D SPACE',''
  ) );
#14542 = ORIENTED_EDGE('',*,*,#14543,.F.);
#14543 = EDGE_CURVE('',#14544,#14516,#14546,.T.);
#14544 = VERTEX_POINT('',#14545);
#14545 = CARTESIAN_POINT('',(2.,19.196093352555,5.1));
#14546 = SURFACE_CURVE('',#14547,(#14551,#14558),.PCURVE_S1.);
#14547 = LINE('',#14548,#14549);
#14548 = CARTESIAN_POINT('',(2.,18.9,5.1));
#14549 = VECTOR('',#14550,1.);
#14550 = DIRECTION('',(0.,1.,0.));
#14551 = PCURVE('',#14094,#14552);
#14552 = DEFINITIONAL_REPRESENTATION('',(#14553),#14557);
#14553 = LINE('',#14554,#14555);
#14554 = CARTESIAN_POINT('',(2.,18.9));
#14555 = VECTOR('',#14556,1.);
#14556 = DIRECTION('',(0.,1.));
#14557 = ( GEOMETRIC_REPRESENTATION_CONTEXT(2) 
PARAMETRIC_REPRESENTATION_CONTEXT() REPRESENTATION_CONTEXT('2D SPACE',''
  ) );
#14558 = PCURVE('',#14559,#14564);
#14559 = PLANE('',#14560);
#14560 = AXIS2_PLACEMENT_3D('',#14561,#14562,#14563);
#14561 = CARTESIAN_POINT('',(2.,18.9,5.1));
#14562 = DIRECTION('',(1.,0.,0.));
#14563 = DIRECTION('',(-0.,1.,0.));
#14564 = DEFINITIONAL_REPRESENTATION('',(#14565),#14569);
#14565 = LINE('',#14566,#14567);
#14566 = CARTESIAN_POINT('',(0.,0.));
#14567 = VECTOR('',#14568,1.);
#14568 = DIRECTION('',(1.,0.));
#14569 = ( GEOMETRIC_REPRESENTATION_CONTEXT(2) 
PARAMETRIC_REPRESENTATION_CONTEXT() REPRESENTATION_CONTEXT('2D SPACE',''
  ) );
#14570 = ORIENTED_EDGE('',*,*,#14571,.F.);
#14571 = EDGE_CURVE('',#14572,#14544,#14574,.T.);
#14572 = VERTEX_POINT('',#14573);
#14573 = CARTESIAN_POINT('',(17.62430449673,-7.865995868709,5.1));
#14574 = SURFACE_CURVE('',#14575,(#14580,#14587),.PCURVE_S1.);
#14575 = CIRCLE('',#14576,19.3);
#14576 = AXIS2_PLACEMENT_3D('',#14577,#14578,#14579);
#14577 = CARTESIAN_POINT('',(0.,0.,5.1));
#14578 = DIRECTION('',(0.,0.,1.));
#14579 = DIRECTION('',(1.,0.,-0.));
#14580 = PCURVE('',#14094,#14581);
#14581 = DEFINITIONAL_REPRESENTATION('',(#14582),#14586);
#14582 = CIRCLE('',#14583,19.3);
#14583 = AXIS2_PLACEMENT_2D('',#14584,#14585);
#14584 = CARTESIAN_POINT('',(0.,0.));
#14585 = DIRECTION('',(1.,0.));
#14586 = ( GEOMETRIC_REPRESENTATION_CONTEXT(2) 
PARAMETRIC_REPRESENTATION_CONTEXT() REPRESENTATION_CONTEXT('2D SPACE',''
  ) );
#14587 = PCURVE('',#14588,#14593);
#14588 = CYLINDRICAL_SURFACE('',#14589,19.3);
#14589 = AXIS2_PLACEMENT_3D('',#14590,#14591,#14592);
#14590 = CARTESIAN_POINT('',(0.,0.,5.1));
#14591 = DIRECTION('',(0.,0.,1.));
#14592 = DIRECTION('',(1.,0.,-0.));
#14593 = DEFINITIONAL_REPRESENTATION('',(#14594),#14598);
#14594 = LINE('',#14595,#14596);
#14595 = CARTESIAN_POINT('',(-6.28318530718,0.));
#14596 = VECTOR('',#14597,1.);
#14597 = DIRECTION('',(1.,0.));
#14598 = ( GEOMETRIC_REPRESENTATION_CONTEXT(2) 
PARAMETRIC_REPRESENTATION_CONTEXT() REPRESENTATION_CONTEXT('2D SPACE',''
  ) );
#14599 = ORIENTED_EDGE('',*,*,#14600,.F.);
#14600 = EDGE_CURVE('',#14601,#14572,#14603,.T.);
#14601 = VERTEX_POINT('',#14602);
#14602 = CARTESIAN_POINT('',(17.974097914175,-8.067949192431,5.1));
#14603 = SURFACE_CURVE('',#14604,(#14608,#14615),.PCURVE_S1.);
#14604 = LINE('',#14605,#14606);
#14605 = CARTESIAN_POINT('',(17.974097914175,-8.067949192431,5.1));
#14606 = VECTOR('',#14607,1.);
#14607 = DIRECTION('',(-0.866025403784,0.5,0.));
#14608 = PCURVE('',#14094,#14609);
#14609 = DEFINITIONAL_REPRESENTATION('',(#14610),#14614);
#14610 = LINE('',#14611,#14612);
#14611 = CARTESIAN_POINT('',(17.974097914175,-8.067949192431));
#14612 = VECTOR('',#14613,1.);
#14613 = DIRECTION('',(-0.866025403784,0.5));
#14614 = ( GEOMETRIC_REPRESENTATION_CONTEXT(2) 
PARAMETRIC_REPRESENTATION_CONTEXT() REPRESENTATION_CONTEXT('2D SPACE',''
  ) );
#14615 = PCURVE('',#14616,#14621);
#14616 = PLANE('',#14617);
#14617 = AXIS2_PLACEMENT_3D('',#14618,#14619,#14620);
#14618 = CARTESIAN_POINT('',(17.974097914175,-8.067949192431,5.1));
#14619 = DIRECTION('',(0.5,0.866025403784,0.));
#14620 = DIRECTION('',(-0.866025403784,0.5,0.));
#14621 = DEFINITIONAL_REPRESENTATION('',(#14622),#14626);
#14622 = LINE('',#14623,#14624);
#14623 = CARTESIAN_POINT('',(0.,0.));
#14624 = VECTOR('',#14625,1.);
#14625 = DIRECTION('',(1.,0.));
#14626 = ( GEOMETRIC_REPRESENTATION_CONTEXT(2) 
PARAMETRIC_REPRESENTATION_CONTEXT() REPRESENTATION_CONTEXT('2D SPACE',''
  ) );
#14627 = ORIENTED_EDGE('',*,*,#14628,.F.);
#14628 = EDGE_CURVE('',#14629,#14601,#14631,.T.);
#14629 = VERTEX_POINT('',#14630);
#14630 = CARTESIAN_POINT('',(15.974097914175,-11.53205080756,5.1));
#14631 = SURFACE_CURVE('',#14632,(#14636,#14643),.PCURVE_S1.);
#14632 = LINE('',#14633,#14634);
#14633 = CARTESIAN_POINT('',(15.974097914175,-11.53205080756,5.1));
#14634 = VECTOR('',#14635,1.);
#14635 = DIRECTION('',(0.5,0.866025403784,0.));
#14636 = PCURVE('',#14094,#14637);
#14637 = DEFINITIONAL_REPRESENTATION('',(#14638),#14642);
#14638 = LINE('',#14639,#14640);
#14639 = CARTESIAN_POINT('',(15.974097914175,-11.53205080756));
#14640 = VECTOR('',#14641,1.);
#14641 = DIRECTION('',(0.5,0.866025403784));
#14642 = ( GEOMETRIC_REPRESENTATION_CONTEXT(2) 
PARAMETRIC_REPRESENTATION_CONTEXT() REPRESENTATION_CONTEXT('2D SPACE',''
  ) );
#14643 = PCURVE('',#14644,#14649);
#14644 = PLANE('',#14645);
#14645 = AXIS2_PLACEMENT_3D('',#14646,#14647,#14648);
#14646 = CARTESIAN_POINT('',(15.974097914175,-11.53205080756,5.1));
#14647 = DIRECTION('',(0.866025403784,-0.5,0.));
#14648 = DIRECTION('',(0.5,0.866025403784,0.));
#14649 = DEFINITIONAL_REPRESENTATION('',(#14650),#14654);
#14650 = LINE('',#14651,#14652);
#14651 = CARTESIAN_POINT('',(0.,0.));
#14652 = VECTOR('',#14653,1.);
#14653 = DIRECTION('',(1.,0.));
#14654 = ( GEOMETRIC_REPRESENTATION_CONTEXT(2) 
PARAMETRIC_REPRESENTATION_CONTEXT() REPRESENTATION_CONTEXT('2D SPACE',''
  ) );
#14655 = ORIENTED_EDGE('',*,*,#14656,.F.);
#14656 = EDGE_CURVE('',#14657,#14629,#14659,.T.);
#14657 = VERTEX_POINT('',#14658);
#14658 = CARTESIAN_POINT('',(15.62430449673,-11.33009748384,5.1));
#14659 = SURFACE_CURVE('',#14660,(#14664,#14671),.PCURVE_S1.);
#14660 = LINE('',#14661,#14662);
#14661 = CARTESIAN_POINT('',(15.367880131526,-11.18205080756,5.1));
#14662 = VECTOR('',#14663,1.);
#14663 = DIRECTION('',(0.866025403784,-0.5,0.));
#14664 = PCURVE('',#14094,#14665);
#14665 = DEFINITIONAL_REPRESENTATION('',(#14666),#14670);
#14666 = LINE('',#14667,#14668);
#14667 = CARTESIAN_POINT('',(15.367880131526,-11.18205080756));
#14668 = VECTOR('',#14669,1.);
#14669 = DIRECTION('',(0.866025403784,-0.5));
#14670 = ( GEOMETRIC_REPRESENTATION_CONTEXT(2) 
PARAMETRIC_REPRESENTATION_CONTEXT() REPRESENTATION_CONTEXT('2D SPACE',''
  ) );
#14671 = PCURVE('',#14672,#14677);
#14672 = PLANE('',#14673);
#14673 = AXIS2_PLACEMENT_3D('',#14674,#14675,#14676);
#14674 = CARTESIAN_POINT('',(15.367880131526,-11.18205080756,5.1));
#14675 = DIRECTION('',(-0.5,-0.866025403784,0.));
#14676 = DIRECTION('',(0.866025403784,-0.5,0.));
#14677 = DEFINITIONAL_REPRESENTATION('',(#14678),#14682);
#14678 = LINE('',#14679,#14680);
#14679 = CARTESIAN_POINT('',(0.,0.));
#14680 = VECTOR('',#14681,1.);
#14681 = DIRECTION('',(1.,0.));
#14682 = ( GEOMETRIC_REPRESENTATION_CONTEXT(2) 
PARAMETRIC_REPRESENTATION_CONTEXT() REPRESENTATION_CONTEXT('2D SPACE',''
  ) );
#14683 = ORIENTED_EDGE('',*,*,#14684,.F.);
#14684 = EDGE_CURVE('',#14079,#14657,#14685,.T.);
#14685 = SURFACE_CURVE('',#14686,(#14691,#14698),.PCURVE_S1.);
#14686 = CIRCLE('',#14687,19.3);
#14687 = AXIS2_PLACEMENT_3D('',#14688,#14689,#14690);
#14688 = CARTESIAN_POINT('',(0.,0.,5.1));
#14689 = DIRECTION('',(0.,0.,1.));
#14690 = DIRECTION('',(1.,0.,-0.));
#14691 = PCURVE('',#14094,#14692);
#14692 = DEFINITIONAL_REPRESENTATION('',(#14693),#14697);
#14693 = CIRCLE('',#14694,19.3);
#14694 = AXIS2_PLACEMENT_2D('',#14695,#14696);
#14695 = CARTESIAN_POINT('',(0.,0.));
#14696 = DIRECTION('',(1.,0.));
#14697 = ( GEOMETRIC_REPRESENTATION_CONTEXT(2) 
PARAMETRIC_REPRESENTATION_CONTEXT() REPRESENTATION_CONTEXT('2D SPACE',''
  ) );
#14698 = PCURVE('',#14122,#14699);
#14699 = DEFINITIONAL_REPRESENTATION('',(#14700),#14704);
#14700 = LINE('',#14701,#14702);
#14701 = CARTESIAN_POINT('',(0.,0.));
#14702 = VECTOR('',#14703,1.);
#14703 = DIRECTION('',(1.,0.));
#14704 = ( GEOMETRIC_REPRESENTATION_CONTEXT(2) 
PARAMETRIC_REPRESENTATION_CONTEXT() REPRESENTATION_CONTEXT('2D SPACE',''
  ) );
#14705 = ORIENTED_EDGE('',*,*,#14078,.T.);
#14706 = ORIENTED_EDGE('',*,*,#14707,.T.);
#14707 = EDGE_CURVE('',#14044,#14708,#14710,.T.);
#14708 = VERTEX_POINT('',#14709);
#14709 = CARTESIAN_POINT('',(7.5,-14.58458089901,5.1));
#14710 = SURFACE_CURVE('',#14711,(#14715,#14722),.PCURVE_S1.);
#14711 = LINE('',#14712,#14713);
#14712 = CARTESIAN_POINT('',(7.5,-10.15,5.1));
#14713 = VECTOR('',#14714,1.);
#14714 = DIRECTION('',(0.,1.,0.));
#14715 = PCURVE('',#14094,#14716);
#14716 = DEFINITIONAL_REPRESENTATION('',(#14717),#14721);
#14717 = LINE('',#14718,#14719);
#14718 = CARTESIAN_POINT('',(7.5,-10.15));
#14719 = VECTOR('',#14720,1.);
#14720 = DIRECTION('',(0.,1.));
#14721 = ( GEOMETRIC_REPRESENTATION_CONTEXT(2) 
PARAMETRIC_REPRESENTATION_CONTEXT() REPRESENTATION_CONTEXT('2D SPACE',''
  ) );
#14722 = PCURVE('',#14066,#14723);
#14723 = DEFINITIONAL_REPRESENTATION('',(#14724),#14728);
#14724 = LINE('',#14725,#14726);
#14725 = CARTESIAN_POINT('',(10.15,0.));
#14726 = VECTOR('',#14727,1.);
#14727 = DIRECTION('',(1.,0.));
#14728 = ( GEOMETRIC_REPRESENTATION_CONTEXT(2) 
PARAMETRIC_REPRESENTATION_CONTEXT() REPRESENTATION_CONTEXT('2D SPACE',''
  ) );
#14729 = ORIENTED_EDGE('',*,*,#14730,.T.);
#14730 = EDGE_CURVE('',#14708,#14275,#14731,.T.);
#14731 = SURFACE_CURVE('',#14732,(#14737,#14744),.PCURVE_S1.);
#14732 = CIRCLE('',#14733,16.4);
#14733 = AXIS2_PLACEMENT_3D('',#14734,#14735,#14736);
#14734 = CARTESIAN_POINT('',(0.,0.,5.1));
#14735 = DIRECTION('',(0.,0.,1.));
#14736 = DIRECTION('',(1.,0.,-0.));
#14737 = PCURVE('',#14094,#14738);
#14738 = DEFINITIONAL_REPRESENTATION('',(#14739),#14743);
#14739 = CIRCLE('',#14740,16.4);
#14740 = AXIS2_PLACEMENT_2D('',#14741,#14742);
#14741 = CARTESIAN_POINT('',(0.,0.));
#14742 = DIRECTION('',(1.,0.));
#14743 = ( GEOMETRIC_REPRESENTATION_CONTEXT(2) 
PARAMETRIC_REPRESENTATION_CONTEXT() REPRESENTATION_CONTEXT('2D SPACE',''
  ) );
#14744 = PCURVE('',#14313,#14745);
#14745 = DEFINITIONAL_REPRESENTATION('',(#14746),#14750);
#14746 = LINE('',#14747,#14748);
#14747 = CARTESIAN_POINT('',(-1.570796326795,0.));
#14748 = VECTOR('',#14749,1.);
#14749 = DIRECTION('',(1.,0.));
#14750 = ( GEOMETRIC_REPRESENTATION_CONTEXT(2) 
PARAMETRIC_REPRESENTATION_CONTEXT() REPRESENTATION_CONTEXT('2D SPACE',''
  ) );
#14751 = ORIENTED_EDGE('',*,*,#14274,.T.);
#14752 = ADVANCED_FACE('',(#14753),#14066,.F.);
#14753 = FACE_BOUND('',#14754,.T.);
#14754 = EDGE_LOOP('',(#14755,#14756,#14779,#14800));
#14755 = ORIENTED_EDGE('',*,*,#14043,.T.);
#14756 = ORIENTED_EDGE('',*,*,#14757,.F.);
#14757 = EDGE_CURVE('',#14758,#14046,#14760,.T.);
#14758 = VERTEX_POINT('',#14759);
#14759 = CARTESIAN_POINT('',(7.5,-14.58458089901,7.3));
#14760 = SURFACE_CURVE('',#14761,(#14765,#14772),.PCURVE_S1.);
#14761 = LINE('',#14762,#14763);
#14762 = CARTESIAN_POINT('',(7.5,-10.15,7.3));
#14763 = VECTOR('',#14764,1.);
#14764 = DIRECTION('',(0.,-1.,0.));
#14765 = PCURVE('',#14066,#14766);
#14766 = DEFINITIONAL_REPRESENTATION('',(#14767),#14771);
#14767 = LINE('',#14768,#14769);
#14768 = CARTESIAN_POINT('',(10.15,2.2));
#14769 = VECTOR('',#14770,1.);
#14770 = DIRECTION('',(-1.,0.));
#14771 = ( GEOMETRIC_REPRESENTATION_CONTEXT(2) 
PARAMETRIC_REPRESENTATION_CONTEXT() REPRESENTATION_CONTEXT('2D SPACE',''
  ) );
#14772 = PCURVE('',#14148,#14773);
#14773 = DEFINITIONAL_REPRESENTATION('',(#14774),#14778);
#14774 = LINE('',#14775,#14776);
#14775 = CARTESIAN_POINT('',(7.5,-10.15));
#14776 = VECTOR('',#14777,1.);
#14777 = DIRECTION('',(0.,-1.));
#14778 = ( GEOMETRIC_REPRESENTATION_CONTEXT(2) 
PARAMETRIC_REPRESENTATION_CONTEXT() REPRESENTATION_CONTEXT('2D SPACE',''
  ) );
#14779 = ORIENTED_EDGE('',*,*,#14780,.F.);
#14780 = EDGE_CURVE('',#14708,#14758,#14781,.T.);
#14781 = SURFACE_CURVE('',#14782,(#14786,#14793),.PCURVE_S1.);
#14782 = LINE('',#14783,#14784);
#14783 = CARTESIAN_POINT('',(7.5,-14.58458089901,5.1));
#14784 = VECTOR('',#14785,1.);
#14785 = DIRECTION('',(0.,0.,1.));
#14786 = PCURVE('',#14066,#14787);
#14787 = DEFINITIONAL_REPRESENTATION('',(#14788),#14792);
#14788 = LINE('',#14789,#14790);
#14789 = CARTESIAN_POINT('',(5.715419100982,0.));
#14790 = VECTOR('',#14791,1.);
#14791 = DIRECTION('',(0.,1.));
#14792 = ( GEOMETRIC_REPRESENTATION_CONTEXT(2) 
PARAMETRIC_REPRESENTATION_CONTEXT() REPRESENTATION_CONTEXT('2D SPACE',''
  ) );
#14793 = PCURVE('',#14313,#14794);
#14794 = DEFINITIONAL_REPRESENTATION('',(#14795),#14799);
#14795 = LINE('',#14796,#14797);
#14796 = CARTESIAN_POINT('',(3.616568618898,0.));
#14797 = VECTOR('',#14798,1.);
#14798 = DIRECTION('',(0.,1.));
#14799 = ( GEOMETRIC_REPRESENTATION_CONTEXT(2) 
PARAMETRIC_REPRESENTATION_CONTEXT() REPRESENTATION_CONTEXT('2D SPACE',''
  ) );
#14800 = ORIENTED_EDGE('',*,*,#14707,.F.);
#14801 = ADVANCED_FACE('',(#14802),#14237,.T.);
#14802 = FACE_BOUND('',#14803,.T.);
#14803 = EDGE_LOOP('',(#14804,#14805,#14829,#14850));
#14804 = ORIENTED_EDGE('',*,*,#14221,.T.);
#14805 = ORIENTED_EDGE('',*,*,#14806,.F.);
#14806 = EDGE_CURVE('',#14807,#14199,#14809,.T.);
#14807 = VERTEX_POINT('',#14808);
#14808 = CARTESIAN_POINT('',(-15.62430449673,-11.33009748384,7.3));
#14809 = SURFACE_CURVE('',#14810,(#14815,#14822),.PCURVE_S1.);
#14810 = CIRCLE('',#14811,19.3);
#14811 = AXIS2_PLACEMENT_3D('',#14812,#14813,#14814);
#14812 = CARTESIAN_POINT('',(0.,0.,7.3));
#14813 = DIRECTION('',(0.,0.,1.));
#14814 = DIRECTION('',(1.,0.,-0.));
#14815 = PCURVE('',#14237,#14816);
#14816 = DEFINITIONAL_REPRESENTATION('',(#14817),#14821);
#14817 = LINE('',#14818,#14819);
#14818 = CARTESIAN_POINT('',(0.,2.2));
#14819 = VECTOR('',#14820,1.);
#14820 = DIRECTION('',(1.,0.));
#14821 = ( GEOMETRIC_REPRESENTATION_CONTEXT(2) 
PARAMETRIC_REPRESENTATION_CONTEXT() REPRESENTATION_CONTEXT('2D SPACE',''
  ) );
#14822 = PCURVE('',#14148,#14823);
#14823 = DEFINITIONAL_REPRESENTATION('',(#14824),#14828);
#14824 = CIRCLE('',#14825,19.3);
#14825 = AXIS2_PLACEMENT_2D('',#14826,#14827);
#14826 = CARTESIAN_POINT('',(0.,0.));
#14827 = DIRECTION('',(1.,0.));
#14828 = ( GEOMETRIC_REPRESENTATION_CONTEXT(2) 
PARAMETRIC_REPRESENTATION_CONTEXT() REPRESENTATION_CONTEXT('2D SPACE',''
  ) );
#14829 = ORIENTED_EDGE('',*,*,#14830,.T.);
#14830 = EDGE_CURVE('',#14807,#14351,#14831,.T.);
#14831 = SURFACE_CURVE('',#14832,(#14836,#14843),.PCURVE_S1.);
#14832 = LINE('',#14833,#14834);
#14833 = CARTESIAN_POINT('',(-15.62430449673,-11.33009748384,5.1));
#14834 = VECTOR('',#14835,1.);
#14835 = DIRECTION('',(0.,0.,-1.));
#14836 = PCURVE('',#14237,#14837);
#14837 = DEFINITIONAL_REPRESENTATION('',(#14838),#14842);
#14838 = LINE('',#14839,#14840);
#14839 = CARTESIAN_POINT('',(3.769004741274,0.));
#14840 = VECTOR('',#14841,1.);
#14841 = DIRECTION('',(0.,-1.));
#14842 = ( GEOMETRIC_REPRESENTATION_CONTEXT(2) 
PARAMETRIC_REPRESENTATION_CONTEXT() REPRESENTATION_CONTEXT('2D SPACE',''
  ) );
#14843 = PCURVE('',#14390,#14844);
#14844 = DEFINITIONAL_REPRESENTATION('',(#14845),#14849);
#14845 = LINE('',#14846,#14847);
#14846 = CARTESIAN_POINT('',(0.403906647445,0.));
#14847 = VECTOR('',#14848,1.);
#14848 = DIRECTION('',(0.,-1.));
#14849 = ( GEOMETRIC_REPRESENTATION_CONTEXT(2) 
PARAMETRIC_REPRESENTATION_CONTEXT() REPRESENTATION_CONTEXT('2D SPACE',''
  ) );
#14850 = ORIENTED_EDGE('',*,*,#14350,.T.);
#14851 = ADVANCED_FACE('',(#14852),#14122,.T.);
#14852 = FACE_BOUND('',#14853,.T.);
#14853 = EDGE_LOOP('',(#14854,#14855,#14856,#14879));
#14854 = ORIENTED_EDGE('',*,*,#14106,.T.);
#14855 = ORIENTED_EDGE('',*,*,#14684,.T.);
#14856 = ORIENTED_EDGE('',*,*,#14857,.T.);
#14857 = EDGE_CURVE('',#14657,#14858,#14860,.T.);
#14858 = VERTEX_POINT('',#14859);
#14859 = CARTESIAN_POINT('',(15.62430449673,-11.33009748384,7.3));
#14860 = SURFACE_CURVE('',#14861,(#14865,#14872),.PCURVE_S1.);
#14861 = LINE('',#14862,#14863);
#14862 = CARTESIAN_POINT('',(15.62430449673,-11.33009748384,5.1));
#14863 = VECTOR('',#14864,1.);
#14864 = DIRECTION('',(0.,0.,1.));
#14865 = PCURVE('',#14122,#14866);
#14866 = DEFINITIONAL_REPRESENTATION('',(#14867),#14871);
#14867 = LINE('',#14868,#14869);
#14868 = CARTESIAN_POINT('',(5.655773219495,0.));
#14869 = VECTOR('',#14870,1.);
#14870 = DIRECTION('',(0.,1.));
#14871 = ( GEOMETRIC_REPRESENTATION_CONTEXT(2) 
PARAMETRIC_REPRESENTATION_CONTEXT() REPRESENTATION_CONTEXT('2D SPACE',''
  ) );
#14872 = PCURVE('',#14672,#14873);
#14873 = DEFINITIONAL_REPRESENTATION('',(#14874),#14878);
#14874 = LINE('',#14875,#14876);
#14875 = CARTESIAN_POINT('',(0.296093352555,0.));
#14876 = VECTOR('',#14877,1.);
#14877 = DIRECTION('',(0.,1.));
#14878 = ( GEOMETRIC_REPRESENTATION_CONTEXT(2) 
PARAMETRIC_REPRESENTATION_CONTEXT() REPRESENTATION_CONTEXT('2D SPACE',''
  ) );
#14879 = ORIENTED_EDGE('',*,*,#14880,.F.);
#14880 = EDGE_CURVE('',#14107,#14858,#14881,.T.);
#14881 = SURFACE_CURVE('',#14882,(#14887,#14894),.PCURVE_S1.);
#14882 = CIRCLE('',#14883,19.3);
#14883 = AXIS2_PLACEMENT_3D('',#14884,#14885,#14886);
#14884 = CARTESIAN_POINT('',(0.,0.,7.3));
#14885 = DIRECTION('',(0.,0.,1.));
#14886 = DIRECTION('',(1.,0.,-0.));
#14887 = PCURVE('',#14122,#14888);
#14888 = DEFINITIONAL_REPRESENTATION('',(#14889),#14893);
#14889 = LINE('',#14890,#14891);
#14890 = CARTESIAN_POINT('',(0.,2.2));
#14891 = VECTOR('',#14892,1.);
#14892 = DIRECTION('',(1.,0.));
#14893 = ( GEOMETRIC_REPRESENTATION_CONTEXT(2) 
PARAMETRIC_REPRESENTATION_CONTEXT() REPRESENTATION_CONTEXT('2D SPACE',''
  ) );
#14894 = PCURVE('',#14148,#14895);
#14895 = DEFINITIONAL_REPRESENTATION('',(#14896),#14900);
#14896 = CIRCLE('',#14897,19.3);
#14897 = AXIS2_PLACEMENT_2D('',#14898,#14899);
#14898 = CARTESIAN_POINT('',(0.,0.));
#14899 = DIRECTION('',(1.,0.));
#14900 = ( GEOMETRIC_REPRESENTATION_CONTEXT(2) 
PARAMETRIC_REPRESENTATION_CONTEXT() REPRESENTATION_CONTEXT('2D SPACE',''
  ) );
#14901 = ADVANCED_FACE('',(#14902),#14616,.T.);
#14902 = FACE_BOUND('',#14903,.T.);
#14903 = EDGE_LOOP('',(#14904,#14927,#14950,#14971));
#14904 = ORIENTED_EDGE('',*,*,#14905,.F.);
#14905 = EDGE_CURVE('',#14906,#14572,#14908,.T.);
#14906 = VERTEX_POINT('',#14907);
#14907 = CARTESIAN_POINT('',(17.62430449673,-7.865995868709,7.3));
#14908 = SURFACE_CURVE('',#14909,(#14913,#14920),.PCURVE_S1.);
#14909 = LINE('',#14910,#14911);
#14910 = CARTESIAN_POINT('',(17.62430449673,-7.865995868709,5.1));
#14911 = VECTOR('',#14912,1.);
#14912 = DIRECTION('',(0.,0.,-1.));
#14913 = PCURVE('',#14616,#14914);
#14914 = DEFINITIONAL_REPRESENTATION('',(#14915),#14919);
#14915 = LINE('',#14916,#14917);
#14916 = CARTESIAN_POINT('',(0.403906647445,0.));
#14917 = VECTOR('',#14918,1.);
#14918 = DIRECTION('',(0.,-1.));
#14919 = ( GEOMETRIC_REPRESENTATION_CONTEXT(2) 
PARAMETRIC_REPRESENTATION_CONTEXT() REPRESENTATION_CONTEXT('2D SPACE',''
  ) );
#14920 = PCURVE('',#14588,#14921);
#14921 = DEFINITIONAL_REPRESENTATION('',(#14922),#14926);
#14922 = LINE('',#14923,#14924);
#14923 = CARTESIAN_POINT('',(-0.419785463512,0.));
#14924 = VECTOR('',#14925,1.);
#14925 = DIRECTION('',(0.,-1.));
#14926 = ( GEOMETRIC_REPRESENTATION_CONTEXT(2) 
PARAMETRIC_REPRESENTATION_CONTEXT() REPRESENTATION_CONTEXT('2D SPACE',''
  ) );
#14927 = ORIENTED_EDGE('',*,*,#14928,.F.);
#14928 = EDGE_CURVE('',#14929,#14906,#14931,.T.);
#14929 = VERTEX_POINT('',#14930);
#14930 = CARTESIAN_POINT('',(17.974097914175,-8.067949192431,7.3));
#14931 = SURFACE_CURVE('',#14932,(#14936,#14943),.PCURVE_S1.);
#14932 = LINE('',#14933,#14934);
#14933 = CARTESIAN_POINT('',(17.974097914175,-8.067949192431,7.3));
#14934 = VECTOR('',#14935,1.);
#14935 = DIRECTION('',(-0.866025403784,0.5,0.));
#14936 = PCURVE('',#14616,#14937);
#14937 = DEFINITIONAL_REPRESENTATION('',(#14938),#14942);
#14938 = LINE('',#14939,#14940);
#14939 = CARTESIAN_POINT('',(0.,2.2));
#14940 = VECTOR('',#14941,1.);
#14941 = DIRECTION('',(1.,0.));
#14942 = ( GEOMETRIC_REPRESENTATION_CONTEXT(2) 
PARAMETRIC_REPRESENTATION_CONTEXT() REPRESENTATION_CONTEXT('2D SPACE',''
  ) );
#14943 = PCURVE('',#14148,#14944);
#14944 = DEFINITIONAL_REPRESENTATION('',(#14945),#14949);
#14945 = LINE('',#14946,#14947);
#14946 = CARTESIAN_POINT('',(17.974097914175,-8.067949192431));
#14947 = VECTOR('',#14948,1.);
#14948 = DIRECTION('',(-0.866025403784,0.5));
#14949 = ( GEOMETRIC_REPRESENTATION_CONTEXT(2) 
PARAMETRIC_REPRESENTATION_CONTEXT() REPRESENTATION_CONTEXT('2D SPACE',''
  ) );
#14950 = ORIENTED_EDGE('',*,*,#14951,.F.);
#14951 = EDGE_CURVE('',#14601,#14929,#14952,.T.);
#14952 = SURFACE_CURVE('',#14953,(#14957,#14964),.PCURVE_S1.);
#14953 = LINE('',#14954,#14955);
#14954 = CARTESIAN_POINT('',(17.974097914175,-8.067949192431,5.1));
#14955 = VECTOR('',#14956,1.);
#14956 = DIRECTION('',(0.,0.,1.));
#14957 = PCURVE('',#14616,#14958);
#14958 = DEFINITIONAL_REPRESENTATION('',(#14959),#14963);
#14959 = LINE('',#14960,#14961);
#14960 = CARTESIAN_POINT('',(0.,0.));
#14961 = VECTOR('',#14962,1.);
#14962 = DIRECTION('',(0.,1.));
#14963 = ( GEOMETRIC_REPRESENTATION_CONTEXT(2) 
PARAMETRIC_REPRESENTATION_CONTEXT() REPRESENTATION_CONTEXT('2D SPACE',''
  ) );
#14964 = PCURVE('',#14644,#14965);
#14965 = DEFINITIONAL_REPRESENTATION('',(#14966),#14970);
#14966 = LINE('',#14967,#14968);
#14967 = CARTESIAN_POINT('',(4.,0.));
#14968 = VECTOR('',#14969,1.);
#14969 = DIRECTION('',(0.,1.));
#14970 = ( GEOMETRIC_REPRESENTATION_CONTEXT(2) 
PARAMETRIC_REPRESENTATION_CONTEXT() REPRESENTATION_CONTEXT('2D SPACE',''
  ) );
#14971 = ORIENTED_EDGE('',*,*,#14600,.T.);
#14972 = ADVANCED_FACE('',(#14973),#14672,.T.);
#14973 = FACE_BOUND('',#14974,.T.);
#14974 = EDGE_LOOP('',(#14975,#14976,#14977,#15000));
#14975 = ORIENTED_EDGE('',*,*,#14857,.F.);
#14976 = ORIENTED_EDGE('',*,*,#14656,.T.);
#14977 = ORIENTED_EDGE('',*,*,#14978,.T.);
#14978 = EDGE_CURVE('',#14629,#14979,#14981,.T.);
#14979 = VERTEX_POINT('',#14980);
#14980 = CARTESIAN_POINT('',(15.974097914175,-11.53205080756,7.3));
#14981 = SURFACE_CURVE('',#14982,(#14986,#14993),.PCURVE_S1.);
#14982 = LINE('',#14983,#14984);
#14983 = CARTESIAN_POINT('',(15.974097914175,-11.53205080756,5.1));
#14984 = VECTOR('',#14985,1.);
#14985 = DIRECTION('',(0.,0.,1.));
#14986 = PCURVE('',#14672,#14987);
#14987 = DEFINITIONAL_REPRESENTATION('',(#14988),#14992);
#14988 = LINE('',#14989,#14990);
#14989 = CARTESIAN_POINT('',(0.7,0.));
#14990 = VECTOR('',#14991,1.);
#14991 = DIRECTION('',(0.,1.));
#14992 = ( GEOMETRIC_REPRESENTATION_CONTEXT(2) 
PARAMETRIC_REPRESENTATION_CONTEXT() REPRESENTATION_CONTEXT('2D SPACE',''
  ) );
#14993 = PCURVE('',#14644,#14994);
#14994 = DEFINITIONAL_REPRESENTATION('',(#14995),#14999);
#14995 = LINE('',#14996,#14997);
#14996 = CARTESIAN_POINT('',(0.,0.));
#14997 = VECTOR('',#14998,1.);
#14998 = DIRECTION('',(0.,1.));
#14999 = ( GEOMETRIC_REPRESENTATION_CONTEXT(2) 
PARAMETRIC_REPRESENTATION_CONTEXT() REPRESENTATION_CONTEXT('2D SPACE',''
  ) );
#15000 = ORIENTED_EDGE('',*,*,#15001,.F.);
#15001 = EDGE_CURVE('',#14858,#14979,#15002,.T.);
#15002 = SURFACE_CURVE('',#15003,(#15007,#15014),.PCURVE_S1.);
#15003 = LINE('',#15004,#15005);
#15004 = CARTESIAN_POINT('',(15.367880131526,-11.18205080756,7.3));
#15005 = VECTOR('',#15006,1.);
#15006 = DIRECTION('',(0.866025403784,-0.5,0.));
#15007 = PCURVE('',#14672,#15008);
#15008 = DEFINITIONAL_REPRESENTATION('',(#15009),#15013);
#15009 = LINE('',#15010,#15011);
#15010 = CARTESIAN_POINT('',(0.,2.2));
#15011 = VECTOR('',#15012,1.);
#15012 = DIRECTION('',(1.,0.));
#15013 = ( GEOMETRIC_REPRESENTATION_CONTEXT(2) 
PARAMETRIC_REPRESENTATION_CONTEXT() REPRESENTATION_CONTEXT('2D SPACE',''
  ) );
#15014 = PCURVE('',#14148,#15015);
#15015 = DEFINITIONAL_REPRESENTATION('',(#15016),#15020);
#15016 = LINE('',#15017,#15018);
#15017 = CARTESIAN_POINT('',(15.367880131526,-11.18205080756));
#15018 = VECTOR('',#15019,1.);
#15019 = DIRECTION('',(0.866025403784,-0.5));
#15020 = ( GEOMETRIC_REPRESENTATION_CONTEXT(2) 
PARAMETRIC_REPRESENTATION_CONTEXT() REPRESENTATION_CONTEXT('2D SPACE',''
  ) );
#15021 = ADVANCED_FACE('',(#15022),#14644,.T.);
#15022 = FACE_BOUND('',#15023,.T.);
#15023 = EDGE_LOOP('',(#15024,#15025,#15026,#15047));
#15024 = ORIENTED_EDGE('',*,*,#14628,.T.);
#15025 = ORIENTED_EDGE('',*,*,#14951,.T.);
#15026 = ORIENTED_EDGE('',*,*,#15027,.F.);
#15027 = EDGE_CURVE('',#14979,#14929,#15028,.T.);
#15028 = SURFACE_CURVE('',#15029,(#15033,#15040),.PCURVE_S1.);
#15029 = LINE('',#15030,#15031);
#15030 = CARTESIAN_POINT('',(15.974097914175,-11.53205080756,7.3));
#15031 = VECTOR('',#15032,1.);
#15032 = DIRECTION('',(0.5,0.866025403784,0.));
#15033 = PCURVE('',#14644,#15034);
#15034 = DEFINITIONAL_REPRESENTATION('',(#15035),#15039);
#15035 = LINE('',#15036,#15037);
#15036 = CARTESIAN_POINT('',(0.,2.2));
#15037 = VECTOR('',#15038,1.);
#15038 = DIRECTION('',(1.,0.));
#15039 = ( GEOMETRIC_REPRESENTATION_CONTEXT(2) 
PARAMETRIC_REPRESENTATION_CONTEXT() REPRESENTATION_CONTEXT('2D SPACE',''
  ) );
#15040 = PCURVE('',#14148,#15041);
#15041 = DEFINITIONAL_REPRESENTATION('',(#15042),#15046);
#15042 = LINE('',#15043,#15044);
#15043 = CARTESIAN_POINT('',(15.974097914175,-11.53205080756));
#15044 = VECTOR('',#15045,1.);
#15045 = DIRECTION('',(0.5,0.866025403784));
#15046 = ( GEOMETRIC_REPRESENTATION_CONTEXT(2) 
PARAMETRIC_REPRESENTATION_CONTEXT() REPRESENTATION_CONTEXT('2D SPACE',''
  ) );
#15047 = ORIENTED_EDGE('',*,*,#14978,.F.);
#15048 = ADVANCED_FACE('',(#15049),#14446,.T.);
#15049 = FACE_BOUND('',#15050,.T.);
#15050 = EDGE_LOOP('',(#15051,#15074,#15075,#15098));
#15051 = ORIENTED_EDGE('',*,*,#15052,.F.);
#15052 = EDGE_CURVE('',#14431,#15053,#15055,.T.);
#15053 = VERTEX_POINT('',#15054);
#15054 = CARTESIAN_POINT('',(-17.62430449673,-7.865995868709,7.3));
#15055 = SURFACE_CURVE('',#15056,(#15060,#15067),.PCURVE_S1.);
#15056 = LINE('',#15057,#15058);
#15057 = CARTESIAN_POINT('',(-17.62430449673,-7.865995868709,5.1));
#15058 = VECTOR('',#15059,1.);
#15059 = DIRECTION('',(0.,0.,1.));
#15060 = PCURVE('',#14446,#15061);
#15061 = DEFINITIONAL_REPRESENTATION('',(#15062),#15066);
#15062 = LINE('',#15063,#15064);
#15063 = CARTESIAN_POINT('',(0.296093352555,0.));
#15064 = VECTOR('',#15065,1.);
#15065 = DIRECTION('',(0.,1.));
#15066 = ( GEOMETRIC_REPRESENTATION_CONTEXT(2) 
PARAMETRIC_REPRESENTATION_CONTEXT() REPRESENTATION_CONTEXT('2D SPACE',''
  ) );
#15067 = PCURVE('',#14475,#15068);
#15068 = DEFINITIONAL_REPRESENTATION('',(#15069),#15073);
#15069 = LINE('',#15070,#15071);
#15070 = CARTESIAN_POINT('',(0.94338423911,0.));
#15071 = VECTOR('',#15072,1.);
#15072 = DIRECTION('',(0.,1.));
#15073 = ( GEOMETRIC_REPRESENTATION_CONTEXT(2) 
PARAMETRIC_REPRESENTATION_CONTEXT() REPRESENTATION_CONTEXT('2D SPACE',''
  ) );
#15074 = ORIENTED_EDGE('',*,*,#14430,.T.);
#15075 = ORIENTED_EDGE('',*,*,#15076,.T.);
#15076 = EDGE_CURVE('',#14403,#15077,#15079,.T.);
#15077 = VERTEX_POINT('',#15078);
#15078 = CARTESIAN_POINT('',(-17.97409791417,-8.067949192431,7.3));
#15079 = SURFACE_CURVE('',#15080,(#15084,#15091),.PCURVE_S1.);
#15080 = LINE('',#15081,#15082);
#15081 = CARTESIAN_POINT('',(-17.97409791417,-8.067949192431,5.1));
#15082 = VECTOR('',#15083,1.);
#15083 = DIRECTION('',(0.,0.,1.));
#15084 = PCURVE('',#14446,#15085);
#15085 = DEFINITIONAL_REPRESENTATION('',(#15086),#15090);
#15086 = LINE('',#15087,#15088);
#15087 = CARTESIAN_POINT('',(0.7,0.));
#15088 = VECTOR('',#15089,1.);
#15089 = DIRECTION('',(0.,1.));
#15090 = ( GEOMETRIC_REPRESENTATION_CONTEXT(2) 
PARAMETRIC_REPRESENTATION_CONTEXT() REPRESENTATION_CONTEXT('2D SPACE',''
  ) );
#15091 = PCURVE('',#14418,#15092);
#15092 = DEFINITIONAL_REPRESENTATION('',(#15093),#15097);
#15093 = LINE('',#15094,#15095);
#15094 = CARTESIAN_POINT('',(0.,0.));
#15095 = VECTOR('',#15096,1.);
#15096 = DIRECTION('',(0.,1.));
#15097 = ( GEOMETRIC_REPRESENTATION_CONTEXT(2) 
PARAMETRIC_REPRESENTATION_CONTEXT() REPRESENTATION_CONTEXT('2D SPACE',''
  ) );
#15098 = ORIENTED_EDGE('',*,*,#15099,.F.);
#15099 = EDGE_CURVE('',#15053,#15077,#15100,.T.);
#15100 = SURFACE_CURVE('',#15101,(#15105,#15112),.PCURVE_S1.);
#15101 = LINE('',#15102,#15103);
#15102 = CARTESIAN_POINT('',(-17.36788013152,-7.717949192431,7.3));
#15103 = VECTOR('',#15104,1.);
#15104 = DIRECTION('',(-0.866025403784,-0.5,0.));
#15105 = PCURVE('',#14446,#15106);
#15106 = DEFINITIONAL_REPRESENTATION('',(#15107),#15111);
#15107 = LINE('',#15108,#15109);
#15108 = CARTESIAN_POINT('',(0.,2.2));
#15109 = VECTOR('',#15110,1.);
#15110 = DIRECTION('',(1.,0.));
#15111 = ( GEOMETRIC_REPRESENTATION_CONTEXT(2) 
PARAMETRIC_REPRESENTATION_CONTEXT() REPRESENTATION_CONTEXT('2D SPACE',''
  ) );
#15112 = PCURVE('',#14148,#15113);
#15113 = DEFINITIONAL_REPRESENTATION('',(#15114),#15118);
#15114 = LINE('',#15115,#15116);
#15115 = CARTESIAN_POINT('',(-17.36788013152,-7.717949192431));
#15116 = VECTOR('',#15117,1.);
#15117 = DIRECTION('',(-0.866025403784,-0.5));
#15118 = ( GEOMETRIC_REPRESENTATION_CONTEXT(2) 
PARAMETRIC_REPRESENTATION_CONTEXT() REPRESENTATION_CONTEXT('2D SPACE',''
  ) );
#15119 = ADVANCED_FACE('',(#15120),#14390,.T.);
#15120 = FACE_BOUND('',#15121,.T.);
#15121 = EDGE_LOOP('',(#15122,#15123,#15146,#15167));
#15122 = ORIENTED_EDGE('',*,*,#14830,.F.);
#15123 = ORIENTED_EDGE('',*,*,#15124,.F.);
#15124 = EDGE_CURVE('',#15125,#14807,#15127,.T.);
#15125 = VERTEX_POINT('',#15126);
#15126 = CARTESIAN_POINT('',(-15.97409791417,-11.53205080756,7.3));
#15127 = SURFACE_CURVE('',#15128,(#15132,#15139),.PCURVE_S1.);
#15128 = LINE('',#15129,#15130);
#15129 = CARTESIAN_POINT('',(-15.97409791417,-11.53205080756,7.3));
#15130 = VECTOR('',#15131,1.);
#15131 = DIRECTION('',(0.866025403784,0.5,0.));
#15132 = PCURVE('',#14390,#15133);
#15133 = DEFINITIONAL_REPRESENTATION('',(#15134),#15138);
#15134 = LINE('',#15135,#15136);
#15135 = CARTESIAN_POINT('',(0.,2.2));
#15136 = VECTOR('',#15137,1.);
#15137 = DIRECTION('',(1.,0.));
#15138 = ( GEOMETRIC_REPRESENTATION_CONTEXT(2) 
PARAMETRIC_REPRESENTATION_CONTEXT() REPRESENTATION_CONTEXT('2D SPACE',''
  ) );
#15139 = PCURVE('',#14148,#15140);
#15140 = DEFINITIONAL_REPRESENTATION('',(#15141),#15145);
#15141 = LINE('',#15142,#15143);
#15142 = CARTESIAN_POINT('',(-15.97409791417,-11.53205080756));
#15143 = VECTOR('',#15144,1.);
#15144 = DIRECTION('',(0.866025403784,0.5));
#15145 = ( GEOMETRIC_REPRESENTATION_CONTEXT(2) 
PARAMETRIC_REPRESENTATION_CONTEXT() REPRESENTATION_CONTEXT('2D SPACE',''
  ) );
#15146 = ORIENTED_EDGE('',*,*,#15147,.F.);
#15147 = EDGE_CURVE('',#14375,#15125,#15148,.T.);
#15148 = SURFACE_CURVE('',#15149,(#15153,#15160),.PCURVE_S1.);
#15149 = LINE('',#15150,#15151);
#15150 = CARTESIAN_POINT('',(-15.97409791417,-11.53205080756,5.1));
#15151 = VECTOR('',#15152,1.);
#15152 = DIRECTION('',(0.,0.,1.));
#15153 = PCURVE('',#14390,#15154);
#15154 = DEFINITIONAL_REPRESENTATION('',(#15155),#15159);
#15155 = LINE('',#15156,#15157);
#15156 = CARTESIAN_POINT('',(0.,0.));
#15157 = VECTOR('',#15158,1.);
#15158 = DIRECTION('',(0.,1.));
#15159 = ( GEOMETRIC_REPRESENTATION_CONTEXT(2) 
PARAMETRIC_REPRESENTATION_CONTEXT() REPRESENTATION_CONTEXT('2D SPACE',''
  ) );
#15160 = PCURVE('',#14418,#15161);
#15161 = DEFINITIONAL_REPRESENTATION('',(#15162),#15166);
#15162 = LINE('',#15163,#15164);
#15163 = CARTESIAN_POINT('',(4.,0.));
#15164 = VECTOR('',#15165,1.);
#15165 = DIRECTION('',(0.,1.));
#15166 = ( GEOMETRIC_REPRESENTATION_CONTEXT(2) 
PARAMETRIC_REPRESENTATION_CONTEXT() REPRESENTATION_CONTEXT('2D SPACE',''
  ) );
#15167 = ORIENTED_EDGE('',*,*,#14374,.T.);
#15168 = ADVANCED_FACE('',(#15169),#14418,.T.);
#15169 = FACE_BOUND('',#15170,.T.);
#15170 = EDGE_LOOP('',(#15171,#15172,#15173,#15194));
#15171 = ORIENTED_EDGE('',*,*,#14402,.T.);
#15172 = ORIENTED_EDGE('',*,*,#15147,.T.);
#15173 = ORIENTED_EDGE('',*,*,#15174,.F.);
#15174 = EDGE_CURVE('',#15077,#15125,#15175,.T.);
#15175 = SURFACE_CURVE('',#15176,(#15180,#15187),.PCURVE_S1.);
#15176 = LINE('',#15177,#15178);
#15177 = CARTESIAN_POINT('',(-17.97409791417,-8.067949192431,7.3));
#15178 = VECTOR('',#15179,1.);
#15179 = DIRECTION('',(0.5,-0.866025403784,0.));
#15180 = PCURVE('',#14418,#15181);
#15181 = DEFINITIONAL_REPRESENTATION('',(#15182),#15186);
#15182 = LINE('',#15183,#15184);
#15183 = CARTESIAN_POINT('',(0.,2.2));
#15184 = VECTOR('',#15185,1.);
#15185 = DIRECTION('',(1.,0.));
#15186 = ( GEOMETRIC_REPRESENTATION_CONTEXT(2) 
PARAMETRIC_REPRESENTATION_CONTEXT() REPRESENTATION_CONTEXT('2D SPACE',''
  ) );
#15187 = PCURVE('',#14148,#15188);
#15188 = DEFINITIONAL_REPRESENTATION('',(#15189),#15193);
#15189 = LINE('',#15190,#15191);
#15190 = CARTESIAN_POINT('',(-17.97409791417,-8.067949192431));
#15191 = VECTOR('',#15192,1.);
#15192 = DIRECTION('',(0.5,-0.866025403784));
#15193 = ( GEOMETRIC_REPRESENTATION_CONTEXT(2) 
PARAMETRIC_REPRESENTATION_CONTEXT() REPRESENTATION_CONTEXT('2D SPACE',''
  ) );
#15194 = ORIENTED_EDGE('',*,*,#15076,.F.);
#15195 = ADVANCED_FACE('',(#15196),#14475,.T.);
#15196 = FACE_BOUND('',#15197,.T.);
#15197 = EDGE_LOOP('',(#15198,#15199,#15223,#15244));
#15198 = ORIENTED_EDGE('',*,*,#15052,.T.);
#15199 = ORIENTED_EDGE('',*,*,#15200,.F.);
#15200 = EDGE_CURVE('',#15201,#15053,#15203,.T.);
#15201 = VERTEX_POINT('',#15202);
#15202 = CARTESIAN_POINT('',(-2.,19.196093352555,7.3));
#15203 = SURFACE_CURVE('',#15204,(#15209,#15216),.PCURVE_S1.);
#15204 = CIRCLE('',#15205,19.3);
#15205 = AXIS2_PLACEMENT_3D('',#15206,#15207,#15208);
#15206 = CARTESIAN_POINT('',(0.,0.,7.3));
#15207 = DIRECTION('',(0.,0.,1.));
#15208 = DIRECTION('',(1.,0.,-0.));
#15209 = PCURVE('',#14475,#15210);
#15210 = DEFINITIONAL_REPRESENTATION('',(#15211),#15215);
#15211 = LINE('',#15212,#15213);
#15212 = CARTESIAN_POINT('',(-2.617993877991,2.2));
#15213 = VECTOR('',#15214,1.);
#15214 = DIRECTION('',(1.,0.));
#15215 = ( GEOMETRIC_REPRESENTATION_CONTEXT(2) 
PARAMETRIC_REPRESENTATION_CONTEXT() REPRESENTATION_CONTEXT('2D SPACE',''
  ) );
#15216 = PCURVE('',#14148,#15217);
#15217 = DEFINITIONAL_REPRESENTATION('',(#15218),#15222);
#15218 = CIRCLE('',#15219,19.3);
#15219 = AXIS2_PLACEMENT_2D('',#15220,#15221);
#15220 = CARTESIAN_POINT('',(0.,0.));
#15221 = DIRECTION('',(1.,0.));
#15222 = ( GEOMETRIC_REPRESENTATION_CONTEXT(2) 
PARAMETRIC_REPRESENTATION_CONTEXT() REPRESENTATION_CONTEXT('2D SPACE',''
  ) );
#15223 = ORIENTED_EDGE('',*,*,#15224,.T.);
#15224 = EDGE_CURVE('',#15201,#14459,#15225,.T.);
#15225 = SURFACE_CURVE('',#15226,(#15230,#15237),.PCURVE_S1.);
#15226 = LINE('',#15227,#15228);
#15227 = CARTESIAN_POINT('',(-2.,19.196093352555,5.1));
#15228 = VECTOR('',#15229,1.);
#15229 = DIRECTION('',(0.,0.,-1.));
#15230 = PCURVE('',#14475,#15231);
#15231 = DEFINITIONAL_REPRESENTATION('',(#15232),#15236);
#15232 = LINE('',#15233,#15234);
#15233 = CARTESIAN_POINT('',(-0.94338423911,0.));
#15234 = VECTOR('',#15235,1.);
#15235 = DIRECTION('',(0.,-1.));
#15236 = ( GEOMETRIC_REPRESENTATION_CONTEXT(2) 
PARAMETRIC_REPRESENTATION_CONTEXT() REPRESENTATION_CONTEXT('2D SPACE',''
  ) );
#15237 = PCURVE('',#14503,#15238);
#15238 = DEFINITIONAL_REPRESENTATION('',(#15239),#15243);
#15239 = LINE('',#15240,#15241);
#15240 = CARTESIAN_POINT('',(0.403906647445,0.));
#15241 = VECTOR('',#15242,1.);
#15242 = DIRECTION('',(0.,-1.));
#15243 = ( GEOMETRIC_REPRESENTATION_CONTEXT(2) 
PARAMETRIC_REPRESENTATION_CONTEXT() REPRESENTATION_CONTEXT('2D SPACE',''
  ) );
#15244 = ORIENTED_EDGE('',*,*,#14458,.T.);
#15245 = ADVANCED_FACE('',(#15246),#14588,.T.);
#15246 = FACE_BOUND('',#15247,.T.);
#15247 = EDGE_LOOP('',(#15248,#15249,#15250,#15273));
#15248 = ORIENTED_EDGE('',*,*,#14905,.T.);
#15249 = ORIENTED_EDGE('',*,*,#14571,.T.);
#15250 = ORIENTED_EDGE('',*,*,#15251,.T.);
#15251 = EDGE_CURVE('',#14544,#15252,#15254,.T.);
#15252 = VERTEX_POINT('',#15253);
#15253 = CARTESIAN_POINT('',(2.,19.196093352555,7.3));
#15254 = SURFACE_CURVE('',#15255,(#15259,#15266),.PCURVE_S1.);
#15255 = LINE('',#15256,#15257);
#15256 = CARTESIAN_POINT('',(2.,19.196093352555,5.1));
#15257 = VECTOR('',#15258,1.);
#15258 = DIRECTION('',(0.,0.,1.));
#15259 = PCURVE('',#14588,#15260);
#15260 = DEFINITIONAL_REPRESENTATION('',(#15261),#15265);
#15261 = LINE('',#15262,#15263);
#15262 = CARTESIAN_POINT('',(1.466983014709,0.));
#15263 = VECTOR('',#15264,1.);
#15264 = DIRECTION('',(0.,1.));
#15265 = ( GEOMETRIC_REPRESENTATION_CONTEXT(2) 
PARAMETRIC_REPRESENTATION_CONTEXT() REPRESENTATION_CONTEXT('2D SPACE',''
  ) );
#15266 = PCURVE('',#14559,#15267);
#15267 = DEFINITIONAL_REPRESENTATION('',(#15268),#15272);
#15268 = LINE('',#15269,#15270);
#15269 = CARTESIAN_POINT('',(0.296093352555,0.));
#15270 = VECTOR('',#15271,1.);
#15271 = DIRECTION('',(0.,1.));
#15272 = ( GEOMETRIC_REPRESENTATION_CONTEXT(2) 
PARAMETRIC_REPRESENTATION_CONTEXT() REPRESENTATION_CONTEXT('2D SPACE',''
  ) );
#15273 = ORIENTED_EDGE('',*,*,#15274,.F.);
#15274 = EDGE_CURVE('',#14906,#15252,#15275,.T.);
#15275 = SURFACE_CURVE('',#15276,(#15281,#15288),.PCURVE_S1.);
#15276 = CIRCLE('',#15277,19.3);
#15277 = AXIS2_PLACEMENT_3D('',#15278,#15279,#15280);
#15278 = CARTESIAN_POINT('',(0.,0.,7.3));
#15279 = DIRECTION('',(0.,0.,1.));
#15280 = DIRECTION('',(1.,0.,-0.));
#15281 = PCURVE('',#14588,#15282);
#15282 = DEFINITIONAL_REPRESENTATION('',(#15283),#15287);
#15283 = LINE('',#15284,#15285);
#15284 = CARTESIAN_POINT('',(-6.28318530718,2.2));
#15285 = VECTOR('',#15286,1.);
#15286 = DIRECTION('',(1.,0.));
#15287 = ( GEOMETRIC_REPRESENTATION_CONTEXT(2) 
PARAMETRIC_REPRESENTATION_CONTEXT() REPRESENTATION_CONTEXT('2D SPACE',''
  ) );
#15288 = PCURVE('',#14148,#15289);
#15289 = DEFINITIONAL_REPRESENTATION('',(#15290),#15294);
#15290 = CIRCLE('',#15291,19.3);
#15291 = AXIS2_PLACEMENT_2D('',#15292,#15293);
#15292 = CARTESIAN_POINT('',(0.,0.));
#15293 = DIRECTION('',(1.,0.));
#15294 = ( GEOMETRIC_REPRESENTATION_CONTEXT(2) 
PARAMETRIC_REPRESENTATION_CONTEXT() REPRESENTATION_CONTEXT('2D SPACE',''
  ) );
#15295 = ADVANCED_FACE('',(#15296),#14503,.T.);
#15296 = FACE_BOUND('',#15297,.T.);
#15297 = EDGE_LOOP('',(#15298,#15299,#15322,#15343));
#15298 = ORIENTED_EDGE('',*,*,#15224,.F.);
#15299 = ORIENTED_EDGE('',*,*,#15300,.F.);
#15300 = EDGE_CURVE('',#15301,#15201,#15303,.T.);
#15301 = VERTEX_POINT('',#15302);
#15302 = CARTESIAN_POINT('',(-2.,19.6,7.3));
#15303 = SURFACE_CURVE('',#15304,(#15308,#15315),.PCURVE_S1.);
#15304 = LINE('',#15305,#15306);
#15305 = CARTESIAN_POINT('',(-2.,19.6,7.3));
#15306 = VECTOR('',#15307,1.);
#15307 = DIRECTION('',(0.,-1.,0.));
#15308 = PCURVE('',#14503,#15309);
#15309 = DEFINITIONAL_REPRESENTATION('',(#15310),#15314);
#15310 = LINE('',#15311,#15312);
#15311 = CARTESIAN_POINT('',(0.,2.2));
#15312 = VECTOR('',#15313,1.);
#15313 = DIRECTION('',(1.,0.));
#15314 = ( GEOMETRIC_REPRESENTATION_CONTEXT(2) 
PARAMETRIC_REPRESENTATION_CONTEXT() REPRESENTATION_CONTEXT('2D SPACE',''
  ) );
#15315 = PCURVE('',#14148,#15316);
#15316 = DEFINITIONAL_REPRESENTATION('',(#15317),#15321);
#15317 = LINE('',#15318,#15319);
#15318 = CARTESIAN_POINT('',(-2.,19.6));
#15319 = VECTOR('',#15320,1.);
#15320 = DIRECTION('',(0.,-1.));
#15321 = ( GEOMETRIC_REPRESENTATION_CONTEXT(2) 
PARAMETRIC_REPRESENTATION_CONTEXT() REPRESENTATION_CONTEXT('2D SPACE',''
  ) );
#15322 = ORIENTED_EDGE('',*,*,#15323,.F.);
#15323 = EDGE_CURVE('',#14488,#15301,#15324,.T.);
#15324 = SURFACE_CURVE('',#15325,(#15329,#15336),.PCURVE_S1.);
#15325 = LINE('',#15326,#15327);
#15326 = CARTESIAN_POINT('',(-2.,19.6,5.1));
#15327 = VECTOR('',#15328,1.);
#15328 = DIRECTION('',(0.,0.,1.));
#15329 = PCURVE('',#14503,#15330);
#15330 = DEFINITIONAL_REPRESENTATION('',(#15331),#15335);
#15331 = LINE('',#15332,#15333);
#15332 = CARTESIAN_POINT('',(0.,0.));
#15333 = VECTOR('',#15334,1.);
#15334 = DIRECTION('',(0.,1.));
#15335 = ( GEOMETRIC_REPRESENTATION_CONTEXT(2) 
PARAMETRIC_REPRESENTATION_CONTEXT() REPRESENTATION_CONTEXT('2D SPACE',''
  ) );
#15336 = PCURVE('',#14531,#15337);
#15337 = DEFINITIONAL_REPRESENTATION('',(#15338),#15342);
#15338 = LINE('',#15339,#15340);
#15339 = CARTESIAN_POINT('',(4.,0.));
#15340 = VECTOR('',#15341,1.);
#15341 = DIRECTION('',(0.,1.));
#15342 = ( GEOMETRIC_REPRESENTATION_CONTEXT(2) 
PARAMETRIC_REPRESENTATION_CONTEXT() REPRESENTATION_CONTEXT('2D SPACE',''
  ) );
#15343 = ORIENTED_EDGE('',*,*,#14487,.T.);
#15344 = ADVANCED_FACE('',(#15345),#14559,.T.);
#15345 = FACE_BOUND('',#15346,.T.);
#15346 = EDGE_LOOP('',(#15347,#15348,#15349,#15372));
#15347 = ORIENTED_EDGE('',*,*,#15251,.F.);
#15348 = ORIENTED_EDGE('',*,*,#14543,.T.);
#15349 = ORIENTED_EDGE('',*,*,#15350,.T.);
#15350 = EDGE_CURVE('',#14516,#15351,#15353,.T.);
#15351 = VERTEX_POINT('',#15352);
#15352 = CARTESIAN_POINT('',(2.,19.6,7.3));
#15353 = SURFACE_CURVE('',#15354,(#15358,#15365),.PCURVE_S1.);
#15354 = LINE('',#15355,#15356);
#15355 = CARTESIAN_POINT('',(2.,19.6,5.1));
#15356 = VECTOR('',#15357,1.);
#15357 = DIRECTION('',(0.,0.,1.));
#15358 = PCURVE('',#14559,#15359);
#15359 = DEFINITIONAL_REPRESENTATION('',(#15360),#15364);
#15360 = LINE('',#15361,#15362);
#15361 = CARTESIAN_POINT('',(0.7,0.));
#15362 = VECTOR('',#15363,1.);
#15363 = DIRECTION('',(0.,1.));
#15364 = ( GEOMETRIC_REPRESENTATION_CONTEXT(2) 
PARAMETRIC_REPRESENTATION_CONTEXT() REPRESENTATION_CONTEXT('2D SPACE',''
  ) );
#15365 = PCURVE('',#14531,#15366);
#15366 = DEFINITIONAL_REPRESENTATION('',(#15367),#15371);
#15367 = LINE('',#15368,#15369);
#15368 = CARTESIAN_POINT('',(0.,0.));
#15369 = VECTOR('',#15370,1.);
#15370 = DIRECTION('',(0.,1.));
#15371 = ( GEOMETRIC_REPRESENTATION_CONTEXT(2) 
PARAMETRIC_REPRESENTATION_CONTEXT() REPRESENTATION_CONTEXT('2D SPACE',''
  ) );
#15372 = ORIENTED_EDGE('',*,*,#15373,.F.);
#15373 = EDGE_CURVE('',#15252,#15351,#15374,.T.);
#15374 = SURFACE_CURVE('',#15375,(#15379,#15386),.PCURVE_S1.);
#15375 = LINE('',#15376,#15377);
#15376 = CARTESIAN_POINT('',(2.,18.9,7.3));
#15377 = VECTOR('',#15378,1.);
#15378 = DIRECTION('',(0.,1.,0.));
#15379 = PCURVE('',#14559,#15380);
#15380 = DEFINITIONAL_REPRESENTATION('',(#15381),#15385);
#15381 = LINE('',#15382,#15383);
#15382 = CARTESIAN_POINT('',(0.,2.2));
#15383 = VECTOR('',#15384,1.);
#15384 = DIRECTION('',(1.,0.));
#15385 = ( GEOMETRIC_REPRESENTATION_CONTEXT(2) 
PARAMETRIC_REPRESENTATION_CONTEXT() REPRESENTATION_CONTEXT('2D SPACE',''
  ) );
#15386 = PCURVE('',#14148,#15387);
#15387 = DEFINITIONAL_REPRESENTATION('',(#15388),#15392);
#15388 = LINE('',#15389,#15390);
#15389 = CARTESIAN_POINT('',(2.,18.9));
#15390 = VECTOR('',#15391,1.);
#15391 = DIRECTION('',(0.,1.));
#15392 = ( GEOMETRIC_REPRESENTATION_CONTEXT(2) 
PARAMETRIC_REPRESENTATION_CONTEXT() REPRESENTATION_CONTEXT('2D SPACE',''
  ) );
#15393 = ADVANCED_FACE('',(#15394),#14531,.T.);
#15394 = FACE_BOUND('',#15395,.T.);
#15395 = EDGE_LOOP('',(#15396,#15397,#15398,#15419));
#15396 = ORIENTED_EDGE('',*,*,#14515,.T.);
#15397 = ORIENTED_EDGE('',*,*,#15323,.T.);
#15398 = ORIENTED_EDGE('',*,*,#15399,.F.);
#15399 = EDGE_CURVE('',#15351,#15301,#15400,.T.);
#15400 = SURFACE_CURVE('',#15401,(#15405,#15412),.PCURVE_S1.);
#15401 = LINE('',#15402,#15403);
#15402 = CARTESIAN_POINT('',(2.,19.6,7.3));
#15403 = VECTOR('',#15404,1.);
#15404 = DIRECTION('',(-1.,0.,0.));
#15405 = PCURVE('',#14531,#15406);
#15406 = DEFINITIONAL_REPRESENTATION('',(#15407),#15411);
#15407 = LINE('',#15408,#15409);
#15408 = CARTESIAN_POINT('',(0.,2.2));
#15409 = VECTOR('',#15410,1.);
#15410 = DIRECTION('',(1.,0.));
#15411 = ( GEOMETRIC_REPRESENTATION_CONTEXT(2) 
PARAMETRIC_REPRESENTATION_CONTEXT() REPRESENTATION_CONTEXT('2D SPACE',''
  ) );
#15412 = PCURVE('',#14148,#15413);
#15413 = DEFINITIONAL_REPRESENTATION('',(#15414),#15418);
#15414 = LINE('',#15415,#15416);
#15415 = CARTESIAN_POINT('',(2.,19.6));
#15416 = VECTOR('',#15417,1.);
#15417 = DIRECTION('',(-1.,0.));
#15418 = ( GEOMETRIC_REPRESENTATION_CONTEXT(2) 
PARAMETRIC_REPRESENTATION_CONTEXT() REPRESENTATION_CONTEXT('2D SPACE',''
  ) );
#15419 = ORIENTED_EDGE('',*,*,#15350,.F.);
#15420 = ADVANCED_FACE('',(#15421),#14313,.F.);
#15421 = FACE_BOUND('',#15422,.F.);
#15422 = EDGE_LOOP('',(#15423,#15424,#15425,#15451));
#15423 = ORIENTED_EDGE('',*,*,#14730,.T.);
#15424 = ORIENTED_EDGE('',*,*,#14297,.F.);
#15425 = ORIENTED_EDGE('',*,*,#15426,.T.);
#15426 = EDGE_CURVE('',#14298,#14758,#15427,.T.);
#15427 = SURFACE_CURVE('',#15428,(#15433,#15440),.PCURVE_S1.);
#15428 = CIRCLE('',#15429,16.4);
#15429 = AXIS2_PLACEMENT_3D('',#15430,#15431,#15432);
#15430 = CARTESIAN_POINT('',(0.,0.,7.3));
#15431 = DIRECTION('',(0.,0.,-1.));
#15432 = DIRECTION('',(1.,0.,0.));
#15433 = PCURVE('',#14313,#15434);
#15434 = DEFINITIONAL_REPRESENTATION('',(#15435),#15439);
#15435 = LINE('',#15436,#15437);
#15436 = CARTESIAN_POINT('',(10.995574287564,2.2));
#15437 = VECTOR('',#15438,1.);
#15438 = DIRECTION('',(-1.,0.));
#15439 = ( GEOMETRIC_REPRESENTATION_CONTEXT(2) 
PARAMETRIC_REPRESENTATION_CONTEXT() REPRESENTATION_CONTEXT('2D SPACE',''
  ) );
#15440 = PCURVE('',#14148,#15441);
#15441 = DEFINITIONAL_REPRESENTATION('',(#15442),#15450);
#15442 = ( BOUNDED_CURVE() B_SPLINE_CURVE(2,(#15443,#15444,#15445,#15446
    ,#15447,#15448,#15449),.UNSPECIFIED.,.T.,.F.) 
B_SPLINE_CURVE_WITH_KNOTS((1,2,2,2,2,1),(-2.094395102393,0.,
    2.094395102393,4.188790204786,6.28318530718,8.377580409573),
.UNSPECIFIED.) CURVE() GEOMETRIC_REPRESENTATION_ITEM() 
RATIONAL_B_SPLINE_CURVE((1.,0.5,1.,0.5,1.,0.5,1.)) REPRESENTATION_ITEM(
  '') );
#15443 = CARTESIAN_POINT('',(16.4,0.));
#15444 = CARTESIAN_POINT('',(16.4,-28.40563324413));
#15445 = CARTESIAN_POINT('',(-8.2,-14.20281662206));
#15446 = CARTESIAN_POINT('',(-32.8,-4.016841501203E-15));
#15447 = CARTESIAN_POINT('',(-8.2,14.202816622065));
#15448 = CARTESIAN_POINT('',(16.4,28.40563324413));
#15449 = CARTESIAN_POINT('',(16.4,0.));
#15450 = ( GEOMETRIC_REPRESENTATION_CONTEXT(2) 
PARAMETRIC_REPRESENTATION_CONTEXT() REPRESENTATION_CONTEXT('2D SPACE',''
  ) );
#15451 = ORIENTED_EDGE('',*,*,#14780,.F.);
#15452 = ADVANCED_FACE('',(#15453),#14148,.T.);
#15453 = FACE_BOUND('',#15454,.T.);
#15454 = EDGE_LOOP('',(#15455,#15456,#15457,#15458,#15459,#15460,#15461,
    #15462,#15463,#15464,#15465,#15466,#15467,#15468,#15469,#15470,
    #15471,#15472));
#15455 = ORIENTED_EDGE('',*,*,#14198,.T.);
#15456 = ORIENTED_EDGE('',*,*,#14325,.T.);
#15457 = ORIENTED_EDGE('',*,*,#15426,.T.);
#15458 = ORIENTED_EDGE('',*,*,#14757,.T.);
#15459 = ORIENTED_EDGE('',*,*,#14134,.T.);
#15460 = ORIENTED_EDGE('',*,*,#14880,.T.);
#15461 = ORIENTED_EDGE('',*,*,#15001,.T.);
#15462 = ORIENTED_EDGE('',*,*,#15027,.T.);
#15463 = ORIENTED_EDGE('',*,*,#14928,.T.);
#15464 = ORIENTED_EDGE('',*,*,#15274,.T.);
#15465 = ORIENTED_EDGE('',*,*,#15373,.T.);
#15466 = ORIENTED_EDGE('',*,*,#15399,.T.);
#15467 = ORIENTED_EDGE('',*,*,#15300,.T.);
#15468 = ORIENTED_EDGE('',*,*,#15200,.T.);
#15469 = ORIENTED_EDGE('',*,*,#15099,.T.);
#15470 = ORIENTED_EDGE('',*,*,#15174,.T.);
#15471 = ORIENTED_EDGE('',*,*,#15124,.T.);
#15472 = ORIENTED_EDGE('',*,*,#14806,.T.);
#15473 = ( GEOMETRIC_REPRESENTATION_CONTEXT(3) 
GLOBAL_UNCERTAINTY_ASSIGNED_CONTEXT((#15477)) 
GLOBAL_UNIT_ASSIGNED_CONTEXT((#15474,#15475,#15476)) 
REPRESENTATION_CONTEXT('Context #1',
  '3D Context with UNIT and UNCERTAINTY') );
#15474 = ( LENGTH_UNIT() NAMED_UNIT(*) SI_UNIT(.MILLI.,.METRE.) );
#15475 = ( NAMED_UNIT(*) PLANE_ANGLE_UNIT() SI_UNIT($,.RADIAN.) );
#15476 = ( NAMED_UNIT(*) SI_UNIT($,.STERADIAN.) SOLID_ANGLE_UNIT() );
#15477 = UNCERTAINTY_MEASURE_WITH_UNIT(LENGTH_MEASURE(1.E-07),#15474,
  'distance_accuracy_value','confusion accuracy');
#15478 = CONTEXT_DEPENDENT_SHAPE_REPRESENTATION(#15479,#15481);
#15479 = ( REPRESENTATION_RELATIONSHIP('','',#14036,#10) 
REPRESENTATION_RELATIONSHIP_WITH_TRANSFORMATION(#15480) 
SHAPE_REPRESENTATION_RELATIONSHIP() );
#15480 = ITEM_DEFINED_TRANSFORMATION('','',#11,#23);
#15481 = PRODUCT_DEFINITION_SHAPE('Placement','Placement of an item',
  #15482);
#15482 = NEXT_ASSEMBLY_USAGE_OCCURRENCE('3','Klemmring','',#5,#14031,$);
#15483 = PRODUCT_RELATED_PRODUCT_CATEGORY('part',$,(#14033));
ENDSEC;
END-ISO-10303-21;
